/workspace/Cloudy-with-a-chance-of-kofta/khushi/student/models/pix2pix_attn_student_fsp_model.py:260: UserWarning: The torch.cuda.*DtypeTensor constructors are no longer recommended. It's best to use methods such as torch.tensor(data, dtype=*, device='cuda') to create tensors. (Triggered internally at ../torch/csrc/tensor/python_tensor.cpp:78.)
  self.zeros = self.Tensor(nb, 1, size, size)
/workspace/Cloudy-with-a-chance-of-kofta/khushi/student/models/networks.py:33: FutureWarning: `nn.init.xavier_normal` is now deprecated in favor of `nn.init.xavier_normal_`.
  init.xavier_normal(m.weight.data, gain=1)
/workspace/Cloudy-with-a-chance-of-kofta/khushi/student/models/pix2pix_attn_student_fsp_model.py:417: FutureWarning: You are using `torch.load` with `weights_only=False` (the current default value), which uses the default pickle module implicitly. It is possible to construct malicious pickle data which will execute arbitrary code during unpickling (See https://github.com/pytorch/pytorch/blob/main/SECURITY.md#untrusted-models for more details). In a future release, the default value for `weights_only` will be flipped to `True`. This limits the functions that could be executed during unpickling. Arbitrary objects will no longer be allowed to be loaded via this mode unless they are explicitly allowlisted by the user via `torch.serialization.add_safe_globals`. We recommend you start setting `weights_only=True` for any use case where you don't have full control of the loaded file. Please open an issue on GitHub for any issues related to this experimental feature.
  network.load_state_dict(torch.load(path), strict=False)
------------ Options -------------
A_cats: horse
B_cats: zebra
attn_cycle_weight: 1.0
batchSize: 1
beta1: 0.5
checkpoints_dir: ./outputs/checkpoints
continue_train: False
cross_depth_weight: 8.0
dataType: val2017
dataroot: /workspace/Cloudy-with-a-chance-of-kofta/SEN12MSCR_student
dataset_mode: unaligned_sar
display_freq: 500
display_id: 0
display_port: 8097
display_single_pane_ncols: 0
display_winsize: 256
dist_act: none
dist_beta: 2.0
dist_eps: 1e-08
dist_gamma: 2.0
dist_intra_min_positions: 16
epoch_count: 1
fineSize: 256
fsp_distance: pearson
fsp_eps: 1e-06
fsp_min_positions: 0
fsp_pairs: adjacent
gamma_hall: 100.0
gpu_ids: [0]
hook_layers: 3,4,5,6,7
identity: 0.0
init_type: xavier
input_nc: 3
isTrain: True
lambda3: 1.0
lambda_A: 10.0
lambda_B: 10.0
loadSize: 256
loss_attn_A: 1.0
loss_attn_B: 1.0
loss_weight: None
lr: 0.0002
lr_decay_iters: 100
lr_policy: lambda
max_dataset_size: inf
model: pix2pix_attn_student_fsp
nThreads: 0
n_layers_D: 3
name: sen12mscr_student_fsp_v1
ndf: 64
ngf: 64
niter: 15
niter_decay: 15
no_dropout: True
no_flip: True
no_html: True
no_lsgan: False
norm: instance
output_nc: 3
phase: train
pool_size: 50
print_freq: 100
resize_or_crop: resize_and_crop
save_epoch_freq: 5
save_latest_freq: 5000
serial_batches: False
teacher_checkpoints_dir: ./outputs/checkpoints
teacher_name: sen12mscr_teacher_v1
teacher_which_epoch: latest
use_cross_depth: True
use_dist: False
use_hall: True
which_direction: AtoB
which_direction_model: AtoB
which_epoch: latest
which_model_netA: unet_256
which_model_netD: basic
which_model_netG: unet_256
which_model_netG2: unet_256
-------------- End ----------------
CustomDatasetDataLoader
dataset [UnalignedDataset_sar] was created
#training images = 9127
pix2pix_attn_student_fsp
initialization method [xavier]
initialization method [xavier]
initialization method [xavier]
initialization method [xavier]
initialization method [xavier]
Loading G   from ./outputs/checkpoints/sen12mscr_teacher_v1/latest_net_G.pth
Loading A   from ./outputs/checkpoints/sen12mscr_teacher_v1/latest_net_A.pth
Loading G2  from ./outputs/checkpoints/sen12mscr_teacher_v1/latest_net_G2.pth
Loading D   from ./outputs/checkpoints/sen12mscr_teacher_v1/latest_net_D.pth
Re-initialized netH first conv: Conv2d(3, 64, kernel_size=(4, 4), stride=(2, 2), padding=(1, 1), bias=False)
Hook layers (0=outermost): [3, 4, 5, 6, 7]
DIST: beta(inter)=2  gamma(intra)=2  act=none  intra_min_positions=16
DIST: gamma_hall=100 (Hoffman exact-match term; 0 = pure DIST)
Terms enabled: hall=True  dist=False  cross_depth=True
FSP: pairs=[(3, 4), (4, 5), (5, 6), (6, 7)] (adjacent)  distance=pearson  weight=8  min_positions=0
---------- Student (DIST) networks initialized -------------
UnetGenerator(
  (model): UnetSkipConnectionBlock(
    (model): Sequential(
      (0): Conv2d(6, 64, kernel_size=(4, 4), stride=(2, 2), padding=(1, 1), bias=False)
      (1): UnetSkipConnectionBlock(
        (model): Sequential(
          (0): LeakyReLU(negative_slope=0.2, inplace=True)
          (1): Conv2d(64, 128, kernel_size=(4, 4), stride=(2, 2), padding=(1, 1), bias=False)
          (2): InstanceNorm2d(128, eps=1e-05, momentum=0.1, affine=False, track_running_stats=True)
          (3): UnetSkipConnectionBlock(
            (model): Sequential(
              (0): LeakyReLU(negative_slope=0.2, inplace=True)
              (1): Conv2d(128, 256, kernel_size=(4, 4), stride=(2, 2), padding=(1, 1), bias=False)
              (2): InstanceNorm2d(256, eps=1e-05, momentum=0.1, affine=False, track_running_stats=True)
              (3): UnetSkipConnectionBlock(
                (model): Sequential(
                  (0): LeakyReLU(negative_slope=0.2, inplace=True)
                  (1): Conv2d(256, 512, kernel_size=(4, 4), stride=(2, 2), padding=(1, 1), bias=False)
                  (2): InstanceNorm2d(512, eps=1e-05, momentum=0.1, affine=False, track_running_stats=True)
                  (3): UnetSkipConnectionBlock(
                    (model): Sequential(
                      (0): LeakyReLU(negative_slope=0.2, inplace=True)
                      (1): Conv2d(512, 512, kernel_size=(4, 4), stride=(2, 2), padding=(1, 1), bias=False)
                      (2): InstanceNorm2d(512, eps=1e-05, momentum=0.1, affine=False, track_running_stats=True)
                      (3): UnetSkipConnectionBlock(
                        (model): Sequential(
                          (0): LeakyReLU(negative_slope=0.2, inplace=True)
                          (1): Conv2d(512, 512, kernel_size=(4, 4), stride=(2, 2), padding=(1, 1), bias=False)
                          (2): InstanceNorm2d(512, eps=1e-05, momentum=0.1, affine=False, track_running_stats=True)
                          (3): UnetSkipConnectionBlock(
                            (model): Sequential(
                              (0): LeakyReLU(negative_slope=0.2, inplace=True)
                              (1): Conv2d(512, 512, kernel_size=(4, 4), stride=(2, 2), padding=(1, 1), bias=False)
                              (2): InstanceNorm2d(512, eps=1e-05, momentum=0.1, affine=False, track_running_stats=True)
                              (3): UnetSkipConnectionBlock(
                                (model): Sequential(
                                  (0): LeakyReLU(negative_slope=0.2, inplace=True)
                                  (1): Conv2d(512, 512, kernel_size=(4, 4), stride=(2, 2), padding=(1, 1), bias=False)
                                  (2): ReLU(inplace=True)
                                  (3): ConvTranspose2d(512, 512, kernel_size=(4, 4), stride=(2, 2), padding=(1, 1), bias=False)
                                  (4): InstanceNorm2d(512, eps=1e-05, momentum=0.1, affine=False, track_running_stats=True)
                                )
                              )
                              (4): ReLU(inplace=True)
                              (5): ConvTranspose2d(1024, 512, kernel_size=(4, 4), stride=(2, 2), padding=(1, 1), bias=False)
                              (6): InstanceNorm2d(512, eps=1e-05, momentum=0.1, affine=False, track_running_stats=True)
                            )
                          )
                          (4): ReLU(inplace=True)
                          (5): ConvTranspose2d(1024, 512, kernel_size=(4, 4), stride=(2, 2), padding=(1, 1), bias=False)
                          (6): InstanceNorm2d(512, eps=1e-05, momentum=0.1, affine=False, track_running_stats=True)
                        )
                      )
                      (4): ReLU(inplace=True)
                      (5): ConvTranspose2d(1024, 512, kernel_size=(4, 4), stride=(2, 2), padding=(1, 1), bias=False)
                      (6): InstanceNorm2d(512, eps=1e-05, momentum=0.1, affine=False, track_running_stats=True)
                    )
                  )
                  (4): ReLU(inplace=True)
                  (5): ConvTranspose2d(1024, 256, kernel_size=(4, 4), stride=(2, 2), padding=(1, 1), bias=False)
                  (6): InstanceNorm2d(256, eps=1e-05, momentum=0.1, affine=False, track_running_stats=True)
                )
              )
              (4): ReLU(inplace=True)
              (5): ConvTranspose2d(512, 128, kernel_size=(4, 4), stride=(2, 2), padding=(1, 1), bias=False)
              (6): InstanceNorm2d(128, eps=1e-05, momentum=0.1, affine=False, track_running_stats=True)
            )
          )
          (4): ReLU(inplace=True)
          (5): ConvTranspose2d(256, 64, kernel_size=(4, 4), stride=(2, 2), padding=(1, 1), bias=False)
          (6): InstanceNorm2d(64, eps=1e-05, momentum=0.1, affine=False, track_running_stats=True)
        )
      )
      (2): ReLU(inplace=True)
      (3): ConvTranspose2d(128, 3, kernel_size=(4, 4), stride=(2, 2), padding=(1, 1))
      (4): Tanh()
    )
  )
)
Total number of parameters: 54407171
UnetGenerator(
  (model): UnetSkipConnectionBlock(
    (model): Sequential(
      (0): Conv2d(3, 64, kernel_size=(4, 4), stride=(2, 2), padding=(1, 1), bias=False)
      (1): UnetSkipConnectionBlock(
        (model): Sequential(
          (0): LeakyReLU(negative_slope=0.2, inplace=True)
          (1): Conv2d(64, 128, kernel_size=(4, 4), stride=(2, 2), padding=(1, 1), bias=False)
          (2): InstanceNorm2d(128, eps=1e-05, momentum=0.1, affine=False, track_running_stats=True)
          (3): UnetSkipConnectionBlock(
            (model): Sequential(
              (0): LeakyReLU(negative_slope=0.2, inplace=True)
              (1): Conv2d(128, 256, kernel_size=(4, 4), stride=(2, 2), padding=(1, 1), bias=False)
              (2): InstanceNorm2d(256, eps=1e-05, momentum=0.1, affine=False, track_running_stats=True)
              (3): UnetSkipConnectionBlock(
                (model): Sequential(
                  (0): LeakyReLU(negative_slope=0.2, inplace=True)
                  (1): Conv2d(256, 512, kernel_size=(4, 4), stride=(2, 2), padding=(1, 1), bias=False)
                  (2): InstanceNorm2d(512, eps=1e-05, momentum=0.1, affine=False, track_running_stats=True)
                  (3): UnetSkipConnectionBlock(
                    (model): Sequential(
                      (0): LeakyReLU(negative_slope=0.2, inplace=True)
                      (1): Conv2d(512, 512, kernel_size=(4, 4), stride=(2, 2), padding=(1, 1), bias=False)
                      (2): InstanceNorm2d(512, eps=1e-05, momentum=0.1, affine=False, track_running_stats=True)
                      (3): UnetSkipConnectionBlock(
                        (model): Sequential(
                          (0): LeakyReLU(negative_slope=0.2, inplace=True)
                          (1): Conv2d(512, 512, kernel_size=(4, 4), stride=(2, 2), padding=(1, 1), bias=False)
                          (2): InstanceNorm2d(512, eps=1e-05, momentum=0.1, affine=False, track_running_stats=True)
                          (3): UnetSkipConnectionBlock(
                            (model): Sequential(
                              (0): LeakyReLU(negative_slope=0.2, inplace=True)
                              (1): Conv2d(512, 512, kernel_size=(4, 4), stride=(2, 2), padding=(1, 1), bias=False)
                              (2): InstanceNorm2d(512, eps=1e-05, momentum=0.1, affine=False, track_running_stats=True)
                              (3): UnetSkipConnectionBlock(
                                (model): Sequential(
                                  (0): LeakyReLU(negative_slope=0.2, inplace=True)
                                  (1): Conv2d(512, 512, kernel_size=(4, 4), stride=(2, 2), padding=(1, 1), bias=False)
                                  (2): ReLU(inplace=True)
                                  (3): ConvTranspose2d(512, 512, kernel_size=(4, 4), stride=(2, 2), padding=(1, 1), bias=False)
                                  (4): InstanceNorm2d(512, eps=1e-05, momentum=0.1, affine=False, track_running_stats=True)
                                )
                              )
                              (4): ReLU(inplace=True)
                              (5): ConvTranspose2d(1024, 512, kernel_size=(4, 4), stride=(2, 2), padding=(1, 1), bias=False)
                              (6): InstanceNorm2d(512, eps=1e-05, momentum=0.1, affine=False, track_running_stats=True)
                            )
                          )
                          (4): ReLU(inplace=True)
                          (5): ConvTranspose2d(1024, 512, kernel_size=(4, 4), stride=(2, 2), padding=(1, 1), bias=False)
                          (6): InstanceNorm2d(512, eps=1e-05, momentum=0.1, affine=False, track_running_stats=True)
                        )
                      )
                      (4): ReLU(inplace=True)
                      (5): ConvTranspose2d(1024, 512, kernel_size=(4, 4), stride=(2, 2), padding=(1, 1), bias=False)
                      (6): InstanceNorm2d(512, eps=1e-05, momentum=0.1, affine=False, track_running_stats=True)
                    )
                  )
                  (4): ReLU(inplace=True)
                  (5): ConvTranspose2d(1024, 256, kernel_size=(4, 4), stride=(2, 2), padding=(1, 1), bias=False)
                  (6): InstanceNorm2d(256, eps=1e-05, momentum=0.1, affine=False, track_running_stats=True)
                )
              )
              (4): ReLU(inplace=True)
              (5): ConvTranspose2d(512, 128, kernel_size=(4, 4), stride=(2, 2), padding=(1, 1), bias=False)
              (6): InstanceNorm2d(128, eps=1e-05, momentum=0.1, affine=False, track_running_stats=True)
            )
          )
          (4): ReLU(inplace=True)
          (5): ConvTranspose2d(256, 64, kernel_size=(4, 4), stride=(2, 2), padding=(1, 1), bias=False)
          (6): InstanceNorm2d(64, eps=1e-05, momentum=0.1, affine=False, track_running_stats=True)
        )
      )
      (2): ReLU(inplace=True)
      (3): ConvTranspose2d(128, 3, kernel_size=(4, 4), stride=(2, 2), padding=(1, 1))
      (4): Tanh()
    )
  )
)
Total number of parameters: 54404099
Sequential(
  (0): UnetGenerator(
    (model): UnetSkipConnectionBlock(
      (model): Sequential(
        (0): Conv2d(3, 64, kernel_size=(4, 4), stride=(2, 2), padding=(1, 1), bias=False)
        (1): UnetSkipConnectionBlock(
          (model): Sequential(
            (0): LeakyReLU(negative_slope=0.2, inplace=True)
            (1): Conv2d(64, 128, kernel_size=(4, 4), stride=(2, 2), padding=(1, 1), bias=False)
            (2): InstanceNorm2d(128, eps=1e-05, momentum=0.1, affine=False, track_running_stats=True)
            (3): UnetSkipConnectionBlock(
              (model): Sequential(
                (0): LeakyReLU(negative_slope=0.2, inplace=True)
                (1): Conv2d(128, 256, kernel_size=(4, 4), stride=(2, 2), padding=(1, 1), bias=False)
                (2): InstanceNorm2d(256, eps=1e-05, momentum=0.1, affine=False, track_running_stats=True)
                (3): UnetSkipConnectionBlock(
                  (model): Sequential(
                    (0): LeakyReLU(negative_slope=0.2, inplace=True)
                    (1): Conv2d(256, 512, kernel_size=(4, 4), stride=(2, 2), padding=(1, 1), bias=False)
                    (2): InstanceNorm2d(512, eps=1e-05, momentum=0.1, affine=False, track_running_stats=True)
                    (3): UnetSkipConnectionBlock(
                      (model): Sequential(
                        (0): LeakyReLU(negative_slope=0.2, inplace=True)
                        (1): Conv2d(512, 512, kernel_size=(4, 4), stride=(2, 2), padding=(1, 1), bias=False)
                        (2): InstanceNorm2d(512, eps=1e-05, momentum=0.1, affine=False, track_running_stats=True)
                        (3): UnetSkipConnectionBlock(
                          (model): Sequential(
                            (0): LeakyReLU(negative_slope=0.2, inplace=True)
                            (1): Conv2d(512, 512, kernel_size=(4, 4), stride=(2, 2), padding=(1, 1), bias=False)
                            (2): InstanceNorm2d(512, eps=1e-05, momentum=0.1, affine=False, track_running_stats=True)
                            (3): UnetSkipConnectionBlock(
                              (model): Sequential(
                                (0): LeakyReLU(negative_slope=0.2, inplace=True)
                                (1): Conv2d(512, 512, kernel_size=(4, 4), stride=(2, 2), padding=(1, 1), bias=False)
                                (2): InstanceNorm2d(512, eps=1e-05, momentum=0.1, affine=False, track_running_stats=True)
                                (3): UnetSkipConnectionBlock(
                                  (model): Sequential(
                                    (0): LeakyReLU(negative_slope=0.2, inplace=True)
                                    (1): Conv2d(512, 512, kernel_size=(4, 4), stride=(2, 2), padding=(1, 1), bias=False)
                                    (2): ReLU(inplace=True)
                                    (3): ConvTranspose2d(512, 512, kernel_size=(4, 4), stride=(2, 2), padding=(1, 1), bias=False)
                                    (4): InstanceNorm2d(512, eps=1e-05, momentum=0.1, affine=False, track_running_stats=True)
                                  )
                                )
                                (4): ReLU(inplace=True)
                                (5): ConvTranspose2d(1024, 512, kernel_size=(4, 4), stride=(2, 2), padding=(1, 1), bias=False)
                                (6): InstanceNorm2d(512, eps=1e-05, momentum=0.1, affine=False, track_running_stats=True)
                              )
                            )
                            (4): ReLU(inplace=True)
                            (5): ConvTranspose2d(1024, 512, kernel_size=(4, 4), stride=(2, 2), padding=(1, 1), bias=False)
                            (6): InstanceNorm2d(512, eps=1e-05, momentum=0.1, affine=False, track_running_stats=True)
                          )
                        )
                        (4): ReLU(inplace=True)
                        (5): ConvTranspose2d(1024, 512, kernel_size=(4, 4), stride=(2, 2), padding=(1, 1), bias=False)
                        (6): InstanceNorm2d(512, eps=1e-05, momentum=0.1, affine=False, track_running_stats=True)
                      )
                    )
                    (4): ReLU(inplace=True)
                    (5): ConvTranspose2d(1024, 256, kernel_size=(4, 4), stride=(2, 2), padding=(1, 1), bias=False)
                    (6): InstanceNorm2d(256, eps=1e-05, momentum=0.1, affine=False, track_running_stats=True)
                  )
                )
                (4): ReLU(inplace=True)
                (5): ConvTranspose2d(512, 128, kernel_size=(4, 4), stride=(2, 2), padding=(1, 1), bias=False)
                (6): InstanceNorm2d(128, eps=1e-05, momentum=0.1, affine=False, track_running_stats=True)
              )
            )
            (4): ReLU(inplace=True)
            (5): ConvTranspose2d(256, 64, kernel_size=(4, 4), stride=(2, 2), padding=(1, 1), bias=False)
            (6): InstanceNorm2d(64, eps=1e-05, momentum=0.1, affine=False, track_running_stats=True)
          )
        )
        (2): ReLU(inplace=True)
        (3): ConvTranspose2d(128, 1, kernel_size=(4, 4), stride=(2, 2), padding=(1, 1))
        (4): Tanh()
      )
    )
  )
  (1): Norm()
)
Total number of parameters: 54400001
NLayerDiscriminator(
  (model): Sequential(
    (0): Conv2d(6, 64, kernel_size=(4, 4), stride=(2, 2), padding=(1, 1))
    (1): LeakyReLU(negative_slope=0.2, inplace=True)
    (2): Conv2d(64, 128, kernel_size=(4, 4), stride=(2, 2), padding=(1, 1))
    (3): InstanceNorm2d(128, eps=1e-05, momentum=0.1, affine=False, track_running_stats=True)
    (4): LeakyReLU(negative_slope=0.2, inplace=True)
    (5): Conv2d(128, 256, kernel_size=(4, 4), stride=(2, 2), padding=(1, 1))
    (6): InstanceNorm2d(256, eps=1e-05, momentum=0.1, affine=False, track_running_stats=True)
    (7): LeakyReLU(negative_slope=0.2, inplace=True)
    (8): Conv2d(256, 512, kernel_size=(4, 4), stride=(1, 1), padding=(1, 1))
    (9): InstanceNorm2d(512, eps=1e-05, momentum=0.1, affine=False, track_running_stats=True)
    (10): LeakyReLU(negative_slope=0.2, inplace=True)
    (11): Conv2d(512, 1, kernel_size=(4, 4), stride=(1, 1), padding=(1, 1))
  )
)
Total number of parameters: 2767809
-----------------------------------------------
model [Pix2Pix_attn_Student_FSP_Model] was created
(epoch: 1, iters: 100, time: 0.035) G_GAN: 1.036 G_L1: 0.724 G_SSIM: 0.281 H_L1: 0.157 H_SSIM: 0.509 D_real: 0.102 D_fake: 0.030 att_A: 0.642 L_hall: 0.085 L_inter: 0.000 L_intra: 0.000 L_fsp: 1.264 fsp_3_4: 0.252 fsp_4_5: 0.284 fsp_5_6: 0.316 fsp_6_7: 0.412 
(epoch: 1, iters: 200, time: 0.035) G_GAN: 0.040 G_L1: 0.385 G_SSIM: 0.159 H_L1: 0.276 H_SSIM: 0.644 D_real: 0.212 D_fake: 0.116 att_A: 0.310 L_hall: 0.068 L_inter: 0.000 L_intra: 0.000 L_fsp: 0.755 fsp_3_4: 0.156 fsp_4_5: 0.217 fsp_5_6: 0.220 fsp_6_7: 0.162 
(epoch: 1, iters: 300, time: 0.034) G_GAN: 0.795 G_L1: 0.674 G_SSIM: 0.241 H_L1: 0.157 H_SSIM: 0.546 D_real: 0.686 D_fake: 0.088 att_A: 0.442 L_hall: 0.090 L_inter: 0.000 L_intra: 0.000 L_fsp: 1.169 fsp_3_4: 0.164 fsp_4_5: 0.293 fsp_5_6: 0.269 fsp_6_7: 0.443 
(epoch: 1, iters: 400, time: 0.034) G_GAN: 0.524 G_L1: 1.144 G_SSIM: 0.326 H_L1: 0.239 H_SSIM: 0.694 D_real: 0.126 D_fake: 0.122 att_A: 0.571 L_hall: 0.074 L_inter: 0.000 L_intra: 0.000 L_fsp: 0.833 fsp_3_4: 0.140 fsp_4_5: 0.209 fsp_5_6: 0.256 fsp_6_7: 0.229 
(epoch: 1, iters: 500, time: 0.053) G_GAN: 0.186 G_L1: 0.279 G_SSIM: 0.102 H_L1: 0.282 H_SSIM: 0.633 D_real: 0.053 D_fake: 0.029 att_A: 0.304 L_hall: 0.075 L_inter: 0.000 L_intra: 0.000 L_fsp: 0.761 fsp_3_4: 0.148 fsp_4_5: 0.265 fsp_5_6: 0.242 fsp_6_7: 0.107 
(epoch: 1, iters: 600, time: 0.035) G_GAN: 0.552 G_L1: 0.795 G_SSIM: 0.392 H_L1: 0.250 H_SSIM: 0.642 D_real: 0.040 D_fake: 0.084 att_A: 0.768 L_hall: 0.081 L_inter: 0.000 L_intra: 0.000 L_fsp: 0.836 fsp_3_4: 0.159 fsp_4_5: 0.220 fsp_5_6: 0.280 fsp_6_7: 0.176 
(epoch: 1, iters: 700, time: 0.034) G_GAN: 1.061 G_L1: 0.596 G_SSIM: 0.190 H_L1: 0.248 H_SSIM: 0.452 D_real: 0.215 D_fake: 0.015 att_A: 0.477 L_hall: 0.072 L_inter: 0.000 L_intra: 0.000 L_fsp: 0.771 fsp_3_4: 0.156 fsp_4_5: 0.163 fsp_5_6: 0.227 fsp_6_7: 0.225 
(epoch: 1, iters: 800, time: 0.035) G_GAN: 0.634 G_L1: 0.587 G_SSIM: 0.184 H_L1: 0.245 H_SSIM: 0.608 D_real: 0.030 D_fake: 0.066 att_A: 0.196 L_hall: 0.063 L_inter: 0.000 L_intra: 0.000 L_fsp: 0.572 fsp_3_4: 0.155 fsp_4_5: 0.165 fsp_5_6: 0.147 fsp_6_7: 0.106 
(epoch: 1, iters: 900, time: 0.035) G_GAN: 0.831 G_L1: 1.779 G_SSIM: 0.174 H_L1: 0.153 H_SSIM: 0.377 D_real: 0.016 D_fake: 0.018 att_A: 0.920 L_hall: 0.087 L_inter: 0.000 L_intra: 0.000 L_fsp: 0.961 fsp_3_4: 0.179 fsp_4_5: 0.240 fsp_5_6: 0.239 fsp_6_7: 0.303 
(epoch: 1, iters: 1000, time: 0.057) G_GAN: 1.296 G_L1: 0.629 G_SSIM: 0.415 H_L1: 0.263 H_SSIM: 0.613 D_real: 0.149 D_fake: 0.119 att_A: 0.814 L_hall: 0.084 L_inter: 0.000 L_intra: 0.000 L_fsp: 0.936 fsp_3_4: 0.148 fsp_4_5: 0.204 fsp_5_6: 0.259 fsp_6_7: 0.326 
(epoch: 1, iters: 1100, time: 0.034) G_GAN: 0.787 G_L1: 0.777 G_SSIM: 0.308 H_L1: 0.240 H_SSIM: 0.501 D_real: 0.073 D_fake: 0.067 att_A: 0.578 L_hall: 0.071 L_inter: 0.000 L_intra: 0.000 L_fsp: 0.774 fsp_3_4: 0.168 fsp_4_5: 0.201 fsp_5_6: 0.200 fsp_6_7: 0.206 
(epoch: 1, iters: 1200, time: 0.035) G_GAN: 0.357 G_L1: 1.655 G_SSIM: 0.317 H_L1: 0.258 H_SSIM: 0.444 D_real: 0.025 D_fake: 0.098 att_A: 0.358 L_hall: 0.079 L_inter: 0.000 L_intra: 0.000 L_fsp: 0.914 fsp_3_4: 0.183 fsp_4_5: 0.196 fsp_5_6: 0.171 fsp_6_7: 0.363 
(epoch: 1, iters: 1300, time: 0.034) G_GAN: 0.254 G_L1: 0.683 G_SSIM: 0.203 H_L1: 0.197 H_SSIM: 0.453 D_real: 0.046 D_fake: 0.143 att_A: 0.497 L_hall: 0.077 L_inter: 0.000 L_intra: 0.000 L_fsp: 0.933 fsp_3_4: 0.217 fsp_4_5: 0.251 fsp_5_6: 0.222 fsp_6_7: 0.244 
(epoch: 1, iters: 1400, time: 0.034) G_GAN: 1.152 G_L1: 0.665 G_SSIM: 0.397 H_L1: 0.275 H_SSIM: 0.621 D_real: 0.028 D_fake: 0.015 att_A: 0.709 L_hall: 0.076 L_inter: 0.000 L_intra: 0.000 L_fsp: 0.763 fsp_3_4: 0.133 fsp_4_5: 0.233 fsp_5_6: 0.218 fsp_6_7: 0.178 
(epoch: 1, iters: 1500, time: 0.064) G_GAN: 0.640 G_L1: 0.391 G_SSIM: 0.224 H_L1: 0.185 H_SSIM: 0.424 D_real: 0.064 D_fake: 0.010 att_A: 0.616 L_hall: 0.069 L_inter: 0.000 L_intra: 0.000 L_fsp: 0.725 fsp_3_4: 0.111 fsp_4_5: 0.189 fsp_5_6: 0.161 fsp_6_7: 0.264 
(epoch: 1, iters: 1600, time: 0.034) G_GAN: 0.909 G_L1: 0.482 G_SSIM: 0.172 H_L1: 0.276 H_SSIM: 0.490 D_real: 0.032 D_fake: 0.015 att_A: 0.466 L_hall: 0.064 L_inter: 0.000 L_intra: 0.000 L_fsp: 0.757 fsp_3_4: 0.196 fsp_4_5: 0.250 fsp_5_6: 0.197 fsp_6_7: 0.114 
(epoch: 1, iters: 1700, time: 0.033) G_GAN: 0.104 G_L1: 1.185 G_SSIM: 0.346 H_L1: 0.290 H_SSIM: 0.492 D_real: 0.027 D_fake: 0.507 att_A: 0.296 L_hall: 0.072 L_inter: 0.000 L_intra: 0.000 L_fsp: 0.915 fsp_3_4: 0.175 fsp_4_5: 0.229 fsp_5_6: 0.248 fsp_6_7: 0.263 
(epoch: 1, iters: 1800, time: 0.034) G_GAN: 0.854 G_L1: 0.472 G_SSIM: 0.148 H_L1: 0.181 H_SSIM: 0.361 D_real: 0.626 D_fake: 0.044 att_A: 0.713 L_hall: 0.079 L_inter: 0.000 L_intra: 0.000 L_fsp: 0.865 fsp_3_4: 0.152 fsp_4_5: 0.297 fsp_5_6: 0.227 fsp_6_7: 0.189 
(epoch: 1, iters: 1900, time: 0.035) G_GAN: 1.096 G_L1: 1.195 G_SSIM: 0.436 H_L1: 0.246 H_SSIM: 0.559 D_real: 0.077 D_fake: 0.046 att_A: 0.848 L_hall: 0.087 L_inter: 0.000 L_intra: 0.000 L_fsp: 0.800 fsp_3_4: 0.177 fsp_4_5: 0.247 fsp_5_6: 0.216 fsp_6_7: 0.160 
(epoch: 1, iters: 2000, time: 0.065) G_GAN: 0.353 G_L1: 0.756 G_SSIM: 0.212 H_L1: 0.167 H_SSIM: 0.416 D_real: 0.038 D_fake: 0.066 att_A: 0.533 L_hall: 0.069 L_inter: 0.000 L_intra: 0.000 L_fsp: 0.752 fsp_3_4: 0.230 fsp_4_5: 0.218 fsp_5_6: 0.160 fsp_6_7: 0.144 
(epoch: 1, iters: 2100, time: 0.035) G_GAN: 0.011 G_L1: 0.467 G_SSIM: 0.250 H_L1: 0.228 H_SSIM: 0.474 D_real: 0.014 D_fake: 0.190 att_A: 0.412 L_hall: 0.074 L_inter: 0.000 L_intra: 0.000 L_fsp: 0.728 fsp_3_4: 0.143 fsp_4_5: 0.193 fsp_5_6: 0.209 fsp_6_7: 0.183 
(epoch: 1, iters: 2200, time: 0.033) G_GAN: 0.876 G_L1: 0.546 G_SSIM: 0.318 H_L1: 0.272 H_SSIM: 0.544 D_real: 0.396 D_fake: 0.014 att_A: 0.495 L_hall: 0.071 L_inter: 0.000 L_intra: 0.000 L_fsp: 0.768 fsp_3_4: 0.096 fsp_4_5: 0.200 fsp_5_6: 0.217 fsp_6_7: 0.255 
(epoch: 1, iters: 2300, time: 0.034) G_GAN: 1.465 G_L1: 0.456 G_SSIM: 0.291 H_L1: 0.281 H_SSIM: 0.559 D_real: 0.327 D_fake: 0.223 att_A: 0.637 L_hall: 0.066 L_inter: 0.000 L_intra: 0.000 L_fsp: 0.662 fsp_3_4: 0.129 fsp_4_5: 0.200 fsp_5_6: 0.235 fsp_6_7: 0.097 
(epoch: 1, iters: 2400, time: 0.035) G_GAN: 1.108 G_L1: 0.780 G_SSIM: 0.493 H_L1: 0.272 H_SSIM: 0.598 D_real: 0.042 D_fake: 0.023 att_A: 0.928 L_hall: 0.085 L_inter: 0.000 L_intra: 0.000 L_fsp: 0.755 fsp_3_4: 0.123 fsp_4_5: 0.192 fsp_5_6: 0.192 fsp_6_7: 0.248 
(epoch: 1, iters: 2500, time: 0.050) G_GAN: 0.903 G_L1: 0.762 G_SSIM: 0.262 H_L1: 0.163 H_SSIM: 0.441 D_real: 0.274 D_fake: 0.041 att_A: 0.717 L_hall: 0.078 L_inter: 0.000 L_intra: 0.000 L_fsp: 0.888 fsp_3_4: 0.254 fsp_4_5: 0.267 fsp_5_6: 0.183 fsp_6_7: 0.184 
(epoch: 1, iters: 2600, time: 0.041) G_GAN: 0.931 G_L1: 0.938 G_SSIM: 0.435 H_L1: 0.251 H_SSIM: 0.503 D_real: 0.020 D_fake: 0.009 att_A: 0.865 L_hall: 0.074 L_inter: 0.000 L_intra: 0.000 L_fsp: 0.640 fsp_3_4: 0.186 fsp_4_5: 0.154 fsp_5_6: 0.157 fsp_6_7: 0.143 
(epoch: 1, iters: 2700, time: 0.045) G_GAN: 0.400 G_L1: 0.470 G_SSIM: 0.326 H_L1: 0.199 H_SSIM: 0.431 D_real: 0.043 D_fake: 0.031 att_A: 0.511 L_hall: 0.065 L_inter: 0.000 L_intra: 0.000 L_fsp: 0.672 fsp_3_4: 0.131 fsp_4_5: 0.160 fsp_5_6: 0.206 fsp_6_7: 0.175 
(epoch: 1, iters: 2800, time: 0.039) G_GAN: 0.354 G_L1: 0.698 G_SSIM: 0.286 H_L1: 0.236 H_SSIM: 0.497 D_real: 0.018 D_fake: 0.185 att_A: 0.586 L_hall: 0.069 L_inter: 0.000 L_intra: 0.000 L_fsp: 0.642 fsp_3_4: 0.126 fsp_4_5: 0.155 fsp_5_6: 0.184 fsp_6_7: 0.177 
(epoch: 1, iters: 2900, time: 0.039) G_GAN: 0.120 G_L1: 0.459 G_SSIM: 0.127 H_L1: 0.278 H_SSIM: 0.676 D_real: 0.020 D_fake: 0.023 att_A: 0.253 L_hall: 0.051 L_inter: 0.000 L_intra: 0.000 L_fsp: 0.674 fsp_3_4: 0.170 fsp_4_5: 0.184 fsp_5_6: 0.183 fsp_6_7: 0.136 
(epoch: 1, iters: 3000, time: 0.061) G_GAN: 0.154 G_L1: 0.281 G_SSIM: 0.090 H_L1: 0.261 H_SSIM: 0.531 D_real: 0.050 D_fake: 0.010 att_A: 0.365 L_hall: 0.071 L_inter: 0.000 L_intra: 0.000 L_fsp: 0.714 fsp_3_4: 0.144 fsp_4_5: 0.182 fsp_5_6: 0.178 fsp_6_7: 0.210 
(epoch: 1, iters: 3100, time: 0.034) G_GAN: 1.101 G_L1: 0.390 G_SSIM: 0.224 H_L1: 0.305 H_SSIM: 0.546 D_real: 0.078 D_fake: 0.016 att_A: 0.578 L_hall: 0.064 L_inter: 0.000 L_intra: 0.000 L_fsp: 0.850 fsp_3_4: 0.142 fsp_4_5: 0.169 fsp_5_6: 0.202 fsp_6_7: 0.336 
(epoch: 1, iters: 3200, time: 0.036) G_GAN: 0.907 G_L1: 0.417 G_SSIM: 0.169 H_L1: 0.266 H_SSIM: 0.510 D_real: 0.017 D_fake: 0.007 att_A: 0.536 L_hall: 0.056 L_inter: 0.000 L_intra: 0.000 L_fsp: 0.519 fsp_3_4: 0.120 fsp_4_5: 0.135 fsp_5_6: 0.139 fsp_6_7: 0.125 
(epoch: 1, iters: 3300, time: 0.034) G_GAN: 0.588 G_L1: 0.386 G_SSIM: 0.242 H_L1: 0.266 H_SSIM: 0.584 D_real: 0.053 D_fake: 0.075 att_A: 0.381 L_hall: 0.071 L_inter: 0.000 L_intra: 0.000 L_fsp: 0.663 fsp_3_4: 0.125 fsp_4_5: 0.147 fsp_5_6: 0.194 fsp_6_7: 0.196 
(epoch: 1, iters: 3400, time: 0.050) G_GAN: 0.576 G_L1: 0.726 G_SSIM: 0.550 H_L1: 0.232 H_SSIM: 0.604 D_real: 0.079 D_fake: 0.051 att_A: 0.589 L_hall: 0.072 L_inter: 0.000 L_intra: 0.000 L_fsp: 0.725 fsp_3_4: 0.140 fsp_4_5: 0.187 fsp_5_6: 0.177 fsp_6_7: 0.222 
(epoch: 1, iters: 3500, time: 0.062) G_GAN: 1.608 G_L1: 0.588 G_SSIM: 0.204 H_L1: 0.209 H_SSIM: 0.435 D_real: 0.071 D_fake: 0.033 att_A: 0.570 L_hall: 0.064 L_inter: 0.000 L_intra: 0.000 L_fsp: 0.722 fsp_3_4: 0.108 fsp_4_5: 0.161 fsp_5_6: 0.209 fsp_6_7: 0.244 
(epoch: 1, iters: 3600, time: 0.043) G_GAN: 0.907 G_L1: 0.617 G_SSIM: 0.394 H_L1: 0.260 H_SSIM: 0.569 D_real: 0.009 D_fake: 0.013 att_A: 0.835 L_hall: 0.081 L_inter: 0.000 L_intra: 0.000 L_fsp: 0.823 fsp_3_4: 0.107 fsp_4_5: 0.169 fsp_5_6: 0.246 fsp_6_7: 0.301 
(epoch: 1, iters: 3700, time: 0.036) G_GAN: 0.076 G_L1: 0.290 G_SSIM: 0.161 H_L1: 0.237 H_SSIM: 0.527 D_real: 0.020 D_fake: 0.558 att_A: 0.370 L_hall: 0.065 L_inter: 0.000 L_intra: 0.000 L_fsp: 0.679 fsp_3_4: 0.106 fsp_4_5: 0.166 fsp_5_6: 0.171 fsp_6_7: 0.236 
(epoch: 1, iters: 3800, time: 0.035) G_GAN: 1.151 G_L1: 0.452 G_SSIM: 0.216 H_L1: 0.171 H_SSIM: 0.373 D_real: 0.091 D_fake: 0.014 att_A: 0.835 L_hall: 0.072 L_inter: 0.000 L_intra: 0.000 L_fsp: 0.580 fsp_3_4: 0.132 fsp_4_5: 0.149 fsp_5_6: 0.136 fsp_6_7: 0.162 
(epoch: 1, iters: 3900, time: 0.033) G_GAN: 0.768 G_L1: 0.554 G_SSIM: 0.256 H_L1: 0.158 H_SSIM: 0.396 D_real: 0.012 D_fake: 0.023 att_A: 0.799 L_hall: 0.075 L_inter: 0.000 L_intra: 0.000 L_fsp: 0.834 fsp_3_4: 0.173 fsp_4_5: 0.223 fsp_5_6: 0.191 fsp_6_7: 0.247 
(epoch: 1, iters: 4000, time: 0.056) G_GAN: 0.884 G_L1: 0.428 G_SSIM: 0.338 H_L1: 0.227 H_SSIM: 0.669 D_real: 0.012 D_fake: 0.012 att_A: 0.543 L_hall: 0.059 L_inter: 0.000 L_intra: 0.000 L_fsp: 0.530 fsp_3_4: 0.131 fsp_4_5: 0.125 fsp_5_6: 0.180 fsp_6_7: 0.095 
(epoch: 1, iters: 4100, time: 0.034) G_GAN: 0.544 G_L1: 0.504 G_SSIM: 0.212 H_L1: 0.176 H_SSIM: 0.419 D_real: 0.027 D_fake: 0.084 att_A: 0.591 L_hall: 0.066 L_inter: 0.000 L_intra: 0.000 L_fsp: 0.710 fsp_3_4: 0.121 fsp_4_5: 0.164 fsp_5_6: 0.234 fsp_6_7: 0.191 
(epoch: 1, iters: 4200, time: 0.034) G_GAN: 1.262 G_L1: 0.292 G_SSIM: 0.084 H_L1: 0.141 H_SSIM: 0.425 D_real: 0.096 D_fake: 0.206 att_A: 0.611 L_hall: 0.049 L_inter: 0.000 L_intra: 0.000 L_fsp: 0.632 fsp_3_4: 0.207 fsp_4_5: 0.194 fsp_5_6: 0.146 fsp_6_7: 0.084 
(epoch: 1, iters: 4300, time: 0.034) G_GAN: 0.790 G_L1: 0.707 G_SSIM: 0.323 H_L1: 0.226 H_SSIM: 0.446 D_real: 0.017 D_fake: 0.025 att_A: 0.631 L_hall: 0.067 L_inter: 0.000 L_intra: 0.000 L_fsp: 0.695 fsp_3_4: 0.148 fsp_4_5: 0.168 fsp_5_6: 0.197 fsp_6_7: 0.181 
(epoch: 1, iters: 4400, time: 0.034) G_GAN: 0.048 G_L1: 0.797 G_SSIM: 0.306 H_L1: 0.278 H_SSIM: 0.484 D_real: 0.037 D_fake: 0.655 att_A: 0.369 L_hall: 0.065 L_inter: 0.000 L_intra: 0.000 L_fsp: 0.724 fsp_3_4: 0.169 fsp_4_5: 0.206 fsp_5_6: 0.216 fsp_6_7: 0.133 
(epoch: 1, iters: 4500, time: 0.069) G_GAN: 1.288 G_L1: 0.448 G_SSIM: 0.309 H_L1: 0.236 H_SSIM: 0.546 D_real: 0.207 D_fake: 0.025 att_A: 0.652 L_hall: 0.064 L_inter: 0.000 L_intra: 0.000 L_fsp: 0.601 fsp_3_4: 0.129 fsp_4_5: 0.156 fsp_5_6: 0.193 fsp_6_7: 0.123 
(epoch: 1, iters: 4600, time: 0.035) G_GAN: 0.993 G_L1: 0.759 G_SSIM: 0.340 H_L1: 0.219 H_SSIM: 0.482 D_real: 0.040 D_fake: 0.009 att_A: 0.871 L_hall: 0.068 L_inter: 0.000 L_intra: 0.000 L_fsp: 0.817 fsp_3_4: 0.190 fsp_4_5: 0.152 fsp_5_6: 0.192 fsp_6_7: 0.284 
(epoch: 1, iters: 4700, time: 0.034) G_GAN: 0.670 G_L1: 0.887 G_SSIM: 0.229 H_L1: 0.163 H_SSIM: 0.446 D_real: 0.008 D_fake: 0.053 att_A: 0.502 L_hall: 0.065 L_inter: 0.000 L_intra: 0.000 L_fsp: 0.664 fsp_3_4: 0.175 fsp_4_5: 0.143 fsp_5_6: 0.170 fsp_6_7: 0.177 
(epoch: 1, iters: 4800, time: 0.034) G_GAN: 1.054 G_L1: 0.744 G_SSIM: 0.345 H_L1: 0.270 H_SSIM: 0.453 D_real: 0.015 D_fake: 0.015 att_A: 0.602 L_hall: 0.065 L_inter: 0.000 L_intra: 0.000 L_fsp: 0.772 fsp_3_4: 0.156 fsp_4_5: 0.191 fsp_5_6: 0.210 fsp_6_7: 0.215 
(epoch: 1, iters: 4900, time: 0.035) G_GAN: 1.296 G_L1: 0.850 G_SSIM: 0.375 H_L1: 0.223 H_SSIM: 0.535 D_real: 0.050 D_fake: 0.027 att_A: 0.835 L_hall: 0.067 L_inter: 0.000 L_intra: 0.000 L_fsp: 0.776 fsp_3_4: 0.152 fsp_4_5: 0.234 fsp_5_6: 0.219 fsp_6_7: 0.171 
(epoch: 1, iters: 5000, time: 0.054) G_GAN: 0.822 G_L1: 0.966 G_SSIM: 0.324 H_L1: 0.216 H_SSIM: 0.451 D_real: 0.070 D_fake: 0.412 att_A: 0.902 L_hall: 0.072 L_inter: 0.000 L_intra: 0.000 L_fsp: 0.658 fsp_3_4: 0.201 fsp_4_5: 0.214 fsp_5_6: 0.134 fsp_6_7: 0.109 
saving the latest model (epoch 1, total_steps 5000)
(epoch: 1, iters: 5100, time: 0.034) G_GAN: 0.929 G_L1: 0.647 G_SSIM: 0.346 H_L1: 0.192 H_SSIM: 0.475 D_real: 0.014 D_fake: 0.073 att_A: 0.820 L_hall: 0.069 L_inter: 0.000 L_intra: 0.000 L_fsp: 0.746 fsp_3_4: 0.200 fsp_4_5: 0.182 fsp_5_6: 0.216 fsp_6_7: 0.148 
(epoch: 1, iters: 5200, time: 0.035) G_GAN: 1.260 G_L1: 1.028 G_SSIM: 0.503 H_L1: 0.284 H_SSIM: 0.716 D_real: 0.013 D_fake: 0.026 att_A: 0.731 L_hall: 0.071 L_inter: 0.000 L_intra: 0.000 L_fsp: 0.700 fsp_3_4: 0.137 fsp_4_5: 0.207 fsp_5_6: 0.197 fsp_6_7: 0.159 
(epoch: 1, iters: 5300, time: 0.034) G_GAN: 0.621 G_L1: 0.216 G_SSIM: 0.034 H_L1: 0.115 H_SSIM: 0.359 D_real: 0.161 D_fake: 0.049 att_A: 0.490 L_hall: 0.046 L_inter: 0.000 L_intra: 0.000 L_fsp: 0.759 fsp_3_4: 0.262 fsp_4_5: 0.214 fsp_5_6: 0.164 fsp_6_7: 0.119 
(epoch: 1, iters: 5400, time: 0.035) G_GAN: 1.149 G_L1: 0.383 G_SSIM: 0.195 H_L1: 0.302 H_SSIM: 0.644 D_real: 0.113 D_fake: 0.018 att_A: 0.445 L_hall: 0.065 L_inter: 0.000 L_intra: 0.000 L_fsp: 0.564 fsp_3_4: 0.111 fsp_4_5: 0.153 fsp_5_6: 0.164 fsp_6_7: 0.136 
(epoch: 1, iters: 5500, time: 0.053) G_GAN: 0.909 G_L1: 0.556 G_SSIM: 0.240 H_L1: 0.256 H_SSIM: 0.419 D_real: 0.016 D_fake: 0.578 att_A: 0.692 L_hall: 0.069 L_inter: 0.000 L_intra: 0.000 L_fsp: 0.784 fsp_3_4: 0.144 fsp_4_5: 0.190 fsp_5_6: 0.201 fsp_6_7: 0.249 
(epoch: 1, iters: 5600, time: 0.034) G_GAN: 1.006 G_L1: 0.282 G_SSIM: 0.081 H_L1: 0.181 H_SSIM: 0.392 D_real: 0.134 D_fake: 0.007 att_A: 0.540 L_hall: 0.048 L_inter: 0.000 L_intra: 0.000 L_fsp: 0.530 fsp_3_4: 0.162 fsp_4_5: 0.183 fsp_5_6: 0.123 fsp_6_7: 0.062 
(epoch: 1, iters: 5700, time: 0.034) G_GAN: 0.183 G_L1: 0.270 G_SSIM: 0.101 H_L1: 0.332 H_SSIM: 0.657 D_real: 0.024 D_fake: 0.362 att_A: 0.258 L_hall: 0.065 L_inter: 0.000 L_intra: 0.000 L_fsp: 0.756 fsp_3_4: 0.126 fsp_4_5: 0.167 fsp_5_6: 0.198 fsp_6_7: 0.266 
(epoch: 1, iters: 5800, time: 0.033) G_GAN: 0.866 G_L1: 0.783 G_SSIM: 0.491 H_L1: 0.286 H_SSIM: 0.643 D_real: 0.036 D_fake: 0.010 att_A: 0.829 L_hall: 0.073 L_inter: 0.000 L_intra: 0.000 L_fsp: 0.845 fsp_3_4: 0.105 fsp_4_5: 0.152 fsp_5_6: 0.236 fsp_6_7: 0.354 
(epoch: 1, iters: 5900, time: 0.034) G_GAN: 0.148 G_L1: 0.312 G_SSIM: 0.096 H_L1: 0.309 H_SSIM: 0.655 D_real: 0.099 D_fake: 0.458 att_A: 0.338 L_hall: 0.063 L_inter: 0.000 L_intra: 0.000 L_fsp: 0.598 fsp_3_4: 0.111 fsp_4_5: 0.140 fsp_5_6: 0.184 fsp_6_7: 0.163 
(epoch: 1, iters: 6000, time: 0.046) G_GAN: 1.110 G_L1: 0.556 G_SSIM: 0.353 H_L1: 0.234 H_SSIM: 0.663 D_real: 0.016 D_fake: 0.007 att_A: 0.577 L_hall: 0.058 L_inter: 0.000 L_intra: 0.000 L_fsp: 0.877 fsp_3_4: 0.143 fsp_4_5: 0.183 fsp_5_6: 0.199 fsp_6_7: 0.353 
(epoch: 1, iters: 6100, time: 0.035) G_GAN: 0.808 G_L1: 0.573 G_SSIM: 0.297 H_L1: 0.233 H_SSIM: 0.559 D_real: 0.022 D_fake: 0.023 att_A: 0.556 L_hall: 0.066 L_inter: 0.000 L_intra: 0.000 L_fsp: 0.591 fsp_3_4: 0.121 fsp_4_5: 0.181 fsp_5_6: 0.198 fsp_6_7: 0.092 
(epoch: 1, iters: 6200, time: 0.035) G_GAN: 1.450 G_L1: 1.184 G_SSIM: 0.430 H_L1: 0.239 H_SSIM: 0.529 D_real: 0.175 D_fake: 0.078 att_A: 0.930 L_hall: 0.071 L_inter: 0.000 L_intra: 0.000 L_fsp: 0.629 fsp_3_4: 0.154 fsp_4_5: 0.193 fsp_5_6: 0.157 fsp_6_7: 0.125 
(epoch: 1, iters: 6300, time: 0.035) G_GAN: 1.439 G_L1: 0.817 G_SSIM: 0.244 H_L1: 0.182 H_SSIM: 0.411 D_real: 0.032 D_fake: 0.062 att_A: 0.814 L_hall: 0.070 L_inter: 0.000 L_intra: 0.000 L_fsp: 1.005 fsp_3_4: 0.252 fsp_4_5: 0.188 fsp_5_6: 0.182 fsp_6_7: 0.383 
(epoch: 1, iters: 6400, time: 0.035) G_GAN: 1.114 G_L1: 0.357 G_SSIM: 0.233 H_L1: 0.286 H_SSIM: 0.559 D_real: 0.246 D_fake: 0.013 att_A: 0.490 L_hall: 0.054 L_inter: 0.000 L_intra: 0.000 L_fsp: 0.537 fsp_3_4: 0.120 fsp_4_5: 0.205 fsp_5_6: 0.117 fsp_6_7: 0.096 
(epoch: 1, iters: 6500, time: 0.072) G_GAN: 0.451 G_L1: 0.236 G_SSIM: 0.132 H_L1: 0.221 H_SSIM: 0.519 D_real: 0.096 D_fake: 0.130 att_A: 0.371 L_hall: 0.055 L_inter: 0.000 L_intra: 0.000 L_fsp: 0.709 fsp_3_4: 0.109 fsp_4_5: 0.186 fsp_5_6: 0.178 fsp_6_7: 0.235 
(epoch: 1, iters: 6600, time: 0.035) G_GAN: 0.446 G_L1: 0.534 G_SSIM: 0.254 H_L1: 0.201 H_SSIM: 0.523 D_real: 0.013 D_fake: 0.127 att_A: 0.458 L_hall: 0.056 L_inter: 0.000 L_intra: 0.000 L_fsp: 0.636 fsp_3_4: 0.130 fsp_4_5: 0.191 fsp_5_6: 0.140 fsp_6_7: 0.174 
(epoch: 1, iters: 6700, time: 0.035) G_GAN: 0.892 G_L1: 0.551 G_SSIM: 0.320 H_L1: 0.259 H_SSIM: 0.686 D_real: 0.009 D_fake: 0.012 att_A: 0.544 L_hall: 0.059 L_inter: 0.000 L_intra: 0.000 L_fsp: 0.617 fsp_3_4: 0.118 fsp_4_5: 0.169 fsp_5_6: 0.185 fsp_6_7: 0.145 
(epoch: 1, iters: 6800, time: 0.034) G_GAN: 0.714 G_L1: 0.512 G_SSIM: 0.487 H_L1: 0.274 H_SSIM: 0.684 D_real: 0.020 D_fake: 0.021 att_A: 0.742 L_hall: 0.070 L_inter: 0.000 L_intra: 0.000 L_fsp: 0.663 fsp_3_4: 0.121 fsp_4_5: 0.177 fsp_5_6: 0.172 fsp_6_7: 0.191 
(epoch: 1, iters: 6900, time: 0.036) G_GAN: 0.939 G_L1: 0.774 G_SSIM: 0.211 H_L1: 0.187 H_SSIM: 0.418 D_real: 0.027 D_fake: 0.301 att_A: 0.667 L_hall: 0.071 L_inter: 0.000 L_intra: 0.000 L_fsp: 1.038 fsp_3_4: 0.135 fsp_4_5: 0.208 fsp_5_6: 0.190 fsp_6_7: 0.505 
(epoch: 1, iters: 7000, time: 0.054) G_GAN: 1.134 G_L1: 0.296 G_SSIM: 0.222 H_L1: 0.207 H_SSIM: 0.454 D_real: 0.407 D_fake: 0.014 att_A: 0.517 L_hall: 0.059 L_inter: 0.000 L_intra: 0.000 L_fsp: 0.708 fsp_3_4: 0.182 fsp_4_5: 0.203 fsp_5_6: 0.157 fsp_6_7: 0.165 
(epoch: 1, iters: 7100, time: 0.034) G_GAN: 0.415 G_L1: 0.125 G_SSIM: 0.032 H_L1: 0.106 H_SSIM: 0.411 D_real: 0.016 D_fake: 0.021 att_A: 0.579 L_hall: 0.057 L_inter: 0.000 L_intra: 0.000 L_fsp: 0.622 fsp_3_4: 0.148 fsp_4_5: 0.136 fsp_5_6: 0.173 fsp_6_7: 0.165 
(epoch: 1, iters: 7200, time: 0.035) G_GAN: 0.959 G_L1: 0.496 G_SSIM: 0.383 H_L1: 0.266 H_SSIM: 0.656 D_real: 0.031 D_fake: 0.086 att_A: 0.618 L_hall: 0.066 L_inter: 0.000 L_intra: 0.000 L_fsp: 0.572 fsp_3_4: 0.098 fsp_4_5: 0.174 fsp_5_6: 0.226 fsp_6_7: 0.073 
(epoch: 1, iters: 7300, time: 0.034) G_GAN: 1.188 G_L1: 0.383 G_SSIM: 0.166 H_L1: 0.202 H_SSIM: 0.416 D_real: 0.037 D_fake: 0.007 att_A: 0.774 L_hall: 0.066 L_inter: 0.000 L_intra: 0.000 L_fsp: 0.606 fsp_3_4: 0.126 fsp_4_5: 0.191 fsp_5_6: 0.177 fsp_6_7: 0.112 
(epoch: 1, iters: 7400, time: 0.034) G_GAN: 0.804 G_L1: 0.405 G_SSIM: 0.249 H_L1: 0.196 H_SSIM: 0.417 D_real: 0.012 D_fake: 0.018 att_A: 0.812 L_hall: 0.067 L_inter: 0.000 L_intra: 0.000 L_fsp: 0.543 fsp_3_4: 0.122 fsp_4_5: 0.198 fsp_5_6: 0.154 fsp_6_7: 0.069 
(epoch: 1, iters: 7500, time: 0.072) G_GAN: 1.174 G_L1: 0.540 G_SSIM: 0.385 H_L1: 0.255 H_SSIM: 0.547 D_real: 0.033 D_fake: 0.011 att_A: 0.818 L_hall: 0.067 L_inter: 0.000 L_intra: 0.000 L_fsp: 0.762 fsp_3_4: 0.128 fsp_4_5: 0.160 fsp_5_6: 0.240 fsp_6_7: 0.234 
(epoch: 1, iters: 7600, time: 0.035) G_GAN: 1.119 G_L1: 0.522 G_SSIM: 0.255 H_L1: 0.240 H_SSIM: 0.425 D_real: 0.011 D_fake: 0.009 att_A: 0.735 L_hall: 0.071 L_inter: 0.000 L_intra: 0.000 L_fsp: 0.698 fsp_3_4: 0.140 fsp_4_5: 0.194 fsp_5_6: 0.160 fsp_6_7: 0.204 
(epoch: 1, iters: 7700, time: 0.034) G_GAN: 0.829 G_L1: 0.415 G_SSIM: 0.243 H_L1: 0.206 H_SSIM: 0.426 D_real: 0.012 D_fake: 0.015 att_A: 0.666 L_hall: 0.070 L_inter: 0.000 L_intra: 0.000 L_fsp: 0.745 fsp_3_4: 0.115 fsp_4_5: 0.207 fsp_5_6: 0.215 fsp_6_7: 0.207 
(epoch: 1, iters: 7800, time: 0.035) G_GAN: 0.966 G_L1: 0.253 G_SSIM: 0.030 H_L1: 0.093 H_SSIM: 0.290 D_real: 0.083 D_fake: 0.109 att_A: 0.716 L_hall: 0.064 L_inter: 0.000 L_intra: 0.000 L_fsp: 0.672 fsp_3_4: 0.099 fsp_4_5: 0.175 fsp_5_6: 0.167 fsp_6_7: 0.231 
(epoch: 1, iters: 7900, time: 0.034) G_GAN: 0.419 G_L1: 0.533 G_SSIM: 0.220 H_L1: 0.203 H_SSIM: 0.517 D_real: 0.059 D_fake: 0.081 att_A: 0.473 L_hall: 0.059 L_inter: 0.000 L_intra: 0.000 L_fsp: 0.811 fsp_3_4: 0.183 fsp_4_5: 0.181 fsp_5_6: 0.179 fsp_6_7: 0.267 
(epoch: 1, iters: 8000, time: 0.060) G_GAN: 1.155 G_L1: 0.621 G_SSIM: 0.388 H_L1: 0.220 H_SSIM: 0.545 D_real: 0.007 D_fake: 0.010 att_A: 0.906 L_hall: 0.068 L_inter: 0.000 L_intra: 0.000 L_fsp: 0.659 fsp_3_4: 0.114 fsp_4_5: 0.190 fsp_5_6: 0.174 fsp_6_7: 0.181 
(epoch: 1, iters: 8100, time: 0.033) G_GAN: 0.244 G_L1: 0.685 G_SSIM: 0.266 H_L1: 0.238 H_SSIM: 0.527 D_real: 0.086 D_fake: 0.016 att_A: 0.417 L_hall: 0.054 L_inter: 0.000 L_intra: 0.000 L_fsp: 0.751 fsp_3_4: 0.109 fsp_4_5: 0.144 fsp_5_6: 0.259 fsp_6_7: 0.238 
(epoch: 1, iters: 8200, time: 0.033) G_GAN: 1.044 G_L1: 0.424 G_SSIM: 0.295 H_L1: 0.243 H_SSIM: 0.531 D_real: 0.023 D_fake: 0.013 att_A: 0.791 L_hall: 0.067 L_inter: 0.000 L_intra: 0.000 L_fsp: 0.655 fsp_3_4: 0.120 fsp_4_5: 0.185 fsp_5_6: 0.200 fsp_6_7: 0.150 
(epoch: 1, iters: 8300, time: 0.034) G_GAN: 1.255 G_L1: 0.367 G_SSIM: 0.134 H_L1: 0.149 H_SSIM: 0.391 D_real: 0.088 D_fake: 0.021 att_A: 0.683 L_hall: 0.060 L_inter: 0.000 L_intra: 0.000 L_fsp: 0.782 fsp_3_4: 0.221 fsp_4_5: 0.158 fsp_5_6: 0.174 fsp_6_7: 0.228 
(epoch: 1, iters: 8400, time: 0.036) G_GAN: 0.286 G_L1: 0.284 G_SSIM: 0.040 H_L1: 0.116 H_SSIM: 0.248 D_real: 0.041 D_fake: 0.249 att_A: 0.427 L_hall: 0.066 L_inter: 0.000 L_intra: 0.000 L_fsp: 0.792 fsp_3_4: 0.117 fsp_4_5: 0.194 fsp_5_6: 0.209 fsp_6_7: 0.272 
(epoch: 1, iters: 8500, time: 0.091) G_GAN: 0.844 G_L1: 0.460 G_SSIM: 0.260 H_L1: 0.290 H_SSIM: 0.555 D_real: 0.008 D_fake: 0.012 att_A: 0.507 L_hall: 0.052 L_inter: 0.000 L_intra: 0.000 L_fsp: 0.575 fsp_3_4: 0.121 fsp_4_5: 0.155 fsp_5_6: 0.173 fsp_6_7: 0.126 
(epoch: 1, iters: 8600, time: 0.034) G_GAN: 1.132 G_L1: 0.614 G_SSIM: 0.348 H_L1: 0.278 H_SSIM: 0.579 D_real: 0.122 D_fake: 0.021 att_A: 0.577 L_hall: 0.072 L_inter: 0.000 L_intra: 0.000 L_fsp: 0.686 fsp_3_4: 0.134 fsp_4_5: 0.190 fsp_5_6: 0.208 fsp_6_7: 0.155 
(epoch: 1, iters: 8700, time: 0.035) G_GAN: 0.178 G_L1: 0.710 G_SSIM: 0.186 H_L1: 0.175 H_SSIM: 0.408 D_real: 0.012 D_fake: 0.753 att_A: 0.407 L_hall: 0.066 L_inter: 0.000 L_intra: 0.000 L_fsp: 0.681 fsp_3_4: 0.143 fsp_4_5: 0.182 fsp_5_6: 0.165 fsp_6_7: 0.191 
(epoch: 1, iters: 8800, time: 0.036) G_GAN: 1.255 G_L1: 0.820 G_SSIM: 0.340 H_L1: 0.262 H_SSIM: 0.407 D_real: 0.005 D_fake: 0.020 att_A: 0.837 L_hall: 0.065 L_inter: 0.000 L_intra: 0.000 L_fsp: 0.733 fsp_3_4: 0.178 fsp_4_5: 0.189 fsp_5_6: 0.172 fsp_6_7: 0.195 
(epoch: 1, iters: 8900, time: 0.034) G_GAN: 0.459 G_L1: 0.846 G_SSIM: 0.254 H_L1: 0.171 H_SSIM: 0.436 D_real: 0.010 D_fake: 0.117 att_A: 0.473 L_hall: 0.063 L_inter: 0.000 L_intra: 0.000 L_fsp: 0.674 fsp_3_4: 0.139 fsp_4_5: 0.187 fsp_5_6: 0.162 fsp_6_7: 0.185 
(epoch: 1, iters: 9000, time: 0.081) G_GAN: 0.983 G_L1: 0.576 G_SSIM: 0.296 H_L1: 0.238 H_SSIM: 0.529 D_real: 0.014 D_fake: 0.009 att_A: 0.504 L_hall: 0.067 L_inter: 0.000 L_intra: 0.000 L_fsp: 0.890 fsp_3_4: 0.177 fsp_4_5: 0.183 fsp_5_6: 0.314 fsp_6_7: 0.216 
(epoch: 1, iters: 9100, time: 0.034) G_GAN: 0.748 G_L1: 0.080 G_SSIM: 0.025 H_L1: 0.117 H_SSIM: 0.291 D_real: 0.139 D_fake: 0.011 att_A: 0.410 L_hall: 0.058 L_inter: 0.000 L_intra: 0.000 L_fsp: 0.700 fsp_3_4: 0.130 fsp_4_5: 0.206 fsp_5_6: 0.168 fsp_6_7: 0.196 
epoch 1  fsp_3_4:0.151541  fsp_3_4_degen:0.000000  fsp_4_5:0.191899  fsp_4_5_degen:0.000000  fsp_5_6:0.206583  fsp_5_6_degen:0.000000  fsp_6_7:0.199337  fsp_6_7_degen:0.000000
End of epoch 1 / 30 	 Time Taken: 461 sec
learning rate = 0.0002000
(epoch: 2, iters: 73, time: 0.035) G_GAN: 1.342 G_L1: 0.873 G_SSIM: 0.313 H_L1: 0.281 H_SSIM: 0.465 D_real: 0.068 D_fake: 0.038 att_A: 0.484 L_hall: 0.063 L_inter: 0.000 L_intra: 0.000 L_fsp: 0.717 fsp_3_4: 0.193 fsp_4_5: 0.207 fsp_5_6: 0.140 fsp_6_7: 0.176 
(epoch: 2, iters: 173, time: 0.033) G_GAN: 0.809 G_L1: 0.875 G_SSIM: 0.288 H_L1: 0.177 H_SSIM: 0.367 D_real: 0.010 D_fake: 0.023 att_A: 0.931 L_hall: 0.072 L_inter: 0.000 L_intra: 0.000 L_fsp: 0.733 fsp_3_4: 0.156 fsp_4_5: 0.213 fsp_5_6: 0.210 fsp_6_7: 0.154 
(epoch: 2, iters: 273, time: 0.035) G_GAN: 1.087 G_L1: 0.668 G_SSIM: 0.335 H_L1: 0.315 H_SSIM: 0.624 D_real: 0.052 D_fake: 0.011 att_A: 0.611 L_hall: 0.067 L_inter: 0.000 L_intra: 0.000 L_fsp: 0.602 fsp_3_4: 0.151 fsp_4_5: 0.211 fsp_5_6: 0.189 fsp_6_7: 0.052 
(epoch: 2, iters: 373, time: 0.063) G_GAN: 1.002 G_L1: 0.603 G_SSIM: 0.201 H_L1: 0.206 H_SSIM: 0.420 D_real: 0.009 D_fake: 0.008 att_A: 0.675 L_hall: 0.056 L_inter: 0.000 L_intra: 0.000 L_fsp: 0.839 fsp_3_4: 0.293 fsp_4_5: 0.266 fsp_5_6: 0.173 fsp_6_7: 0.107 
(epoch: 2, iters: 473, time: 0.035) G_GAN: 0.988 G_L1: 0.292 G_SSIM: 0.199 H_L1: 0.267 H_SSIM: 0.536 D_real: 0.236 D_fake: 0.173 att_A: 0.403 L_hall: 0.063 L_inter: 0.000 L_intra: 0.000 L_fsp: 0.582 fsp_3_4: 0.134 fsp_4_5: 0.154 fsp_5_6: 0.199 fsp_6_7: 0.095 
(epoch: 2, iters: 573, time: 0.034) G_GAN: 0.399 G_L1: 0.177 G_SSIM: 0.041 H_L1: 0.163 H_SSIM: 0.242 D_real: 0.100 D_fake: 0.006 att_A: 0.510 L_hall: 0.047 L_inter: 0.000 L_intra: 0.000 L_fsp: 0.519 fsp_3_4: 0.091 fsp_4_5: 0.158 fsp_5_6: 0.152 fsp_6_7: 0.117 
(epoch: 2, iters: 673, time: 0.034) G_GAN: 1.108 G_L1: 0.340 G_SSIM: 0.146 H_L1: 0.166 H_SSIM: 0.311 D_real: 0.219 D_fake: 0.042 att_A: 0.903 L_hall: 0.068 L_inter: 0.000 L_intra: 0.000 L_fsp: 0.779 fsp_3_4: 0.137 fsp_4_5: 0.160 fsp_5_6: 0.229 fsp_6_7: 0.252 
(epoch: 2, iters: 773, time: 0.034) G_GAN: 1.210 G_L1: 0.412 G_SSIM: 0.223 H_L1: 0.233 H_SSIM: 0.534 D_real: 0.027 D_fake: 0.006 att_A: 0.585 L_hall: 0.058 L_inter: 0.000 L_intra: 0.000 L_fsp: 0.628 fsp_3_4: 0.120 fsp_4_5: 0.141 fsp_5_6: 0.163 fsp_6_7: 0.203 
(epoch: 2, iters: 873, time: 0.058) G_GAN: 1.005 G_L1: 0.437 G_SSIM: 0.209 H_L1: 0.244 H_SSIM: 0.596 D_real: 0.017 D_fake: 0.015 att_A: 0.360 L_hall: 0.054 L_inter: 0.000 L_intra: 0.000 L_fsp: 0.651 fsp_3_4: 0.139 fsp_4_5: 0.129 fsp_5_6: 0.249 fsp_6_7: 0.135 
saving the latest model (epoch 2, total_steps 10000)
(epoch: 2, iters: 973, time: 0.035) G_GAN: 0.918 G_L1: 0.739 G_SSIM: 0.488 H_L1: 0.278 H_SSIM: 0.609 D_real: 0.034 D_fake: 0.009 att_A: 0.911 L_hall: 0.065 L_inter: 0.000 L_intra: 0.000 L_fsp: 0.591 fsp_3_4: 0.117 fsp_4_5: 0.182 fsp_5_6: 0.123 fsp_6_7: 0.168 
(epoch: 2, iters: 1073, time: 0.033) G_GAN: 0.851 G_L1: 0.496 G_SSIM: 0.416 H_L1: 0.264 H_SSIM: 0.650 D_real: 0.009 D_fake: 0.006 att_A: 0.687 L_hall: 0.061 L_inter: 0.000 L_intra: 0.000 L_fsp: 0.550 fsp_3_4: 0.087 fsp_4_5: 0.150 fsp_5_6: 0.183 fsp_6_7: 0.130 
(epoch: 2, iters: 1173, time: 0.038) G_GAN: 0.134 G_L1: 0.393 G_SSIM: 0.170 H_L1: 0.282 H_SSIM: 0.597 D_real: 0.050 D_fake: 0.017 att_A: 0.289 L_hall: 0.054 L_inter: 0.000 L_intra: 0.000 L_fsp: 0.499 fsp_3_4: 0.109 fsp_4_5: 0.159 fsp_5_6: 0.135 fsp_6_7: 0.096 
(epoch: 2, iters: 1273, time: 0.034) G_GAN: 0.435 G_L1: 0.592 G_SSIM: 0.246 H_L1: 0.236 H_SSIM: 0.516 D_real: 0.014 D_fake: 0.133 att_A: 0.440 L_hall: 0.055 L_inter: 0.000 L_intra: 0.000 L_fsp: 0.728 fsp_3_4: 0.133 fsp_4_5: 0.194 fsp_5_6: 0.215 fsp_6_7: 0.186 
(epoch: 2, iters: 1373, time: 0.073) G_GAN: 0.983 G_L1: 0.477 G_SSIM: 0.192 H_L1: 0.320 H_SSIM: 0.579 D_real: 0.008 D_fake: 0.006 att_A: 0.499 L_hall: 0.050 L_inter: 0.000 L_intra: 0.000 L_fsp: 0.510 fsp_3_4: 0.105 fsp_4_5: 0.160 fsp_5_6: 0.161 fsp_6_7: 0.083 
(epoch: 2, iters: 1473, time: 0.035) G_GAN: 1.010 G_L1: 0.562 G_SSIM: 0.378 H_L1: 0.236 H_SSIM: 0.499 D_real: 0.017 D_fake: 0.007 att_A: 0.869 L_hall: 0.064 L_inter: 0.000 L_intra: 0.000 L_fsp: 0.694 fsp_3_4: 0.127 fsp_4_5: 0.194 fsp_5_6: 0.194 fsp_6_7: 0.179 
(epoch: 2, iters: 1573, time: 0.034) G_GAN: 0.411 G_L1: 0.215 G_SSIM: 0.027 H_L1: 0.122 H_SSIM: 0.260 D_real: 0.053 D_fake: 0.027 att_A: 0.705 L_hall: 0.067 L_inter: 0.000 L_intra: 0.000 L_fsp: 0.914 fsp_3_4: 0.110 fsp_4_5: 0.163 fsp_5_6: 0.226 fsp_6_7: 0.416 
(epoch: 2, iters: 1673, time: 0.034) G_GAN: 0.875 G_L1: 1.047 G_SSIM: 0.283 H_L1: 0.160 H_SSIM: 0.407 D_real: 0.007 D_fake: 0.029 att_A: 0.779 L_hall: 0.067 L_inter: 0.000 L_intra: 0.000 L_fsp: 0.795 fsp_3_4: 0.227 fsp_4_5: 0.226 fsp_5_6: 0.189 fsp_6_7: 0.153 
(epoch: 2, iters: 1773, time: 0.034) G_GAN: 0.933 G_L1: 0.590 G_SSIM: 0.266 H_L1: 0.180 H_SSIM: 0.453 D_real: 0.023 D_fake: 0.008 att_A: 0.581 L_hall: 0.062 L_inter: 0.000 L_intra: 0.000 L_fsp: 0.782 fsp_3_4: 0.187 fsp_4_5: 0.178 fsp_5_6: 0.213 fsp_6_7: 0.204 
(epoch: 2, iters: 1873, time: 0.063) G_GAN: 1.006 G_L1: 0.372 G_SSIM: 0.136 H_L1: 0.252 H_SSIM: 0.382 D_real: 0.017 D_fake: 0.037 att_A: 0.588 L_hall: 0.067 L_inter: 0.000 L_intra: 0.000 L_fsp: 0.915 fsp_3_4: 0.232 fsp_4_5: 0.192 fsp_5_6: 0.200 fsp_6_7: 0.291 
(epoch: 2, iters: 1973, time: 0.033) G_GAN: 0.558 G_L1: 0.255 G_SSIM: 0.154 H_L1: 0.269 H_SSIM: 0.563 D_real: 0.026 D_fake: 0.064 att_A: 0.388 L_hall: 0.060 L_inter: 0.000 L_intra: 0.000 L_fsp: 0.603 fsp_3_4: 0.110 fsp_4_5: 0.182 fsp_5_6: 0.162 fsp_6_7: 0.149 
(epoch: 2, iters: 2073, time: 0.035) G_GAN: 0.924 G_L1: 0.375 G_SSIM: 0.286 H_L1: 0.261 H_SSIM: 0.508 D_real: 0.071 D_fake: 0.018 att_A: 0.606 L_hall: 0.059 L_inter: 0.000 L_intra: 0.000 L_fsp: 0.666 fsp_3_4: 0.161 fsp_4_5: 0.193 fsp_5_6: 0.170 fsp_6_7: 0.142 
(epoch: 2, iters: 2173, time: 0.072) G_GAN: 1.033 G_L1: 0.669 G_SSIM: 0.446 H_L1: 0.254 H_SSIM: 0.550 D_real: 0.011 D_fake: 0.041 att_A: 0.741 L_hall: 0.065 L_inter: 0.000 L_intra: 0.000 L_fsp: 0.740 fsp_3_4: 0.108 fsp_4_5: 0.163 fsp_5_6: 0.185 fsp_6_7: 0.284 
(epoch: 2, iters: 2273, time: 0.034) G_GAN: 0.353 G_L1: 0.276 G_SSIM: 0.092 H_L1: 0.222 H_SSIM: 0.512 D_real: 0.009 D_fake: 0.180 att_A: 0.528 L_hall: 0.060 L_inter: 0.000 L_intra: 0.000 L_fsp: 0.655 fsp_3_4: 0.148 fsp_4_5: 0.161 fsp_5_6: 0.193 fsp_6_7: 0.153 
(epoch: 2, iters: 2373, time: 0.060) G_GAN: 0.102 G_L1: 0.327 G_SSIM: 0.208 H_L1: 0.214 H_SSIM: 0.464 D_real: 0.040 D_fake: 0.019 att_A: 0.443 L_hall: 0.060 L_inter: 0.000 L_intra: 0.000 L_fsp: 0.627 fsp_3_4: 0.097 fsp_4_5: 0.146 fsp_5_6: 0.171 fsp_6_7: 0.213 
(epoch: 2, iters: 2473, time: 0.035) G_GAN: 0.326 G_L1: 0.531 G_SSIM: 0.182 H_L1: 0.178 H_SSIM: 0.395 D_real: 0.020 D_fake: 0.102 att_A: 0.568 L_hall: 0.066 L_inter: 0.000 L_intra: 0.000 L_fsp: 0.723 fsp_3_4: 0.139 fsp_4_5: 0.157 fsp_5_6: 0.209 fsp_6_7: 0.219 
(epoch: 2, iters: 2573, time: 0.049) G_GAN: 1.073 G_L1: 0.464 G_SSIM: 0.319 H_L1: 0.227 H_SSIM: 0.556 D_real: 0.079 D_fake: 0.005 att_A: 0.683 L_hall: 0.061 L_inter: 0.000 L_intra: 0.000 L_fsp: 0.749 fsp_3_4: 0.123 fsp_4_5: 0.175 fsp_5_6: 0.205 fsp_6_7: 0.246 
(epoch: 2, iters: 2673, time: 0.035) G_GAN: 1.208 G_L1: 0.337 G_SSIM: 0.208 H_L1: 0.228 H_SSIM: 0.463 D_real: 0.097 D_fake: 0.022 att_A: 0.467 L_hall: 0.059 L_inter: 0.000 L_intra: 0.000 L_fsp: 0.674 fsp_3_4: 0.114 fsp_4_5: 0.169 fsp_5_6: 0.198 fsp_6_7: 0.192 
(epoch: 2, iters: 2773, time: 0.034) G_GAN: 1.289 G_L1: 0.402 G_SSIM: 0.304 H_L1: 0.231 H_SSIM: 0.517 D_real: 0.122 D_fake: 0.248 att_A: 0.686 L_hall: 0.060 L_inter: 0.000 L_intra: 0.000 L_fsp: 0.749 fsp_3_4: 0.126 fsp_4_5: 0.164 fsp_5_6: 0.234 fsp_6_7: 0.225 
(epoch: 2, iters: 2873, time: 0.093) G_GAN: 1.398 G_L1: 0.455 G_SSIM: 0.278 H_L1: 0.260 H_SSIM: 0.477 D_real: 0.345 D_fake: 0.060 att_A: 0.634 L_hall: 0.058 L_inter: 0.000 L_intra: 0.000 L_fsp: 0.631 fsp_3_4: 0.120 fsp_4_5: 0.139 fsp_5_6: 0.185 fsp_6_7: 0.188 
(epoch: 2, iters: 2973, time: 0.034) G_GAN: 1.285 G_L1: 0.793 G_SSIM: 0.316 H_L1: 0.168 H_SSIM: 0.459 D_real: 0.036 D_fake: 0.105 att_A: 0.755 L_hall: 0.056 L_inter: 0.000 L_intra: 0.000 L_fsp: 0.563 fsp_3_4: 0.127 fsp_4_5: 0.174 fsp_5_6: 0.168 fsp_6_7: 0.094 
(epoch: 2, iters: 3073, time: 0.035) G_GAN: 1.025 G_L1: 0.187 G_SSIM: 0.066 H_L1: 0.111 H_SSIM: 0.322 D_real: 0.168 D_fake: 0.018 att_A: 0.441 L_hall: 0.037 L_inter: 0.000 L_intra: 0.000 L_fsp: 0.516 fsp_3_4: 0.116 fsp_4_5: 0.174 fsp_5_6: 0.103 fsp_6_7: 0.124 
(epoch: 2, iters: 3173, time: 0.035) G_GAN: 0.756 G_L1: 0.482 G_SSIM: 0.284 H_L1: 0.206 H_SSIM: 0.434 D_real: 0.021 D_fake: 0.029 att_A: 0.586 L_hall: 0.059 L_inter: 0.000 L_intra: 0.000 L_fsp: 0.785 fsp_3_4: 0.131 fsp_4_5: 0.220 fsp_5_6: 0.233 fsp_6_7: 0.201 
(epoch: 2, iters: 3273, time: 0.035) G_GAN: 0.718 G_L1: 0.469 G_SSIM: 0.186 H_L1: 0.160 H_SSIM: 0.400 D_real: 0.008 D_fake: 0.435 att_A: 0.658 L_hall: 0.063 L_inter: 0.000 L_intra: 0.000 L_fsp: 0.696 fsp_3_4: 0.098 fsp_4_5: 0.194 fsp_5_6: 0.203 fsp_6_7: 0.201 
(epoch: 2, iters: 3373, time: 0.051) G_GAN: 1.047 G_L1: 0.570 G_SSIM: 0.468 H_L1: 0.274 H_SSIM: 0.623 D_real: 0.019 D_fake: 0.060 att_A: 0.790 L_hall: 0.065 L_inter: 0.000 L_intra: 0.000 L_fsp: 0.879 fsp_3_4: 0.093 fsp_4_5: 0.184 fsp_5_6: 0.307 fsp_6_7: 0.295 
(epoch: 2, iters: 3473, time: 0.034) G_GAN: 1.006 G_L1: 0.476 G_SSIM: 0.231 H_L1: 0.166 H_SSIM: 0.368 D_real: 0.005 D_fake: 0.005 att_A: 0.666 L_hall: 0.061 L_inter: 0.000 L_intra: 0.000 L_fsp: 0.744 fsp_3_4: 0.207 fsp_4_5: 0.206 fsp_5_6: 0.207 fsp_6_7: 0.124 
(epoch: 2, iters: 3573, time: 0.035) G_GAN: 0.775 G_L1: 0.500 G_SSIM: 0.339 H_L1: 0.183 H_SSIM: 0.504 D_real: 0.026 D_fake: 0.085 att_A: 0.748 L_hall: 0.057 L_inter: 0.000 L_intra: 0.000 L_fsp: 0.787 fsp_3_4: 0.128 fsp_4_5: 0.163 fsp_5_6: 0.208 fsp_6_7: 0.288 
(epoch: 2, iters: 3673, time: 0.035) G_GAN: 0.845 G_L1: 0.573 G_SSIM: 0.242 H_L1: 0.202 H_SSIM: 0.427 D_real: 0.049 D_fake: 0.021 att_A: 0.628 L_hall: 0.063 L_inter: 0.000 L_intra: 0.000 L_fsp: 0.876 fsp_3_4: 0.159 fsp_4_5: 0.209 fsp_5_6: 0.245 fsp_6_7: 0.262 
(epoch: 2, iters: 3773, time: 0.035) G_GAN: 1.285 G_L1: 0.519 G_SSIM: 0.230 H_L1: 0.199 H_SSIM: 0.447 D_real: 0.043 D_fake: 0.371 att_A: 0.623 L_hall: 0.052 L_inter: 0.000 L_intra: 0.000 L_fsp: 0.716 fsp_3_4: 0.209 fsp_4_5: 0.175 fsp_5_6: 0.153 fsp_6_7: 0.177 
(epoch: 2, iters: 3873, time: 0.065) G_GAN: 0.044 G_L1: 0.362 G_SSIM: 0.135 H_L1: 0.251 H_SSIM: 0.484 D_real: 0.007 D_fake: 0.653 att_A: 0.482 L_hall: 0.061 L_inter: 0.000 L_intra: 0.000 L_fsp: 0.587 fsp_3_4: 0.122 fsp_4_5: 0.160 fsp_5_6: 0.179 fsp_6_7: 0.127 
(epoch: 2, iters: 3973, time: 0.035) G_GAN: 1.268 G_L1: 0.473 G_SSIM: 0.267 H_L1: 0.197 H_SSIM: 0.443 D_real: 0.031 D_fake: 0.032 att_A: 0.661 L_hall: 0.061 L_inter: 0.000 L_intra: 0.000 L_fsp: 0.810 fsp_3_4: 0.115 fsp_4_5: 0.184 fsp_5_6: 0.245 fsp_6_7: 0.265 
(epoch: 2, iters: 4073, time: 0.035) G_GAN: 1.155 G_L1: 0.419 G_SSIM: 0.276 H_L1: 0.165 H_SSIM: 0.400 D_real: 0.010 D_fake: 0.012 att_A: 0.807 L_hall: 0.064 L_inter: 0.000 L_intra: 0.000 L_fsp: 0.838 fsp_3_4: 0.224 fsp_4_5: 0.217 fsp_5_6: 0.154 fsp_6_7: 0.243 
(epoch: 2, iters: 4173, time: 0.036) G_GAN: 1.208 G_L1: 0.294 G_SSIM: 0.159 H_L1: 0.268 H_SSIM: 0.454 D_real: 0.040 D_fake: 0.020 att_A: 0.544 L_hall: 0.053 L_inter: 0.000 L_intra: 0.000 L_fsp: 0.624 fsp_3_4: 0.130 fsp_4_5: 0.165 fsp_5_6: 0.169 fsp_6_7: 0.160 
(epoch: 2, iters: 4273, time: 0.034) G_GAN: 1.101 G_L1: 0.360 G_SSIM: 0.160 H_L1: 0.266 H_SSIM: 0.537 D_real: 0.047 D_fake: 0.014 att_A: 0.388 L_hall: 0.059 L_inter: 0.000 L_intra: 0.000 L_fsp: 0.561 fsp_3_4: 0.116 fsp_4_5: 0.146 fsp_5_6: 0.178 fsp_6_7: 0.120 
(epoch: 2, iters: 4373, time: 0.109) G_GAN: 0.844 G_L1: 0.462 G_SSIM: 0.388 H_L1: 0.242 H_SSIM: 0.535 D_real: 0.014 D_fake: 0.042 att_A: 0.828 L_hall: 0.062 L_inter: 0.000 L_intra: 0.000 L_fsp: 0.875 fsp_3_4: 0.143 fsp_4_5: 0.160 fsp_5_6: 0.214 fsp_6_7: 0.357 
(epoch: 2, iters: 4473, time: 0.033) G_GAN: 0.854 G_L1: 0.244 G_SSIM: 0.150 H_L1: 0.271 H_SSIM: 0.511 D_real: 0.078 D_fake: 0.004 att_A: 0.492 L_hall: 0.060 L_inter: 0.000 L_intra: 0.000 L_fsp: 0.859 fsp_3_4: 0.178 fsp_4_5: 0.206 fsp_5_6: 0.202 fsp_6_7: 0.273 
(epoch: 2, iters: 4573, time: 0.034) G_GAN: 0.929 G_L1: 0.530 G_SSIM: 0.169 H_L1: 0.180 H_SSIM: 0.346 D_real: 0.023 D_fake: 0.017 att_A: 0.720 L_hall: 0.058 L_inter: 0.000 L_intra: 0.000 L_fsp: 0.717 fsp_3_4: 0.139 fsp_4_5: 0.149 fsp_5_6: 0.202 fsp_6_7: 0.228 
(epoch: 2, iters: 4673, time: 0.034) G_GAN: 0.843 G_L1: 0.563 G_SSIM: 0.282 H_L1: 0.204 H_SSIM: 0.447 D_real: 0.015 D_fake: 0.025 att_A: 0.814 L_hall: 0.066 L_inter: 0.000 L_intra: 0.000 L_fsp: 0.675 fsp_3_4: 0.158 fsp_4_5: 0.162 fsp_5_6: 0.190 fsp_6_7: 0.164 
(epoch: 2, iters: 4773, time: 0.034) G_GAN: 0.746 G_L1: 0.411 G_SSIM: 0.268 H_L1: 0.219 H_SSIM: 0.496 D_real: 0.017 D_fake: 0.033 att_A: 0.852 L_hall: 0.069 L_inter: 0.000 L_intra: 0.000 L_fsp: 0.779 fsp_3_4: 0.132 fsp_4_5: 0.179 fsp_5_6: 0.202 fsp_6_7: 0.266 
(epoch: 2, iters: 4873, time: 0.048) G_GAN: 1.015 G_L1: 0.288 G_SSIM: 0.218 H_L1: 0.250 H_SSIM: 0.585 D_real: 0.012 D_fake: 0.041 att_A: 0.507 L_hall: 0.055 L_inter: 0.000 L_intra: 0.000 L_fsp: 0.580 fsp_3_4: 0.114 fsp_4_5: 0.157 fsp_5_6: 0.190 fsp_6_7: 0.120 
(epoch: 2, iters: 4973, time: 0.034) G_GAN: 1.200 G_L1: 0.458 G_SSIM: 0.270 H_L1: 0.287 H_SSIM: 0.535 D_real: 0.046 D_fake: 0.013 att_A: 0.338 L_hall: 0.051 L_inter: 0.000 L_intra: 0.000 L_fsp: 0.472 fsp_3_4: 0.079 fsp_4_5: 0.114 fsp_5_6: 0.156 fsp_6_7: 0.122 
(epoch: 2, iters: 5073, time: 0.034) G_GAN: 0.343 G_L1: 0.462 G_SSIM: 0.262 H_L1: 0.202 H_SSIM: 0.389 D_real: 0.016 D_fake: 0.195 att_A: 0.374 L_hall: 0.052 L_inter: 0.000 L_intra: 0.000 L_fsp: 0.731 fsp_3_4: 0.191 fsp_4_5: 0.174 fsp_5_6: 0.145 fsp_6_7: 0.220 
(epoch: 2, iters: 5173, time: 0.034) G_GAN: 0.523 G_L1: 0.518 G_SSIM: 0.234 H_L1: 0.192 H_SSIM: 0.472 D_real: 0.041 D_fake: 0.096 att_A: 0.624 L_hall: 0.059 L_inter: 0.000 L_intra: 0.000 L_fsp: 0.754 fsp_3_4: 0.140 fsp_4_5: 0.166 fsp_5_6: 0.150 fsp_6_7: 0.297 
(epoch: 2, iters: 5273, time: 0.034) G_GAN: 0.445 G_L1: 0.424 G_SSIM: 0.169 H_L1: 0.206 H_SSIM: 0.480 D_real: 0.008 D_fake: 0.125 att_A: 0.396 L_hall: 0.055 L_inter: 0.000 L_intra: 0.000 L_fsp: 0.683 fsp_3_4: 0.116 fsp_4_5: 0.160 fsp_5_6: 0.252 fsp_6_7: 0.155 
(epoch: 2, iters: 5373, time: 0.062) G_GAN: 0.138 G_L1: 0.358 G_SSIM: 0.170 H_L1: 0.239 H_SSIM: 0.345 D_real: 0.220 D_fake: 0.431 att_A: 0.349 L_hall: 0.048 L_inter: 0.000 L_intra: 0.000 L_fsp: 0.667 fsp_3_4: 0.154 fsp_4_5: 0.178 fsp_5_6: 0.148 fsp_6_7: 0.187 
(epoch: 2, iters: 5473, time: 0.034) G_GAN: 0.922 G_L1: 0.956 G_SSIM: 0.250 H_L1: 0.191 H_SSIM: 0.423 D_real: 0.029 D_fake: 0.019 att_A: 0.557 L_hall: 0.059 L_inter: 0.000 L_intra: 0.000 L_fsp: 0.822 fsp_3_4: 0.141 fsp_4_5: 0.159 fsp_5_6: 0.311 fsp_6_7: 0.211 
(epoch: 2, iters: 5573, time: 0.035) G_GAN: 0.329 G_L1: 0.246 G_SSIM: 0.149 H_L1: 0.313 H_SSIM: 0.568 D_real: 0.246 D_fake: 0.199 att_A: 0.259 L_hall: 0.057 L_inter: 0.000 L_intra: 0.000 L_fsp: 0.480 fsp_3_4: 0.111 fsp_4_5: 0.165 fsp_5_6: 0.143 fsp_6_7: 0.061 
(epoch: 2, iters: 5673, time: 0.036) G_GAN: 0.050 G_L1: 0.572 G_SSIM: 0.398 H_L1: 0.298 H_SSIM: 0.530 D_real: 0.011 D_fake: 0.017 att_A: 0.326 L_hall: 0.063 L_inter: 0.000 L_intra: 0.000 L_fsp: 0.653 fsp_3_4: 0.156 fsp_4_5: 0.188 fsp_5_6: 0.159 fsp_6_7: 0.151 
(epoch: 2, iters: 5773, time: 0.034) G_GAN: 0.798 G_L1: 0.541 G_SSIM: 0.439 H_L1: 0.229 H_SSIM: 0.553 D_real: 0.021 D_fake: 0.027 att_A: 0.610 L_hall: 0.057 L_inter: 0.000 L_intra: 0.000 L_fsp: 0.822 fsp_3_4: 0.125 fsp_4_5: 0.179 fsp_5_6: 0.273 fsp_6_7: 0.245 
(epoch: 2, iters: 5873, time: 0.054) G_GAN: 0.885 G_L1: 0.417 G_SSIM: 0.240 H_L1: 0.211 H_SSIM: 0.403 D_real: 0.012 D_fake: 0.011 att_A: 0.704 L_hall: 0.058 L_inter: 0.000 L_intra: 0.000 L_fsp: 0.664 fsp_3_4: 0.172 fsp_4_5: 0.177 fsp_5_6: 0.161 fsp_6_7: 0.154 
saving the latest model (epoch 2, total_steps 15000)
(epoch: 2, iters: 5973, time: 0.034) G_GAN: 0.684 G_L1: 0.254 G_SSIM: 0.173 H_L1: 0.266 H_SSIM: 0.585 D_real: 0.008 D_fake: 0.038 att_A: 0.411 L_hall: 0.057 L_inter: 0.000 L_intra: 0.000 L_fsp: 0.729 fsp_3_4: 0.093 fsp_4_5: 0.182 fsp_5_6: 0.228 fsp_6_7: 0.226 
(epoch: 2, iters: 6073, time: 0.034) G_GAN: 1.228 G_L1: 0.435 G_SSIM: 0.286 H_L1: 0.188 H_SSIM: 0.448 D_real: 0.010 D_fake: 0.006 att_A: 0.815 L_hall: 0.059 L_inter: 0.000 L_intra: 0.000 L_fsp: 0.598 fsp_3_4: 0.126 fsp_4_5: 0.198 fsp_5_6: 0.156 fsp_6_7: 0.117 
(epoch: 2, iters: 6173, time: 0.034) G_GAN: 1.310 G_L1: 0.405 G_SSIM: 0.104 H_L1: 0.159 H_SSIM: 0.343 D_real: 0.409 D_fake: 0.037 att_A: 0.634 L_hall: 0.040 L_inter: 0.000 L_intra: 0.000 L_fsp: 0.605 fsp_3_4: 0.132 fsp_4_5: 0.152 fsp_5_6: 0.134 fsp_6_7: 0.188 
(epoch: 2, iters: 6273, time: 0.034) G_GAN: 0.143 G_L1: 0.172 G_SSIM: 0.038 H_L1: 0.081 H_SSIM: 0.150 D_real: 0.086 D_fake: 0.501 att_A: 0.652 L_hall: 0.036 L_inter: 0.000 L_intra: 0.000 L_fsp: 0.512 fsp_3_4: 0.082 fsp_4_5: 0.134 fsp_5_6: 0.127 fsp_6_7: 0.168 
(epoch: 2, iters: 6373, time: 0.058) G_GAN: 0.317 G_L1: 0.409 G_SSIM: 0.156 H_L1: 0.222 H_SSIM: 0.408 D_real: 0.095 D_fake: 0.061 att_A: 0.299 L_hall: 0.050 L_inter: 0.000 L_intra: 0.000 L_fsp: 0.582 fsp_3_4: 0.150 fsp_4_5: 0.139 fsp_5_6: 0.142 fsp_6_7: 0.150 
(epoch: 2, iters: 6473, time: 0.033) G_GAN: 1.223 G_L1: 0.408 G_SSIM: 0.206 H_L1: 0.179 H_SSIM: 0.352 D_real: 0.015 D_fake: 0.189 att_A: 0.908 L_hall: 0.062 L_inter: 0.000 L_intra: 0.000 L_fsp: 0.535 fsp_3_4: 0.109 fsp_4_5: 0.153 fsp_5_6: 0.131 fsp_6_7: 0.142 
(epoch: 2, iters: 6573, time: 0.034) G_GAN: 1.014 G_L1: 0.520 G_SSIM: 0.450 H_L1: 0.292 H_SSIM: 0.618 D_real: 0.022 D_fake: 0.034 att_A: 0.815 L_hall: 0.058 L_inter: 0.000 L_intra: 0.000 L_fsp: 0.650 fsp_3_4: 0.123 fsp_4_5: 0.182 fsp_5_6: 0.216 fsp_6_7: 0.129 
(epoch: 2, iters: 6673, time: 0.034) G_GAN: 1.211 G_L1: 0.331 G_SSIM: 0.289 H_L1: 0.190 H_SSIM: 0.533 D_real: 0.016 D_fake: 0.011 att_A: 0.635 L_hall: 0.056 L_inter: 0.000 L_intra: 0.000 L_fsp: 0.620 fsp_3_4: 0.139 fsp_4_5: 0.149 fsp_5_6: 0.154 fsp_6_7: 0.178 
(epoch: 2, iters: 6773, time: 0.035) G_GAN: 1.017 G_L1: 1.100 G_SSIM: 0.459 H_L1: 0.295 H_SSIM: 0.498 D_real: 0.033 D_fake: 0.014 att_A: 0.958 L_hall: 0.070 L_inter: 0.000 L_intra: 0.000 L_fsp: 0.755 fsp_3_4: 0.167 fsp_4_5: 0.181 fsp_5_6: 0.252 fsp_6_7: 0.155 
(epoch: 2, iters: 6873, time: 0.059) G_GAN: 0.406 G_L1: 0.239 G_SSIM: 0.174 H_L1: 0.259 H_SSIM: 0.512 D_real: 0.036 D_fake: 0.164 att_A: 0.374 L_hall: 0.061 L_inter: 0.000 L_intra: 0.000 L_fsp: 0.807 fsp_3_4: 0.115 fsp_4_5: 0.206 fsp_5_6: 0.232 fsp_6_7: 0.254 
(epoch: 2, iters: 6973, time: 0.033) G_GAN: 0.955 G_L1: 0.428 G_SSIM: 0.279 H_L1: 0.265 H_SSIM: 0.519 D_real: 0.016 D_fake: 0.014 att_A: 0.782 L_hall: 0.063 L_inter: 0.000 L_intra: 0.000 L_fsp: 0.748 fsp_3_4: 0.109 fsp_4_5: 0.171 fsp_5_6: 0.167 fsp_6_7: 0.300 
(epoch: 2, iters: 7073, time: 0.033) G_GAN: 0.830 G_L1: 0.531 G_SSIM: 0.249 H_L1: 0.205 H_SSIM: 0.506 D_real: 0.023 D_fake: 0.024 att_A: 0.395 L_hall: 0.060 L_inter: 0.000 L_intra: 0.000 L_fsp: 0.806 fsp_3_4: 0.162 fsp_4_5: 0.193 fsp_5_6: 0.218 fsp_6_7: 0.234 
(epoch: 2, iters: 7173, time: 0.034) G_GAN: 1.222 G_L1: 0.522 G_SSIM: 0.296 H_L1: 0.189 H_SSIM: 0.423 D_real: 0.040 D_fake: 0.062 att_A: 0.731 L_hall: 0.056 L_inter: 0.000 L_intra: 0.000 L_fsp: 0.682 fsp_3_4: 0.135 fsp_4_5: 0.160 fsp_5_6: 0.179 fsp_6_7: 0.209 
(epoch: 2, iters: 7273, time: 0.034) G_GAN: 1.311 G_L1: 0.653 G_SSIM: 0.411 H_L1: 0.279 H_SSIM: 0.651 D_real: 0.027 D_fake: 0.033 att_A: 0.502 L_hall: 0.056 L_inter: 0.000 L_intra: 0.000 L_fsp: 0.646 fsp_3_4: 0.139 fsp_4_5: 0.153 fsp_5_6: 0.182 fsp_6_7: 0.171 
(epoch: 2, iters: 7373, time: 0.054) G_GAN: 1.000 G_L1: 0.311 G_SSIM: 0.165 H_L1: 0.208 H_SSIM: 0.400 D_real: 0.352 D_fake: 0.035 att_A: 0.759 L_hall: 0.062 L_inter: 0.000 L_intra: 0.000 L_fsp: 0.567 fsp_3_4: 0.121 fsp_4_5: 0.171 fsp_5_6: 0.135 fsp_6_7: 0.140 
(epoch: 2, iters: 7473, time: 0.034) G_GAN: 0.864 G_L1: 0.515 G_SSIM: 0.309 H_L1: 0.267 H_SSIM: 0.654 D_real: 0.015 D_fake: 0.268 att_A: 0.532 L_hall: 0.053 L_inter: 0.000 L_intra: 0.000 L_fsp: 0.551 fsp_3_4: 0.108 fsp_4_5: 0.149 fsp_5_6: 0.171 fsp_6_7: 0.124 
(epoch: 2, iters: 7573, time: 0.035) G_GAN: 1.163 G_L1: 0.454 G_SSIM: 0.398 H_L1: 0.228 H_SSIM: 0.504 D_real: 0.032 D_fake: 0.012 att_A: 0.689 L_hall: 0.055 L_inter: 0.000 L_intra: 0.000 L_fsp: 0.551 fsp_3_4: 0.098 fsp_4_5: 0.163 fsp_5_6: 0.144 fsp_6_7: 0.147 
(epoch: 2, iters: 7673, time: 0.035) G_GAN: 0.705 G_L1: 0.279 G_SSIM: 0.123 H_L1: 0.304 H_SSIM: 0.547 D_real: 0.007 D_fake: 0.014 att_A: 0.388 L_hall: 0.056 L_inter: 0.000 L_intra: 0.000 L_fsp: 0.571 fsp_3_4: 0.108 fsp_4_5: 0.160 fsp_5_6: 0.178 fsp_6_7: 0.126 
(epoch: 2, iters: 7773, time: 0.034) G_GAN: 0.786 G_L1: 0.760 G_SSIM: 0.349 H_L1: 0.239 H_SSIM: 0.445 D_real: 0.020 D_fake: 0.006 att_A: 0.882 L_hall: 0.059 L_inter: 0.000 L_intra: 0.000 L_fsp: 0.676 fsp_3_4: 0.152 fsp_4_5: 0.173 fsp_5_6: 0.200 fsp_6_7: 0.151 
(epoch: 2, iters: 7873, time: 0.052) G_GAN: 0.081 G_L1: 0.181 G_SSIM: 0.064 H_L1: 0.291 H_SSIM: 0.550 D_real: 0.031 D_fake: 0.089 att_A: 0.285 L_hall: 0.059 L_inter: 0.000 L_intra: 0.000 L_fsp: 0.699 fsp_3_4: 0.101 fsp_4_5: 0.137 fsp_5_6: 0.215 fsp_6_7: 0.247 
(epoch: 2, iters: 7973, time: 0.033) G_GAN: 0.969 G_L1: 0.472 G_SSIM: 0.226 H_L1: 0.326 H_SSIM: 0.562 D_real: 0.027 D_fake: 0.018 att_A: 0.521 L_hall: 0.059 L_inter: 0.000 L_intra: 0.000 L_fsp: 0.638 fsp_3_4: 0.094 fsp_4_5: 0.149 fsp_5_6: 0.186 fsp_6_7: 0.209 
(epoch: 2, iters: 8073, time: 0.036) G_GAN: 0.992 G_L1: 0.342 G_SSIM: 0.089 H_L1: 0.119 H_SSIM: 0.110 D_real: 0.074 D_fake: 0.025 att_A: 0.437 L_hall: 0.047 L_inter: 0.000 L_intra: 0.000 L_fsp: 0.918 fsp_3_4: 0.196 fsp_4_5: 0.159 fsp_5_6: 0.224 fsp_6_7: 0.339 
(epoch: 2, iters: 8173, time: 0.033) G_GAN: 1.571 G_L1: 0.691 G_SSIM: 0.233 H_L1: 0.233 H_SSIM: 0.498 D_real: 0.317 D_fake: 0.096 att_A: 0.555 L_hall: 0.051 L_inter: 0.000 L_intra: 0.000 L_fsp: 0.481 fsp_3_4: 0.125 fsp_4_5: 0.140 fsp_5_6: 0.125 fsp_6_7: 0.091 
(epoch: 2, iters: 8273, time: 0.034) G_GAN: 0.247 G_L1: 0.660 G_SSIM: 0.195 H_L1: 0.174 H_SSIM: 0.423 D_real: 0.022 D_fake: 0.018 att_A: 0.435 L_hall: 0.068 L_inter: 0.000 L_intra: 0.000 L_fsp: 0.856 fsp_3_4: 0.154 fsp_4_5: 0.194 fsp_5_6: 0.299 fsp_6_7: 0.209 
(epoch: 2, iters: 8373, time: 0.055) G_GAN: 1.200 G_L1: 0.318 G_SSIM: 0.228 H_L1: 0.276 H_SSIM: 0.461 D_real: 0.080 D_fake: 0.006 att_A: 0.462 L_hall: 0.058 L_inter: 0.000 L_intra: 0.000 L_fsp: 0.581 fsp_3_4: 0.096 fsp_4_5: 0.145 fsp_5_6: 0.150 fsp_6_7: 0.190 
(epoch: 2, iters: 8473, time: 0.034) G_GAN: 0.692 G_L1: 0.404 G_SSIM: 0.119 H_L1: 0.169 H_SSIM: 0.281 D_real: 0.227 D_fake: 0.074 att_A: 0.445 L_hall: 0.043 L_inter: 0.000 L_intra: 0.000 L_fsp: 0.575 fsp_3_4: 0.085 fsp_4_5: 0.131 fsp_5_6: 0.145 fsp_6_7: 0.214 
(epoch: 2, iters: 8573, time: 0.034) G_GAN: 1.315 G_L1: 0.609 G_SSIM: 0.400 H_L1: 0.236 H_SSIM: 0.497 D_real: 0.015 D_fake: 0.010 att_A: 0.714 L_hall: 0.059 L_inter: 0.000 L_intra: 0.000 L_fsp: 0.721 fsp_3_4: 0.150 fsp_4_5: 0.190 fsp_5_6: 0.190 fsp_6_7: 0.191 
(epoch: 2, iters: 8673, time: 0.034) G_GAN: 1.191 G_L1: 0.500 G_SSIM: 0.318 H_L1: 0.242 H_SSIM: 0.465 D_real: 0.146 D_fake: 0.015 att_A: 0.720 L_hall: 0.058 L_inter: 0.000 L_intra: 0.000 L_fsp: 0.582 fsp_3_4: 0.106 fsp_4_5: 0.152 fsp_5_6: 0.154 fsp_6_7: 0.169 
(epoch: 2, iters: 8773, time: 0.035) G_GAN: 0.587 G_L1: 0.311 G_SSIM: 0.177 H_L1: 0.174 H_SSIM: 0.410 D_real: 0.144 D_fake: 0.009 att_A: 0.508 L_hall: 0.056 L_inter: 0.000 L_intra: 0.000 L_fsp: 0.657 fsp_3_4: 0.138 fsp_4_5: 0.164 fsp_5_6: 0.190 fsp_6_7: 0.165 
(epoch: 2, iters: 8873, time: 0.055) G_GAN: 0.248 G_L1: 0.092 G_SSIM: 0.015 H_L1: 0.104 H_SSIM: 0.087 D_real: 0.111 D_fake: 0.276 att_A: 0.425 L_hall: 0.055 L_inter: 0.000 L_intra: 0.000 L_fsp: 0.602 fsp_3_4: 0.083 fsp_4_5: 0.154 fsp_5_6: 0.223 fsp_6_7: 0.142 
(epoch: 2, iters: 8973, time: 0.035) G_GAN: 1.044 G_L1: 0.495 G_SSIM: 0.146 H_L1: 0.354 H_SSIM: 0.594 D_real: 0.067 D_fake: 0.035 att_A: 0.385 L_hall: 0.054 L_inter: 0.000 L_intra: 0.000 L_fsp: 0.676 fsp_3_4: 0.123 fsp_4_5: 0.153 fsp_5_6: 0.214 fsp_6_7: 0.185 
(epoch: 2, iters: 9073, time: 0.035) G_GAN: 0.828 G_L1: 0.525 G_SSIM: 0.014 H_L1: 0.190 H_SSIM: 0.102 D_real: 0.029 D_fake: 0.018 att_A: 0.473 L_hall: 0.053 L_inter: 0.000 L_intra: 0.000 L_fsp: 1.046 fsp_3_4: 0.245 fsp_4_5: 0.201 fsp_5_6: 0.267 fsp_6_7: 0.334 
epoch 2  fsp_3_4:0.134515  fsp_3_4_degen:0.000000  fsp_4_5:0.173350  fsp_4_5_degen:0.000000  fsp_5_6:0.191836  fsp_5_6_degen:0.000000  fsp_6_7:0.187432  fsp_6_7_degen:0.000000
End of epoch 2 / 30 	 Time Taken: 476 sec
learning rate = 0.0002000
(epoch: 3, iters: 46, time: 0.035) G_GAN: 0.970 G_L1: 0.655 G_SSIM: 0.660 H_L1: 0.245 H_SSIM: 0.640 D_real: 0.021 D_fake: 0.126 att_A: 0.544 L_hall: 0.054 L_inter: 0.000 L_intra: 0.000 L_fsp: 0.534 fsp_3_4: 0.133 fsp_4_5: 0.161 fsp_5_6: 0.168 fsp_6_7: 0.072 
(epoch: 3, iters: 146, time: 0.034) G_GAN: 1.513 G_L1: 0.062 G_SSIM: 0.002 H_L1: 0.060 H_SSIM: 0.121 D_real: 0.368 D_fake: 0.075 att_A: 0.797 L_hall: 0.047 L_inter: 0.000 L_intra: 0.000 L_fsp: 0.563 fsp_3_4: 0.124 fsp_4_5: 0.136 fsp_5_6: 0.209 fsp_6_7: 0.094 
(epoch: 3, iters: 246, time: 0.070) G_GAN: 1.158 G_L1: 0.583 G_SSIM: 0.230 H_L1: 0.165 H_SSIM: 0.413 D_real: 0.044 D_fake: 0.023 att_A: 0.731 L_hall: 0.058 L_inter: 0.000 L_intra: 0.000 L_fsp: 0.713 fsp_3_4: 0.159 fsp_4_5: 0.181 fsp_5_6: 0.230 fsp_6_7: 0.143 
(epoch: 3, iters: 346, time: 0.034) G_GAN: 0.411 G_L1: 0.633 G_SSIM: 0.225 H_L1: 0.225 H_SSIM: 0.421 D_real: 0.016 D_fake: 0.008 att_A: 0.435 L_hall: 0.060 L_inter: 0.000 L_intra: 0.000 L_fsp: 0.635 fsp_3_4: 0.132 fsp_4_5: 0.177 fsp_5_6: 0.215 fsp_6_7: 0.110 
(epoch: 3, iters: 446, time: 0.034) G_GAN: 1.310 G_L1: 0.415 G_SSIM: 0.238 H_L1: 0.206 H_SSIM: 0.498 D_real: 0.023 D_fake: 0.031 att_A: 0.547 L_hall: 0.055 L_inter: 0.000 L_intra: 0.000 L_fsp: 0.656 fsp_3_4: 0.153 fsp_4_5: 0.141 fsp_5_6: 0.193 fsp_6_7: 0.169 
(epoch: 3, iters: 546, time: 0.034) G_GAN: 0.317 G_L1: 0.151 G_SSIM: 0.022 H_L1: 0.071 H_SSIM: 0.216 D_real: 0.070 D_fake: 0.526 att_A: 0.557 L_hall: 0.059 L_inter: 0.000 L_intra: 0.000 L_fsp: 0.681 fsp_3_4: 0.115 fsp_4_5: 0.146 fsp_5_6: 0.246 fsp_6_7: 0.174 
(epoch: 3, iters: 646, time: 0.034) G_GAN: 1.252 G_L1: 0.590 G_SSIM: 0.376 H_L1: 0.242 H_SSIM: 0.498 D_real: 0.008 D_fake: 0.022 att_A: 0.793 L_hall: 0.056 L_inter: 0.000 L_intra: 0.000 L_fsp: 0.694 fsp_3_4: 0.103 fsp_4_5: 0.142 fsp_5_6: 0.267 fsp_6_7: 0.182 
(epoch: 3, iters: 746, time: 0.075) G_GAN: 0.648 G_L1: 0.382 G_SSIM: 0.312 H_L1: 0.263 H_SSIM: 0.601 D_real: 0.004 D_fake: 0.037 att_A: 0.510 L_hall: 0.059 L_inter: 0.000 L_intra: 0.000 L_fsp: 0.682 fsp_3_4: 0.111 fsp_4_5: 0.184 fsp_5_6: 0.253 fsp_6_7: 0.133 
(epoch: 3, iters: 846, time: 0.035) G_GAN: 0.717 G_L1: 0.364 G_SSIM: 0.152 H_L1: 0.286 H_SSIM: 0.470 D_real: 0.029 D_fake: 0.027 att_A: 0.527 L_hall: 0.059 L_inter: 0.000 L_intra: 0.000 L_fsp: 0.525 fsp_3_4: 0.097 fsp_4_5: 0.141 fsp_5_6: 0.190 fsp_6_7: 0.097 
(epoch: 3, iters: 946, time: 0.034) G_GAN: 0.963 G_L1: 0.601 G_SSIM: 0.276 H_L1: 0.275 H_SSIM: 0.506 D_real: 0.008 D_fake: 0.005 att_A: 0.546 L_hall: 0.053 L_inter: 0.000 L_intra: 0.000 L_fsp: 0.639 fsp_3_4: 0.086 fsp_4_5: 0.146 fsp_5_6: 0.174 fsp_6_7: 0.233 
(epoch: 3, iters: 1046, time: 0.034) G_GAN: 0.664 G_L1: 0.270 G_SSIM: 0.133 H_L1: 0.292 H_SSIM: 0.513 D_real: 0.005 D_fake: 0.042 att_A: 0.527 L_hall: 0.052 L_inter: 0.000 L_intra: 0.000 L_fsp: 0.460 fsp_3_4: 0.135 fsp_4_5: 0.131 fsp_5_6: 0.127 fsp_6_7: 0.067 
(epoch: 3, iters: 1146, time: 0.033) G_GAN: 0.801 G_L1: 0.336 G_SSIM: 0.099 H_L1: 0.269 H_SSIM: 0.515 D_real: 0.018 D_fake: 0.021 att_A: 0.507 L_hall: 0.059 L_inter: 0.000 L_intra: 0.000 L_fsp: 0.775 fsp_3_4: 0.118 fsp_4_5: 0.183 fsp_5_6: 0.178 fsp_6_7: 0.296 
(epoch: 3, iters: 1246, time: 0.071) G_GAN: 0.989 G_L1: 0.495 G_SSIM: 0.178 H_L1: 0.185 H_SSIM: 0.320 D_real: 0.035 D_fake: 0.065 att_A: 0.704 L_hall: 0.058 L_inter: 0.000 L_intra: 0.000 L_fsp: 0.579 fsp_3_4: 0.110 fsp_4_5: 0.174 fsp_5_6: 0.206 fsp_6_7: 0.088 
(epoch: 3, iters: 1346, time: 0.033) G_GAN: 0.958 G_L1: 0.351 G_SSIM: 0.309 H_L1: 0.216 H_SSIM: 0.575 D_real: 0.015 D_fake: 0.010 att_A: 0.574 L_hall: 0.051 L_inter: 0.000 L_intra: 0.000 L_fsp: 0.613 fsp_3_4: 0.121 fsp_4_5: 0.170 fsp_5_6: 0.153 fsp_6_7: 0.170 
(epoch: 3, iters: 1446, time: 0.034) G_GAN: 0.930 G_L1: 0.332 G_SSIM: 0.286 H_L1: 0.252 H_SSIM: 0.505 D_real: 0.008 D_fake: 0.011 att_A: 0.513 L_hall: 0.058 L_inter: 0.000 L_intra: 0.000 L_fsp: 0.703 fsp_3_4: 0.095 fsp_4_5: 0.148 fsp_5_6: 0.220 fsp_6_7: 0.240 
(epoch: 3, iters: 1546, time: 0.034) G_GAN: 1.021 G_L1: 0.364 G_SSIM: 0.244 H_L1: 0.250 H_SSIM: 0.513 D_real: 0.041 D_fake: 0.128 att_A: 0.434 L_hall: 0.055 L_inter: 0.000 L_intra: 0.000 L_fsp: 0.875 fsp_3_4: 0.157 fsp_4_5: 0.250 fsp_5_6: 0.210 fsp_6_7: 0.257 
(epoch: 3, iters: 1646, time: 0.034) G_GAN: 1.174 G_L1: 0.244 G_SSIM: 0.172 H_L1: 0.273 H_SSIM: 0.579 D_real: 0.029 D_fake: 0.013 att_A: 0.420 L_hall: 0.055 L_inter: 0.000 L_intra: 0.000 L_fsp: 0.781 fsp_3_4: 0.104 fsp_4_5: 0.189 fsp_5_6: 0.246 fsp_6_7: 0.242 
(epoch: 3, iters: 1746, time: 0.054) G_GAN: 1.324 G_L1: 0.371 G_SSIM: 0.302 H_L1: 0.212 H_SSIM: 0.475 D_real: 0.143 D_fake: 0.025 att_A: 0.706 L_hall: 0.059 L_inter: 0.000 L_intra: 0.000 L_fsp: 0.874 fsp_3_4: 0.144 fsp_4_5: 0.179 fsp_5_6: 0.186 fsp_6_7: 0.364 
saving the latest model (epoch 3, total_steps 20000)
(epoch: 3, iters: 1846, time: 0.034) G_GAN: 0.890 G_L1: 0.457 G_SSIM: 0.340 H_L1: 0.208 H_SSIM: 0.575 D_real: 0.021 D_fake: 0.040 att_A: 0.649 L_hall: 0.055 L_inter: 0.000 L_intra: 0.000 L_fsp: 0.525 fsp_3_4: 0.091 fsp_4_5: 0.156 fsp_5_6: 0.149 fsp_6_7: 0.129 
(epoch: 3, iters: 1946, time: 0.035) G_GAN: 0.661 G_L1: 0.266 G_SSIM: 0.165 H_L1: 0.289 H_SSIM: 0.555 D_real: 0.019 D_fake: 0.050 att_A: 0.541 L_hall: 0.057 L_inter: 0.000 L_intra: 0.000 L_fsp: 0.562 fsp_3_4: 0.138 fsp_4_5: 0.165 fsp_5_6: 0.139 fsp_6_7: 0.119 
(epoch: 3, iters: 2046, time: 0.034) G_GAN: 1.072 G_L1: 0.535 G_SSIM: 0.352 H_L1: 0.276 H_SSIM: 0.551 D_real: 0.007 D_fake: 0.007 att_A: 0.657 L_hall: 0.060 L_inter: 0.000 L_intra: 0.000 L_fsp: 0.907 fsp_3_4: 0.124 fsp_4_5: 0.195 fsp_5_6: 0.298 fsp_6_7: 0.290 
(epoch: 3, iters: 2146, time: 0.035) G_GAN: 1.043 G_L1: 0.302 G_SSIM: 0.230 H_L1: 0.261 H_SSIM: 0.514 D_real: 0.070 D_fake: 0.052 att_A: 0.466 L_hall: 0.055 L_inter: 0.000 L_intra: 0.000 L_fsp: 0.533 fsp_3_4: 0.108 fsp_4_5: 0.167 fsp_5_6: 0.192 fsp_6_7: 0.066 
(epoch: 3, iters: 2246, time: 0.064) G_GAN: 0.946 G_L1: 0.320 G_SSIM: 0.236 H_L1: 0.255 H_SSIM: 0.487 D_real: 0.012 D_fake: 0.048 att_A: 0.376 L_hall: 0.059 L_inter: 0.000 L_intra: 0.000 L_fsp: 0.690 fsp_3_4: 0.136 fsp_4_5: 0.190 fsp_5_6: 0.180 fsp_6_7: 0.184 
(epoch: 3, iters: 2346, time: 0.034) G_GAN: 0.253 G_L1: 0.252 G_SSIM: 0.096 H_L1: 0.297 H_SSIM: 0.585 D_real: 0.091 D_fake: 0.291 att_A: 0.262 L_hall: 0.051 L_inter: 0.000 L_intra: 0.000 L_fsp: 0.541 fsp_3_4: 0.122 fsp_4_5: 0.175 fsp_5_6: 0.155 fsp_6_7: 0.088 
(epoch: 3, iters: 2446, time: 0.034) G_GAN: 1.212 G_L1: 0.477 G_SSIM: 0.289 H_L1: 0.277 H_SSIM: 0.531 D_real: 0.073 D_fake: 0.036 att_A: 0.634 L_hall: 0.061 L_inter: 0.000 L_intra: 0.000 L_fsp: 0.608 fsp_3_4: 0.151 fsp_4_5: 0.162 fsp_5_6: 0.243 fsp_6_7: 0.052 
(epoch: 3, iters: 2546, time: 0.034) G_GAN: 0.886 G_L1: 0.270 G_SSIM: 0.116 H_L1: 0.311 H_SSIM: 0.551 D_real: 0.051 D_fake: 0.012 att_A: 0.372 L_hall: 0.050 L_inter: 0.000 L_intra: 0.000 L_fsp: 0.583 fsp_3_4: 0.089 fsp_4_5: 0.157 fsp_5_6: 0.175 fsp_6_7: 0.162 
(epoch: 3, iters: 2646, time: 0.033) G_GAN: 0.579 G_L1: 0.378 G_SSIM: 0.134 H_L1: 0.192 H_SSIM: 0.420 D_real: 0.093 D_fake: 0.093 att_A: 0.479 L_hall: 0.047 L_inter: 0.000 L_intra: 0.000 L_fsp: 0.623 fsp_3_4: 0.129 fsp_4_5: 0.184 fsp_5_6: 0.164 fsp_6_7: 0.146 
(epoch: 3, iters: 2746, time: 0.050) G_GAN: 0.881 G_L1: 0.730 G_SSIM: 0.422 H_L1: 0.251 H_SSIM: 0.458 D_real: 0.012 D_fake: 0.023 att_A: 0.941 L_hall: 0.068 L_inter: 0.000 L_intra: 0.000 L_fsp: 0.746 fsp_3_4: 0.144 fsp_4_5: 0.168 fsp_5_6: 0.255 fsp_6_7: 0.179 
(epoch: 3, iters: 2846, time: 0.034) G_GAN: 1.049 G_L1: 0.437 G_SSIM: 0.237 H_L1: 0.238 H_SSIM: 0.502 D_real: 0.034 D_fake: 0.013 att_A: 0.569 L_hall: 0.050 L_inter: 0.000 L_intra: 0.000 L_fsp: 0.568 fsp_3_4: 0.100 fsp_4_5: 0.137 fsp_5_6: 0.166 fsp_6_7: 0.166 
(epoch: 3, iters: 2946, time: 0.034) G_GAN: 1.441 G_L1: 0.445 G_SSIM: 0.331 H_L1: 0.253 H_SSIM: 0.544 D_real: 0.034 D_fake: 0.079 att_A: 0.628 L_hall: 0.059 L_inter: 0.000 L_intra: 0.000 L_fsp: 0.728 fsp_3_4: 0.110 fsp_4_5: 0.164 fsp_5_6: 0.277 fsp_6_7: 0.177 
(epoch: 3, iters: 3046, time: 0.034) G_GAN: 0.992 G_L1: 0.732 G_SSIM: 0.406 H_L1: 0.221 H_SSIM: 0.505 D_real: 0.012 D_fake: 0.008 att_A: 0.801 L_hall: 0.063 L_inter: 0.000 L_intra: 0.000 L_fsp: 0.815 fsp_3_4: 0.117 fsp_4_5: 0.175 fsp_5_6: 0.187 fsp_6_7: 0.336 
(epoch: 3, iters: 3146, time: 0.034) G_GAN: 0.455 G_L1: 0.175 G_SSIM: 0.064 H_L1: 0.112 H_SSIM: 0.220 D_real: 0.076 D_fake: 0.114 att_A: 0.475 L_hall: 0.033 L_inter: 0.000 L_intra: 0.000 L_fsp: 0.473 fsp_3_4: 0.084 fsp_4_5: 0.150 fsp_5_6: 0.102 fsp_6_7: 0.138 
(epoch: 3, iters: 3246, time: 0.076) G_GAN: 0.085 G_L1: 1.112 G_SSIM: 0.381 H_L1: 0.312 H_SSIM: 0.511 D_real: 0.013 D_fake: 0.068 att_A: 0.468 L_hall: 0.059 L_inter: 0.000 L_intra: 0.000 L_fsp: 0.602 fsp_3_4: 0.154 fsp_4_5: 0.155 fsp_5_6: 0.167 fsp_6_7: 0.126 
(epoch: 3, iters: 3346, time: 0.035) G_GAN: 0.921 G_L1: 0.390 G_SSIM: 0.259 H_L1: 0.184 H_SSIM: 0.412 D_real: 0.032 D_fake: 0.026 att_A: 0.805 L_hall: 0.056 L_inter: 0.000 L_intra: 0.000 L_fsp: 0.681 fsp_3_4: 0.103 fsp_4_5: 0.225 fsp_5_6: 0.152 fsp_6_7: 0.200 
(epoch: 3, iters: 3446, time: 0.034) G_GAN: 1.005 G_L1: 0.355 G_SSIM: 0.237 H_L1: 0.266 H_SSIM: 0.458 D_real: 0.009 D_fake: 0.008 att_A: 0.476 L_hall: 0.054 L_inter: 0.000 L_intra: 0.000 L_fsp: 0.525 fsp_3_4: 0.119 fsp_4_5: 0.147 fsp_5_6: 0.152 fsp_6_7: 0.106 
(epoch: 3, iters: 3546, time: 0.034) G_GAN: 0.747 G_L1: 0.309 G_SSIM: 0.171 H_L1: 0.244 H_SSIM: 0.542 D_real: 0.010 D_fake: 0.012 att_A: 0.429 L_hall: 0.051 L_inter: 0.000 L_intra: 0.000 L_fsp: 0.542 fsp_3_4: 0.096 fsp_4_5: 0.207 fsp_5_6: 0.144 fsp_6_7: 0.095 
(epoch: 3, iters: 3646, time: 0.034) G_GAN: 0.956 G_L1: 0.497 G_SSIM: 0.252 H_L1: 0.241 H_SSIM: 0.470 D_real: 0.136 D_fake: 0.017 att_A: 0.733 L_hall: 0.062 L_inter: 0.000 L_intra: 0.000 L_fsp: 0.625 fsp_3_4: 0.166 fsp_4_5: 0.145 fsp_5_6: 0.169 fsp_6_7: 0.146 
(epoch: 3, iters: 3746, time: 0.077) G_GAN: 0.924 G_L1: 0.352 G_SSIM: 0.214 H_L1: 0.175 H_SSIM: 0.356 D_real: 0.014 D_fake: 0.005 att_A: 0.873 L_hall: 0.063 L_inter: 0.000 L_intra: 0.000 L_fsp: 0.753 fsp_3_4: 0.173 fsp_4_5: 0.218 fsp_5_6: 0.234 fsp_6_7: 0.128 
(epoch: 3, iters: 3846, time: 0.034) G_GAN: 0.875 G_L1: 0.393 G_SSIM: 0.253 H_L1: 0.228 H_SSIM: 0.496 D_real: 0.026 D_fake: 0.012 att_A: 0.540 L_hall: 0.051 L_inter: 0.000 L_intra: 0.000 L_fsp: 0.537 fsp_3_4: 0.115 fsp_4_5: 0.155 fsp_5_6: 0.145 fsp_6_7: 0.122 
(epoch: 3, iters: 3946, time: 0.033) G_GAN: 0.280 G_L1: 0.867 G_SSIM: 0.173 H_L1: 0.138 H_SSIM: 0.389 D_real: 0.009 D_fake: 0.233 att_A: 0.525 L_hall: 0.066 L_inter: 0.000 L_intra: 0.000 L_fsp: 0.847 fsp_3_4: 0.149 fsp_4_5: 0.171 fsp_5_6: 0.263 fsp_6_7: 0.265 
(epoch: 3, iters: 4046, time: 0.034) G_GAN: 0.966 G_L1: 0.331 G_SSIM: 0.199 H_L1: 0.234 H_SSIM: 0.519 D_real: 0.047 D_fake: 0.314 att_A: 0.713 L_hall: 0.060 L_inter: 0.000 L_intra: 0.000 L_fsp: 0.661 fsp_3_4: 0.124 fsp_4_5: 0.171 fsp_5_6: 0.142 fsp_6_7: 0.225 
(epoch: 3, iters: 4146, time: 0.034) G_GAN: 0.846 G_L1: 0.327 G_SSIM: 0.184 H_L1: 0.311 H_SSIM: 0.504 D_real: 0.008 D_fake: 0.015 att_A: 0.538 L_hall: 0.054 L_inter: 0.000 L_intra: 0.000 L_fsp: 0.584 fsp_3_4: 0.114 fsp_4_5: 0.194 fsp_5_6: 0.138 fsp_6_7: 0.138 
(epoch: 3, iters: 4246, time: 0.065) G_GAN: 1.317 G_L1: 0.103 G_SSIM: 0.042 H_L1: 0.086 H_SSIM: 0.080 D_real: 0.130 D_fake: 0.041 att_A: 0.691 L_hall: 0.057 L_inter: 0.000 L_intra: 0.000 L_fsp: 0.783 fsp_3_4: 0.112 fsp_4_5: 0.196 fsp_5_6: 0.202 fsp_6_7: 0.273 
(epoch: 3, iters: 4346, time: 0.034) G_GAN: 1.098 G_L1: 0.496 G_SSIM: 0.236 H_L1: 0.223 H_SSIM: 0.489 D_real: 0.018 D_fake: 0.013 att_A: 0.458 L_hall: 0.053 L_inter: 0.000 L_intra: 0.000 L_fsp: 0.506 fsp_3_4: 0.126 fsp_4_5: 0.182 fsp_5_6: 0.122 fsp_6_7: 0.076 
(epoch: 3, iters: 4446, time: 0.033) G_GAN: 1.110 G_L1: 0.312 G_SSIM: 0.230 H_L1: 0.260 H_SSIM: 0.489 D_real: 0.007 D_fake: 0.007 att_A: 0.365 L_hall: 0.056 L_inter: 0.000 L_intra: 0.000 L_fsp: 0.538 fsp_3_4: 0.165 fsp_4_5: 0.157 fsp_5_6: 0.140 fsp_6_7: 0.076 
(epoch: 3, iters: 4546, time: 0.033) G_GAN: 0.888 G_L1: 0.139 G_SSIM: 0.033 H_L1: 0.127 H_SSIM: 0.108 D_real: 0.036 D_fake: 0.028 att_A: 0.592 L_hall: 0.056 L_inter: 0.000 L_intra: 0.000 L_fsp: 0.625 fsp_3_4: 0.089 fsp_4_5: 0.139 fsp_5_6: 0.219 fsp_6_7: 0.179 
(epoch: 3, iters: 4646, time: 0.034) G_GAN: 0.904 G_L1: 0.656 G_SSIM: 0.226 H_L1: 0.259 H_SSIM: 0.432 D_real: 0.018 D_fake: 0.014 att_A: 0.584 L_hall: 0.056 L_inter: 0.000 L_intra: 0.000 L_fsp: 0.734 fsp_3_4: 0.129 fsp_4_5: 0.146 fsp_5_6: 0.290 fsp_6_7: 0.169 
(epoch: 3, iters: 4746, time: 0.056) G_GAN: 0.964 G_L1: 0.580 G_SSIM: 0.283 H_L1: 0.192 H_SSIM: 0.347 D_real: 0.014 D_fake: 0.685 att_A: 0.937 L_hall: 0.065 L_inter: 0.000 L_intra: 0.000 L_fsp: 0.906 fsp_3_4: 0.242 fsp_4_5: 0.215 fsp_5_6: 0.193 fsp_6_7: 0.256 
(epoch: 3, iters: 4846, time: 0.034) G_GAN: 0.905 G_L1: 0.536 G_SSIM: 0.448 H_L1: 0.230 H_SSIM: 0.539 D_real: 0.014 D_fake: 0.735 att_A: 0.673 L_hall: 0.059 L_inter: 0.000 L_intra: 0.000 L_fsp: 0.614 fsp_3_4: 0.137 fsp_4_5: 0.224 fsp_5_6: 0.158 fsp_6_7: 0.095 
(epoch: 3, iters: 4946, time: 0.035) G_GAN: 0.517 G_L1: 0.465 G_SSIM: 0.188 H_L1: 0.165 H_SSIM: 0.422 D_real: 0.008 D_fake: 0.086 att_A: 0.480 L_hall: 0.065 L_inter: 0.000 L_intra: 0.000 L_fsp: 0.789 fsp_3_4: 0.147 fsp_4_5: 0.193 fsp_5_6: 0.278 fsp_6_7: 0.171 
(epoch: 3, iters: 5046, time: 0.034) G_GAN: 0.867 G_L1: 0.573 G_SSIM: 0.234 H_L1: 0.184 H_SSIM: 0.447 D_real: 0.011 D_fake: 0.047 att_A: 0.603 L_hall: 0.057 L_inter: 0.000 L_intra: 0.000 L_fsp: 0.687 fsp_3_4: 0.150 fsp_4_5: 0.204 fsp_5_6: 0.173 fsp_6_7: 0.160 
(epoch: 3, iters: 5146, time: 0.033) G_GAN: 0.186 G_L1: 0.192 G_SSIM: 0.075 H_L1: 0.284 H_SSIM: 0.584 D_real: 0.117 D_fake: 0.348 att_A: 0.272 L_hall: 0.052 L_inter: 0.000 L_intra: 0.000 L_fsp: 0.530 fsp_3_4: 0.118 fsp_4_5: 0.166 fsp_5_6: 0.156 fsp_6_7: 0.089 
(epoch: 3, iters: 5246, time: 0.050) G_GAN: 0.227 G_L1: 0.197 G_SSIM: 0.073 H_L1: 0.303 H_SSIM: 0.550 D_real: 0.087 D_fake: 0.010 att_A: 0.269 L_hall: 0.052 L_inter: 0.000 L_intra: 0.000 L_fsp: 0.512 fsp_3_4: 0.116 fsp_4_5: 0.174 fsp_5_6: 0.125 fsp_6_7: 0.097 
(epoch: 3, iters: 5346, time: 0.034) G_GAN: 0.820 G_L1: 0.155 G_SSIM: 0.011 H_L1: 0.076 H_SSIM: 0.065 D_real: 0.045 D_fake: 0.031 att_A: 0.569 L_hall: 0.054 L_inter: 0.000 L_intra: 0.000 L_fsp: 0.709 fsp_3_4: 0.094 fsp_4_5: 0.160 fsp_5_6: 0.251 fsp_6_7: 0.205 
(epoch: 3, iters: 5446, time: 0.034) G_GAN: 0.331 G_L1: 0.445 G_SSIM: 0.265 H_L1: 0.285 H_SSIM: 0.575 D_real: 0.035 D_fake: 0.028 att_A: 0.487 L_hall: 0.055 L_inter: 0.000 L_intra: 0.000 L_fsp: 0.693 fsp_3_4: 0.116 fsp_4_5: 0.131 fsp_5_6: 0.220 fsp_6_7: 0.226 
(epoch: 3, iters: 5546, time: 0.034) G_GAN: 0.102 G_L1: 0.377 G_SSIM: 0.228 H_L1: 0.248 H_SSIM: 0.363 D_real: 0.092 D_fake: 0.496 att_A: 0.401 L_hall: 0.047 L_inter: 0.000 L_intra: 0.000 L_fsp: 0.502 fsp_3_4: 0.090 fsp_4_5: 0.140 fsp_5_6: 0.178 fsp_6_7: 0.095 
(epoch: 3, iters: 5646, time: 0.035) G_GAN: 0.105 G_L1: 0.286 G_SSIM: 0.057 H_L1: 0.202 H_SSIM: 0.153 D_real: 0.055 D_fake: 0.550 att_A: 0.462 L_hall: 0.036 L_inter: 0.000 L_intra: 0.000 L_fsp: 0.479 fsp_3_4: 0.136 fsp_4_5: 0.157 fsp_5_6: 0.136 fsp_6_7: 0.051 
(epoch: 3, iters: 5746, time: 0.078) G_GAN: 0.899 G_L1: 0.110 G_SSIM: 0.009 H_L1: 0.089 H_SSIM: 0.052 D_real: 0.053 D_fake: 0.020 att_A: 0.337 L_hall: 0.053 L_inter: 0.000 L_intra: 0.000 L_fsp: 0.769 fsp_3_4: 0.088 fsp_4_5: 0.162 fsp_5_6: 0.266 fsp_6_7: 0.252 
(epoch: 3, iters: 5846, time: 0.033) G_GAN: 0.282 G_L1: 0.379 G_SSIM: 0.246 H_L1: 0.242 H_SSIM: 0.411 D_real: 0.167 D_fake: 0.235 att_A: 0.477 L_hall: 0.050 L_inter: 0.000 L_intra: 0.000 L_fsp: 0.419 fsp_3_4: 0.080 fsp_4_5: 0.119 fsp_5_6: 0.121 fsp_6_7: 0.099 
(epoch: 3, iters: 5946, time: 0.035) G_GAN: 0.242 G_L1: 0.315 G_SSIM: 0.224 H_L1: 0.279 H_SSIM: 0.479 D_real: 0.020 D_fake: 0.435 att_A: 0.384 L_hall: 0.050 L_inter: 0.000 L_intra: 0.000 L_fsp: 0.516 fsp_3_4: 0.106 fsp_4_5: 0.167 fsp_5_6: 0.189 fsp_6_7: 0.054 
(epoch: 3, iters: 6046, time: 0.034) G_GAN: 0.877 G_L1: 0.390 G_SSIM: 0.289 H_L1: 0.223 H_SSIM: 0.620 D_real: 0.017 D_fake: 0.017 att_A: 0.532 L_hall: 0.056 L_inter: 0.000 L_intra: 0.000 L_fsp: 0.874 fsp_3_4: 0.097 fsp_4_5: 0.192 fsp_5_6: 0.255 fsp_6_7: 0.331 
(epoch: 3, iters: 6146, time: 0.033) G_GAN: 0.501 G_L1: 0.139 G_SSIM: 0.039 H_L1: 0.142 H_SSIM: 0.120 D_real: 0.018 D_fake: 0.073 att_A: 0.587 L_hall: 0.058 L_inter: 0.000 L_intra: 0.000 L_fsp: 0.821 fsp_3_4: 0.096 fsp_4_5: 0.150 fsp_5_6: 0.242 fsp_6_7: 0.332 
(epoch: 3, iters: 6246, time: 0.057) G_GAN: 0.848 G_L1: 0.664 G_SSIM: 0.295 H_L1: 0.269 H_SSIM: 0.356 D_real: 0.062 D_fake: 0.035 att_A: 0.766 L_hall: 0.060 L_inter: 0.000 L_intra: 0.000 L_fsp: 0.692 fsp_3_4: 0.178 fsp_4_5: 0.177 fsp_5_6: 0.212 fsp_6_7: 0.124 
(epoch: 3, iters: 6346, time: 0.034) G_GAN: 1.023 G_L1: 0.588 G_SSIM: 0.504 H_L1: 0.248 H_SSIM: 0.574 D_real: 0.009 D_fake: 0.486 att_A: 0.559 L_hall: 0.049 L_inter: 0.000 L_intra: 0.000 L_fsp: 0.654 fsp_3_4: 0.090 fsp_4_5: 0.134 fsp_5_6: 0.226 fsp_6_7: 0.205 
(epoch: 3, iters: 6446, time: 0.034) G_GAN: 0.382 G_L1: 0.316 G_SSIM: 0.208 H_L1: 0.260 H_SSIM: 0.441 D_real: 0.075 D_fake: 0.041 att_A: 0.402 L_hall: 0.044 L_inter: 0.000 L_intra: 0.000 L_fsp: 0.500 fsp_3_4: 0.088 fsp_4_5: 0.138 fsp_5_6: 0.158 fsp_6_7: 0.116 
(epoch: 3, iters: 6546, time: 0.033) G_GAN: 0.911 G_L1: 0.290 G_SSIM: 0.167 H_L1: 0.303 H_SSIM: 0.530 D_real: 0.483 D_fake: 0.012 att_A: 0.358 L_hall: 0.052 L_inter: 0.000 L_intra: 0.000 L_fsp: 0.490 fsp_3_4: 0.090 fsp_4_5: 0.123 fsp_5_6: 0.147 fsp_6_7: 0.130 
(epoch: 3, iters: 6646, time: 0.034) G_GAN: 1.065 G_L1: 0.306 G_SSIM: 0.236 H_L1: 0.196 H_SSIM: 0.461 D_real: 0.155 D_fake: 0.011 att_A: 0.634 L_hall: 0.058 L_inter: 0.000 L_intra: 0.000 L_fsp: 0.755 fsp_3_4: 0.135 fsp_4_5: 0.158 fsp_5_6: 0.206 fsp_6_7: 0.255 
(epoch: 3, iters: 6746, time: 0.059) G_GAN: 1.014 G_L1: 0.388 G_SSIM: 0.309 H_L1: 0.296 H_SSIM: 0.531 D_real: 0.012 D_fake: 0.008 att_A: 0.637 L_hall: 0.064 L_inter: 0.000 L_intra: 0.000 L_fsp: 0.782 fsp_3_4: 0.120 fsp_4_5: 0.186 fsp_5_6: 0.255 fsp_6_7: 0.220 
saving the latest model (epoch 3, total_steps 25000)
(epoch: 3, iters: 6846, time: 0.034) G_GAN: 0.962 G_L1: 0.342 G_SSIM: 0.144 H_L1: 0.244 H_SSIM: 0.490 D_real: 0.028 D_fake: 0.017 att_A: 0.562 L_hall: 0.060 L_inter: 0.000 L_intra: 0.000 L_fsp: 0.545 fsp_3_4: 0.121 fsp_4_5: 0.163 fsp_5_6: 0.142 fsp_6_7: 0.120 
(epoch: 3, iters: 6946, time: 0.034) G_GAN: 1.229 G_L1: 0.513 G_SSIM: 0.234 H_L1: 0.218 H_SSIM: 0.500 D_real: 0.042 D_fake: 0.024 att_A: 0.600 L_hall: 0.049 L_inter: 0.000 L_intra: 0.000 L_fsp: 0.662 fsp_3_4: 0.105 fsp_4_5: 0.148 fsp_5_6: 0.167 fsp_6_7: 0.243 
(epoch: 3, iters: 7046, time: 0.034) G_GAN: 1.049 G_L1: 0.307 G_SSIM: 0.223 H_L1: 0.230 H_SSIM: 0.497 D_real: 0.010 D_fake: 0.012 att_A: 0.531 L_hall: 0.059 L_inter: 0.000 L_intra: 0.000 L_fsp: 0.672 fsp_3_4: 0.121 fsp_4_5: 0.161 fsp_5_6: 0.249 fsp_6_7: 0.141 
(epoch: 3, iters: 7146, time: 0.034) G_GAN: 0.995 G_L1: 0.330 G_SSIM: 0.247 H_L1: 0.256 H_SSIM: 0.485 D_real: 0.060 D_fake: 0.018 att_A: 0.539 L_hall: 0.052 L_inter: 0.000 L_intra: 0.000 L_fsp: 0.517 fsp_3_4: 0.107 fsp_4_5: 0.177 fsp_5_6: 0.146 fsp_6_7: 0.087 
(epoch: 3, iters: 7246, time: 0.080) G_GAN: 0.443 G_L1: 0.228 G_SSIM: 0.043 H_L1: 0.171 H_SSIM: 0.158 D_real: 0.053 D_fake: 0.150 att_A: 0.557 L_hall: 0.050 L_inter: 0.000 L_intra: 0.000 L_fsp: 0.832 fsp_3_4: 0.187 fsp_4_5: 0.178 fsp_5_6: 0.197 fsp_6_7: 0.270 
(epoch: 3, iters: 7346, time: 0.034) G_GAN: 0.122 G_L1: 0.202 G_SSIM: 0.039 H_L1: 0.103 H_SSIM: 0.071 D_real: 0.013 D_fake: 0.452 att_A: 0.566 L_hall: 0.041 L_inter: 0.000 L_intra: 0.000 L_fsp: 0.680 fsp_3_4: 0.210 fsp_4_5: 0.196 fsp_5_6: 0.149 fsp_6_7: 0.125 
(epoch: 3, iters: 7446, time: 0.035) G_GAN: 1.008 G_L1: 0.614 G_SSIM: 0.350 H_L1: 0.255 H_SSIM: 0.405 D_real: 0.015 D_fake: 0.012 att_A: 0.936 L_hall: 0.064 L_inter: 0.000 L_intra: 0.000 L_fsp: 0.712 fsp_3_4: 0.202 fsp_4_5: 0.154 fsp_5_6: 0.214 fsp_6_7: 0.142 
(epoch: 3, iters: 7546, time: 0.034) G_GAN: 0.976 G_L1: 0.294 G_SSIM: 0.143 H_L1: 0.224 H_SSIM: 0.412 D_real: 0.005 D_fake: 0.005 att_A: 0.685 L_hall: 0.058 L_inter: 0.000 L_intra: 0.000 L_fsp: 0.577 fsp_3_4: 0.117 fsp_4_5: 0.164 fsp_5_6: 0.189 fsp_6_7: 0.107 
(epoch: 3, iters: 7646, time: 0.034) G_GAN: 0.222 G_L1: 0.360 G_SSIM: 0.256 H_L1: 0.246 H_SSIM: 0.427 D_real: 0.055 D_fake: 0.004 att_A: 0.465 L_hall: 0.058 L_inter: 0.000 L_intra: 0.000 L_fsp: 0.539 fsp_3_4: 0.117 fsp_4_5: 0.134 fsp_5_6: 0.197 fsp_6_7: 0.091 
(epoch: 3, iters: 7746, time: 0.064) G_GAN: 0.911 G_L1: 0.410 G_SSIM: 0.222 H_L1: 0.201 H_SSIM: 0.448 D_real: 0.032 D_fake: 0.027 att_A: 0.572 L_hall: 0.057 L_inter: 0.000 L_intra: 0.000 L_fsp: 0.669 fsp_3_4: 0.141 fsp_4_5: 0.151 fsp_5_6: 0.210 fsp_6_7: 0.167 
(epoch: 3, iters: 7846, time: 0.035) G_GAN: 0.990 G_L1: 0.584 G_SSIM: 0.278 H_L1: 0.211 H_SSIM: 0.415 D_real: 0.058 D_fake: 0.012 att_A: 0.655 L_hall: 0.051 L_inter: 0.000 L_intra: 0.000 L_fsp: 0.552 fsp_3_4: 0.116 fsp_4_5: 0.151 fsp_5_6: 0.204 fsp_6_7: 0.082 
(epoch: 3, iters: 7946, time: 0.036) G_GAN: 1.125 G_L1: 0.300 G_SSIM: 0.012 H_L1: 0.073 H_SSIM: 0.056 D_real: 0.337 D_fake: 0.011 att_A: 0.735 L_hall: 0.051 L_inter: 0.000 L_intra: 0.000 L_fsp: 0.525 fsp_3_4: 0.134 fsp_4_5: 0.140 fsp_5_6: 0.135 fsp_6_7: 0.115 
(epoch: 3, iters: 8046, time: 0.036) G_GAN: 0.941 G_L1: 0.727 G_SSIM: 0.428 H_L1: 0.244 H_SSIM: 0.529 D_real: 0.005 D_fake: 0.005 att_A: 0.886 L_hall: 0.059 L_inter: 0.000 L_intra: 0.000 L_fsp: 0.602 fsp_3_4: 0.144 fsp_4_5: 0.208 fsp_5_6: 0.144 fsp_6_7: 0.106 
(epoch: 3, iters: 8146, time: 0.034) G_GAN: 0.958 G_L1: 0.395 G_SSIM: 0.290 H_L1: 0.201 H_SSIM: 0.473 D_real: 0.014 D_fake: 0.013 att_A: 0.732 L_hall: 0.058 L_inter: 0.000 L_intra: 0.000 L_fsp: 0.771 fsp_3_4: 0.126 fsp_4_5: 0.207 fsp_5_6: 0.205 fsp_6_7: 0.234 
(epoch: 3, iters: 8246, time: 0.057) G_GAN: 1.004 G_L1: 0.522 G_SSIM: 0.377 H_L1: 0.234 H_SSIM: 0.584 D_real: 0.009 D_fake: 0.028 att_A: 0.701 L_hall: 0.055 L_inter: 0.000 L_intra: 0.000 L_fsp: 0.560 fsp_3_4: 0.120 fsp_4_5: 0.157 fsp_5_6: 0.187 fsp_6_7: 0.096 
(epoch: 3, iters: 8346, time: 0.035) G_GAN: 0.841 G_L1: 0.504 G_SSIM: 0.245 H_L1: 0.195 H_SSIM: 0.509 D_real: 0.013 D_fake: 0.020 att_A: 0.519 L_hall: 0.057 L_inter: 0.000 L_intra: 0.000 L_fsp: 0.612 fsp_3_4: 0.119 fsp_4_5: 0.155 fsp_5_6: 0.181 fsp_6_7: 0.157 
(epoch: 3, iters: 8446, time: 0.036) G_GAN: 1.121 G_L1: 0.355 G_SSIM: 0.139 H_L1: 0.229 H_SSIM: 0.484 D_real: 0.462 D_fake: 0.007 att_A: 0.497 L_hall: 0.052 L_inter: 0.000 L_intra: 0.000 L_fsp: 0.653 fsp_3_4: 0.135 fsp_4_5: 0.196 fsp_5_6: 0.168 fsp_6_7: 0.153 
(epoch: 3, iters: 8546, time: 0.034) G_GAN: 0.811 G_L1: 0.416 G_SSIM: 0.277 H_L1: 0.229 H_SSIM: 0.521 D_real: 0.022 D_fake: 0.029 att_A: 0.653 L_hall: 0.054 L_inter: 0.000 L_intra: 0.000 L_fsp: 0.667 fsp_3_4: 0.170 fsp_4_5: 0.240 fsp_5_6: 0.170 fsp_6_7: 0.088 
(epoch: 3, iters: 8646, time: 0.035) G_GAN: 0.178 G_L1: 0.442 G_SSIM: 0.299 H_L1: 0.277 H_SSIM: 0.370 D_real: 0.057 D_fake: 0.353 att_A: 0.366 L_hall: 0.054 L_inter: 0.000 L_intra: 0.000 L_fsp: 0.757 fsp_3_4: 0.094 fsp_4_5: 0.183 fsp_5_6: 0.257 fsp_6_7: 0.222 
(epoch: 3, iters: 8746, time: 0.064) G_GAN: 0.942 G_L1: 0.231 G_SSIM: 0.158 H_L1: 0.265 H_SSIM: 0.512 D_real: 0.065 D_fake: 0.021 att_A: 0.426 L_hall: 0.054 L_inter: 0.000 L_intra: 0.000 L_fsp: 0.636 fsp_3_4: 0.123 fsp_4_5: 0.161 fsp_5_6: 0.180 fsp_6_7: 0.172 
(epoch: 3, iters: 8846, time: 0.034) G_GAN: 0.251 G_L1: 0.430 G_SSIM: 0.113 H_L1: 0.197 H_SSIM: 0.438 D_real: 0.024 D_fake: 0.286 att_A: 0.439 L_hall: 0.045 L_inter: 0.000 L_intra: 0.000 L_fsp: 0.533 fsp_3_4: 0.114 fsp_4_5: 0.180 fsp_5_6: 0.147 fsp_6_7: 0.093 
(epoch: 3, iters: 8946, time: 0.034) G_GAN: 1.221 G_L1: 0.524 G_SSIM: 0.381 H_L1: 0.279 H_SSIM: 0.649 D_real: 0.005 D_fake: 0.018 att_A: 0.650 L_hall: 0.056 L_inter: 0.000 L_intra: 0.000 L_fsp: 0.709 fsp_3_4: 0.089 fsp_4_5: 0.185 fsp_5_6: 0.147 fsp_6_7: 0.288 
(epoch: 3, iters: 9046, time: 0.034) G_GAN: 0.432 G_L1: 0.043 G_SSIM: 0.011 H_L1: 0.107 H_SSIM: 0.062 D_real: 0.039 D_fake: 0.021 att_A: 0.391 L_hall: 0.054 L_inter: 0.000 L_intra: 0.000 L_fsp: 0.632 fsp_3_4: 0.091 fsp_4_5: 0.134 fsp_5_6: 0.185 fsp_6_7: 0.222 
epoch 3  fsp_3_4:0.130364  fsp_3_4_degen:0.000000  fsp_4_5:0.169386  fsp_4_5_degen:0.000000  fsp_5_6:0.187703  fsp_5_6_degen:0.000000  fsp_6_7:0.180331  fsp_6_7_degen:0.000000
End of epoch 3 / 30 	 Time Taken: 483 sec
learning rate = 0.0002000
(epoch: 4, iters: 19, time: 0.034) G_GAN: 0.800 G_L1: 0.693 G_SSIM: 0.229 H_L1: 0.191 H_SSIM: 0.421 D_real: 0.075 D_fake: 0.007 att_A: 0.647 L_hall: 0.055 L_inter: 0.000 L_intra: 0.000 L_fsp: 0.756 fsp_3_4: 0.207 fsp_4_5: 0.193 fsp_5_6: 0.209 fsp_6_7: 0.147 
(epoch: 4, iters: 119, time: 0.058) G_GAN: 0.334 G_L1: 0.450 G_SSIM: 0.228 H_L1: 0.215 H_SSIM: 0.497 D_real: 0.050 D_fake: 0.193 att_A: 0.412 L_hall: 0.050 L_inter: 0.000 L_intra: 0.000 L_fsp: 0.432 fsp_3_4: 0.101 fsp_4_5: 0.142 fsp_5_6: 0.123 fsp_6_7: 0.066 
(epoch: 4, iters: 219, time: 0.037) G_GAN: 0.736 G_L1: 0.151 G_SSIM: 0.015 H_L1: 0.194 H_SSIM: 0.082 D_real: 0.079 D_fake: 0.109 att_A: 0.454 L_hall: 0.046 L_inter: 0.000 L_intra: 0.000 L_fsp: 1.033 fsp_3_4: 0.223 fsp_4_5: 0.207 fsp_5_6: 0.256 fsp_6_7: 0.346 
(epoch: 4, iters: 319, time: 0.034) G_GAN: 1.099 G_L1: 0.577 G_SSIM: 0.169 H_L1: 0.127 H_SSIM: 0.277 D_real: 0.100 D_fake: 0.023 att_A: 0.881 L_hall: 0.060 L_inter: 0.000 L_intra: 0.000 L_fsp: 0.765 fsp_3_4: 0.226 fsp_4_5: 0.194 fsp_5_6: 0.108 fsp_6_7: 0.236 
(epoch: 4, iters: 419, time: 0.033) G_GAN: 1.002 G_L1: 0.357 G_SSIM: 0.276 H_L1: 0.212 H_SSIM: 0.527 D_real: 0.017 D_fake: 0.033 att_A: 0.593 L_hall: 0.050 L_inter: 0.000 L_intra: 0.000 L_fsp: 0.590 fsp_3_4: 0.113 fsp_4_5: 0.171 fsp_5_6: 0.147 fsp_6_7: 0.159 
(epoch: 4, iters: 519, time: 0.033) G_GAN: 0.894 G_L1: 0.481 G_SSIM: 0.321 H_L1: 0.267 H_SSIM: 0.546 D_real: 0.040 D_fake: 0.045 att_A: 0.689 L_hall: 0.059 L_inter: 0.000 L_intra: 0.000 L_fsp: 0.570 fsp_3_4: 0.101 fsp_4_5: 0.167 fsp_5_6: 0.197 fsp_6_7: 0.105 
(epoch: 4, iters: 619, time: 0.083) G_GAN: 0.980 G_L1: 0.410 G_SSIM: 0.277 H_L1: 0.258 H_SSIM: 0.537 D_real: 0.139 D_fake: 0.004 att_A: 0.670 L_hall: 0.059 L_inter: 0.000 L_intra: 0.000 L_fsp: 0.648 fsp_3_4: 0.163 fsp_4_5: 0.167 fsp_5_6: 0.171 fsp_6_7: 0.146 
(epoch: 4, iters: 719, time: 0.033) G_GAN: 0.943 G_L1: 0.665 G_SSIM: 0.464 H_L1: 0.261 H_SSIM: 0.580 D_real: 0.018 D_fake: 0.110 att_A: 0.921 L_hall: 0.060 L_inter: 0.000 L_intra: 0.000 L_fsp: 0.690 fsp_3_4: 0.094 fsp_4_5: 0.190 fsp_5_6: 0.251 fsp_6_7: 0.155 
(epoch: 4, iters: 819, time: 0.033) G_GAN: 0.864 G_L1: 0.355 G_SSIM: 0.274 H_L1: 0.293 H_SSIM: 0.510 D_real: 0.013 D_fake: 0.011 att_A: 0.561 L_hall: 0.061 L_inter: 0.000 L_intra: 0.000 L_fsp: 0.768 fsp_3_4: 0.132 fsp_4_5: 0.161 fsp_5_6: 0.195 fsp_6_7: 0.280 
(epoch: 4, iters: 919, time: 0.040) G_GAN: 1.476 G_L1: 0.280 G_SSIM: 0.225 H_L1: 0.255 H_SSIM: 0.471 D_real: 0.159 D_fake: 0.085 att_A: 0.480 L_hall: 0.056 L_inter: 0.000 L_intra: 0.000 L_fsp: 0.617 fsp_3_4: 0.104 fsp_4_5: 0.205 fsp_5_6: 0.163 fsp_6_7: 0.146 
(epoch: 4, iters: 1019, time: 0.034) G_GAN: 1.273 G_L1: 0.818 G_SSIM: 0.339 H_L1: 0.209 H_SSIM: 0.509 D_real: 0.103 D_fake: 0.042 att_A: 0.792 L_hall: 0.063 L_inter: 0.000 L_intra: 0.000 L_fsp: 0.658 fsp_3_4: 0.132 fsp_4_5: 0.163 fsp_5_6: 0.141 fsp_6_7: 0.223 
(epoch: 4, iters: 1119, time: 0.096) G_GAN: 0.446 G_L1: 0.212 G_SSIM: 0.046 H_L1: 0.104 H_SSIM: 0.168 D_real: 0.176 D_fake: 0.040 att_A: 0.612 L_hall: 0.049 L_inter: 0.000 L_intra: 0.000 L_fsp: 0.821 fsp_3_4: 0.276 fsp_4_5: 0.181 fsp_5_6: 0.167 fsp_6_7: 0.196 
(epoch: 4, iters: 1219, time: 0.033) G_GAN: 0.810 G_L1: 0.471 G_SSIM: 0.385 H_L1: 0.209 H_SSIM: 0.608 D_real: 0.010 D_fake: 0.023 att_A: 0.659 L_hall: 0.052 L_inter: 0.000 L_intra: 0.000 L_fsp: 0.593 fsp_3_4: 0.098 fsp_4_5: 0.139 fsp_5_6: 0.168 fsp_6_7: 0.189 
(epoch: 4, iters: 1319, time: 0.034) G_GAN: 0.070 G_L1: 0.277 G_SSIM: 0.115 H_L1: 0.310 H_SSIM: 0.666 D_real: 0.018 D_fake: 0.009 att_A: 0.278 L_hall: 0.049 L_inter: 0.000 L_intra: 0.000 L_fsp: 0.529 fsp_3_4: 0.133 fsp_4_5: 0.155 fsp_5_6: 0.140 fsp_6_7: 0.101 
(epoch: 4, iters: 1419, time: 0.034) G_GAN: 0.077 G_L1: 0.310 G_SSIM: 0.201 H_L1: 0.218 H_SSIM: 0.426 D_real: 0.017 D_fake: 0.547 att_A: 0.500 L_hall: 0.057 L_inter: 0.000 L_intra: 0.000 L_fsp: 0.550 fsp_3_4: 0.096 fsp_4_5: 0.136 fsp_5_6: 0.171 fsp_6_7: 0.147 
(epoch: 4, iters: 1519, time: 0.034) G_GAN: 0.842 G_L1: 0.367 G_SSIM: 0.199 H_L1: 0.232 H_SSIM: 0.516 D_real: 0.016 D_fake: 0.025 att_A: 0.508 L_hall: 0.050 L_inter: 0.000 L_intra: 0.000 L_fsp: 0.500 fsp_3_4: 0.136 fsp_4_5: 0.138 fsp_5_6: 0.177 fsp_6_7: 0.048 
(epoch: 4, iters: 1619, time: 0.051) G_GAN: 1.879 G_L1: 0.402 G_SSIM: 0.220 H_L1: 0.244 H_SSIM: 0.444 D_real: 0.222 D_fake: 0.163 att_A: 0.656 L_hall: 0.049 L_inter: 0.000 L_intra: 0.000 L_fsp: 0.605 fsp_3_4: 0.104 fsp_4_5: 0.163 fsp_5_6: 0.202 fsp_6_7: 0.136 
(epoch: 4, iters: 1719, time: 0.035) G_GAN: 1.174 G_L1: 0.398 G_SSIM: 0.305 H_L1: 0.231 H_SSIM: 0.482 D_real: 0.012 D_fake: 0.014 att_A: 0.743 L_hall: 0.057 L_inter: 0.000 L_intra: 0.000 L_fsp: 0.829 fsp_3_4: 0.141 fsp_4_5: 0.156 fsp_5_6: 0.208 fsp_6_7: 0.324 
(epoch: 4, iters: 1819, time: 0.034) G_GAN: 0.889 G_L1: 0.339 G_SSIM: 0.223 H_L1: 0.248 H_SSIM: 0.393 D_real: 0.013 D_fake: 0.023 att_A: 0.704 L_hall: 0.054 L_inter: 0.000 L_intra: 0.000 L_fsp: 0.770 fsp_3_4: 0.137 fsp_4_5: 0.194 fsp_5_6: 0.293 fsp_6_7: 0.147 
(epoch: 4, iters: 1919, time: 0.034) G_GAN: 0.499 G_L1: 0.624 G_SSIM: 0.253 H_L1: 0.247 H_SSIM: 0.492 D_real: 0.022 D_fake: 0.094 att_A: 0.600 L_hall: 0.053 L_inter: 0.000 L_intra: 0.000 L_fsp: 0.555 fsp_3_4: 0.125 fsp_4_5: 0.155 fsp_5_6: 0.228 fsp_6_7: 0.047 
(epoch: 4, iters: 2019, time: 0.034) G_GAN: 0.926 G_L1: 0.554 G_SSIM: 0.194 H_L1: 0.149 H_SSIM: 0.421 D_real: 0.016 D_fake: 0.008 att_A: 0.721 L_hall: 0.055 L_inter: 0.000 L_intra: 0.000 L_fsp: 0.684 fsp_3_4: 0.117 fsp_4_5: 0.148 fsp_5_6: 0.258 fsp_6_7: 0.162 
(epoch: 4, iters: 2119, time: 0.049) G_GAN: 0.961 G_L1: 0.789 G_SSIM: 0.512 H_L1: 0.296 H_SSIM: 0.603 D_real: 0.021 D_fake: 0.016 att_A: 0.817 L_hall: 0.061 L_inter: 0.000 L_intra: 0.000 L_fsp: 0.555 fsp_3_4: 0.114 fsp_4_5: 0.177 fsp_5_6: 0.187 fsp_6_7: 0.078 
(epoch: 4, iters: 2219, time: 0.035) G_GAN: 1.059 G_L1: 0.353 G_SSIM: 0.186 H_L1: 0.254 H_SSIM: 0.491 D_real: 0.010 D_fake: 0.008 att_A: 0.659 L_hall: 0.057 L_inter: 0.000 L_intra: 0.000 L_fsp: 0.504 fsp_3_4: 0.119 fsp_4_5: 0.198 fsp_5_6: 0.136 fsp_6_7: 0.051 
(epoch: 4, iters: 2319, time: 0.033) G_GAN: 0.811 G_L1: 0.740 G_SSIM: 0.344 H_L1: 0.186 H_SSIM: 0.438 D_real: 0.010 D_fake: 0.017 att_A: 0.916 L_hall: 0.059 L_inter: 0.000 L_intra: 0.000 L_fsp: 0.735 fsp_3_4: 0.216 fsp_4_5: 0.206 fsp_5_6: 0.135 fsp_6_7: 0.178 
(epoch: 4, iters: 2419, time: 0.035) G_GAN: 0.544 G_L1: 0.570 G_SSIM: 0.102 H_L1: 0.123 H_SSIM: 0.226 D_real: 0.026 D_fake: 0.080 att_A: 0.943 L_hall: 0.065 L_inter: 0.000 L_intra: 0.000 L_fsp: 0.846 fsp_3_4: 0.142 fsp_4_5: 0.167 fsp_5_6: 0.257 fsp_6_7: 0.280 
(epoch: 4, iters: 2519, time: 0.034) G_GAN: 1.180 G_L1: 0.805 G_SSIM: 0.426 H_L1: 0.262 H_SSIM: 0.503 D_real: 0.024 D_fake: 0.008 att_A: 0.929 L_hall: 0.060 L_inter: 0.000 L_intra: 0.000 L_fsp: 0.656 fsp_3_4: 0.116 fsp_4_5: 0.152 fsp_5_6: 0.181 fsp_6_7: 0.207 
(epoch: 4, iters: 2619, time: 0.080) G_GAN: 0.072 G_L1: 0.257 G_SSIM: 0.077 H_L1: 0.305 H_SSIM: 0.629 D_real: 0.024 D_fake: 0.559 att_A: 0.254 L_hall: 0.054 L_inter: 0.000 L_intra: 0.000 L_fsp: 0.601 fsp_3_4: 0.148 fsp_4_5: 0.182 fsp_5_6: 0.145 fsp_6_7: 0.126 
saving the latest model (epoch 4, total_steps 30000)
(epoch: 4, iters: 2719, time: 0.034) G_GAN: 0.900 G_L1: 0.267 G_SSIM: 0.151 H_L1: 0.209 H_SSIM: 0.399 D_real: 0.046 D_fake: 0.023 att_A: 0.432 L_hall: 0.044 L_inter: 0.000 L_intra: 0.000 L_fsp: 0.567 fsp_3_4: 0.083 fsp_4_5: 0.111 fsp_5_6: 0.201 fsp_6_7: 0.173 
(epoch: 4, iters: 2819, time: 0.034) G_GAN: 1.236 G_L1: 0.363 G_SSIM: 0.243 H_L1: 0.283 H_SSIM: 0.556 D_real: 0.010 D_fake: 0.033 att_A: 0.369 L_hall: 0.052 L_inter: 0.000 L_intra: 0.000 L_fsp: 0.500 fsp_3_4: 0.118 fsp_4_5: 0.161 fsp_5_6: 0.165 fsp_6_7: 0.057 
(epoch: 4, iters: 2919, time: 0.034) G_GAN: 0.870 G_L1: 0.357 G_SSIM: 0.263 H_L1: 0.240 H_SSIM: 0.532 D_real: 0.054 D_fake: 0.068 att_A: 0.585 L_hall: 0.053 L_inter: 0.000 L_intra: 0.000 L_fsp: 0.658 fsp_3_4: 0.135 fsp_4_5: 0.186 fsp_5_6: 0.166 fsp_6_7: 0.171 
(epoch: 4, iters: 3019, time: 0.034) G_GAN: 0.437 G_L1: 0.269 G_SSIM: 0.023 H_L1: 0.110 H_SSIM: 0.061 D_real: 0.212 D_fake: 0.004 att_A: 0.441 L_hall: 0.057 L_inter: 0.000 L_intra: 0.000 L_fsp: 0.638 fsp_3_4: 0.167 fsp_4_5: 0.185 fsp_5_6: 0.146 fsp_6_7: 0.140 
(epoch: 4, iters: 3119, time: 0.063) G_GAN: 0.201 G_L1: 0.059 G_SSIM: 0.017 H_L1: 0.073 H_SSIM: 0.071 D_real: 0.102 D_fake: 0.027 att_A: 0.566 L_hall: 0.048 L_inter: 0.000 L_intra: 0.000 L_fsp: 0.515 fsp_3_4: 0.162 fsp_4_5: 0.148 fsp_5_6: 0.152 fsp_6_7: 0.053 
(epoch: 4, iters: 3219, time: 0.034) G_GAN: 1.114 G_L1: 0.232 G_SSIM: 0.022 H_L1: 0.093 H_SSIM: 0.080 D_real: 0.019 D_fake: 0.020 att_A: 0.668 L_hall: 0.054 L_inter: 0.000 L_intra: 0.000 L_fsp: 0.679 fsp_3_4: 0.108 fsp_4_5: 0.158 fsp_5_6: 0.180 fsp_6_7: 0.234 
(epoch: 4, iters: 3319, time: 0.034) G_GAN: 0.880 G_L1: 0.300 G_SSIM: 0.142 H_L1: 0.280 H_SSIM: 0.432 D_real: 0.014 D_fake: 0.016 att_A: 0.522 L_hall: 0.052 L_inter: 0.000 L_intra: 0.000 L_fsp: 0.554 fsp_3_4: 0.103 fsp_4_5: 0.145 fsp_5_6: 0.147 fsp_6_7: 0.159 
(epoch: 4, iters: 3419, time: 0.035) G_GAN: 0.639 G_L1: 0.247 G_SSIM: 0.167 H_L1: 0.260 H_SSIM: 0.573 D_real: 0.014 D_fake: 0.050 att_A: 0.444 L_hall: 0.051 L_inter: 0.000 L_intra: 0.000 L_fsp: 0.448 fsp_3_4: 0.115 fsp_4_5: 0.107 fsp_5_6: 0.131 fsp_6_7: 0.095 
(epoch: 4, iters: 3519, time: 0.035) G_GAN: 0.715 G_L1: 0.256 G_SSIM: 0.144 H_L1: 0.142 H_SSIM: 0.384 D_real: 0.128 D_fake: 0.201 att_A: 0.652 L_hall: 0.052 L_inter: 0.000 L_intra: 0.000 L_fsp: 0.536 fsp_3_4: 0.154 fsp_4_5: 0.147 fsp_5_6: 0.142 fsp_6_7: 0.093 
(epoch: 4, iters: 3619, time: 0.056) G_GAN: 0.653 G_L1: 0.240 G_SSIM: 0.136 H_L1: 0.284 H_SSIM: 0.461 D_real: 0.014 D_fake: 0.047 att_A: 0.529 L_hall: 0.055 L_inter: 0.000 L_intra: 0.000 L_fsp: 0.539 fsp_3_4: 0.101 fsp_4_5: 0.138 fsp_5_6: 0.188 fsp_6_7: 0.112 
(epoch: 4, iters: 3719, time: 0.033) G_GAN: 1.228 G_L1: 0.133 G_SSIM: 0.027 H_L1: 0.087 H_SSIM: 0.106 D_real: 0.015 D_fake: 0.024 att_A: 0.843 L_hall: 0.055 L_inter: 0.000 L_intra: 0.000 L_fsp: 0.745 fsp_3_4: 0.114 fsp_4_5: 0.158 fsp_5_6: 0.299 fsp_6_7: 0.174 
(epoch: 4, iters: 3819, time: 0.033) G_GAN: 1.181 G_L1: 0.418 G_SSIM: 0.235 H_L1: 0.226 H_SSIM: 0.398 D_real: 0.013 D_fake: 0.013 att_A: 0.644 L_hall: 0.061 L_inter: 0.000 L_intra: 0.000 L_fsp: 0.670 fsp_3_4: 0.123 fsp_4_5: 0.231 fsp_5_6: 0.167 fsp_6_7: 0.149 
(epoch: 4, iters: 3919, time: 0.036) G_GAN: 1.215 G_L1: 0.334 G_SSIM: 0.182 H_L1: 0.269 H_SSIM: 0.507 D_real: 0.148 D_fake: 0.025 att_A: 0.413 L_hall: 0.047 L_inter: 0.000 L_intra: 0.000 L_fsp: 0.525 fsp_3_4: 0.101 fsp_4_5: 0.124 fsp_5_6: 0.136 fsp_6_7: 0.164 
(epoch: 4, iters: 4019, time: 0.034) G_GAN: 0.906 G_L1: 0.397 G_SSIM: 0.181 H_L1: 0.315 H_SSIM: 0.563 D_real: 0.060 D_fake: 0.013 att_A: 0.495 L_hall: 0.055 L_inter: 0.000 L_intra: 0.000 L_fsp: 0.692 fsp_3_4: 0.118 fsp_4_5: 0.205 fsp_5_6: 0.129 fsp_6_7: 0.240 
(epoch: 4, iters: 4119, time: 0.057) G_GAN: 0.903 G_L1: 0.703 G_SSIM: 0.303 H_L1: 0.245 H_SSIM: 0.378 D_real: 0.009 D_fake: 0.009 att_A: 0.960 L_hall: 0.070 L_inter: 0.000 L_intra: 0.000 L_fsp: 0.826 fsp_3_4: 0.161 fsp_4_5: 0.184 fsp_5_6: 0.240 fsp_6_7: 0.242 
(epoch: 4, iters: 4219, time: 0.034) G_GAN: 0.061 G_L1: 0.357 G_SSIM: 0.239 H_L1: 0.238 H_SSIM: 0.422 D_real: 0.023 D_fake: 0.628 att_A: 0.389 L_hall: 0.052 L_inter: 0.000 L_intra: 0.000 L_fsp: 0.841 fsp_3_4: 0.108 fsp_4_5: 0.175 fsp_5_6: 0.247 fsp_6_7: 0.312 
(epoch: 4, iters: 4319, time: 0.034) G_GAN: 1.234 G_L1: 0.359 G_SSIM: 0.229 H_L1: 0.188 H_SSIM: 0.459 D_real: 0.007 D_fake: 0.007 att_A: 0.600 L_hall: 0.054 L_inter: 0.000 L_intra: 0.000 L_fsp: 0.793 fsp_3_4: 0.150 fsp_4_5: 0.164 fsp_5_6: 0.237 fsp_6_7: 0.242 
(epoch: 4, iters: 4419, time: 0.034) G_GAN: 0.182 G_L1: 0.316 G_SSIM: 0.154 H_L1: 0.259 H_SSIM: 0.408 D_real: 0.021 D_fake: 0.007 att_A: 0.382 L_hall: 0.043 L_inter: 0.000 L_intra: 0.000 L_fsp: 0.412 fsp_3_4: 0.086 fsp_4_5: 0.100 fsp_5_6: 0.099 fsp_6_7: 0.127 
(epoch: 4, iters: 4519, time: 0.034) G_GAN: 0.966 G_L1: 0.366 G_SSIM: 0.308 H_L1: 0.204 H_SSIM: 0.584 D_real: 0.009 D_fake: 0.037 att_A: 0.584 L_hall: 0.050 L_inter: 0.000 L_intra: 0.000 L_fsp: 0.574 fsp_3_4: 0.125 fsp_4_5: 0.176 fsp_5_6: 0.145 fsp_6_7: 0.127 
(epoch: 4, iters: 4619, time: 0.051) G_GAN: 0.936 G_L1: 0.440 G_SSIM: 0.369 H_L1: 0.253 H_SSIM: 0.520 D_real: 0.010 D_fake: 0.007 att_A: 0.819 L_hall: 0.057 L_inter: 0.000 L_intra: 0.000 L_fsp: 0.624 fsp_3_4: 0.123 fsp_4_5: 0.145 fsp_5_6: 0.218 fsp_6_7: 0.138 
(epoch: 4, iters: 4719, time: 0.034) G_GAN: 0.702 G_L1: 0.245 G_SSIM: 0.140 H_L1: 0.301 H_SSIM: 0.536 D_real: 0.006 D_fake: 0.035 att_A: 0.566 L_hall: 0.052 L_inter: 0.000 L_intra: 0.000 L_fsp: 0.554 fsp_3_4: 0.109 fsp_4_5: 0.128 fsp_5_6: 0.165 fsp_6_7: 0.153 
(epoch: 4, iters: 4819, time: 0.035) G_GAN: 0.897 G_L1: 0.260 G_SSIM: 0.132 H_L1: 0.299 H_SSIM: 0.481 D_real: 0.049 D_fake: 0.020 att_A: 0.452 L_hall: 0.056 L_inter: 0.000 L_intra: 0.000 L_fsp: 0.608 fsp_3_4: 0.089 fsp_4_5: 0.159 fsp_5_6: 0.188 fsp_6_7: 0.172 
(epoch: 4, iters: 4919, time: 0.035) G_GAN: 0.940 G_L1: 0.569 G_SSIM: 0.303 H_L1: 0.199 H_SSIM: 0.499 D_real: 0.015 D_fake: 0.004 att_A: 0.762 L_hall: 0.052 L_inter: 0.000 L_intra: 0.000 L_fsp: 0.597 fsp_3_4: 0.119 fsp_4_5: 0.144 fsp_5_6: 0.170 fsp_6_7: 0.164 
(epoch: 4, iters: 5019, time: 0.034) G_GAN: 0.363 G_L1: 0.206 G_SSIM: 0.082 H_L1: 0.304 H_SSIM: 0.601 D_real: 0.273 D_fake: 0.011 att_A: 0.268 L_hall: 0.048 L_inter: 0.000 L_intra: 0.000 L_fsp: 0.447 fsp_3_4: 0.124 fsp_4_5: 0.143 fsp_5_6: 0.126 fsp_6_7: 0.054 
(epoch: 4, iters: 5119, time: 0.082) G_GAN: 1.040 G_L1: 0.460 G_SSIM: 0.259 H_L1: 0.320 H_SSIM: 0.580 D_real: 0.041 D_fake: 0.237 att_A: 0.640 L_hall: 0.057 L_inter: 0.000 L_intra: 0.000 L_fsp: 0.582 fsp_3_4: 0.112 fsp_4_5: 0.156 fsp_5_6: 0.150 fsp_6_7: 0.164 
(epoch: 4, iters: 5219, time: 0.034) G_GAN: 1.007 G_L1: 0.352 G_SSIM: 0.238 H_L1: 0.275 H_SSIM: 0.501 D_real: 0.026 D_fake: 0.018 att_A: 0.347 L_hall: 0.053 L_inter: 0.000 L_intra: 0.000 L_fsp: 0.732 fsp_3_4: 0.135 fsp_4_5: 0.159 fsp_5_6: 0.197 fsp_6_7: 0.241 
(epoch: 4, iters: 5319, time: 0.036) G_GAN: 1.130 G_L1: 0.398 G_SSIM: 0.341 H_L1: 0.247 H_SSIM: 0.582 D_real: 0.009 D_fake: 0.022 att_A: 0.645 L_hall: 0.053 L_inter: 0.000 L_intra: 0.000 L_fsp: 0.511 fsp_3_4: 0.105 fsp_4_5: 0.128 fsp_5_6: 0.178 fsp_6_7: 0.100 
(epoch: 4, iters: 5419, time: 0.035) G_GAN: 1.206 G_L1: 0.265 G_SSIM: 0.141 H_L1: 0.267 H_SSIM: 0.395 D_real: 0.033 D_fake: 0.017 att_A: 0.630 L_hall: 0.058 L_inter: 0.000 L_intra: 0.000 L_fsp: 0.955 fsp_3_4: 0.219 fsp_4_5: 0.219 fsp_5_6: 0.263 fsp_6_7: 0.254 
(epoch: 4, iters: 5519, time: 0.034) G_GAN: 1.066 G_L1: 0.136 G_SSIM: 0.012 H_L1: 0.055 H_SSIM: 0.048 D_real: 0.119 D_fake: 0.336 att_A: 0.740 L_hall: 0.046 L_inter: 0.000 L_intra: 0.000 L_fsp: 0.774 fsp_3_4: 0.177 fsp_4_5: 0.243 fsp_5_6: 0.191 fsp_6_7: 0.163 
(epoch: 4, iters: 5619, time: 0.057) G_GAN: 0.717 G_L1: 0.051 G_SSIM: 0.012 H_L1: 0.103 H_SSIM: 0.073 D_real: 0.086 D_fake: 0.036 att_A: 0.435 L_hall: 0.054 L_inter: 0.000 L_intra: 0.000 L_fsp: 0.583 fsp_3_4: 0.069 fsp_4_5: 0.147 fsp_5_6: 0.163 fsp_6_7: 0.204 
(epoch: 4, iters: 5719, time: 0.036) G_GAN: 1.185 G_L1: 0.764 G_SSIM: 0.572 H_L1: 0.260 H_SSIM: 0.639 D_real: 0.016 D_fake: 0.014 att_A: 0.953 L_hall: 0.065 L_inter: 0.000 L_intra: 0.000 L_fsp: 0.805 fsp_3_4: 0.111 fsp_4_5: 0.186 fsp_5_6: 0.178 fsp_6_7: 0.329 
(epoch: 4, iters: 5819, time: 0.034) G_GAN: 0.411 G_L1: 0.287 G_SSIM: 0.192 H_L1: 0.272 H_SSIM: 0.552 D_real: 0.098 D_fake: 0.043 att_A: 0.392 L_hall: 0.047 L_inter: 0.000 L_intra: 0.000 L_fsp: 0.511 fsp_3_4: 0.103 fsp_4_5: 0.154 fsp_5_6: 0.156 fsp_6_7: 0.098 
(epoch: 4, iters: 5919, time: 0.034) G_GAN: 0.988 G_L1: 0.337 G_SSIM: 0.216 H_L1: 0.157 H_SSIM: 0.400 D_real: 0.022 D_fake: 0.017 att_A: 0.772 L_hall: 0.054 L_inter: 0.000 L_intra: 0.000 L_fsp: 0.661 fsp_3_4: 0.125 fsp_4_5: 0.171 fsp_5_6: 0.185 fsp_6_7: 0.179 
(epoch: 4, iters: 6019, time: 0.034) G_GAN: 1.093 G_L1: 0.370 G_SSIM: 0.224 H_L1: 0.172 H_SSIM: 0.386 D_real: 0.009 D_fake: 0.008 att_A: 0.826 L_hall: 0.057 L_inter: 0.000 L_intra: 0.000 L_fsp: 0.656 fsp_3_4: 0.107 fsp_4_5: 0.152 fsp_5_6: 0.152 fsp_6_7: 0.245 
(epoch: 4, iters: 6119, time: 0.058) G_GAN: 1.664 G_L1: 0.483 G_SSIM: 0.268 H_L1: 0.262 H_SSIM: 0.461 D_real: 0.208 D_fake: 0.102 att_A: 0.520 L_hall: 0.062 L_inter: 0.000 L_intra: 0.000 L_fsp: 0.731 fsp_3_4: 0.151 fsp_4_5: 0.234 fsp_5_6: 0.237 fsp_6_7: 0.108 
(epoch: 4, iters: 6219, time: 0.034) G_GAN: 0.283 G_L1: 0.273 G_SSIM: 0.103 H_L1: 0.224 H_SSIM: 0.491 D_real: 0.040 D_fake: 0.018 att_A: 0.346 L_hall: 0.051 L_inter: 0.000 L_intra: 0.000 L_fsp: 0.538 fsp_3_4: 0.150 fsp_4_5: 0.131 fsp_5_6: 0.183 fsp_6_7: 0.074 
(epoch: 4, iters: 6319, time: 0.034) G_GAN: 1.113 G_L1: 0.421 G_SSIM: 0.215 H_L1: 0.315 H_SSIM: 0.506 D_real: 0.067 D_fake: 0.008 att_A: 0.628 L_hall: 0.056 L_inter: 0.000 L_intra: 0.000 L_fsp: 0.712 fsp_3_4: 0.117 fsp_4_5: 0.193 fsp_5_6: 0.205 fsp_6_7: 0.197 
(epoch: 4, iters: 6419, time: 0.033) G_GAN: 0.993 G_L1: 0.414 G_SSIM: 0.238 H_L1: 0.247 H_SSIM: 0.459 D_real: 0.014 D_fake: 0.009 att_A: 0.631 L_hall: 0.054 L_inter: 0.000 L_intra: 0.000 L_fsp: 0.712 fsp_3_4: 0.220 fsp_4_5: 0.179 fsp_5_6: 0.229 fsp_6_7: 0.084 
(epoch: 4, iters: 6519, time: 0.034) G_GAN: 0.247 G_L1: 0.234 G_SSIM: 0.124 H_L1: 0.269 H_SSIM: 0.504 D_real: 0.018 D_fake: 0.047 att_A: 0.528 L_hall: 0.052 L_inter: 0.000 L_intra: 0.000 L_fsp: 0.598 fsp_3_4: 0.131 fsp_4_5: 0.196 fsp_5_6: 0.191 fsp_6_7: 0.081 
(epoch: 4, iters: 6619, time: 0.052) G_GAN: 0.814 G_L1: 0.304 G_SSIM: 0.190 H_L1: 0.254 H_SSIM: 0.410 D_real: 0.029 D_fake: 0.010 att_A: 0.684 L_hall: 0.058 L_inter: 0.000 L_intra: 0.000 L_fsp: 0.563 fsp_3_4: 0.097 fsp_4_5: 0.180 fsp_5_6: 0.184 fsp_6_7: 0.102 
(epoch: 4, iters: 6719, time: 0.034) G_GAN: 0.185 G_L1: 0.332 G_SSIM: 0.234 H_L1: 0.286 H_SSIM: 0.444 D_real: 0.013 D_fake: 0.347 att_A: 0.420 L_hall: 0.052 L_inter: 0.000 L_intra: 0.000 L_fsp: 0.450 fsp_3_4: 0.078 fsp_4_5: 0.125 fsp_5_6: 0.157 fsp_6_7: 0.090 
(epoch: 4, iters: 6819, time: 0.033) G_GAN: 1.140 G_L1: 0.064 G_SSIM: 0.028 H_L1: 0.124 H_SSIM: 0.046 D_real: 0.029 D_fake: 0.012 att_A: 0.378 L_hall: 0.053 L_inter: 0.000 L_intra: 0.000 L_fsp: 0.762 fsp_3_4: 0.108 fsp_4_5: 0.180 fsp_5_6: 0.202 fsp_6_7: 0.272 
(epoch: 4, iters: 6919, time: 0.034) G_GAN: 0.145 G_L1: 0.053 G_SSIM: 0.014 H_L1: 0.106 H_SSIM: 0.042 D_real: 0.057 D_fake: 0.447 att_A: 0.372 L_hall: 0.057 L_inter: 0.000 L_intra: 0.000 L_fsp: 0.951 fsp_3_4: 0.107 fsp_4_5: 0.172 fsp_5_6: 0.179 fsp_6_7: 0.493 
(epoch: 4, iters: 7019, time: 0.033) G_GAN: 0.903 G_L1: 0.416 G_SSIM: 0.288 H_L1: 0.161 H_SSIM: 0.379 D_real: 0.021 D_fake: 0.188 att_A: 0.881 L_hall: 0.063 L_inter: 0.000 L_intra: 0.000 L_fsp: 0.767 fsp_3_4: 0.183 fsp_4_5: 0.202 fsp_5_6: 0.198 fsp_6_7: 0.185 
(epoch: 4, iters: 7119, time: 0.052) G_GAN: 0.807 G_L1: 0.429 G_SSIM: 0.289 H_L1: 0.193 H_SSIM: 0.427 D_real: 0.021 D_fake: 0.023 att_A: 0.815 L_hall: 0.059 L_inter: 0.000 L_intra: 0.000 L_fsp: 0.622 fsp_3_4: 0.105 fsp_4_5: 0.160 fsp_5_6: 0.229 fsp_6_7: 0.129 
(epoch: 4, iters: 7219, time: 0.034) G_GAN: 0.878 G_L1: 0.550 G_SSIM: 0.275 H_L1: 0.204 H_SSIM: 0.334 D_real: 0.006 D_fake: 0.075 att_A: 0.931 L_hall: 0.062 L_inter: 0.000 L_intra: 0.000 L_fsp: 0.950 fsp_3_4: 0.300 fsp_4_5: 0.186 fsp_5_6: 0.172 fsp_6_7: 0.292 
(epoch: 4, iters: 7319, time: 0.034) G_GAN: 0.350 G_L1: 0.134 G_SSIM: 0.037 H_L1: 0.130 H_SSIM: 0.123 D_real: 0.019 D_fake: 0.009 att_A: 0.395 L_hall: 0.038 L_inter: 0.000 L_intra: 0.000 L_fsp: 0.514 fsp_3_4: 0.113 fsp_4_5: 0.197 fsp_5_6: 0.117 fsp_6_7: 0.087 
(epoch: 4, iters: 7419, time: 0.033) G_GAN: 1.115 G_L1: 0.364 G_SSIM: 0.281 H_L1: 0.206 H_SSIM: 0.472 D_real: 0.021 D_fake: 0.033 att_A: 0.672 L_hall: 0.053 L_inter: 0.000 L_intra: 0.000 L_fsp: 0.703 fsp_3_4: 0.146 fsp_4_5: 0.191 fsp_5_6: 0.180 fsp_6_7: 0.186 
(epoch: 4, iters: 7519, time: 0.035) G_GAN: 1.161 G_L1: 0.413 G_SSIM: 0.313 H_L1: 0.217 H_SSIM: 0.485 D_real: 0.010 D_fake: 0.018 att_A: 0.556 L_hall: 0.049 L_inter: 0.000 L_intra: 0.000 L_fsp: 0.722 fsp_3_4: 0.122 fsp_4_5: 0.192 fsp_5_6: 0.201 fsp_6_7: 0.207 
(epoch: 4, iters: 7619, time: 0.053) G_GAN: 0.900 G_L1: 0.408 G_SSIM: 0.225 H_L1: 0.197 H_SSIM: 0.482 D_real: 0.009 D_fake: 0.006 att_A: 0.606 L_hall: 0.047 L_inter: 0.000 L_intra: 0.000 L_fsp: 0.541 fsp_3_4: 0.107 fsp_4_5: 0.112 fsp_5_6: 0.129 fsp_6_7: 0.194 
saving the latest model (epoch 4, total_steps 35000)
(epoch: 4, iters: 7719, time: 0.034) G_GAN: 0.863 G_L1: 0.548 G_SSIM: 0.327 H_L1: 0.213 H_SSIM: 0.493 D_real: 0.027 D_fake: 0.029 att_A: 0.782 L_hall: 0.059 L_inter: 0.000 L_intra: 0.000 L_fsp: 0.762 fsp_3_4: 0.177 fsp_4_5: 0.180 fsp_5_6: 0.169 fsp_6_7: 0.236 
(epoch: 4, iters: 7819, time: 0.034) G_GAN: 1.022 G_L1: 0.629 G_SSIM: 0.464 H_L1: 0.261 H_SSIM: 0.580 D_real: 0.010 D_fake: 0.007 att_A: 0.928 L_hall: 0.057 L_inter: 0.000 L_intra: 0.000 L_fsp: 0.651 fsp_3_4: 0.097 fsp_4_5: 0.166 fsp_5_6: 0.166 fsp_6_7: 0.222 
(epoch: 4, iters: 7919, time: 0.034) G_GAN: 0.801 G_L1: 0.288 G_SSIM: 0.268 H_L1: 0.245 H_SSIM: 0.475 D_real: 0.020 D_fake: 0.023 att_A: 0.604 L_hall: 0.054 L_inter: 0.000 L_intra: 0.000 L_fsp: 0.631 fsp_3_4: 0.096 fsp_4_5: 0.149 fsp_5_6: 0.193 fsp_6_7: 0.192 
(epoch: 4, iters: 8019, time: 0.034) G_GAN: 0.781 G_L1: 0.582 G_SSIM: 0.504 H_L1: 0.278 H_SSIM: 0.573 D_real: 0.010 D_fake: 0.037 att_A: 0.952 L_hall: 0.064 L_inter: 0.000 L_intra: 0.000 L_fsp: 0.686 fsp_3_4: 0.111 fsp_4_5: 0.153 fsp_5_6: 0.176 fsp_6_7: 0.247 
(epoch: 4, iters: 8119, time: 0.052) G_GAN: 1.231 G_L1: 0.522 G_SSIM: 0.277 H_L1: 0.270 H_SSIM: 0.538 D_real: 0.026 D_fake: 0.023 att_A: 0.447 L_hall: 0.049 L_inter: 0.000 L_intra: 0.000 L_fsp: 0.544 fsp_3_4: 0.115 fsp_4_5: 0.153 fsp_5_6: 0.192 fsp_6_7: 0.084 
(epoch: 4, iters: 8219, time: 0.035) G_GAN: 0.991 G_L1: 0.490 G_SSIM: 0.271 H_L1: 0.206 H_SSIM: 0.392 D_real: 0.014 D_fake: 0.008 att_A: 0.720 L_hall: 0.055 L_inter: 0.000 L_intra: 0.000 L_fsp: 0.891 fsp_3_4: 0.141 fsp_4_5: 0.212 fsp_5_6: 0.317 fsp_6_7: 0.221 
(epoch: 4, iters: 8319, time: 0.035) G_GAN: 0.997 G_L1: 0.329 G_SSIM: 0.257 H_L1: 0.200 H_SSIM: 0.498 D_real: 0.267 D_fake: 0.008 att_A: 0.684 L_hall: 0.055 L_inter: 0.000 L_intra: 0.000 L_fsp: 0.694 fsp_3_4: 0.127 fsp_4_5: 0.187 fsp_5_6: 0.207 fsp_6_7: 0.173 
(epoch: 4, iters: 8419, time: 0.034) G_GAN: 0.997 G_L1: 0.502 G_SSIM: 0.397 H_L1: 0.268 H_SSIM: 0.528 D_real: 0.013 D_fake: 0.026 att_A: 0.748 L_hall: 0.059 L_inter: 0.000 L_intra: 0.000 L_fsp: 0.683 fsp_3_4: 0.100 fsp_4_5: 0.190 fsp_5_6: 0.210 fsp_6_7: 0.182 
(epoch: 4, iters: 8519, time: 0.034) G_GAN: 0.841 G_L1: 0.044 G_SSIM: 0.012 H_L1: 0.114 H_SSIM: 0.036 D_real: 0.122 D_fake: 0.011 att_A: 0.414 L_hall: 0.052 L_inter: 0.000 L_intra: 0.000 L_fsp: 0.640 fsp_3_4: 0.096 fsp_4_5: 0.152 fsp_5_6: 0.176 fsp_6_7: 0.215 
(epoch: 4, iters: 8619, time: 0.082) G_GAN: 1.239 G_L1: 0.073 G_SSIM: 0.015 H_L1: 0.106 H_SSIM: 0.047 D_real: 0.036 D_fake: 0.169 att_A: 0.388 L_hall: 0.052 L_inter: 0.000 L_intra: 0.000 L_fsp: 0.764 fsp_3_4: 0.113 fsp_4_5: 0.181 fsp_5_6: 0.259 fsp_6_7: 0.211 
(epoch: 4, iters: 8719, time: 0.034) G_GAN: 0.907 G_L1: 0.308 G_SSIM: 0.203 H_L1: 0.222 H_SSIM: 0.464 D_real: 0.010 D_fake: 0.011 att_A: 0.515 L_hall: 0.056 L_inter: 0.000 L_intra: 0.000 L_fsp: 0.538 fsp_3_4: 0.097 fsp_4_5: 0.145 fsp_5_6: 0.194 fsp_6_7: 0.102 
(epoch: 4, iters: 8819, time: 0.034) G_GAN: 0.658 G_L1: 0.168 G_SSIM: 0.030 H_L1: 0.155 H_SSIM: 0.083 D_real: 0.207 D_fake: 0.053 att_A: 0.585 L_hall: 0.053 L_inter: 0.000 L_intra: 0.000 L_fsp: 0.599 fsp_3_4: 0.095 fsp_4_5: 0.188 fsp_5_6: 0.214 fsp_6_7: 0.103 
(epoch: 4, iters: 8919, time: 0.035) G_GAN: 0.785 G_L1: 0.557 G_SSIM: 0.455 H_L1: 0.222 H_SSIM: 0.543 D_real: 0.015 D_fake: 0.024 att_A: 0.638 L_hall: 0.054 L_inter: 0.000 L_intra: 0.000 L_fsp: 0.529 fsp_3_4: 0.111 fsp_4_5: 0.155 fsp_5_6: 0.133 fsp_6_7: 0.130 
(epoch: 4, iters: 9019, time: 0.034) G_GAN: 1.093 G_L1: 0.180 G_SSIM: 0.028 H_L1: 0.125 H_SSIM: 0.070 D_real: 0.023 D_fake: 0.007 att_A: 0.505 L_hall: 0.056 L_inter: 0.000 L_intra: 0.000 L_fsp: 0.943 fsp_3_4: 0.074 fsp_4_5: 0.139 fsp_5_6: 0.243 fsp_6_7: 0.486 
(epoch: 4, iters: 9119, time: 0.059) G_GAN: 0.725 G_L1: 0.407 G_SSIM: 0.237 H_L1: 0.170 H_SSIM: 0.512 D_real: 0.007 D_fake: 0.029 att_A: 0.591 L_hall: 0.048 L_inter: 0.000 L_intra: 0.000 L_fsp: 0.638 fsp_3_4: 0.117 fsp_4_5: 0.191 fsp_5_6: 0.149 fsp_6_7: 0.182 
epoch 4  fsp_3_4:0.128089  fsp_3_4_degen:0.000000  fsp_4_5:0.167068  fsp_4_5_degen:0.000000  fsp_5_6:0.184093  fsp_5_6_degen:0.000000  fsp_6_7:0.171388  fsp_6_7_degen:0.000000
End of epoch 4 / 30 	 Time Taken: 445 sec
learning rate = 0.0002000
(epoch: 5, iters: 92, time: 0.034) G_GAN: 0.744 G_L1: 0.299 G_SSIM: 0.212 H_L1: 0.165 H_SSIM: 0.455 D_real: 0.005 D_fake: 0.029 att_A: 0.566 L_hall: 0.052 L_inter: 0.000 L_intra: 0.000 L_fsp: 0.654 fsp_3_4: 0.153 fsp_4_5: 0.175 fsp_5_6: 0.212 fsp_6_7: 0.114 
(epoch: 5, iters: 192, time: 0.035) G_GAN: 1.058 G_L1: 0.473 G_SSIM: 0.229 H_L1: 0.224 H_SSIM: 0.483 D_real: 0.029 D_fake: 0.060 att_A: 0.570 L_hall: 0.052 L_inter: 0.000 L_intra: 0.000 L_fsp: 0.524 fsp_3_4: 0.133 fsp_4_5: 0.148 fsp_5_6: 0.144 fsp_6_7: 0.100 
(epoch: 5, iters: 292, time: 0.034) G_GAN: 1.063 G_L1: 0.389 G_SSIM: 0.288 H_L1: 0.239 H_SSIM: 0.517 D_real: 0.011 D_fake: 0.006 att_A: 0.514 L_hall: 0.049 L_inter: 0.000 L_intra: 0.000 L_fsp: 0.505 fsp_3_4: 0.125 fsp_4_5: 0.137 fsp_5_6: 0.175 fsp_6_7: 0.068 
(epoch: 5, iters: 392, time: 0.034) G_GAN: 0.908 G_L1: 0.586 G_SSIM: 0.243 H_L1: 0.206 H_SSIM: 0.370 D_real: 0.019 D_fake: 0.076 att_A: 0.833 L_hall: 0.059 L_inter: 0.000 L_intra: 0.000 L_fsp: 0.716 fsp_3_4: 0.141 fsp_4_5: 0.157 fsp_5_6: 0.247 fsp_6_7: 0.171 
(epoch: 5, iters: 492, time: 0.052) G_GAN: 0.950 G_L1: 0.622 G_SSIM: 0.544 H_L1: 0.254 H_SSIM: 0.611 D_real: 0.024 D_fake: 0.021 att_A: 0.886 L_hall: 0.062 L_inter: 0.000 L_intra: 0.000 L_fsp: 0.728 fsp_3_4: 0.135 fsp_4_5: 0.197 fsp_5_6: 0.181 fsp_6_7: 0.217 
(epoch: 5, iters: 592, time: 0.034) G_GAN: 0.624 G_L1: 0.898 G_SSIM: 0.520 H_L1: 0.279 H_SSIM: 0.574 D_real: 0.054 D_fake: 0.606 att_A: 0.924 L_hall: 0.062 L_inter: 0.000 L_intra: 0.000 L_fsp: 0.663 fsp_3_4: 0.128 fsp_4_5: 0.155 fsp_5_6: 0.184 fsp_6_7: 0.195 
(epoch: 5, iters: 692, time: 0.034) G_GAN: 1.220 G_L1: 0.510 G_SSIM: 0.362 H_L1: 0.277 H_SSIM: 0.622 D_real: 0.005 D_fake: 0.005 att_A: 0.612 L_hall: 0.055 L_inter: 0.000 L_intra: 0.000 L_fsp: 0.713 fsp_3_4: 0.100 fsp_4_5: 0.149 fsp_5_6: 0.186 fsp_6_7: 0.278 
(epoch: 5, iters: 792, time: 0.034) G_GAN: 0.923 G_L1: 0.339 G_SSIM: 0.171 H_L1: 0.341 H_SSIM: 0.551 D_real: 0.023 D_fake: 0.012 att_A: 0.526 L_hall: 0.056 L_inter: 0.000 L_intra: 0.000 L_fsp: 0.667 fsp_3_4: 0.102 fsp_4_5: 0.162 fsp_5_6: 0.197 fsp_6_7: 0.206 
(epoch: 5, iters: 892, time: 0.034) G_GAN: 0.638 G_L1: 0.276 G_SSIM: 0.153 H_L1: 0.203 H_SSIM: 0.459 D_real: 0.006 D_fake: 0.277 att_A: 0.411 L_hall: 0.053 L_inter: 0.000 L_intra: 0.000 L_fsp: 0.432 fsp_3_4: 0.092 fsp_4_5: 0.107 fsp_5_6: 0.131 fsp_6_7: 0.103 
(epoch: 5, iters: 992, time: 0.069) G_GAN: 0.068 G_L1: 0.178 G_SSIM: 0.059 H_L1: 0.192 H_SSIM: 0.267 D_real: 0.014 D_fake: 0.017 att_A: 0.396 L_hall: 0.043 L_inter: 0.000 L_intra: 0.000 L_fsp: 0.388 fsp_3_4: 0.078 fsp_4_5: 0.127 fsp_5_6: 0.125 fsp_6_7: 0.058 
(epoch: 5, iters: 1092, time: 0.033) G_GAN: 0.927 G_L1: 0.686 G_SSIM: 0.207 H_L1: 0.276 H_SSIM: 0.605 D_real: 0.022 D_fake: 0.018 att_A: 0.364 L_hall: 0.046 L_inter: 0.000 L_intra: 0.000 L_fsp: 0.476 fsp_3_4: 0.127 fsp_4_5: 0.139 fsp_5_6: 0.134 fsp_6_7: 0.076 
(epoch: 5, iters: 1192, time: 0.034) G_GAN: 0.417 G_L1: 0.166 G_SSIM: 0.069 H_L1: 0.304 H_SSIM: 0.582 D_real: 0.375 D_fake: 0.010 att_A: 0.247 L_hall: 0.047 L_inter: 0.000 L_intra: 0.000 L_fsp: 0.382 fsp_3_4: 0.103 fsp_4_5: 0.141 fsp_5_6: 0.108 fsp_6_7: 0.030 
(epoch: 5, iters: 1292, time: 0.033) G_GAN: 1.136 G_L1: 0.749 G_SSIM: 0.295 H_L1: 0.292 H_SSIM: 0.435 D_real: 0.021 D_fake: 0.010 att_A: 0.611 L_hall: 0.062 L_inter: 0.000 L_intra: 0.000 L_fsp: 0.776 fsp_3_4: 0.151 fsp_4_5: 0.202 fsp_5_6: 0.208 fsp_6_7: 0.215 
(epoch: 5, iters: 1392, time: 0.034) G_GAN: 0.986 G_L1: 0.564 G_SSIM: 0.382 H_L1: 0.245 H_SSIM: 0.643 D_real: 0.020 D_fake: 0.115 att_A: 0.639 L_hall: 0.053 L_inter: 0.000 L_intra: 0.000 L_fsp: 0.512 fsp_3_4: 0.126 fsp_4_5: 0.131 fsp_5_6: 0.207 fsp_6_7: 0.047 
(epoch: 5, iters: 1492, time: 0.053) G_GAN: 1.128 G_L1: 0.554 G_SSIM: 0.167 H_L1: 0.172 H_SSIM: 0.412 D_real: 0.014 D_fake: 0.014 att_A: 0.574 L_hall: 0.056 L_inter: 0.000 L_intra: 0.000 L_fsp: 0.704 fsp_3_4: 0.117 fsp_4_5: 0.153 fsp_5_6: 0.148 fsp_6_7: 0.286 
(epoch: 5, iters: 1592, time: 0.034) G_GAN: 1.036 G_L1: 0.391 G_SSIM: 0.340 H_L1: 0.208 H_SSIM: 0.500 D_real: 0.006 D_fake: 0.008 att_A: 0.658 L_hall: 0.051 L_inter: 0.000 L_intra: 0.000 L_fsp: 0.583 fsp_3_4: 0.109 fsp_4_5: 0.162 fsp_5_6: 0.151 fsp_6_7: 0.161 
(epoch: 5, iters: 1692, time: 0.034) G_GAN: 1.132 G_L1: 0.366 G_SSIM: 0.131 H_L1: 0.180 H_SSIM: 0.310 D_real: 0.041 D_fake: 0.015 att_A: 0.767 L_hall: 0.059 L_inter: 0.000 L_intra: 0.000 L_fsp: 0.728 fsp_3_4: 0.136 fsp_4_5: 0.233 fsp_5_6: 0.189 fsp_6_7: 0.171 
(epoch: 5, iters: 1792, time: 0.034) G_GAN: 0.773 G_L1: 0.180 G_SSIM: 0.091 H_L1: 0.172 H_SSIM: 0.266 D_real: 0.308 D_fake: 0.012 att_A: 0.453 L_hall: 0.048 L_inter: 0.000 L_intra: 0.000 L_fsp: 0.562 fsp_3_4: 0.110 fsp_4_5: 0.166 fsp_5_6: 0.152 fsp_6_7: 0.134 
(epoch: 5, iters: 1892, time: 0.036) G_GAN: 0.938 G_L1: 0.422 G_SSIM: 0.282 H_L1: 0.205 H_SSIM: 0.517 D_real: 0.021 D_fake: 0.013 att_A: 0.467 L_hall: 0.049 L_inter: 0.000 L_intra: 0.000 L_fsp: 0.539 fsp_3_4: 0.119 fsp_4_5: 0.147 fsp_5_6: 0.167 fsp_6_7: 0.105 
(epoch: 5, iters: 1992, time: 0.058) G_GAN: 1.056 G_L1: 0.531 G_SSIM: 0.390 H_L1: 0.228 H_SSIM: 0.617 D_real: 0.012 D_fake: 0.010 att_A: 0.702 L_hall: 0.053 L_inter: 0.000 L_intra: 0.000 L_fsp: 0.602 fsp_3_4: 0.100 fsp_4_5: 0.140 fsp_5_6: 0.193 fsp_6_7: 0.170 
(epoch: 5, iters: 2092, time: 0.034) G_GAN: 0.450 G_L1: 0.347 G_SSIM: 0.218 H_L1: 0.218 H_SSIM: 0.483 D_real: 0.177 D_fake: 0.058 att_A: 0.442 L_hall: 0.050 L_inter: 0.000 L_intra: 0.000 L_fsp: 0.462 fsp_3_4: 0.099 fsp_4_5: 0.122 fsp_5_6: 0.148 fsp_6_7: 0.093 
(epoch: 5, iters: 2192, time: 0.035) G_GAN: 0.882 G_L1: 0.370 G_SSIM: 0.208 H_L1: 0.163 H_SSIM: 0.377 D_real: 0.013 D_fake: 0.008 att_A: 0.637 L_hall: 0.057 L_inter: 0.000 L_intra: 0.000 L_fsp: 0.797 fsp_3_4: 0.178 fsp_4_5: 0.180 fsp_5_6: 0.227 fsp_6_7: 0.212 
(epoch: 5, iters: 2292, time: 0.035) G_GAN: 0.467 G_L1: 0.258 G_SSIM: 0.071 H_L1: 0.092 H_SSIM: 0.223 D_real: 0.070 D_fake: 0.127 att_A: 0.777 L_hall: 0.033 L_inter: 0.000 L_intra: 0.000 L_fsp: 0.380 fsp_3_4: 0.080 fsp_4_5: 0.093 fsp_5_6: 0.126 fsp_6_7: 0.081 
(epoch: 5, iters: 2392, time: 0.034) G_GAN: 1.026 G_L1: 0.249 G_SSIM: 0.173 H_L1: 0.227 H_SSIM: 0.496 D_real: 0.015 D_fake: 0.008 att_A: 0.472 L_hall: 0.057 L_inter: 0.000 L_intra: 0.000 L_fsp: 0.565 fsp_3_4: 0.121 fsp_4_5: 0.174 fsp_5_6: 0.214 fsp_6_7: 0.055 
(epoch: 5, iters: 2492, time: 0.082) G_GAN: 0.170 G_L1: 0.122 G_SSIM: 0.018 H_L1: 0.084 H_SSIM: 0.054 D_real: 0.122 D_fake: 0.357 att_A: 0.675 L_hall: 0.047 L_inter: 0.000 L_intra: 0.000 L_fsp: 0.644 fsp_3_4: 0.116 fsp_4_5: 0.178 fsp_5_6: 0.174 fsp_6_7: 0.176 
(epoch: 5, iters: 2592, time: 0.035) G_GAN: 1.158 G_L1: 0.370 G_SSIM: 0.246 H_L1: 0.245 H_SSIM: 0.489 D_real: 0.014 D_fake: 0.009 att_A: 0.721 L_hall: 0.053 L_inter: 0.000 L_intra: 0.000 L_fsp: 0.499 fsp_3_4: 0.101 fsp_4_5: 0.123 fsp_5_6: 0.147 fsp_6_7: 0.128 
(epoch: 5, iters: 2692, time: 0.034) G_GAN: 0.852 G_L1: 0.503 G_SSIM: 0.341 H_L1: 0.211 H_SSIM: 0.493 D_real: 0.015 D_fake: 0.015 att_A: 0.493 L_hall: 0.052 L_inter: 0.000 L_intra: 0.000 L_fsp: 0.534 fsp_3_4: 0.130 fsp_4_5: 0.216 fsp_5_6: 0.116 fsp_6_7: 0.073 
(epoch: 5, iters: 2792, time: 0.036) G_GAN: 0.928 G_L1: 0.562 G_SSIM: 0.476 H_L1: 0.229 H_SSIM: 0.589 D_real: 0.023 D_fake: 0.008 att_A: 0.555 L_hall: 0.050 L_inter: 0.000 L_intra: 0.000 L_fsp: 0.636 fsp_3_4: 0.110 fsp_4_5: 0.178 fsp_5_6: 0.199 fsp_6_7: 0.150 
(epoch: 5, iters: 2892, time: 0.035) G_GAN: 0.858 G_L1: 0.420 G_SSIM: 0.215 H_L1: 0.157 H_SSIM: 0.417 D_real: 0.013 D_fake: 0.043 att_A: 0.598 L_hall: 0.050 L_inter: 0.000 L_intra: 0.000 L_fsp: 0.574 fsp_3_4: 0.105 fsp_4_5: 0.162 fsp_5_6: 0.190 fsp_6_7: 0.118 
(epoch: 5, iters: 2992, time: 0.068) G_GAN: 0.831 G_L1: 0.616 G_SSIM: 0.377 H_L1: 0.210 H_SSIM: 0.500 D_real: 0.013 D_fake: 0.013 att_A: 0.646 L_hall: 0.055 L_inter: 0.000 L_intra: 0.000 L_fsp: 0.735 fsp_3_4: 0.104 fsp_4_5: 0.234 fsp_5_6: 0.198 fsp_6_7: 0.199 
(epoch: 5, iters: 3092, time: 0.034) G_GAN: 1.052 G_L1: 0.313 G_SSIM: 0.190 H_L1: 0.261 H_SSIM: 0.550 D_real: 0.105 D_fake: 0.015 att_A: 0.472 L_hall: 0.047 L_inter: 0.000 L_intra: 0.000 L_fsp: 0.518 fsp_3_4: 0.092 fsp_4_5: 0.149 fsp_5_6: 0.140 fsp_6_7: 0.138 
(epoch: 5, iters: 3192, time: 0.034) G_GAN: 0.918 G_L1: 0.440 G_SSIM: 0.201 H_L1: 0.204 H_SSIM: 0.526 D_real: 0.010 D_fake: 0.016 att_A: 0.471 L_hall: 0.048 L_inter: 0.000 L_intra: 0.000 L_fsp: 0.479 fsp_3_4: 0.121 fsp_4_5: 0.141 fsp_5_6: 0.149 fsp_6_7: 0.068 
(epoch: 5, iters: 3292, time: 0.034) G_GAN: 0.057 G_L1: 0.365 G_SSIM: 0.242 H_L1: 0.250 H_SSIM: 0.428 D_real: 0.014 D_fake: 0.640 att_A: 0.430 L_hall: 0.053 L_inter: 0.000 L_intra: 0.000 L_fsp: 0.499 fsp_3_4: 0.110 fsp_4_5: 0.146 fsp_5_6: 0.173 fsp_6_7: 0.069 
(epoch: 5, iters: 3392, time: 0.035) G_GAN: 1.282 G_L1: 0.463 G_SSIM: 0.347 H_L1: 0.202 H_SSIM: 0.575 D_real: 0.048 D_fake: 0.024 att_A: 0.684 L_hall: 0.052 L_inter: 0.000 L_intra: 0.000 L_fsp: 0.585 fsp_3_4: 0.128 fsp_4_5: 0.183 fsp_5_6: 0.165 fsp_6_7: 0.109 
(epoch: 5, iters: 3492, time: 0.057) G_GAN: 0.814 G_L1: 0.261 G_SSIM: 0.147 H_L1: 0.265 H_SSIM: 0.517 D_real: 0.080 D_fake: 0.248 att_A: 0.350 L_hall: 0.052 L_inter: 0.000 L_intra: 0.000 L_fsp: 0.482 fsp_3_4: 0.104 fsp_4_5: 0.153 fsp_5_6: 0.133 fsp_6_7: 0.091 
saving the latest model (epoch 5, total_steps 40000)
(epoch: 5, iters: 3592, time: 0.035) G_GAN: 0.181 G_L1: 0.258 G_SSIM: 0.119 H_L1: 0.181 H_SSIM: 0.446 D_real: 0.010 D_fake: 0.229 att_A: 0.491 L_hall: 0.051 L_inter: 0.000 L_intra: 0.000 L_fsp: 0.575 fsp_3_4: 0.107 fsp_4_5: 0.126 fsp_5_6: 0.131 fsp_6_7: 0.210 
(epoch: 5, iters: 3692, time: 0.034) G_GAN: 1.334 G_L1: 0.326 G_SSIM: 0.234 H_L1: 0.267 H_SSIM: 0.535 D_real: 0.017 D_fake: 0.035 att_A: 0.359 L_hall: 0.050 L_inter: 0.000 L_intra: 0.000 L_fsp: 0.435 fsp_3_4: 0.087 fsp_4_5: 0.129 fsp_5_6: 0.150 fsp_6_7: 0.069 
(epoch: 5, iters: 3792, time: 0.033) G_GAN: 1.030 G_L1: 0.110 G_SSIM: 0.016 H_L1: 0.102 H_SSIM: 0.048 D_real: 0.015 D_fake: 0.004 att_A: 0.653 L_hall: 0.052 L_inter: 0.000 L_intra: 0.000 L_fsp: 0.611 fsp_3_4: 0.107 fsp_4_5: 0.186 fsp_5_6: 0.168 fsp_6_7: 0.150 
(epoch: 5, iters: 3892, time: 0.035) G_GAN: 0.281 G_L1: 0.215 G_SSIM: 0.080 H_L1: 0.260 H_SSIM: 0.514 D_real: 0.101 D_fake: 0.232 att_A: 0.340 L_hall: 0.054 L_inter: 0.000 L_intra: 0.000 L_fsp: 0.530 fsp_3_4: 0.112 fsp_4_5: 0.160 fsp_5_6: 0.149 fsp_6_7: 0.108 
(epoch: 5, iters: 3992, time: 0.055) G_GAN: 0.883 G_L1: 0.471 G_SSIM: 0.289 H_L1: 0.229 H_SSIM: 0.460 D_real: 0.007 D_fake: 0.033 att_A: 0.692 L_hall: 0.057 L_inter: 0.000 L_intra: 0.000 L_fsp: 0.642 fsp_3_4: 0.119 fsp_4_5: 0.179 fsp_5_6: 0.197 fsp_6_7: 0.147 
(epoch: 5, iters: 4092, time: 0.034) G_GAN: 1.108 G_L1: 0.450 G_SSIM: 0.381 H_L1: 0.239 H_SSIM: 0.539 D_real: 0.017 D_fake: 0.025 att_A: 0.835 L_hall: 0.061 L_inter: 0.000 L_intra: 0.000 L_fsp: 0.761 fsp_3_4: 0.147 fsp_4_5: 0.166 fsp_5_6: 0.189 fsp_6_7: 0.259 
(epoch: 5, iters: 4192, time: 0.034) G_GAN: 0.251 G_L1: 0.204 G_SSIM: 0.093 H_L1: 0.285 H_SSIM: 0.560 D_real: 0.097 D_fake: 0.007 att_A: 0.283 L_hall: 0.047 L_inter: 0.000 L_intra: 0.000 L_fsp: 0.429 fsp_3_4: 0.101 fsp_4_5: 0.163 fsp_5_6: 0.087 fsp_6_7: 0.079 
(epoch: 5, iters: 4292, time: 0.034) G_GAN: 1.136 G_L1: 0.363 G_SSIM: 0.270 H_L1: 0.208 H_SSIM: 0.453 D_real: 0.022 D_fake: 0.316 att_A: 0.726 L_hall: 0.057 L_inter: 0.000 L_intra: 0.000 L_fsp: 0.549 fsp_3_4: 0.136 fsp_4_5: 0.173 fsp_5_6: 0.126 fsp_6_7: 0.113 
(epoch: 5, iters: 4392, time: 0.034) G_GAN: 1.213 G_L1: 0.083 G_SSIM: 0.002 H_L1: 0.059 H_SSIM: 0.024 D_real: 0.349 D_fake: 0.019 att_A: 0.772 L_hall: 0.047 L_inter: 0.000 L_intra: 0.000 L_fsp: 0.836 fsp_3_4: 0.162 fsp_4_5: 0.172 fsp_5_6: 0.237 fsp_6_7: 0.266 
(epoch: 5, iters: 4492, time: 0.059) G_GAN: 1.033 G_L1: 0.784 G_SSIM: 0.603 H_L1: 0.311 H_SSIM: 0.631 D_real: 0.025 D_fake: 0.025 att_A: 0.969 L_hall: 0.072 L_inter: 0.000 L_intra: 0.000 L_fsp: 0.718 fsp_3_4: 0.146 fsp_4_5: 0.217 fsp_5_6: 0.225 fsp_6_7: 0.131 
(epoch: 5, iters: 4592, time: 0.034) G_GAN: 1.065 G_L1: 0.548 G_SSIM: 0.229 H_L1: 0.247 H_SSIM: 0.382 D_real: 0.011 D_fake: 0.012 att_A: 0.721 L_hall: 0.057 L_inter: 0.000 L_intra: 0.000 L_fsp: 0.629 fsp_3_4: 0.131 fsp_4_5: 0.193 fsp_5_6: 0.202 fsp_6_7: 0.103 
(epoch: 5, iters: 4692, time: 0.034) G_GAN: 0.658 G_L1: 0.360 G_SSIM: 0.010 H_L1: 0.202 H_SSIM: 0.058 D_real: 0.009 D_fake: 0.007 att_A: 0.467 L_hall: 0.048 L_inter: 0.000 L_intra: 0.000 L_fsp: 0.888 fsp_3_4: 0.220 fsp_4_5: 0.214 fsp_5_6: 0.270 fsp_6_7: 0.183 
(epoch: 5, iters: 4792, time: 0.034) G_GAN: 0.478 G_L1: 0.226 G_SSIM: 0.049 H_L1: 0.119 H_SSIM: 0.081 D_real: 0.032 D_fake: 0.340 att_A: 0.425 L_hall: 0.055 L_inter: 0.000 L_intra: 0.000 L_fsp: 0.484 fsp_3_4: 0.080 fsp_4_5: 0.173 fsp_5_6: 0.149 fsp_6_7: 0.082 
(epoch: 5, iters: 4892, time: 0.033) G_GAN: 0.262 G_L1: 0.292 G_SSIM: 0.219 H_L1: 0.258 H_SSIM: 0.506 D_real: 0.010 D_fake: 0.265 att_A: 0.411 L_hall: 0.054 L_inter: 0.000 L_intra: 0.000 L_fsp: 0.518 fsp_3_4: 0.102 fsp_4_5: 0.169 fsp_5_6: 0.173 fsp_6_7: 0.074 
(epoch: 5, iters: 4992, time: 0.051) G_GAN: 0.617 G_L1: 0.297 G_SSIM: 0.148 H_L1: 0.164 H_SSIM: 0.368 D_real: 0.023 D_fake: 0.016 att_A: 0.553 L_hall: 0.042 L_inter: 0.000 L_intra: 0.000 L_fsp: 0.453 fsp_3_4: 0.114 fsp_4_5: 0.121 fsp_5_6: 0.142 fsp_6_7: 0.076 
(epoch: 5, iters: 5092, time: 0.034) G_GAN: 1.047 G_L1: 0.435 G_SSIM: 0.392 H_L1: 0.261 H_SSIM: 0.575 D_real: 0.011 D_fake: 0.004 att_A: 0.737 L_hall: 0.058 L_inter: 0.000 L_intra: 0.000 L_fsp: 0.701 fsp_3_4: 0.110 fsp_4_5: 0.177 fsp_5_6: 0.244 fsp_6_7: 0.170 
(epoch: 5, iters: 5192, time: 0.034) G_GAN: 1.126 G_L1: 0.345 G_SSIM: 0.178 H_L1: 0.202 H_SSIM: 0.506 D_real: 0.048 D_fake: 0.019 att_A: 0.483 L_hall: 0.048 L_inter: 0.000 L_intra: 0.000 L_fsp: 0.463 fsp_3_4: 0.114 fsp_4_5: 0.133 fsp_5_6: 0.149 fsp_6_7: 0.067 
(epoch: 5, iters: 5292, time: 0.033) G_GAN: 0.138 G_L1: 0.032 G_SSIM: 0.002 H_L1: 0.059 H_SSIM: 0.030 D_real: 0.023 D_fake: 0.028 att_A: 0.798 L_hall: 0.047 L_inter: 0.000 L_intra: 0.000 L_fsp: 0.763 fsp_3_4: 0.131 fsp_4_5: 0.135 fsp_5_6: 0.268 fsp_6_7: 0.229 
(epoch: 5, iters: 5392, time: 0.033) G_GAN: 0.994 G_L1: 0.305 G_SSIM: 0.147 H_L1: 0.319 H_SSIM: 0.551 D_real: 0.033 D_fake: 0.010 att_A: 0.503 L_hall: 0.050 L_inter: 0.000 L_intra: 0.000 L_fsp: 0.557 fsp_3_4: 0.106 fsp_4_5: 0.133 fsp_5_6: 0.211 fsp_6_7: 0.107 
(epoch: 5, iters: 5492, time: 0.059) G_GAN: 0.250 G_L1: 0.279 G_SSIM: 0.207 H_L1: 0.238 H_SSIM: 0.472 D_real: 0.139 D_fake: 0.012 att_A: 0.472 L_hall: 0.054 L_inter: 0.000 L_intra: 0.000 L_fsp: 0.666 fsp_3_4: 0.089 fsp_4_5: 0.148 fsp_5_6: 0.287 fsp_6_7: 0.142 
(epoch: 5, iters: 5592, time: 0.034) G_GAN: 1.049 G_L1: 0.475 G_SSIM: 0.309 H_L1: 0.169 H_SSIM: 0.390 D_real: 0.006 D_fake: 0.006 att_A: 0.840 L_hall: 0.058 L_inter: 0.000 L_intra: 0.000 L_fsp: 0.737 fsp_3_4: 0.150 fsp_4_5: 0.170 fsp_5_6: 0.206 fsp_6_7: 0.211 
(epoch: 5, iters: 5692, time: 0.035) G_GAN: 1.083 G_L1: 0.138 G_SSIM: 0.029 H_L1: 0.157 H_SSIM: 0.091 D_real: 0.120 D_fake: 0.015 att_A: 0.614 L_hall: 0.055 L_inter: 0.000 L_intra: 0.000 L_fsp: 0.687 fsp_3_4: 0.078 fsp_4_5: 0.133 fsp_5_6: 0.263 fsp_6_7: 0.213 
(epoch: 5, iters: 5792, time: 0.034) G_GAN: 1.097 G_L1: 0.395 G_SSIM: 0.358 H_L1: 0.188 H_SSIM: 0.591 D_real: 0.013 D_fake: 0.009 att_A: 0.673 L_hall: 0.054 L_inter: 0.000 L_intra: 0.000 L_fsp: 0.693 fsp_3_4: 0.101 fsp_4_5: 0.193 fsp_5_6: 0.185 fsp_6_7: 0.214 
(epoch: 5, iters: 5892, time: 0.034) G_GAN: 1.037 G_L1: 0.534 G_SSIM: 0.277 H_L1: 0.276 H_SSIM: 0.541 D_real: 0.021 D_fake: 0.008 att_A: 0.443 L_hall: 0.048 L_inter: 0.000 L_intra: 0.000 L_fsp: 0.522 fsp_3_4: 0.105 fsp_4_5: 0.137 fsp_5_6: 0.127 fsp_6_7: 0.153 
(epoch: 5, iters: 5992, time: 0.063) G_GAN: 1.047 G_L1: 0.280 G_SSIM: 0.196 H_L1: 0.156 H_SSIM: 0.346 D_real: 0.020 D_fake: 0.012 att_A: 0.885 L_hall: 0.062 L_inter: 0.000 L_intra: 0.000 L_fsp: 0.793 fsp_3_4: 0.197 fsp_4_5: 0.176 fsp_5_6: 0.207 fsp_6_7: 0.213 
(epoch: 5, iters: 6092, time: 0.034) G_GAN: 1.009 G_L1: 0.686 G_SSIM: 0.516 H_L1: 0.262 H_SSIM: 0.601 D_real: 0.008 D_fake: 0.004 att_A: 0.945 L_hall: 0.063 L_inter: 0.000 L_intra: 0.000 L_fsp: 0.682 fsp_3_4: 0.130 fsp_4_5: 0.157 fsp_5_6: 0.208 fsp_6_7: 0.187 
(epoch: 5, iters: 6192, time: 0.034) G_GAN: 0.195 G_L1: 0.349 G_SSIM: 0.262 H_L1: 0.242 H_SSIM: 0.385 D_real: 0.126 D_fake: 0.062 att_A: 0.355 L_hall: 0.057 L_inter: 0.000 L_intra: 0.000 L_fsp: 0.677 fsp_3_4: 0.163 fsp_4_5: 0.212 fsp_5_6: 0.224 fsp_6_7: 0.079 
(epoch: 5, iters: 6292, time: 0.034) G_GAN: 0.954 G_L1: 0.472 G_SSIM: 0.346 H_L1: 0.220 H_SSIM: 0.475 D_real: 0.018 D_fake: 0.013 att_A: 0.721 L_hall: 0.053 L_inter: 0.000 L_intra: 0.000 L_fsp: 0.525 fsp_3_4: 0.112 fsp_4_5: 0.180 fsp_5_6: 0.124 fsp_6_7: 0.108 
(epoch: 5, iters: 6392, time: 0.036) G_GAN: 0.833 G_L1: 0.478 G_SSIM: 0.214 H_L1: 0.220 H_SSIM: 0.453 D_real: 0.015 D_fake: 0.056 att_A: 0.680 L_hall: 0.055 L_inter: 0.000 L_intra: 0.000 L_fsp: 0.671 fsp_3_4: 0.192 fsp_4_5: 0.166 fsp_5_6: 0.175 fsp_6_7: 0.138 
(epoch: 5, iters: 6492, time: 0.054) G_GAN: 1.191 G_L1: 0.447 G_SSIM: 0.374 H_L1: 0.264 H_SSIM: 0.640 D_real: 0.020 D_fake: 0.020 att_A: 0.663 L_hall: 0.055 L_inter: 0.000 L_intra: 0.000 L_fsp: 0.709 fsp_3_4: 0.092 fsp_4_5: 0.193 fsp_5_6: 0.150 fsp_6_7: 0.273 
(epoch: 5, iters: 6592, time: 0.034) G_GAN: 1.175 G_L1: 0.533 G_SSIM: 0.302 H_L1: 0.188 H_SSIM: 0.463 D_real: 0.033 D_fake: 0.024 att_A: 0.764 L_hall: 0.057 L_inter: 0.000 L_intra: 0.000 L_fsp: 0.649 fsp_3_4: 0.122 fsp_4_5: 0.206 fsp_5_6: 0.158 fsp_6_7: 0.162 
(epoch: 5, iters: 6692, time: 0.034) G_GAN: 1.161 G_L1: 0.279 G_SSIM: 0.124 H_L1: 0.212 H_SSIM: 0.460 D_real: 0.022 D_fake: 0.014 att_A: 0.647 L_hall: 0.052 L_inter: 0.000 L_intra: 0.000 L_fsp: 0.532 fsp_3_4: 0.124 fsp_4_5: 0.137 fsp_5_6: 0.179 fsp_6_7: 0.091 
(epoch: 5, iters: 6792, time: 0.034) G_GAN: 0.872 G_L1: 0.314 G_SSIM: 0.251 H_L1: 0.270 H_SSIM: 0.531 D_real: 0.008 D_fake: 0.010 att_A: 0.383 L_hall: 0.053 L_inter: 0.000 L_intra: 0.000 L_fsp: 0.474 fsp_3_4: 0.111 fsp_4_5: 0.151 fsp_5_6: 0.124 fsp_6_7: 0.088 
(epoch: 5, iters: 6892, time: 0.034) G_GAN: 0.162 G_L1: 0.236 G_SSIM: 0.131 H_L1: 0.207 H_SSIM: 0.478 D_real: 0.018 D_fake: 0.025 att_A: 0.368 L_hall: 0.049 L_inter: 0.000 L_intra: 0.000 L_fsp: 0.469 fsp_3_4: 0.087 fsp_4_5: 0.135 fsp_5_6: 0.142 fsp_6_7: 0.105 
(epoch: 5, iters: 6992, time: 0.059) G_GAN: 0.949 G_L1: 0.333 G_SSIM: 0.222 H_L1: 0.188 H_SSIM: 0.415 D_real: 0.346 D_fake: 0.031 att_A: 0.555 L_hall: 0.049 L_inter: 0.000 L_intra: 0.000 L_fsp: 0.810 fsp_3_4: 0.107 fsp_4_5: 0.167 fsp_5_6: 0.238 fsp_6_7: 0.298 
(epoch: 5, iters: 7092, time: 0.034) G_GAN: 0.468 G_L1: 0.452 G_SSIM: 0.213 H_L1: 0.217 H_SSIM: 0.464 D_real: 0.018 D_fake: 0.365 att_A: 0.533 L_hall: 0.046 L_inter: 0.000 L_intra: 0.000 L_fsp: 0.584 fsp_3_4: 0.101 fsp_4_5: 0.170 fsp_5_6: 0.122 fsp_6_7: 0.191 
(epoch: 5, iters: 7192, time: 0.033) G_GAN: 0.229 G_L1: 0.181 G_SSIM: 0.056 H_L1: 0.225 H_SSIM: 0.503 D_real: 0.106 D_fake: 0.025 att_A: 0.307 L_hall: 0.057 L_inter: 0.000 L_intra: 0.000 L_fsp: 0.607 fsp_3_4: 0.128 fsp_4_5: 0.173 fsp_5_6: 0.160 fsp_6_7: 0.146 
(epoch: 5, iters: 7292, time: 0.034) G_GAN: 1.092 G_L1: 0.435 G_SSIM: 0.335 H_L1: 0.217 H_SSIM: 0.599 D_real: 0.013 D_fake: 0.011 att_A: 0.672 L_hall: 0.054 L_inter: 0.000 L_intra: 0.000 L_fsp: 0.686 fsp_3_4: 0.119 fsp_4_5: 0.137 fsp_5_6: 0.150 fsp_6_7: 0.280 
(epoch: 5, iters: 7392, time: 0.033) G_GAN: 1.059 G_L1: 0.337 G_SSIM: 0.281 H_L1: 0.250 H_SSIM: 0.470 D_real: 0.027 D_fake: 0.012 att_A: 0.617 L_hall: 0.054 L_inter: 0.000 L_intra: 0.000 L_fsp: 0.618 fsp_3_4: 0.147 fsp_4_5: 0.195 fsp_5_6: 0.179 fsp_6_7: 0.097 
(epoch: 5, iters: 7492, time: 0.061) G_GAN: 0.978 G_L1: 0.414 G_SSIM: 0.374 H_L1: 0.234 H_SSIM: 0.568 D_real: 0.013 D_fake: 0.147 att_A: 0.786 L_hall: 0.055 L_inter: 0.000 L_intra: 0.000 L_fsp: 0.787 fsp_3_4: 0.126 fsp_4_5: 0.220 fsp_5_6: 0.173 fsp_6_7: 0.267 
(epoch: 5, iters: 7592, time: 0.034) G_GAN: 0.968 G_L1: 0.279 G_SSIM: 0.171 H_L1: 0.216 H_SSIM: 0.423 D_real: 0.015 D_fake: 0.012 att_A: 0.769 L_hall: 0.059 L_inter: 0.000 L_intra: 0.000 L_fsp: 0.778 fsp_3_4: 0.136 fsp_4_5: 0.182 fsp_5_6: 0.208 fsp_6_7: 0.252 
(epoch: 5, iters: 7692, time: 0.035) G_GAN: 0.128 G_L1: 0.334 G_SSIM: 0.112 H_L1: 0.226 H_SSIM: 0.439 D_real: 0.035 D_fake: 0.485 att_A: 0.366 L_hall: 0.045 L_inter: 0.000 L_intra: 0.000 L_fsp: 0.625 fsp_3_4: 0.116 fsp_4_5: 0.171 fsp_5_6: 0.172 fsp_6_7: 0.166 
(epoch: 5, iters: 7792, time: 0.033) G_GAN: 0.092 G_L1: 0.508 G_SSIM: 0.255 H_L1: 0.241 H_SSIM: 0.541 D_real: 0.007 D_fake: 0.127 att_A: 0.354 L_hall: 0.053 L_inter: 0.000 L_intra: 0.000 L_fsp: 0.580 fsp_3_4: 0.125 fsp_4_5: 0.153 fsp_5_6: 0.162 fsp_6_7: 0.140 
(epoch: 5, iters: 7892, time: 0.034) G_GAN: 1.331 G_L1: 0.271 G_SSIM: 0.046 H_L1: 0.112 H_SSIM: 0.095 D_real: 0.043 D_fake: 0.040 att_A: 0.735 L_hall: 0.054 L_inter: 0.000 L_intra: 0.000 L_fsp: 0.615 fsp_3_4: 0.094 fsp_4_5: 0.154 fsp_5_6: 0.209 fsp_6_7: 0.157 
(epoch: 5, iters: 7992, time: 0.051) G_GAN: 0.988 G_L1: 0.724 G_SSIM: 0.402 H_L1: 0.245 H_SSIM: 0.468 D_real: 0.024 D_fake: 0.016 att_A: 0.877 L_hall: 0.059 L_inter: 0.000 L_intra: 0.000 L_fsp: 0.844 fsp_3_4: 0.173 fsp_4_5: 0.198 fsp_5_6: 0.261 fsp_6_7: 0.212 
(epoch: 5, iters: 8092, time: 0.034) G_GAN: 1.065 G_L1: 0.310 G_SSIM: 0.168 H_L1: 0.274 H_SSIM: 0.370 D_real: 0.006 D_fake: 0.008 att_A: 0.659 L_hall: 0.058 L_inter: 0.000 L_intra: 0.000 L_fsp: 0.737 fsp_3_4: 0.139 fsp_4_5: 0.153 fsp_5_6: 0.160 fsp_6_7: 0.286 
(epoch: 5, iters: 8192, time: 0.034) G_GAN: 0.806 G_L1: 0.550 G_SSIM: 0.272 H_L1: 0.196 H_SSIM: 0.503 D_real: 0.041 D_fake: 0.219 att_A: 0.538 L_hall: 0.055 L_inter: 0.000 L_intra: 0.000 L_fsp: 0.666 fsp_3_4: 0.153 fsp_4_5: 0.219 fsp_5_6: 0.176 fsp_6_7: 0.118 
(epoch: 5, iters: 8292, time: 0.034) G_GAN: 1.003 G_L1: 0.358 G_SSIM: 0.187 H_L1: 0.330 H_SSIM: 0.551 D_real: 0.039 D_fake: 0.010 att_A: 0.502 L_hall: 0.059 L_inter: 0.000 L_intra: 0.000 L_fsp: 0.840 fsp_3_4: 0.132 fsp_4_5: 0.167 fsp_5_6: 0.199 fsp_6_7: 0.343 
(epoch: 5, iters: 8392, time: 0.034) G_GAN: 0.887 G_L1: 0.318 G_SSIM: 0.181 H_L1: 0.192 H_SSIM: 0.561 D_real: 0.029 D_fake: 0.010 att_A: 0.418 L_hall: 0.050 L_inter: 0.000 L_intra: 0.000 L_fsp: 0.564 fsp_3_4: 0.119 fsp_4_5: 0.164 fsp_5_6: 0.176 fsp_6_7: 0.105 
(epoch: 5, iters: 8492, time: 0.054) G_GAN: 0.304 G_L1: 0.288 G_SSIM: 0.199 H_L1: 0.281 H_SSIM: 0.521 D_real: 0.033 D_fake: 0.010 att_A: 0.308 L_hall: 0.047 L_inter: 0.000 L_intra: 0.000 L_fsp: 0.432 fsp_3_4: 0.097 fsp_4_5: 0.136 fsp_5_6: 0.129 fsp_6_7: 0.070 
saving the latest model (epoch 5, total_steps 45000)
(epoch: 5, iters: 8592, time: 0.034) G_GAN: 0.599 G_L1: 0.320 G_SSIM: 0.137 H_L1: 0.244 H_SSIM: 0.454 D_real: 0.011 D_fake: 0.008 att_A: 0.545 L_hall: 0.057 L_inter: 0.000 L_intra: 0.000 L_fsp: 0.551 fsp_3_4: 0.116 fsp_4_5: 0.161 fsp_5_6: 0.144 fsp_6_7: 0.129 
(epoch: 5, iters: 8692, time: 0.034) G_GAN: 1.026 G_L1: 0.395 G_SSIM: 0.204 H_L1: 0.196 H_SSIM: 0.472 D_real: 0.015 D_fake: 0.005 att_A: 0.493 L_hall: 0.051 L_inter: 0.000 L_intra: 0.000 L_fsp: 0.424 fsp_3_4: 0.130 fsp_4_5: 0.118 fsp_5_6: 0.137 fsp_6_7: 0.040 
(epoch: 5, iters: 8792, time: 0.034) G_GAN: 1.132 G_L1: 0.220 G_SSIM: 0.139 H_L1: 0.234 H_SSIM: 0.390 D_real: 0.067 D_fake: 0.180 att_A: 0.677 L_hall: 0.059 L_inter: 0.000 L_intra: 0.000 L_fsp: 0.745 fsp_3_4: 0.141 fsp_4_5: 0.149 fsp_5_6: 0.171 fsp_6_7: 0.285 
(epoch: 5, iters: 8892, time: 0.035) G_GAN: 1.003 G_L1: 0.599 G_SSIM: 0.640 H_L1: 0.218 H_SSIM: 0.633 D_real: 0.017 D_fake: 0.014 att_A: 0.619 L_hall: 0.052 L_inter: 0.000 L_intra: 0.000 L_fsp: 0.567 fsp_3_4: 0.102 fsp_4_5: 0.149 fsp_5_6: 0.156 fsp_6_7: 0.160 
(epoch: 5, iters: 8992, time: 0.056) G_GAN: 0.317 G_L1: 0.231 G_SSIM: 0.116 H_L1: 0.194 H_SSIM: 0.457 D_real: 0.034 D_fake: 0.017 att_A: 0.378 L_hall: 0.053 L_inter: 0.000 L_intra: 0.000 L_fsp: 0.593 fsp_3_4: 0.146 fsp_4_5: 0.219 fsp_5_6: 0.149 fsp_6_7: 0.079 
(epoch: 5, iters: 9092, time: 0.034) G_GAN: 0.702 G_L1: 0.066 G_SSIM: 0.013 H_L1: 0.078 H_SSIM: 0.047 D_real: 0.436 D_fake: 0.032 att_A: 0.592 L_hall: 0.046 L_inter: 0.000 L_intra: 0.000 L_fsp: 0.708 fsp_3_4: 0.102 fsp_4_5: 0.111 fsp_5_6: 0.164 fsp_6_7: 0.332 
saving the model at the end of epoch 5, iters 45635
epoch 5  fsp_3_4:0.126096  fsp_3_4_degen:0.000000  fsp_4_5:0.164978  fsp_4_5_degen:0.000000  fsp_5_6:0.180065  fsp_5_6_degen:0.000000  fsp_6_7:0.161440  fsp_6_7_degen:0.000000
End of epoch 5 / 30 	 Time Taken: 467 sec
learning rate = 0.0002000
(epoch: 6, iters: 65, time: 0.034) G_GAN: 1.097 G_L1: 0.548 G_SSIM: 0.262 H_L1: 0.167 H_SSIM: 0.342 D_real: 0.009 D_fake: 0.011 att_A: 0.803 L_hall: 0.056 L_inter: 0.000 L_intra: 0.000 L_fsp: 0.847 fsp_3_4: 0.225 fsp_4_5: 0.210 fsp_5_6: 0.218 fsp_6_7: 0.194 
(epoch: 6, iters: 165, time: 0.039) G_GAN: 0.951 G_L1: 0.382 G_SSIM: 0.174 H_L1: 0.245 H_SSIM: 0.478 D_real: 0.012 D_fake: 0.010 att_A: 0.673 L_hall: 0.053 L_inter: 0.000 L_intra: 0.000 L_fsp: 0.580 fsp_3_4: 0.096 fsp_4_5: 0.132 fsp_5_6: 0.144 fsp_6_7: 0.208 
(epoch: 6, iters: 265, time: 0.034) G_GAN: 1.182 G_L1: 0.462 G_SSIM: 0.287 H_L1: 0.211 H_SSIM: 0.412 D_real: 0.004 D_fake: 0.011 att_A: 0.760 L_hall: 0.057 L_inter: 0.000 L_intra: 0.000 L_fsp: 0.698 fsp_3_4: 0.123 fsp_4_5: 0.193 fsp_5_6: 0.209 fsp_6_7: 0.174 
(epoch: 6, iters: 365, time: 0.058) G_GAN: 0.239 G_L1: 0.134 G_SSIM: 0.037 H_L1: 0.118 H_SSIM: 0.079 D_real: 0.011 D_fake: 0.005 att_A: 0.636 L_hall: 0.052 L_inter: 0.000 L_intra: 0.000 L_fsp: 0.566 fsp_3_4: 0.098 fsp_4_5: 0.145 fsp_5_6: 0.178 fsp_6_7: 0.145 
(epoch: 6, iters: 465, time: 0.037) G_GAN: 0.317 G_L1: 0.350 G_SSIM: 0.321 H_L1: 0.235 H_SSIM: 0.584 D_real: 0.045 D_fake: 0.015 att_A: 0.526 L_hall: 0.055 L_inter: 0.000 L_intra: 0.000 L_fsp: 0.666 fsp_3_4: 0.134 fsp_4_5: 0.172 fsp_5_6: 0.138 fsp_6_7: 0.221 
(epoch: 6, iters: 565, time: 0.034) G_GAN: 0.845 G_L1: 0.235 G_SSIM: 0.169 H_L1: 0.258 H_SSIM: 0.553 D_real: 0.009 D_fake: 0.017 att_A: 0.396 L_hall: 0.050 L_inter: 0.000 L_intra: 0.000 L_fsp: 0.537 fsp_3_4: 0.111 fsp_4_5: 0.163 fsp_5_6: 0.163 fsp_6_7: 0.100 
(epoch: 6, iters: 665, time: 0.034) G_GAN: 1.375 G_L1: 0.360 G_SSIM: 0.321 H_L1: 0.238 H_SSIM: 0.572 D_real: 0.034 D_fake: 0.037 att_A: 0.701 L_hall: 0.055 L_inter: 0.000 L_intra: 0.000 L_fsp: 0.628 fsp_3_4: 0.090 fsp_4_5: 0.142 fsp_5_6: 0.190 fsp_6_7: 0.206 
(epoch: 6, iters: 765, time: 0.033) G_GAN: 0.291 G_L1: 0.359 G_SSIM: 0.155 H_L1: 0.250 H_SSIM: 0.569 D_real: 0.027 D_fake: 0.013 att_A: 0.305 L_hall: 0.046 L_inter: 0.000 L_intra: 0.000 L_fsp: 0.335 fsp_3_4: 0.097 fsp_4_5: 0.104 fsp_5_6: 0.095 fsp_6_7: 0.038 
(epoch: 6, iters: 865, time: 0.072) G_GAN: 0.893 G_L1: 0.421 G_SSIM: 0.256 H_L1: 0.183 H_SSIM: 0.368 D_real: 0.011 D_fake: 0.011 att_A: 0.695 L_hall: 0.053 L_inter: 0.000 L_intra: 0.000 L_fsp: 0.681 fsp_3_4: 0.232 fsp_4_5: 0.193 fsp_5_6: 0.151 fsp_6_7: 0.104 
(epoch: 6, iters: 965, time: 0.039) G_GAN: 0.959 G_L1: 0.355 G_SSIM: 0.181 H_L1: 0.225 H_SSIM: 0.414 D_real: 0.008 D_fake: 0.034 att_A: 0.501 L_hall: 0.045 L_inter: 0.000 L_intra: 0.000 L_fsp: 0.409 fsp_3_4: 0.089 fsp_4_5: 0.119 fsp_5_6: 0.149 fsp_6_7: 0.053 
(epoch: 6, iters: 1065, time: 0.033) G_GAN: 0.978 G_L1: 0.734 G_SSIM: 0.363 H_L1: 0.249 H_SSIM: 0.472 D_real: 0.014 D_fake: 0.014 att_A: 0.690 L_hall: 0.054 L_inter: 0.000 L_intra: 0.000 L_fsp: 0.551 fsp_3_4: 0.108 fsp_4_5: 0.156 fsp_5_6: 0.147 fsp_6_7: 0.141 
(epoch: 6, iters: 1165, time: 0.034) G_GAN: 0.955 G_L1: 0.223 G_SSIM: 0.119 H_L1: 0.238 H_SSIM: 0.503 D_real: 0.007 D_fake: 0.014 att_A: 0.545 L_hall: 0.050 L_inter: 0.000 L_intra: 0.000 L_fsp: 0.485 fsp_3_4: 0.126 fsp_4_5: 0.182 fsp_5_6: 0.145 fsp_6_7: 0.032 
(epoch: 6, iters: 1265, time: 0.034) G_GAN: 0.958 G_L1: 0.168 G_SSIM: 0.018 H_L1: 0.089 H_SSIM: 0.052 D_real: 0.050 D_fake: 0.019 att_A: 0.658 L_hall: 0.054 L_inter: 0.000 L_intra: 0.000 L_fsp: 0.773 fsp_3_4: 0.122 fsp_4_5: 0.166 fsp_5_6: 0.182 fsp_6_7: 0.302 
(epoch: 6, iters: 1365, time: 0.054) G_GAN: 0.542 G_L1: 0.343 G_SSIM: 0.211 H_L1: 0.231 H_SSIM: 0.580 D_real: 0.023 D_fake: 0.104 att_A: 0.500 L_hall: 0.047 L_inter: 0.000 L_intra: 0.000 L_fsp: 0.449 fsp_3_4: 0.080 fsp_4_5: 0.132 fsp_5_6: 0.145 fsp_6_7: 0.093 
(epoch: 6, iters: 1465, time: 0.034) G_GAN: 0.250 G_L1: 0.254 G_SSIM: 0.090 H_L1: 0.318 H_SSIM: 0.665 D_real: 0.158 D_fake: 0.334 att_A: 0.232 L_hall: 0.047 L_inter: 0.000 L_intra: 0.000 L_fsp: 0.401 fsp_3_4: 0.098 fsp_4_5: 0.126 fsp_5_6: 0.103 fsp_6_7: 0.075 
(epoch: 6, iters: 1565, time: 0.034) G_GAN: 1.186 G_L1: 0.282 G_SSIM: 0.144 H_L1: 0.254 H_SSIM: 0.406 D_real: 0.012 D_fake: 0.010 att_A: 0.637 L_hall: 0.055 L_inter: 0.000 L_intra: 0.000 L_fsp: 0.630 fsp_3_4: 0.161 fsp_4_5: 0.205 fsp_5_6: 0.174 fsp_6_7: 0.090 
(epoch: 6, iters: 1665, time: 0.034) G_GAN: 0.238 G_L1: 0.123 G_SSIM: 0.032 H_L1: 0.156 H_SSIM: 0.068 D_real: 0.028 D_fake: 0.008 att_A: 0.449 L_hall: 0.050 L_inter: 0.000 L_intra: 0.000 L_fsp: 0.595 fsp_3_4: 0.123 fsp_4_5: 0.159 fsp_5_6: 0.163 fsp_6_7: 0.150 
(epoch: 6, iters: 1765, time: 0.033) G_GAN: 1.034 G_L1: 0.266 G_SSIM: 0.202 H_L1: 0.162 H_SSIM: 0.422 D_real: 0.036 D_fake: 0.008 att_A: 0.621 L_hall: 0.052 L_inter: 0.000 L_intra: 0.000 L_fsp: 0.652 fsp_3_4: 0.149 fsp_4_5: 0.174 fsp_5_6: 0.162 fsp_6_7: 0.167 
(epoch: 6, iters: 1865, time: 0.065) G_GAN: 0.850 G_L1: 1.094 G_SSIM: 0.353 H_L1: 0.293 H_SSIM: 0.378 D_real: 0.034 D_fake: 0.280 att_A: 0.971 L_hall: 0.064 L_inter: 0.000 L_intra: 0.000 L_fsp: 0.732 fsp_3_4: 0.153 fsp_4_5: 0.204 fsp_5_6: 0.157 fsp_6_7: 0.217 
(epoch: 6, iters: 1965, time: 0.034) G_GAN: 0.855 G_L1: 0.112 G_SSIM: 0.025 H_L1: 0.071 H_SSIM: 0.050 D_real: 0.123 D_fake: 0.020 att_A: 0.843 L_hall: 0.054 L_inter: 0.000 L_intra: 0.000 L_fsp: 0.666 fsp_3_4: 0.148 fsp_4_5: 0.195 fsp_5_6: 0.181 fsp_6_7: 0.142 
(epoch: 6, iters: 2065, time: 0.035) G_GAN: 1.022 G_L1: 0.288 G_SSIM: 0.183 H_L1: 0.163 H_SSIM: 0.343 D_real: 0.015 D_fake: 0.012 att_A: 0.869 L_hall: 0.058 L_inter: 0.000 L_intra: 0.000 L_fsp: 0.517 fsp_3_4: 0.136 fsp_4_5: 0.172 fsp_5_6: 0.144 fsp_6_7: 0.066 
(epoch: 6, iters: 2165, time: 0.035) G_GAN: 0.958 G_L1: 0.710 G_SSIM: 0.370 H_L1: 0.259 H_SSIM: 0.468 D_real: 0.017 D_fake: 0.008 att_A: 0.950 L_hall: 0.065 L_inter: 0.000 L_intra: 0.000 L_fsp: 0.655 fsp_3_4: 0.122 fsp_4_5: 0.171 fsp_5_6: 0.173 fsp_6_7: 0.189 
(epoch: 6, iters: 2265, time: 0.034) G_GAN: 0.920 G_L1: 0.494 G_SSIM: 0.521 H_L1: 0.275 H_SSIM: 0.665 D_real: 0.034 D_fake: 0.253 att_A: 0.816 L_hall: 0.057 L_inter: 0.000 L_intra: 0.000 L_fsp: 0.743 fsp_3_4: 0.095 fsp_4_5: 0.167 fsp_5_6: 0.233 fsp_6_7: 0.248 
(epoch: 6, iters: 2365, time: 0.048) G_GAN: 0.813 G_L1: 0.288 G_SSIM: 0.183 H_L1: 0.144 H_SSIM: 0.382 D_real: 0.022 D_fake: 0.027 att_A: 0.680 L_hall: 0.055 L_inter: 0.000 L_intra: 0.000 L_fsp: 0.957 fsp_3_4: 0.150 fsp_4_5: 0.157 fsp_5_6: 0.300 fsp_6_7: 0.350 
(epoch: 6, iters: 2465, time: 0.034) G_GAN: 0.913 G_L1: 0.766 G_SSIM: 0.335 H_L1: 0.187 H_SSIM: 0.472 D_real: 0.013 D_fake: 0.469 att_A: 0.652 L_hall: 0.054 L_inter: 0.000 L_intra: 0.000 L_fsp: 0.593 fsp_3_4: 0.119 fsp_4_5: 0.148 fsp_5_6: 0.155 fsp_6_7: 0.170 
(epoch: 6, iters: 2565, time: 0.035) G_GAN: 0.817 G_L1: 0.285 G_SSIM: 0.149 H_L1: 0.308 H_SSIM: 0.599 D_real: 0.037 D_fake: 0.022 att_A: 0.358 L_hall: 0.053 L_inter: 0.000 L_intra: 0.000 L_fsp: 0.549 fsp_3_4: 0.125 fsp_4_5: 0.164 fsp_5_6: 0.190 fsp_6_7: 0.070 
(epoch: 6, iters: 2665, time: 0.034) G_GAN: 0.987 G_L1: 0.760 G_SSIM: 0.502 H_L1: 0.274 H_SSIM: 0.560 D_real: 0.010 D_fake: 0.247 att_A: 0.965 L_hall: 0.066 L_inter: 0.000 L_intra: 0.000 L_fsp: 0.796 fsp_3_4: 0.107 fsp_4_5: 0.157 fsp_5_6: 0.289 fsp_6_7: 0.242 
(epoch: 6, iters: 2765, time: 0.035) G_GAN: 0.629 G_L1: 0.142 G_SSIM: 0.062 H_L1: 0.163 H_SSIM: 0.214 D_real: 0.516 D_fake: 0.031 att_A: 0.408 L_hall: 0.044 L_inter: 0.000 L_intra: 0.000 L_fsp: 0.604 fsp_3_4: 0.230 fsp_4_5: 0.160 fsp_5_6: 0.145 fsp_6_7: 0.069 
(epoch: 6, iters: 2865, time: 0.050) G_GAN: 1.268 G_L1: 0.383 G_SSIM: 0.287 H_L1: 0.257 H_SSIM: 0.489 D_real: 0.037 D_fake: 0.011 att_A: 0.646 L_hall: 0.055 L_inter: 0.000 L_intra: 0.000 L_fsp: 0.713 fsp_3_4: 0.121 fsp_4_5: 0.196 fsp_5_6: 0.241 fsp_6_7: 0.154 
(epoch: 6, iters: 2965, time: 0.034) G_GAN: 0.923 G_L1: 0.430 G_SSIM: 0.244 H_L1: 0.218 H_SSIM: 0.412 D_real: 0.017 D_fake: 0.009 att_A: 0.678 L_hall: 0.055 L_inter: 0.000 L_intra: 0.000 L_fsp: 0.599 fsp_3_4: 0.150 fsp_4_5: 0.180 fsp_5_6: 0.138 fsp_6_7: 0.130 
(epoch: 6, iters: 3065, time: 0.034) G_GAN: 1.154 G_L1: 0.295 G_SSIM: 0.195 H_L1: 0.283 H_SSIM: 0.483 D_real: 0.067 D_fake: 0.013 att_A: 0.405 L_hall: 0.046 L_inter: 0.000 L_intra: 0.000 L_fsp: 0.494 fsp_3_4: 0.117 fsp_4_5: 0.164 fsp_5_6: 0.177 fsp_6_7: 0.035 
(epoch: 6, iters: 3165, time: 0.034) G_GAN: 0.581 G_L1: 0.246 G_SSIM: 0.146 H_L1: 0.218 H_SSIM: 0.453 D_real: 0.020 D_fake: 0.006 att_A: 0.398 L_hall: 0.051 L_inter: 0.000 L_intra: 0.000 L_fsp: 0.422 fsp_3_4: 0.104 fsp_4_5: 0.129 fsp_5_6: 0.109 fsp_6_7: 0.081 
(epoch: 6, iters: 3265, time: 0.034) G_GAN: 1.399 G_L1: 0.071 G_SSIM: 0.023 H_L1: 0.084 H_SSIM: 0.068 D_real: 0.203 D_fake: 0.051 att_A: 0.781 L_hall: 0.054 L_inter: 0.000 L_intra: 0.000 L_fsp: 0.634 fsp_3_4: 0.135 fsp_4_5: 0.174 fsp_5_6: 0.179 fsp_6_7: 0.145 
(epoch: 6, iters: 3365, time: 0.060) G_GAN: 0.410 G_L1: 0.223 G_SSIM: 0.133 H_L1: 0.164 H_SSIM: 0.404 D_real: 0.033 D_fake: 0.158 att_A: 0.481 L_hall: 0.052 L_inter: 0.000 L_intra: 0.000 L_fsp: 0.582 fsp_3_4: 0.130 fsp_4_5: 0.209 fsp_5_6: 0.167 fsp_6_7: 0.075 
(epoch: 6, iters: 3465, time: 0.035) G_GAN: 0.948 G_L1: 0.313 G_SSIM: 0.146 H_L1: 0.294 H_SSIM: 0.473 D_real: 0.036 D_fake: 0.026 att_A: 0.539 L_hall: 0.051 L_inter: 0.000 L_intra: 0.000 L_fsp: 0.610 fsp_3_4: 0.141 fsp_4_5: 0.176 fsp_5_6: 0.150 fsp_6_7: 0.143 
(epoch: 6, iters: 3565, time: 0.036) G_GAN: 0.967 G_L1: 0.234 G_SSIM: 0.157 H_L1: 0.243 H_SSIM: 0.532 D_real: 0.056 D_fake: 0.013 att_A: 0.365 L_hall: 0.046 L_inter: 0.000 L_intra: 0.000 L_fsp: 0.366 fsp_3_4: 0.087 fsp_4_5: 0.113 fsp_5_6: 0.116 fsp_6_7: 0.050 
(epoch: 6, iters: 3665, time: 0.034) G_GAN: 0.979 G_L1: 0.558 G_SSIM: 0.355 H_L1: 0.224 H_SSIM: 0.474 D_real: 0.010 D_fake: 0.004 att_A: 0.788 L_hall: 0.055 L_inter: 0.000 L_intra: 0.000 L_fsp: 0.740 fsp_3_4: 0.178 fsp_4_5: 0.212 fsp_5_6: 0.188 fsp_6_7: 0.163 
(epoch: 6, iters: 3765, time: 0.034) G_GAN: 1.258 G_L1: 0.499 G_SSIM: 0.363 H_L1: 0.221 H_SSIM: 0.513 D_real: 0.024 D_fake: 0.024 att_A: 0.634 L_hall: 0.050 L_inter: 0.000 L_intra: 0.000 L_fsp: 0.502 fsp_3_4: 0.088 fsp_4_5: 0.136 fsp_5_6: 0.214 fsp_6_7: 0.064 
(epoch: 6, iters: 3865, time: 0.065) G_GAN: 0.276 G_L1: 0.049 G_SSIM: 0.016 H_L1: 0.071 H_SSIM: 0.069 D_real: 0.158 D_fake: 0.260 att_A: 0.673 L_hall: 0.031 L_inter: 0.000 L_intra: 0.000 L_fsp: 0.623 fsp_3_4: 0.119 fsp_4_5: 0.175 fsp_5_6: 0.133 fsp_6_7: 0.197 
(epoch: 6, iters: 3965, time: 0.034) G_GAN: 1.115 G_L1: 0.540 G_SSIM: 0.424 H_L1: 0.220 H_SSIM: 0.546 D_real: 0.009 D_fake: 0.549 att_A: 0.704 L_hall: 0.056 L_inter: 0.000 L_intra: 0.000 L_fsp: 0.778 fsp_3_4: 0.082 fsp_4_5: 0.143 fsp_5_6: 0.229 fsp_6_7: 0.323 
(epoch: 6, iters: 4065, time: 0.034) G_GAN: 0.754 G_L1: 0.256 G_SSIM: 0.174 H_L1: 0.139 H_SSIM: 0.349 D_real: 0.012 D_fake: 0.014 att_A: 0.635 L_hall: 0.053 L_inter: 0.000 L_intra: 0.000 L_fsp: 0.582 fsp_3_4: 0.122 fsp_4_5: 0.186 fsp_5_6: 0.162 fsp_6_7: 0.112 
(epoch: 6, iters: 4165, time: 0.034) G_GAN: 1.292 G_L1: 0.440 G_SSIM: 0.268 H_L1: 0.267 H_SSIM: 0.528 D_real: 0.016 D_fake: 0.016 att_A: 0.650 L_hall: 0.053 L_inter: 0.000 L_intra: 0.000 L_fsp: 0.578 fsp_3_4: 0.110 fsp_4_5: 0.132 fsp_5_6: 0.129 fsp_6_7: 0.206 
(epoch: 6, iters: 4265, time: 0.034) G_GAN: 0.741 G_L1: 0.409 G_SSIM: 0.229 H_L1: 0.181 H_SSIM: 0.476 D_real: 0.051 D_fake: 0.063 att_A: 0.437 L_hall: 0.050 L_inter: 0.000 L_intra: 0.000 L_fsp: 0.359 fsp_3_4: 0.093 fsp_4_5: 0.126 fsp_5_6: 0.101 fsp_6_7: 0.039 
(epoch: 6, iters: 4365, time: 0.053) G_GAN: 1.408 G_L1: 0.290 G_SSIM: 0.138 H_L1: 0.192 H_SSIM: 0.444 D_real: 0.323 D_fake: 0.045 att_A: 0.451 L_hall: 0.048 L_inter: 0.000 L_intra: 0.000 L_fsp: 0.530 fsp_3_4: 0.121 fsp_4_5: 0.154 fsp_5_6: 0.189 fsp_6_7: 0.066 
saving the latest model (epoch 6, total_steps 50000)
(epoch: 6, iters: 4465, time: 0.035) G_GAN: 0.916 G_L1: 0.554 G_SSIM: 0.373 H_L1: 0.218 H_SSIM: 0.489 D_real: 0.013 D_fake: 0.012 att_A: 0.792 L_hall: 0.057 L_inter: 0.000 L_intra: 0.000 L_fsp: 0.668 fsp_3_4: 0.116 fsp_4_5: 0.171 fsp_5_6: 0.199 fsp_6_7: 0.182 
(epoch: 6, iters: 4565, time: 0.033) G_GAN: 1.103 G_L1: 0.228 G_SSIM: 0.134 H_L1: 0.149 H_SSIM: 0.252 D_real: 0.187 D_fake: 0.043 att_A: 0.517 L_hall: 0.054 L_inter: 0.000 L_intra: 0.000 L_fsp: 0.791 fsp_3_4: 0.140 fsp_4_5: 0.189 fsp_5_6: 0.195 fsp_6_7: 0.267 
(epoch: 6, iters: 4665, time: 0.033) G_GAN: 0.845 G_L1: 0.408 G_SSIM: 0.173 H_L1: 0.219 H_SSIM: 0.383 D_real: 0.021 D_fake: 0.028 att_A: 0.605 L_hall: 0.047 L_inter: 0.000 L_intra: 0.000 L_fsp: 0.445 fsp_3_4: 0.103 fsp_4_5: 0.137 fsp_5_6: 0.139 fsp_6_7: 0.065 
(epoch: 6, iters: 4765, time: 0.035) G_GAN: 1.129 G_L1: 0.380 G_SSIM: 0.307 H_L1: 0.175 H_SSIM: 0.495 D_real: 0.013 D_fake: 0.015 att_A: 0.712 L_hall: 0.050 L_inter: 0.000 L_intra: 0.000 L_fsp: 0.567 fsp_3_4: 0.137 fsp_4_5: 0.177 fsp_5_6: 0.131 fsp_6_7: 0.123 
(epoch: 6, iters: 4865, time: 0.051) G_GAN: 0.075 G_L1: 0.188 G_SSIM: 0.077 H_L1: 0.173 H_SSIM: 0.263 D_real: 0.028 D_fake: 0.556 att_A: 0.456 L_hall: 0.058 L_inter: 0.000 L_intra: 0.000 L_fsp: 0.608 fsp_3_4: 0.116 fsp_4_5: 0.168 fsp_5_6: 0.245 fsp_6_7: 0.079 
(epoch: 6, iters: 4965, time: 0.034) G_GAN: 1.224 G_L1: 0.606 G_SSIM: 0.411 H_L1: 0.266 H_SSIM: 0.649 D_real: 0.069 D_fake: 0.020 att_A: 0.700 L_hall: 0.050 L_inter: 0.000 L_intra: 0.000 L_fsp: 0.553 fsp_3_4: 0.123 fsp_4_5: 0.147 fsp_5_6: 0.152 fsp_6_7: 0.131 
(epoch: 6, iters: 5065, time: 0.035) G_GAN: 0.841 G_L1: 0.562 G_SSIM: 0.565 H_L1: 0.331 H_SSIM: 0.679 D_real: 0.009 D_fake: 0.007 att_A: 0.925 L_hall: 0.061 L_inter: 0.000 L_intra: 0.000 L_fsp: 0.655 fsp_3_4: 0.141 fsp_4_5: 0.189 fsp_5_6: 0.192 fsp_6_7: 0.132 
(epoch: 6, iters: 5165, time: 0.034) G_GAN: 1.027 G_L1: 0.627 G_SSIM: 0.395 H_L1: 0.264 H_SSIM: 0.441 D_real: 0.016 D_fake: 0.005 att_A: 0.968 L_hall: 0.064 L_inter: 0.000 L_intra: 0.000 L_fsp: 0.779 fsp_3_4: 0.174 fsp_4_5: 0.188 fsp_5_6: 0.212 fsp_6_7: 0.205 
(epoch: 6, iters: 5265, time: 0.034) G_GAN: 1.096 G_L1: 0.307 G_SSIM: 0.302 H_L1: 0.236 H_SSIM: 0.494 D_real: 0.025 D_fake: 0.009 att_A: 0.640 L_hall: 0.056 L_inter: 0.000 L_intra: 0.000 L_fsp: 0.597 fsp_3_4: 0.096 fsp_4_5: 0.166 fsp_5_6: 0.155 fsp_6_7: 0.180 
(epoch: 6, iters: 5365, time: 0.048) G_GAN: 0.524 G_L1: 0.254 G_SSIM: 0.209 H_L1: 0.245 H_SSIM: 0.451 D_real: 0.027 D_fake: 0.087 att_A: 0.406 L_hall: 0.043 L_inter: 0.000 L_intra: 0.000 L_fsp: 0.398 fsp_3_4: 0.080 fsp_4_5: 0.134 fsp_5_6: 0.143 fsp_6_7: 0.041 
(epoch: 6, iters: 5465, time: 0.034) G_GAN: 1.300 G_L1: 0.358 G_SSIM: 0.258 H_L1: 0.193 H_SSIM: 0.548 D_real: 0.075 D_fake: 0.018 att_A: 0.551 L_hall: 0.049 L_inter: 0.000 L_intra: 0.000 L_fsp: 0.510 fsp_3_4: 0.105 fsp_4_5: 0.157 fsp_5_6: 0.140 fsp_6_7: 0.109 
(epoch: 6, iters: 5565, time: 0.034) G_GAN: 0.655 G_L1: 0.284 G_SSIM: 0.216 H_L1: 0.268 H_SSIM: 0.433 D_real: 0.026 D_fake: 0.050 att_A: 0.426 L_hall: 0.048 L_inter: 0.000 L_intra: 0.000 L_fsp: 0.410 fsp_3_4: 0.079 fsp_4_5: 0.142 fsp_5_6: 0.127 fsp_6_7: 0.062 
(epoch: 6, iters: 5665, time: 0.035) G_GAN: 1.148 G_L1: 0.471 G_SSIM: 0.315 H_L1: 0.180 H_SSIM: 0.481 D_real: 0.018 D_fake: 0.016 att_A: 0.722 L_hall: 0.054 L_inter: 0.000 L_intra: 0.000 L_fsp: 0.758 fsp_3_4: 0.135 fsp_4_5: 0.164 fsp_5_6: 0.172 fsp_6_7: 0.287 
(epoch: 6, iters: 5765, time: 0.034) G_GAN: 0.900 G_L1: 0.283 G_SSIM: 0.227 H_L1: 0.188 H_SSIM: 0.467 D_real: 0.017 D_fake: 0.016 att_A: 0.798 L_hall: 0.060 L_inter: 0.000 L_intra: 0.000 L_fsp: 0.723 fsp_3_4: 0.130 fsp_4_5: 0.189 fsp_5_6: 0.259 fsp_6_7: 0.145 
(epoch: 6, iters: 5865, time: 0.052) G_GAN: 1.057 G_L1: 0.326 G_SSIM: 0.233 H_L1: 0.142 H_SSIM: 0.335 D_real: 0.009 D_fake: 0.582 att_A: 0.901 L_hall: 0.059 L_inter: 0.000 L_intra: 0.000 L_fsp: 0.714 fsp_3_4: 0.128 fsp_4_5: 0.175 fsp_5_6: 0.178 fsp_6_7: 0.233 
(epoch: 6, iters: 5965, time: 0.035) G_GAN: 1.023 G_L1: 1.107 G_SSIM: 0.286 H_L1: 0.233 H_SSIM: 0.287 D_real: 0.014 D_fake: 0.005 att_A: 0.967 L_hall: 0.064 L_inter: 0.000 L_intra: 0.000 L_fsp: 0.769 fsp_3_4: 0.212 fsp_4_5: 0.210 fsp_5_6: 0.200 fsp_6_7: 0.147 
(epoch: 6, iters: 6065, time: 0.034) G_GAN: 0.664 G_L1: 0.219 G_SSIM: 0.131 H_L1: 0.153 H_SSIM: 0.390 D_real: 0.050 D_fake: 0.233 att_A: 0.453 L_hall: 0.048 L_inter: 0.000 L_intra: 0.000 L_fsp: 0.535 fsp_3_4: 0.116 fsp_4_5: 0.122 fsp_5_6: 0.187 fsp_6_7: 0.110 
(epoch: 6, iters: 6165, time: 0.034) G_GAN: 0.914 G_L1: 0.372 G_SSIM: 0.310 H_L1: 0.231 H_SSIM: 0.541 D_real: 0.007 D_fake: 0.008 att_A: 0.705 L_hall: 0.057 L_inter: 0.000 L_intra: 0.000 L_fsp: 0.760 fsp_3_4: 0.114 fsp_4_5: 0.224 fsp_5_6: 0.209 fsp_6_7: 0.214 
(epoch: 6, iters: 6265, time: 0.034) G_GAN: 0.450 G_L1: 0.316 G_SSIM: 0.161 H_L1: 0.174 H_SSIM: 0.367 D_real: 0.043 D_fake: 0.525 att_A: 0.468 L_hall: 0.049 L_inter: 0.000 L_intra: 0.000 L_fsp: 0.652 fsp_3_4: 0.136 fsp_4_5: 0.164 fsp_5_6: 0.135 fsp_6_7: 0.218 
(epoch: 6, iters: 6365, time: 0.074) G_GAN: 0.939 G_L1: 0.523 G_SSIM: 0.474 H_L1: 0.315 H_SSIM: 0.588 D_real: 0.009 D_fake: 0.007 att_A: 0.933 L_hall: 0.064 L_inter: 0.000 L_intra: 0.000 L_fsp: 0.694 fsp_3_4: 0.122 fsp_4_5: 0.152 fsp_5_6: 0.185 fsp_6_7: 0.235 
(epoch: 6, iters: 6465, time: 0.034) G_GAN: 1.050 G_L1: 0.276 G_SSIM: 0.156 H_L1: 0.260 H_SSIM: 0.375 D_real: 0.028 D_fake: 0.004 att_A: 0.624 L_hall: 0.055 L_inter: 0.000 L_intra: 0.000 L_fsp: 0.568 fsp_3_4: 0.124 fsp_4_5: 0.179 fsp_5_6: 0.169 fsp_6_7: 0.095 
(epoch: 6, iters: 6565, time: 0.034) G_GAN: 0.864 G_L1: 0.431 G_SSIM: 0.301 H_L1: 0.248 H_SSIM: 0.485 D_real: 0.026 D_fake: 0.138 att_A: 0.797 L_hall: 0.058 L_inter: 0.000 L_intra: 0.000 L_fsp: 0.800 fsp_3_4: 0.226 fsp_4_5: 0.261 fsp_5_6: 0.167 fsp_6_7: 0.146 
(epoch: 6, iters: 6665, time: 0.035) G_GAN: 0.322 G_L1: 0.227 G_SSIM: 0.097 H_L1: 0.310 H_SSIM: 0.592 D_real: 0.061 D_fake: 0.005 att_A: 0.259 L_hall: 0.051 L_inter: 0.000 L_intra: 0.000 L_fsp: 0.441 fsp_3_4: 0.093 fsp_4_5: 0.135 fsp_5_6: 0.159 fsp_6_7: 0.053 
(epoch: 6, iters: 6765, time: 0.035) G_GAN: 1.098 G_L1: 0.654 G_SSIM: 0.516 H_L1: 0.265 H_SSIM: 0.597 D_real: 0.008 D_fake: 0.010 att_A: 0.945 L_hall: 0.063 L_inter: 0.000 L_intra: 0.000 L_fsp: 0.657 fsp_3_4: 0.121 fsp_4_5: 0.158 fsp_5_6: 0.216 fsp_6_7: 0.163 
(epoch: 6, iters: 6865, time: 0.051) G_GAN: 0.536 G_L1: 0.208 G_SSIM: 0.095 H_L1: 0.261 H_SSIM: 0.559 D_real: 0.315 D_fake: 0.092 att_A: 0.303 L_hall: 0.045 L_inter: 0.000 L_intra: 0.000 L_fsp: 0.317 fsp_3_4: 0.082 fsp_4_5: 0.106 fsp_5_6: 0.092 fsp_6_7: 0.037 
(epoch: 6, iters: 6965, time: 0.035) G_GAN: 0.855 G_L1: 0.544 G_SSIM: 0.380 H_L1: 0.197 H_SSIM: 0.429 D_real: 0.018 D_fake: 0.032 att_A: 0.901 L_hall: 0.059 L_inter: 0.000 L_intra: 0.000 L_fsp: 0.763 fsp_3_4: 0.152 fsp_4_5: 0.185 fsp_5_6: 0.172 fsp_6_7: 0.253 
(epoch: 6, iters: 7065, time: 0.034) G_GAN: 0.786 G_L1: 0.158 G_SSIM: 0.055 H_L1: 0.095 H_SSIM: 0.088 D_real: 0.072 D_fake: 0.023 att_A: 0.670 L_hall: 0.052 L_inter: 0.000 L_intra: 0.000 L_fsp: 0.849 fsp_3_4: 0.188 fsp_4_5: 0.178 fsp_5_6: 0.185 fsp_6_7: 0.298 
(epoch: 6, iters: 7165, time: 0.034) G_GAN: 0.510 G_L1: 0.417 G_SSIM: 0.231 H_L1: 0.190 H_SSIM: 0.356 D_real: 0.019 D_fake: 0.558 att_A: 0.644 L_hall: 0.056 L_inter: 0.000 L_intra: 0.000 L_fsp: 0.786 fsp_3_4: 0.130 fsp_4_5: 0.187 fsp_5_6: 0.205 fsp_6_7: 0.264 
(epoch: 6, iters: 7265, time: 0.034) G_GAN: 0.745 G_L1: 0.368 G_SSIM: 0.203 H_L1: 0.267 H_SSIM: 0.554 D_real: 0.022 D_fake: 0.043 att_A: 0.528 L_hall: 0.053 L_inter: 0.000 L_intra: 0.000 L_fsp: 0.495 fsp_3_4: 0.100 fsp_4_5: 0.165 fsp_5_6: 0.149 fsp_6_7: 0.081 
(epoch: 6, iters: 7365, time: 0.078) G_GAN: 1.153 G_L1: 0.124 G_SSIM: 0.030 H_L1: 0.115 H_SSIM: 0.046 D_real: 0.018 D_fake: 0.017 att_A: 0.565 L_hall: 0.053 L_inter: 0.000 L_intra: 0.000 L_fsp: 0.542 fsp_3_4: 0.090 fsp_4_5: 0.145 fsp_5_6: 0.226 fsp_6_7: 0.082 
(epoch: 6, iters: 7465, time: 0.034) G_GAN: 0.972 G_L1: 0.510 G_SSIM: 0.438 H_L1: 0.196 H_SSIM: 0.531 D_real: 0.046 D_fake: 0.019 att_A: 0.610 L_hall: 0.048 L_inter: 0.000 L_intra: 0.000 L_fsp: 0.463 fsp_3_4: 0.117 fsp_4_5: 0.126 fsp_5_6: 0.119 fsp_6_7: 0.102 
(epoch: 6, iters: 7565, time: 0.034) G_GAN: 0.166 G_L1: 0.340 G_SSIM: 0.256 H_L1: 0.225 H_SSIM: 0.391 D_real: 0.052 D_fake: 0.040 att_A: 0.397 L_hall: 0.057 L_inter: 0.000 L_intra: 0.000 L_fsp: 0.651 fsp_3_4: 0.159 fsp_4_5: 0.206 fsp_5_6: 0.198 fsp_6_7: 0.088 
(epoch: 6, iters: 7665, time: 0.034) G_GAN: 0.550 G_L1: 0.368 G_SSIM: 0.201 H_L1: 0.195 H_SSIM: 0.487 D_real: 0.008 D_fake: 0.345 att_A: 0.572 L_hall: 0.057 L_inter: 0.000 L_intra: 0.000 L_fsp: 0.727 fsp_3_4: 0.126 fsp_4_5: 0.177 fsp_5_6: 0.221 fsp_6_7: 0.203 
(epoch: 6, iters: 7765, time: 0.035) G_GAN: 1.047 G_L1: 0.602 G_SSIM: 0.519 H_L1: 0.241 H_SSIM: 0.595 D_real: 0.022 D_fake: 0.006 att_A: 0.662 L_hall: 0.053 L_inter: 0.000 L_intra: 0.000 L_fsp: 0.793 fsp_3_4: 0.125 fsp_4_5: 0.195 fsp_5_6: 0.213 fsp_6_7: 0.260 
(epoch: 6, iters: 7865, time: 0.059) G_GAN: 0.992 G_L1: 0.231 G_SSIM: 0.111 H_L1: 0.209 H_SSIM: 0.409 D_real: 0.025 D_fake: 0.030 att_A: 0.630 L_hall: 0.057 L_inter: 0.000 L_intra: 0.000 L_fsp: 0.729 fsp_3_4: 0.170 fsp_4_5: 0.176 fsp_5_6: 0.189 fsp_6_7: 0.193 
(epoch: 6, iters: 7965, time: 0.035) G_GAN: 1.229 G_L1: 0.062 G_SSIM: 0.023 H_L1: 0.112 H_SSIM: 0.052 D_real: 0.501 D_fake: 0.029 att_A: 0.488 L_hall: 0.052 L_inter: 0.000 L_intra: 0.000 L_fsp: 0.570 fsp_3_4: 0.096 fsp_4_5: 0.144 fsp_5_6: 0.159 fsp_6_7: 0.171 
(epoch: 6, iters: 8065, time: 0.034) G_GAN: 0.766 G_L1: 0.368 G_SSIM: 0.248 H_L1: 0.195 H_SSIM: 0.556 D_real: 0.011 D_fake: 0.032 att_A: 0.503 L_hall: 0.050 L_inter: 0.000 L_intra: 0.000 L_fsp: 0.409 fsp_3_4: 0.108 fsp_4_5: 0.126 fsp_5_6: 0.129 fsp_6_7: 0.046 
(epoch: 6, iters: 8165, time: 0.035) G_GAN: 1.083 G_L1: 0.370 G_SSIM: 0.320 H_L1: 0.194 H_SSIM: 0.586 D_real: 0.017 D_fake: 0.036 att_A: 0.656 L_hall: 0.050 L_inter: 0.000 L_intra: 0.000 L_fsp: 0.553 fsp_3_4: 0.126 fsp_4_5: 0.187 fsp_5_6: 0.160 fsp_6_7: 0.079 
(epoch: 6, iters: 8265, time: 0.034) G_GAN: 0.795 G_L1: 0.223 G_SSIM: 0.092 H_L1: 0.150 H_SSIM: 0.270 D_real: 0.214 D_fake: 0.025 att_A: 0.568 L_hall: 0.044 L_inter: 0.000 L_intra: 0.000 L_fsp: 0.416 fsp_3_4: 0.114 fsp_4_5: 0.143 fsp_5_6: 0.116 fsp_6_7: 0.043 
(epoch: 6, iters: 8365, time: 0.072) G_GAN: 0.710 G_L1: 0.341 G_SSIM: 0.166 H_L1: 0.169 H_SSIM: 0.403 D_real: 0.054 D_fake: 0.046 att_A: 0.564 L_hall: 0.050 L_inter: 0.000 L_intra: 0.000 L_fsp: 0.620 fsp_3_4: 0.157 fsp_4_5: 0.188 fsp_5_6: 0.151 fsp_6_7: 0.123 
(epoch: 6, iters: 8465, time: 0.033) G_GAN: 0.318 G_L1: 0.266 G_SSIM: 0.143 H_L1: 0.226 H_SSIM: 0.428 D_real: 0.015 D_fake: 0.211 att_A: 0.675 L_hall: 0.051 L_inter: 0.000 L_intra: 0.000 L_fsp: 0.478 fsp_3_4: 0.124 fsp_4_5: 0.129 fsp_5_6: 0.139 fsp_6_7: 0.087 
(epoch: 6, iters: 8565, time: 0.034) G_GAN: 1.163 G_L1: 0.342 G_SSIM: 0.305 H_L1: 0.266 H_SSIM: 0.491 D_real: 0.126 D_fake: 0.014 att_A: 0.612 L_hall: 0.056 L_inter: 0.000 L_intra: 0.000 L_fsp: 0.779 fsp_3_4: 0.108 fsp_4_5: 0.212 fsp_5_6: 0.184 fsp_6_7: 0.275 
(epoch: 6, iters: 8665, time: 0.034) G_GAN: 1.069 G_L1: 0.310 G_SSIM: 0.211 H_L1: 0.151 H_SSIM: 0.408 D_real: 0.029 D_fake: 0.005 att_A: 0.635 L_hall: 0.048 L_inter: 0.000 L_intra: 0.000 L_fsp: 0.646 fsp_3_4: 0.156 fsp_4_5: 0.175 fsp_5_6: 0.133 fsp_6_7: 0.182 
(epoch: 6, iters: 8765, time: 0.035) G_GAN: 0.850 G_L1: 0.487 G_SSIM: 0.220 H_L1: 0.212 H_SSIM: 0.409 D_real: 0.020 D_fake: 0.020 att_A: 0.594 L_hall: 0.056 L_inter: 0.000 L_intra: 0.000 L_fsp: 0.635 fsp_3_4: 0.128 fsp_4_5: 0.167 fsp_5_6: 0.218 fsp_6_7: 0.121 
(epoch: 6, iters: 8865, time: 0.054) G_GAN: 1.225 G_L1: 0.404 G_SSIM: 0.276 H_L1: 0.160 H_SSIM: 0.455 D_real: 0.037 D_fake: 0.034 att_A: 0.727 L_hall: 0.057 L_inter: 0.000 L_intra: 0.000 L_fsp: 0.734 fsp_3_4: 0.108 fsp_4_5: 0.162 fsp_5_6: 0.161 fsp_6_7: 0.304 
(epoch: 6, iters: 8965, time: 0.035) G_GAN: 0.207 G_L1: 0.226 G_SSIM: 0.119 H_L1: 0.303 H_SSIM: 0.519 D_real: 0.026 D_fake: 0.317 att_A: 0.497 L_hall: 0.051 L_inter: 0.000 L_intra: 0.000 L_fsp: 0.503 fsp_3_4: 0.089 fsp_4_5: 0.148 fsp_5_6: 0.134 fsp_6_7: 0.133 
(epoch: 6, iters: 9065, time: 0.035) G_GAN: 0.985 G_L1: 0.409 G_SSIM: 0.265 H_L1: 0.170 H_SSIM: 0.468 D_real: 0.007 D_fake: 0.004 att_A: 0.693 L_hall: 0.048 L_inter: 0.000 L_intra: 0.000 L_fsp: 0.369 fsp_3_4: 0.115 fsp_4_5: 0.124 fsp_5_6: 0.088 fsp_6_7: 0.042 
epoch 6  fsp_3_4:0.124624  fsp_3_4_degen:0.000000  fsp_4_5:0.163125  fsp_4_5_degen:0.000000  fsp_5_6:0.175824  fsp_5_6_degen:0.000000  fsp_6_7:0.150691  fsp_6_7_degen:0.000000
End of epoch 6 / 30 	 Time Taken: 442 sec
learning rate = 0.0002000
(epoch: 7, iters: 38, time: 0.034) G_GAN: 1.229 G_L1: 0.234 G_SSIM: 0.137 H_L1: 0.267 H_SSIM: 0.397 D_real: 0.057 D_fake: 0.041 att_A: 0.546 L_hall: 0.054 L_inter: 0.000 L_intra: 0.000 L_fsp: 0.647 fsp_3_4: 0.095 fsp_4_5: 0.157 fsp_5_6: 0.194 fsp_6_7: 0.202 
(epoch: 7, iters: 138, time: 0.034) G_GAN: 0.381 G_L1: 0.087 G_SSIM: 0.014 H_L1: 0.074 H_SSIM: 0.092 D_real: 0.132 D_fake: 0.030 att_A: 0.675 L_hall: 0.053 L_inter: 0.000 L_intra: 0.000 L_fsp: 0.592 fsp_3_4: 0.113 fsp_4_5: 0.155 fsp_5_6: 0.180 fsp_6_7: 0.145 
(epoch: 7, iters: 238, time: 0.059) G_GAN: 0.293 G_L1: 0.273 G_SSIM: 0.079 H_L1: 0.255 H_SSIM: 0.509 D_real: 0.068 D_fake: 0.008 att_A: 0.287 L_hall: 0.053 L_inter: 0.000 L_intra: 0.000 L_fsp: 0.457 fsp_3_4: 0.083 fsp_4_5: 0.107 fsp_5_6: 0.188 fsp_6_7: 0.079 
saving the latest model (epoch 7, total_steps 55000)
(epoch: 7, iters: 338, time: 0.036) G_GAN: 0.869 G_L1: 0.361 G_SSIM: 0.306 H_L1: 0.235 H_SSIM: 0.542 D_real: 0.013 D_fake: 0.008 att_A: 0.688 L_hall: 0.057 L_inter: 0.000 L_intra: 0.000 L_fsp: 0.809 fsp_3_4: 0.114 fsp_4_5: 0.222 fsp_5_6: 0.194 fsp_6_7: 0.278 
(epoch: 7, iters: 438, time: 0.040) G_GAN: 1.119 G_L1: 0.319 G_SSIM: 0.159 H_L1: 0.203 H_SSIM: 0.430 D_real: 0.011 D_fake: 0.010 att_A: 0.760 L_hall: 0.055 L_inter: 0.000 L_intra: 0.000 L_fsp: 0.605 fsp_3_4: 0.137 fsp_4_5: 0.178 fsp_5_6: 0.176 fsp_6_7: 0.114 
(epoch: 7, iters: 538, time: 0.034) G_GAN: 0.784 G_L1: 0.352 G_SSIM: 0.212 H_L1: 0.313 H_SSIM: 0.617 D_real: 0.030 D_fake: 0.027 att_A: 0.356 L_hall: 0.053 L_inter: 0.000 L_intra: 0.000 L_fsp: 0.500 fsp_3_4: 0.091 fsp_4_5: 0.155 fsp_5_6: 0.184 fsp_6_7: 0.069 
(epoch: 7, iters: 638, time: 0.038) G_GAN: 0.896 G_L1: 0.457 G_SSIM: 0.249 H_L1: 0.151 H_SSIM: 0.363 D_real: 0.008 D_fake: 0.009 att_A: 0.643 L_hall: 0.056 L_inter: 0.000 L_intra: 0.000 L_fsp: 0.659 fsp_3_4: 0.171 fsp_4_5: 0.164 fsp_5_6: 0.186 fsp_6_7: 0.138 
(epoch: 7, iters: 738, time: 0.065) G_GAN: 1.220 G_L1: 0.334 G_SSIM: 0.192 H_L1: 0.224 H_SSIM: 0.426 D_real: 0.488 D_fake: 0.022 att_A: 0.477 L_hall: 0.048 L_inter: 0.000 L_intra: 0.000 L_fsp: 0.543 fsp_3_4: 0.111 fsp_4_5: 0.126 fsp_5_6: 0.164 fsp_6_7: 0.142 
(epoch: 7, iters: 838, time: 0.035) G_GAN: 1.085 G_L1: 0.419 G_SSIM: 0.250 H_L1: 0.183 H_SSIM: 0.490 D_real: 0.024 D_fake: 0.009 att_A: 0.563 L_hall: 0.049 L_inter: 0.000 L_intra: 0.000 L_fsp: 0.437 fsp_3_4: 0.104 fsp_4_5: 0.108 fsp_5_6: 0.158 fsp_6_7: 0.067 
(epoch: 7, iters: 938, time: 0.038) G_GAN: 0.819 G_L1: 0.691 G_SSIM: 0.078 H_L1: 0.098 H_SSIM: 0.165 D_real: 0.022 D_fake: 0.102 att_A: 0.970 L_hall: 0.063 L_inter: 0.000 L_intra: 0.000 L_fsp: 0.644 fsp_3_4: 0.146 fsp_4_5: 0.136 fsp_5_6: 0.180 fsp_6_7: 0.182 
(epoch: 7, iters: 1038, time: 0.034) G_GAN: 0.996 G_L1: 0.653 G_SSIM: 0.347 H_L1: 0.281 H_SSIM: 0.412 D_real: 0.010 D_fake: 0.005 att_A: 0.885 L_hall: 0.060 L_inter: 0.000 L_intra: 0.000 L_fsp: 0.696 fsp_3_4: 0.182 fsp_4_5: 0.211 fsp_5_6: 0.154 fsp_6_7: 0.149 
(epoch: 7, iters: 1138, time: 0.034) G_GAN: 0.947 G_L1: 0.392 G_SSIM: 0.326 H_L1: 0.210 H_SSIM: 0.626 D_real: 0.012 D_fake: 0.011 att_A: 0.583 L_hall: 0.050 L_inter: 0.000 L_intra: 0.000 L_fsp: 0.487 fsp_3_4: 0.103 fsp_4_5: 0.143 fsp_5_6: 0.147 fsp_6_7: 0.094 
(epoch: 7, iters: 1238, time: 0.075) G_GAN: 0.857 G_L1: 0.334 G_SSIM: 0.208 H_L1: 0.154 H_SSIM: 0.402 D_real: 0.009 D_fake: 0.012 att_A: 0.630 L_hall: 0.052 L_inter: 0.000 L_intra: 0.000 L_fsp: 0.681 fsp_3_4: 0.117 fsp_4_5: 0.174 fsp_5_6: 0.192 fsp_6_7: 0.198 
(epoch: 7, iters: 1338, time: 0.034) G_GAN: 1.034 G_L1: 0.419 G_SSIM: 0.309 H_L1: 0.242 H_SSIM: 0.535 D_real: 0.007 D_fake: 0.009 att_A: 0.641 L_hall: 0.045 L_inter: 0.000 L_intra: 0.000 L_fsp: 0.486 fsp_3_4: 0.126 fsp_4_5: 0.155 fsp_5_6: 0.137 fsp_6_7: 0.068 
(epoch: 7, iters: 1438, time: 0.034) G_GAN: 0.269 G_L1: 0.265 G_SSIM: 0.185 H_L1: 0.254 H_SSIM: 0.522 D_real: 0.011 D_fake: 0.244 att_A: 0.446 L_hall: 0.045 L_inter: 0.000 L_intra: 0.000 L_fsp: 0.409 fsp_3_4: 0.097 fsp_4_5: 0.145 fsp_5_6: 0.107 fsp_6_7: 0.060 
(epoch: 7, iters: 1538, time: 0.041) G_GAN: 0.730 G_L1: 0.164 G_SSIM: 0.010 H_L1: 0.088 H_SSIM: 0.033 D_real: 0.028 D_fake: 0.037 att_A: 0.580 L_hall: 0.051 L_inter: 0.000 L_intra: 0.000 L_fsp: 0.657 fsp_3_4: 0.117 fsp_4_5: 0.183 fsp_5_6: 0.157 fsp_6_7: 0.199 
(epoch: 7, iters: 1638, time: 0.034) G_GAN: 1.017 G_L1: 0.370 G_SSIM: 0.252 H_L1: 0.203 H_SSIM: 0.484 D_real: 0.050 D_fake: 0.012 att_A: 0.463 L_hall: 0.050 L_inter: 0.000 L_intra: 0.000 L_fsp: 0.479 fsp_3_4: 0.102 fsp_4_5: 0.133 fsp_5_6: 0.172 fsp_6_7: 0.072 
(epoch: 7, iters: 1738, time: 0.059) G_GAN: 0.904 G_L1: 0.204 G_SSIM: 0.066 H_L1: 0.136 H_SSIM: 0.189 D_real: 0.017 D_fake: 0.025 att_A: 0.854 L_hall: 0.060 L_inter: 0.000 L_intra: 0.000 L_fsp: 0.811 fsp_3_4: 0.141 fsp_4_5: 0.156 fsp_5_6: 0.179 fsp_6_7: 0.335 
(epoch: 7, iters: 1838, time: 0.034) G_GAN: 1.439 G_L1: 0.392 G_SSIM: 0.245 H_L1: 0.164 H_SSIM: 0.471 D_real: 0.046 D_fake: 0.050 att_A: 0.634 L_hall: 0.044 L_inter: 0.000 L_intra: 0.000 L_fsp: 0.474 fsp_3_4: 0.106 fsp_4_5: 0.153 fsp_5_6: 0.128 fsp_6_7: 0.088 
(epoch: 7, iters: 1938, time: 0.034) G_GAN: 1.311 G_L1: 0.386 G_SSIM: 0.265 H_L1: 0.169 H_SSIM: 0.422 D_real: 0.153 D_fake: 0.190 att_A: 0.868 L_hall: 0.055 L_inter: 0.000 L_intra: 0.000 L_fsp: 0.643 fsp_3_4: 0.119 fsp_4_5: 0.161 fsp_5_6: 0.217 fsp_6_7: 0.145 
(epoch: 7, iters: 2038, time: 0.034) G_GAN: 1.282 G_L1: 0.334 G_SSIM: 0.162 H_L1: 0.232 H_SSIM: 0.436 D_real: 0.265 D_fake: 0.023 att_A: 0.525 L_hall: 0.046 L_inter: 0.000 L_intra: 0.000 L_fsp: 0.499 fsp_3_4: 0.111 fsp_4_5: 0.159 fsp_5_6: 0.185 fsp_6_7: 0.043 
(epoch: 7, iters: 2138, time: 0.035) G_GAN: 0.705 G_L1: 0.095 G_SSIM: 0.033 H_L1: 0.144 H_SSIM: 0.057 D_real: 0.019 D_fake: 0.012 att_A: 0.505 L_hall: 0.053 L_inter: 0.000 L_intra: 0.000 L_fsp: 0.605 fsp_3_4: 0.083 fsp_4_5: 0.153 fsp_5_6: 0.161 fsp_6_7: 0.208 
(epoch: 7, iters: 2238, time: 0.056) G_GAN: 1.173 G_L1: 0.566 G_SSIM: 0.301 H_L1: 0.298 H_SSIM: 0.626 D_real: 0.019 D_fake: 0.015 att_A: 0.379 L_hall: 0.061 L_inter: 0.000 L_intra: 0.000 L_fsp: 0.649 fsp_3_4: 0.135 fsp_4_5: 0.177 fsp_5_6: 0.225 fsp_6_7: 0.112 
(epoch: 7, iters: 2338, time: 0.034) G_GAN: 0.773 G_L1: 0.327 G_SSIM: 0.140 H_L1: 0.185 H_SSIM: 0.308 D_real: 0.013 D_fake: 0.025 att_A: 0.533 L_hall: 0.043 L_inter: 0.000 L_intra: 0.000 L_fsp: 0.403 fsp_3_4: 0.082 fsp_4_5: 0.117 fsp_5_6: 0.136 fsp_6_7: 0.068 
(epoch: 7, iters: 2438, time: 0.033) G_GAN: 0.963 G_L1: 0.227 G_SSIM: 0.187 H_L1: 0.136 H_SSIM: 0.330 D_real: 0.049 D_fake: 0.004 att_A: 0.665 L_hall: 0.058 L_inter: 0.000 L_intra: 0.000 L_fsp: 0.600 fsp_3_4: 0.101 fsp_4_5: 0.144 fsp_5_6: 0.169 fsp_6_7: 0.187 
(epoch: 7, iters: 2538, time: 0.035) G_GAN: 0.971 G_L1: 0.270 G_SSIM: 0.137 H_L1: 0.248 H_SSIM: 0.426 D_real: 0.017 D_fake: 0.018 att_A: 0.622 L_hall: 0.050 L_inter: 0.000 L_intra: 0.000 L_fsp: 0.520 fsp_3_4: 0.100 fsp_4_5: 0.167 fsp_5_6: 0.187 fsp_6_7: 0.065 
(epoch: 7, iters: 2638, time: 0.034) G_GAN: 1.029 G_L1: 0.364 G_SSIM: 0.292 H_L1: 0.187 H_SSIM: 0.447 D_real: 0.025 D_fake: 0.022 att_A: 0.763 L_hall: 0.048 L_inter: 0.000 L_intra: 0.000 L_fsp: 0.555 fsp_3_4: 0.112 fsp_4_5: 0.157 fsp_5_6: 0.156 fsp_6_7: 0.128 
(epoch: 7, iters: 2738, time: 0.059) G_GAN: 0.894 G_L1: 0.228 G_SSIM: 0.144 H_L1: 0.254 H_SSIM: 0.414 D_real: 0.057 D_fake: 0.011 att_A: 0.430 L_hall: 0.046 L_inter: 0.000 L_intra: 0.000 L_fsp: 0.333 fsp_3_4: 0.086 fsp_4_5: 0.101 fsp_5_6: 0.105 fsp_6_7: 0.040 
(epoch: 7, iters: 2838, time: 0.035) G_GAN: 0.801 G_L1: 0.358 G_SSIM: 0.229 H_L1: 0.188 H_SSIM: 0.415 D_real: 0.026 D_fake: 0.017 att_A: 0.675 L_hall: 0.051 L_inter: 0.000 L_intra: 0.000 L_fsp: 0.667 fsp_3_4: 0.152 fsp_4_5: 0.171 fsp_5_6: 0.252 fsp_6_7: 0.092 
(epoch: 7, iters: 2938, time: 0.034) G_GAN: 0.120 G_L1: 0.197 G_SSIM: 0.089 H_L1: 0.320 H_SSIM: 0.601 D_real: 0.049 D_fake: 0.450 att_A: 0.270 L_hall: 0.051 L_inter: 0.000 L_intra: 0.000 L_fsp: 0.421 fsp_3_4: 0.116 fsp_4_5: 0.146 fsp_5_6: 0.115 fsp_6_7: 0.044 
(epoch: 7, iters: 3038, time: 0.034) G_GAN: 0.617 G_L1: 0.243 G_SSIM: 0.160 H_L1: 0.230 H_SSIM: 0.514 D_real: 0.022 D_fake: 0.063 att_A: 0.480 L_hall: 0.044 L_inter: 0.000 L_intra: 0.000 L_fsp: 0.368 fsp_3_4: 0.102 fsp_4_5: 0.135 fsp_5_6: 0.071 fsp_6_7: 0.060 
(epoch: 7, iters: 3138, time: 0.034) G_GAN: 1.275 G_L1: 0.238 G_SSIM: 0.156 H_L1: 0.236 H_SSIM: 0.549 D_real: 0.032 D_fake: 0.016 att_A: 0.419 L_hall: 0.053 L_inter: 0.000 L_intra: 0.000 L_fsp: 0.440 fsp_3_4: 0.129 fsp_4_5: 0.136 fsp_5_6: 0.132 fsp_6_7: 0.043 
(epoch: 7, iters: 3238, time: 0.051) G_GAN: 0.847 G_L1: 0.267 G_SSIM: 0.123 H_L1: 0.181 H_SSIM: 0.465 D_real: 0.016 D_fake: 0.004 att_A: 0.372 L_hall: 0.049 L_inter: 0.000 L_intra: 0.000 L_fsp: 0.462 fsp_3_4: 0.082 fsp_4_5: 0.132 fsp_5_6: 0.169 fsp_6_7: 0.079 
(epoch: 7, iters: 3338, time: 0.034) G_GAN: 0.625 G_L1: 0.403 G_SSIM: 0.237 H_L1: 0.237 H_SSIM: 0.514 D_real: 0.007 D_fake: 0.446 att_A: 0.457 L_hall: 0.046 L_inter: 0.000 L_intra: 0.000 L_fsp: 0.418 fsp_3_4: 0.150 fsp_4_5: 0.146 fsp_5_6: 0.097 fsp_6_7: 0.025 
(epoch: 7, iters: 3438, time: 0.035) G_GAN: 0.410 G_L1: 0.242 G_SSIM: 0.150 H_L1: 0.317 H_SSIM: 0.495 D_real: 0.164 D_fake: 0.027 att_A: 0.305 L_hall: 0.055 L_inter: 0.000 L_intra: 0.000 L_fsp: 0.471 fsp_3_4: 0.099 fsp_4_5: 0.158 fsp_5_6: 0.115 fsp_6_7: 0.099 
(epoch: 7, iters: 3538, time: 0.035) G_GAN: 1.368 G_L1: 0.351 G_SSIM: 0.317 H_L1: 0.193 H_SSIM: 0.585 D_real: 0.014 D_fake: 0.039 att_A: 0.648 L_hall: 0.051 L_inter: 0.000 L_intra: 0.000 L_fsp: 0.574 fsp_3_4: 0.140 fsp_4_5: 0.195 fsp_5_6: 0.170 fsp_6_7: 0.068 
(epoch: 7, iters: 3638, time: 0.034) G_GAN: 1.044 G_L1: 0.432 G_SSIM: 0.342 H_L1: 0.197 H_SSIM: 0.557 D_real: 0.019 D_fake: 0.107 att_A: 0.690 L_hall: 0.053 L_inter: 0.000 L_intra: 0.000 L_fsp: 0.584 fsp_3_4: 0.085 fsp_4_5: 0.139 fsp_5_6: 0.167 fsp_6_7: 0.193 
(epoch: 7, iters: 3738, time: 0.061) G_GAN: 0.966 G_L1: 0.481 G_SSIM: 0.335 H_L1: 0.211 H_SSIM: 0.480 D_real: 0.012 D_fake: 0.015 att_A: 0.641 L_hall: 0.052 L_inter: 0.000 L_intra: 0.000 L_fsp: 0.466 fsp_3_4: 0.120 fsp_4_5: 0.142 fsp_5_6: 0.111 fsp_6_7: 0.093 
(epoch: 7, iters: 3838, time: 0.035) G_GAN: 0.946 G_L1: 0.435 G_SSIM: 0.316 H_L1: 0.189 H_SSIM: 0.438 D_real: 0.007 D_fake: 0.007 att_A: 0.908 L_hall: 0.055 L_inter: 0.000 L_intra: 0.000 L_fsp: 0.736 fsp_3_4: 0.177 fsp_4_5: 0.202 fsp_5_6: 0.205 fsp_6_7: 0.152 
(epoch: 7, iters: 3938, time: 0.035) G_GAN: 1.156 G_L1: 0.303 G_SSIM: 0.224 H_L1: 0.247 H_SSIM: 0.541 D_real: 0.007 D_fake: 0.008 att_A: 0.383 L_hall: 0.049 L_inter: 0.000 L_intra: 0.000 L_fsp: 0.373 fsp_3_4: 0.094 fsp_4_5: 0.114 fsp_5_6: 0.111 fsp_6_7: 0.054 
(epoch: 7, iters: 4038, time: 0.036) G_GAN: 0.648 G_L1: 0.457 G_SSIM: 0.381 H_L1: 0.224 H_SSIM: 0.528 D_real: 0.091 D_fake: 0.391 att_A: 0.727 L_hall: 0.055 L_inter: 0.000 L_intra: 0.000 L_fsp: 0.560 fsp_3_4: 0.103 fsp_4_5: 0.141 fsp_5_6: 0.171 fsp_6_7: 0.145 
(epoch: 7, iters: 4138, time: 0.033) G_GAN: 0.198 G_L1: 0.290 G_SSIM: 0.127 H_L1: 0.179 H_SSIM: 0.330 D_real: 0.012 D_fake: 0.334 att_A: 0.462 L_hall: 0.054 L_inter: 0.000 L_intra: 0.000 L_fsp: 0.659 fsp_3_4: 0.105 fsp_4_5: 0.157 fsp_5_6: 0.158 fsp_6_7: 0.239 
(epoch: 7, iters: 4238, time: 0.058) G_GAN: 0.993 G_L1: 0.205 G_SSIM: 0.120 H_L1: 0.264 H_SSIM: 0.472 D_real: 0.038 D_fake: 0.006 att_A: 0.534 L_hall: 0.048 L_inter: 0.000 L_intra: 0.000 L_fsp: 0.414 fsp_3_4: 0.073 fsp_4_5: 0.105 fsp_5_6: 0.103 fsp_6_7: 0.134 
(epoch: 7, iters: 4338, time: 0.034) G_GAN: 1.143 G_L1: 0.844 G_SSIM: 0.402 H_L1: 0.276 H_SSIM: 0.477 D_real: 0.010 D_fake: 0.010 att_A: 0.859 L_hall: 0.059 L_inter: 0.000 L_intra: 0.000 L_fsp: 0.927 fsp_3_4: 0.156 fsp_4_5: 0.189 fsp_5_6: 0.305 fsp_6_7: 0.277 
(epoch: 7, iters: 4438, time: 0.034) G_GAN: 1.313 G_L1: 0.328 G_SSIM: 0.225 H_L1: 0.260 H_SSIM: 0.507 D_real: 0.017 D_fake: 0.084 att_A: 0.655 L_hall: 0.051 L_inter: 0.000 L_intra: 0.000 L_fsp: 0.608 fsp_3_4: 0.143 fsp_4_5: 0.164 fsp_5_6: 0.159 fsp_6_7: 0.143 
(epoch: 7, iters: 4538, time: 0.035) G_GAN: 1.126 G_L1: 0.614 G_SSIM: 0.289 H_L1: 0.193 H_SSIM: 0.401 D_real: 0.022 D_fake: 0.012 att_A: 0.843 L_hall: 0.056 L_inter: 0.000 L_intra: 0.000 L_fsp: 0.707 fsp_3_4: 0.136 fsp_4_5: 0.183 fsp_5_6: 0.197 fsp_6_7: 0.190 
(epoch: 7, iters: 4638, time: 0.034) G_GAN: 0.663 G_L1: 0.313 G_SSIM: 0.150 H_L1: 0.140 H_SSIM: 0.384 D_real: 0.033 D_fake: 0.068 att_A: 0.566 L_hall: 0.057 L_inter: 0.000 L_intra: 0.000 L_fsp: 0.678 fsp_3_4: 0.089 fsp_4_5: 0.132 fsp_5_6: 0.224 fsp_6_7: 0.233 
(epoch: 7, iters: 4738, time: 0.054) G_GAN: 0.348 G_L1: 0.455 G_SSIM: 0.214 H_L1: 0.222 H_SSIM: 0.517 D_real: 0.031 D_fake: 0.013 att_A: 0.438 L_hall: 0.049 L_inter: 0.000 L_intra: 0.000 L_fsp: 0.371 fsp_3_4: 0.082 fsp_4_5: 0.099 fsp_5_6: 0.119 fsp_6_7: 0.072 
(epoch: 7, iters: 4838, time: 0.034) G_GAN: 1.301 G_L1: 0.313 G_SSIM: 0.294 H_L1: 0.173 H_SSIM: 0.536 D_real: 0.046 D_fake: 0.021 att_A: 0.629 L_hall: 0.047 L_inter: 0.000 L_intra: 0.000 L_fsp: 0.506 fsp_3_4: 0.123 fsp_4_5: 0.150 fsp_5_6: 0.141 fsp_6_7: 0.093 
(epoch: 7, iters: 4938, time: 0.033) G_GAN: 0.601 G_L1: 0.202 G_SSIM: 0.088 H_L1: 0.251 H_SSIM: 0.568 D_real: 0.141 D_fake: 0.013 att_A: 0.359 L_hall: 0.050 L_inter: 0.000 L_intra: 0.000 L_fsp: 0.448 fsp_3_4: 0.117 fsp_4_5: 0.167 fsp_5_6: 0.093 fsp_6_7: 0.071 
(epoch: 7, iters: 5038, time: 0.034) G_GAN: 1.050 G_L1: 0.346 G_SSIM: 0.232 H_L1: 0.183 H_SSIM: 0.424 D_real: 0.032 D_fake: 0.012 att_A: 0.651 L_hall: 0.050 L_inter: 0.000 L_intra: 0.000 L_fsp: 0.520 fsp_3_4: 0.111 fsp_4_5: 0.188 fsp_5_6: 0.156 fsp_6_7: 0.065 
(epoch: 7, iters: 5138, time: 0.034) G_GAN: 1.081 G_L1: 0.532 G_SSIM: 0.198 H_L1: 0.199 H_SSIM: 0.277 D_real: 0.014 D_fake: 0.015 att_A: 0.943 L_hall: 0.063 L_inter: 0.000 L_intra: 0.000 L_fsp: 0.829 fsp_3_4: 0.204 fsp_4_5: 0.178 fsp_5_6: 0.191 fsp_6_7: 0.257 
(epoch: 7, iters: 5238, time: 0.058) G_GAN: 0.445 G_L1: 0.171 G_SSIM: 0.018 H_L1: 0.115 H_SSIM: 0.054 D_real: 0.113 D_fake: 0.128 att_A: 0.522 L_hall: 0.058 L_inter: 0.000 L_intra: 0.000 L_fsp: 0.748 fsp_3_4: 0.108 fsp_4_5: 0.168 fsp_5_6: 0.228 fsp_6_7: 0.244 
saving the latest model (epoch 7, total_steps 60000)
(epoch: 7, iters: 5338, time: 0.034) G_GAN: 0.931 G_L1: 0.234 G_SSIM: 0.140 H_L1: 0.151 H_SSIM: 0.258 D_real: 0.053 D_fake: 0.004 att_A: 0.617 L_hall: 0.054 L_inter: 0.000 L_intra: 0.000 L_fsp: 0.568 fsp_3_4: 0.112 fsp_4_5: 0.159 fsp_5_6: 0.155 fsp_6_7: 0.142 
(epoch: 7, iters: 5438, time: 0.034) G_GAN: 1.121 G_L1: 0.782 G_SSIM: 0.507 H_L1: 0.274 H_SSIM: 0.736 D_real: 0.018 D_fake: 0.009 att_A: 0.784 L_hall: 0.054 L_inter: 0.000 L_intra: 0.000 L_fsp: 0.534 fsp_3_4: 0.095 fsp_4_5: 0.212 fsp_5_6: 0.164 fsp_6_7: 0.062 
(epoch: 7, iters: 5538, time: 0.033) G_GAN: 0.670 G_L1: 0.141 G_SSIM: 0.040 H_L1: 0.114 H_SSIM: 0.056 D_real: 0.127 D_fake: 0.230 att_A: 0.707 L_hall: 0.052 L_inter: 0.000 L_intra: 0.000 L_fsp: 0.440 fsp_3_4: 0.073 fsp_4_5: 0.131 fsp_5_6: 0.161 fsp_6_7: 0.074 
(epoch: 7, iters: 5638, time: 0.033) G_GAN: 0.859 G_L1: 0.549 G_SSIM: 0.420 H_L1: 0.238 H_SSIM: 0.535 D_real: 0.008 D_fake: 0.011 att_A: 0.894 L_hall: 0.059 L_inter: 0.000 L_intra: 0.000 L_fsp: 0.790 fsp_3_4: 0.134 fsp_4_5: 0.158 fsp_5_6: 0.276 fsp_6_7: 0.221 
(epoch: 7, iters: 5738, time: 0.066) G_GAN: 0.502 G_L1: 0.318 G_SSIM: 0.185 H_L1: 0.212 H_SSIM: 0.492 D_real: 0.150 D_fake: 0.278 att_A: 0.472 L_hall: 0.048 L_inter: 0.000 L_intra: 0.000 L_fsp: 0.486 fsp_3_4: 0.083 fsp_4_5: 0.130 fsp_5_6: 0.151 fsp_6_7: 0.121 
(epoch: 7, iters: 5838, time: 0.035) G_GAN: 1.182 G_L1: 0.171 G_SSIM: 0.083 H_L1: 0.169 H_SSIM: 0.211 D_real: 0.013 D_fake: 0.009 att_A: 0.716 L_hall: 0.050 L_inter: 0.000 L_intra: 0.000 L_fsp: 0.576 fsp_3_4: 0.144 fsp_4_5: 0.154 fsp_5_6: 0.122 fsp_6_7: 0.155 
(epoch: 7, iters: 5938, time: 0.034) G_GAN: 0.862 G_L1: 0.402 G_SSIM: 0.207 H_L1: 0.234 H_SSIM: 0.488 D_real: 0.009 D_fake: 0.059 att_A: 0.381 L_hall: 0.045 L_inter: 0.000 L_intra: 0.000 L_fsp: 0.485 fsp_3_4: 0.155 fsp_4_5: 0.153 fsp_5_6: 0.093 fsp_6_7: 0.084 
(epoch: 7, iters: 6038, time: 0.034) G_GAN: 1.430 G_L1: 0.243 G_SSIM: 0.131 H_L1: 0.140 H_SSIM: 0.382 D_real: 0.488 D_fake: 0.054 att_A: 0.617 L_hall: 0.043 L_inter: 0.000 L_intra: 0.000 L_fsp: 0.457 fsp_3_4: 0.093 fsp_4_5: 0.143 fsp_5_6: 0.154 fsp_6_7: 0.066 
(epoch: 7, iters: 6138, time: 0.035) G_GAN: 0.694 G_L1: 0.395 G_SSIM: 0.239 H_L1: 0.183 H_SSIM: 0.399 D_real: 0.128 D_fake: 0.062 att_A: 0.551 L_hall: 0.052 L_inter: 0.000 L_intra: 0.000 L_fsp: 0.625 fsp_3_4: 0.086 fsp_4_5: 0.140 fsp_5_6: 0.268 fsp_6_7: 0.131 
(epoch: 7, iters: 6238, time: 0.053) G_GAN: 0.139 G_L1: 0.045 G_SSIM: 0.020 H_L1: 0.113 H_SSIM: 0.042 D_real: 0.012 D_fake: 0.435 att_A: 0.368 L_hall: 0.053 L_inter: 0.000 L_intra: 0.000 L_fsp: 0.765 fsp_3_4: 0.071 fsp_4_5: 0.142 fsp_5_6: 0.249 fsp_6_7: 0.303 
(epoch: 7, iters: 6338, time: 0.034) G_GAN: 0.759 G_L1: 0.049 G_SSIM: 0.017 H_L1: 0.108 H_SSIM: 0.051 D_real: 0.106 D_fake: 0.025 att_A: 0.395 L_hall: 0.049 L_inter: 0.000 L_intra: 0.000 L_fsp: 0.450 fsp_3_4: 0.080 fsp_4_5: 0.123 fsp_5_6: 0.155 fsp_6_7: 0.092 
(epoch: 7, iters: 6438, time: 0.033) G_GAN: 0.696 G_L1: 0.332 G_SSIM: 0.240 H_L1: 0.179 H_SSIM: 0.537 D_real: 0.039 D_fake: 0.247 att_A: 0.575 L_hall: 0.053 L_inter: 0.000 L_intra: 0.000 L_fsp: 0.715 fsp_3_4: 0.119 fsp_4_5: 0.172 fsp_5_6: 0.176 fsp_6_7: 0.247 
(epoch: 7, iters: 6538, time: 0.034) G_GAN: 1.116 G_L1: 0.536 G_SSIM: 0.384 H_L1: 0.221 H_SSIM: 0.600 D_real: 0.020 D_fake: 0.016 att_A: 0.658 L_hall: 0.053 L_inter: 0.000 L_intra: 0.000 L_fsp: 0.652 fsp_3_4: 0.112 fsp_4_5: 0.180 fsp_5_6: 0.179 fsp_6_7: 0.181 
(epoch: 7, iters: 6638, time: 0.034) G_GAN: 0.950 G_L1: 0.287 G_SSIM: 0.146 H_L1: 0.242 H_SSIM: 0.544 D_real: 0.027 D_fake: 0.020 att_A: 0.596 L_hall: 0.058 L_inter: 0.000 L_intra: 0.000 L_fsp: 0.760 fsp_3_4: 0.101 fsp_4_5: 0.174 fsp_5_6: 0.234 fsp_6_7: 0.251 
(epoch: 7, iters: 6738, time: 0.060) G_GAN: 0.240 G_L1: 0.341 G_SSIM: 0.153 H_L1: 0.211 H_SSIM: 0.482 D_real: 0.009 D_fake: 0.275 att_A: 0.373 L_hall: 0.045 L_inter: 0.000 L_intra: 0.000 L_fsp: 0.391 fsp_3_4: 0.083 fsp_4_5: 0.139 fsp_5_6: 0.118 fsp_6_7: 0.051 
(epoch: 7, iters: 6838, time: 0.034) G_GAN: 0.955 G_L1: 0.471 G_SSIM: 0.325 H_L1: 0.223 H_SSIM: 0.473 D_real: 0.010 D_fake: 0.006 att_A: 0.757 L_hall: 0.052 L_inter: 0.000 L_intra: 0.000 L_fsp: 0.574 fsp_3_4: 0.109 fsp_4_5: 0.185 fsp_5_6: 0.168 fsp_6_7: 0.113 
(epoch: 7, iters: 6938, time: 0.034) G_GAN: 0.233 G_L1: 0.116 G_SSIM: 0.030 H_L1: 0.092 H_SSIM: 0.111 D_real: 0.050 D_fake: 0.204 att_A: 0.695 L_hall: 0.033 L_inter: 0.000 L_intra: 0.000 L_fsp: 0.455 fsp_3_4: 0.098 fsp_4_5: 0.149 fsp_5_6: 0.150 fsp_6_7: 0.058 
(epoch: 7, iters: 7038, time: 0.035) G_GAN: 1.005 G_L1: 0.453 G_SSIM: 0.440 H_L1: 0.255 H_SSIM: 0.633 D_real: 0.007 D_fake: 0.005 att_A: 0.761 L_hall: 0.058 L_inter: 0.000 L_intra: 0.000 L_fsp: 0.628 fsp_3_4: 0.107 fsp_4_5: 0.124 fsp_5_6: 0.223 fsp_6_7: 0.175 
(epoch: 7, iters: 7138, time: 0.034) G_GAN: 1.103 G_L1: 0.252 G_SSIM: 0.154 H_L1: 0.253 H_SSIM: 0.565 D_real: 0.167 D_fake: 0.188 att_A: 0.437 L_hall: 0.056 L_inter: 0.000 L_intra: 0.000 L_fsp: 0.488 fsp_3_4: 0.095 fsp_4_5: 0.151 fsp_5_6: 0.167 fsp_6_7: 0.075 
(epoch: 7, iters: 7238, time: 0.054) G_GAN: 1.027 G_L1: 0.792 G_SSIM: 0.499 H_L1: 0.225 H_SSIM: 0.596 D_real: 0.012 D_fake: 0.007 att_A: 0.826 L_hall: 0.056 L_inter: 0.000 L_intra: 0.000 L_fsp: 0.630 fsp_3_4: 0.113 fsp_4_5: 0.172 fsp_5_6: 0.221 fsp_6_7: 0.124 
(epoch: 7, iters: 7338, time: 0.034) G_GAN: 0.994 G_L1: 0.375 G_SSIM: 0.369 H_L1: 0.235 H_SSIM: 0.574 D_real: 0.009 D_fake: 0.013 att_A: 0.783 L_hall: 0.056 L_inter: 0.000 L_intra: 0.000 L_fsp: 0.502 fsp_3_4: 0.088 fsp_4_5: 0.153 fsp_5_6: 0.163 fsp_6_7: 0.099 
(epoch: 7, iters: 7438, time: 0.034) G_GAN: 0.196 G_L1: 0.218 G_SSIM: 0.081 H_L1: 0.282 H_SSIM: 0.629 D_real: 0.108 D_fake: 0.237 att_A: 0.264 L_hall: 0.055 L_inter: 0.000 L_intra: 0.000 L_fsp: 0.473 fsp_3_4: 0.119 fsp_4_5: 0.149 fsp_5_6: 0.167 fsp_6_7: 0.038 
(epoch: 7, iters: 7538, time: 0.034) G_GAN: 0.903 G_L1: 0.254 G_SSIM: 0.136 H_L1: 0.192 H_SSIM: 0.336 D_real: 0.014 D_fake: 0.009 att_A: 0.732 L_hall: 0.058 L_inter: 0.000 L_intra: 0.000 L_fsp: 0.644 fsp_3_4: 0.107 fsp_4_5: 0.170 fsp_5_6: 0.207 fsp_6_7: 0.160 
(epoch: 7, iters: 7638, time: 0.034) G_GAN: 1.071 G_L1: 0.710 G_SSIM: 0.320 H_L1: 0.178 H_SSIM: 0.468 D_real: 0.007 D_fake: 0.010 att_A: 0.701 L_hall: 0.058 L_inter: 0.000 L_intra: 0.000 L_fsp: 0.616 fsp_3_4: 0.095 fsp_4_5: 0.137 fsp_5_6: 0.212 fsp_6_7: 0.172 
(epoch: 7, iters: 7738, time: 0.047) G_GAN: 0.880 G_L1: 0.352 G_SSIM: 0.178 H_L1: 0.279 H_SSIM: 0.459 D_real: 0.098 D_fake: 0.128 att_A: 0.629 L_hall: 0.053 L_inter: 0.000 L_intra: 0.000 L_fsp: 0.503 fsp_3_4: 0.100 fsp_4_5: 0.142 fsp_5_6: 0.189 fsp_6_7: 0.072 
(epoch: 7, iters: 7838, time: 0.034) G_GAN: 0.680 G_L1: 0.245 G_SSIM: 0.197 H_L1: 0.237 H_SSIM: 0.449 D_real: 0.010 D_fake: 0.041 att_A: 0.460 L_hall: 0.049 L_inter: 0.000 L_intra: 0.000 L_fsp: 0.362 fsp_3_4: 0.095 fsp_4_5: 0.129 fsp_5_6: 0.099 fsp_6_7: 0.040 
(epoch: 7, iters: 7938, time: 0.034) G_GAN: 0.994 G_L1: 0.334 G_SSIM: 0.185 H_L1: 0.172 H_SSIM: 0.309 D_real: 0.128 D_fake: 0.029 att_A: 0.940 L_hall: 0.061 L_inter: 0.000 L_intra: 0.000 L_fsp: 0.659 fsp_3_4: 0.180 fsp_4_5: 0.168 fsp_5_6: 0.196 fsp_6_7: 0.116 
(epoch: 7, iters: 8038, time: 0.034) G_GAN: 0.961 G_L1: 0.368 G_SSIM: 0.318 H_L1: 0.193 H_SSIM: 0.598 D_real: 0.009 D_fake: 0.007 att_A: 0.592 L_hall: 0.047 L_inter: 0.000 L_intra: 0.000 L_fsp: 0.423 fsp_3_4: 0.087 fsp_4_5: 0.135 fsp_5_6: 0.159 fsp_6_7: 0.043 
(epoch: 7, iters: 8138, time: 0.033) G_GAN: 0.691 G_L1: 0.399 G_SSIM: 0.255 H_L1: 0.180 H_SSIM: 0.402 D_real: 0.041 D_fake: 0.021 att_A: 0.905 L_hall: 0.058 L_inter: 0.000 L_intra: 0.000 L_fsp: 0.581 fsp_3_4: 0.097 fsp_4_5: 0.171 fsp_5_6: 0.146 fsp_6_7: 0.167 
(epoch: 7, iters: 8238, time: 0.072) G_GAN: 0.932 G_L1: 0.423 G_SSIM: 0.241 H_L1: 0.182 H_SSIM: 0.437 D_real: 0.010 D_fake: 0.006 att_A: 0.577 L_hall: 0.053 L_inter: 0.000 L_intra: 0.000 L_fsp: 0.589 fsp_3_4: 0.128 fsp_4_5: 0.160 fsp_5_6: 0.164 fsp_6_7: 0.137 
(epoch: 7, iters: 8338, time: 0.034) G_GAN: 0.942 G_L1: 0.328 G_SSIM: 0.259 H_L1: 0.221 H_SSIM: 0.463 D_real: 0.006 D_fake: 0.004 att_A: 0.745 L_hall: 0.058 L_inter: 0.000 L_intra: 0.000 L_fsp: 0.759 fsp_3_4: 0.121 fsp_4_5: 0.174 fsp_5_6: 0.305 fsp_6_7: 0.160 
(epoch: 7, iters: 8438, time: 0.034) G_GAN: 0.977 G_L1: 0.380 G_SSIM: 0.271 H_L1: 0.166 H_SSIM: 0.452 D_real: 0.017 D_fake: 0.023 att_A: 0.584 L_hall: 0.052 L_inter: 0.000 L_intra: 0.000 L_fsp: 0.560 fsp_3_4: 0.111 fsp_4_5: 0.163 fsp_5_6: 0.210 fsp_6_7: 0.076 
(epoch: 7, iters: 8538, time: 0.034) G_GAN: 0.895 G_L1: 0.346 G_SSIM: 0.194 H_L1: 0.199 H_SSIM: 0.516 D_real: 0.014 D_fake: 0.012 att_A: 0.410 L_hall: 0.046 L_inter: 0.000 L_intra: 0.000 L_fsp: 0.446 fsp_3_4: 0.121 fsp_4_5: 0.158 fsp_5_6: 0.089 fsp_6_7: 0.078 
(epoch: 7, iters: 8638, time: 0.034) G_GAN: 0.991 G_L1: 0.382 G_SSIM: 0.206 H_L1: 0.205 H_SSIM: 0.451 D_real: 0.059 D_fake: 0.007 att_A: 0.570 L_hall: 0.051 L_inter: 0.000 L_intra: 0.000 L_fsp: 0.473 fsp_3_4: 0.105 fsp_4_5: 0.136 fsp_5_6: 0.119 fsp_6_7: 0.113 
(epoch: 7, iters: 8738, time: 0.060) G_GAN: 1.323 G_L1: 0.382 G_SSIM: 0.302 H_L1: 0.259 H_SSIM: 0.491 D_real: 0.045 D_fake: 0.034 att_A: 0.742 L_hall: 0.057 L_inter: 0.000 L_intra: 0.000 L_fsp: 0.624 fsp_3_4: 0.099 fsp_4_5: 0.153 fsp_5_6: 0.241 fsp_6_7: 0.131 
(epoch: 7, iters: 8838, time: 0.035) G_GAN: 0.819 G_L1: 0.085 G_SSIM: 0.020 H_L1: 0.129 H_SSIM: 0.043 D_real: 0.120 D_fake: 0.042 att_A: 0.640 L_hall: 0.053 L_inter: 0.000 L_intra: 0.000 L_fsp: 0.547 fsp_3_4: 0.074 fsp_4_5: 0.129 fsp_5_6: 0.178 fsp_6_7: 0.166 
(epoch: 7, iters: 8938, time: 0.034) G_GAN: 1.018 G_L1: 0.386 G_SSIM: 0.158 H_L1: 0.183 H_SSIM: 0.476 D_real: 0.017 D_fake: 0.015 att_A: 0.482 L_hall: 0.046 L_inter: 0.000 L_intra: 0.000 L_fsp: 0.493 fsp_3_4: 0.092 fsp_4_5: 0.131 fsp_5_6: 0.154 fsp_6_7: 0.116 
(epoch: 7, iters: 9038, time: 0.034) G_GAN: 1.094 G_L1: 0.524 G_SSIM: 0.395 H_L1: 0.195 H_SSIM: 0.592 D_real: 0.033 D_fake: 0.009 att_A: 0.784 L_hall: 0.053 L_inter: 0.000 L_intra: 0.000 L_fsp: 0.408 fsp_3_4: 0.104 fsp_4_5: 0.136 fsp_5_6: 0.103 fsp_6_7: 0.065 
epoch 7  fsp_3_4:0.123155  fsp_3_4_degen:0.000000  fsp_4_5:0.161051  fsp_4_5_degen:0.000000  fsp_5_6:0.171109  fsp_5_6_degen:0.000000  fsp_6_7:0.138564  fsp_6_7_degen:0.000000
End of epoch 7 / 30 	 Time Taken: 466 sec
learning rate = 0.0002000
(epoch: 8, iters: 11, time: 0.037) G_GAN: 0.870 G_L1: 0.416 G_SSIM: 0.382 H_L1: 0.248 H_SSIM: 0.561 D_real: 0.025 D_fake: 0.015 att_A: 0.610 L_hall: 0.054 L_inter: 0.000 L_intra: 0.000 L_fsp: 0.444 fsp_3_4: 0.109 fsp_4_5: 0.108 fsp_5_6: 0.146 fsp_6_7: 0.081 
(epoch: 8, iters: 111, time: 0.047) G_GAN: 0.858 G_L1: 0.628 G_SSIM: 0.429 H_L1: 0.247 H_SSIM: 0.492 D_real: 0.013 D_fake: 0.017 att_A: 0.755 L_hall: 0.053 L_inter: 0.000 L_intra: 0.000 L_fsp: 0.687 fsp_3_4: 0.103 fsp_4_5: 0.166 fsp_5_6: 0.214 fsp_6_7: 0.204 
(epoch: 8, iters: 211, time: 0.035) G_GAN: 0.173 G_L1: 0.213 G_SSIM: 0.066 H_L1: 0.193 H_SSIM: 0.289 D_real: 0.023 D_fake: 0.013 att_A: 0.437 L_hall: 0.043 L_inter: 0.000 L_intra: 0.000 L_fsp: 0.466 fsp_3_4: 0.111 fsp_4_5: 0.122 fsp_5_6: 0.121 fsp_6_7: 0.111 
(epoch: 8, iters: 311, time: 0.034) G_GAN: 0.065 G_L1: 0.682 G_SSIM: 0.462 H_L1: 0.261 H_SSIM: 0.583 D_real: 0.010 D_fake: 0.589 att_A: 0.461 L_hall: 0.063 L_inter: 0.000 L_intra: 0.000 L_fsp: 0.653 fsp_3_4: 0.153 fsp_4_5: 0.183 fsp_5_6: 0.178 fsp_6_7: 0.139 
(epoch: 8, iters: 411, time: 0.035) G_GAN: 1.014 G_L1: 0.486 G_SSIM: 0.364 H_L1: 0.238 H_SSIM: 0.597 D_real: 0.019 D_fake: 0.006 att_A: 0.603 L_hall: 0.052 L_inter: 0.000 L_intra: 0.000 L_fsp: 0.686 fsp_3_4: 0.139 fsp_4_5: 0.161 fsp_5_6: 0.243 fsp_6_7: 0.144 
(epoch: 8, iters: 511, time: 0.034) G_GAN: 0.190 G_L1: 0.240 G_SSIM: 0.119 H_L1: 0.181 H_SSIM: 0.403 D_real: 0.010 D_fake: 0.346 att_A: 0.638 L_hall: 0.056 L_inter: 0.000 L_intra: 0.000 L_fsp: 0.728 fsp_3_4: 0.157 fsp_4_5: 0.205 fsp_5_6: 0.170 fsp_6_7: 0.196 
(epoch: 8, iters: 611, time: 0.059) G_GAN: 0.957 G_L1: 0.302 G_SSIM: 0.260 H_L1: 0.222 H_SSIM: 0.456 D_real: 0.010 D_fake: 0.005 att_A: 0.618 L_hall: 0.053 L_inter: 0.000 L_intra: 0.000 L_fsp: 0.533 fsp_3_4: 0.079 fsp_4_5: 0.143 fsp_5_6: 0.247 fsp_6_7: 0.063 
(epoch: 8, iters: 711, time: 0.034) G_GAN: 0.780 G_L1: 0.444 G_SSIM: 0.264 H_L1: 0.178 H_SSIM: 0.373 D_real: 0.030 D_fake: 0.028 att_A: 0.665 L_hall: 0.053 L_inter: 0.000 L_intra: 0.000 L_fsp: 0.644 fsp_3_4: 0.157 fsp_4_5: 0.160 fsp_5_6: 0.154 fsp_6_7: 0.173 
(epoch: 8, iters: 811, time: 0.038) G_GAN: 0.949 G_L1: 0.337 G_SSIM: 0.178 H_L1: 0.146 H_SSIM: 0.361 D_real: 0.009 D_fake: 0.012 att_A: 0.581 L_hall: 0.050 L_inter: 0.000 L_intra: 0.000 L_fsp: 0.546 fsp_3_4: 0.152 fsp_4_5: 0.158 fsp_5_6: 0.137 fsp_6_7: 0.100 
(epoch: 8, iters: 911, time: 0.034) G_GAN: 1.262 G_L1: 0.365 G_SSIM: 0.223 H_L1: 0.143 H_SSIM: 0.350 D_real: 0.022 D_fake: 0.025 att_A: 0.848 L_hall: 0.056 L_inter: 0.000 L_intra: 0.000 L_fsp: 0.742 fsp_3_4: 0.142 fsp_4_5: 0.148 fsp_5_6: 0.208 fsp_6_7: 0.244 
(epoch: 8, iters: 1011, time: 0.034) G_GAN: 1.288 G_L1: 0.462 G_SSIM: 0.361 H_L1: 0.227 H_SSIM: 0.500 D_real: 0.035 D_fake: 0.035 att_A: 0.718 L_hall: 0.051 L_inter: 0.000 L_intra: 0.000 L_fsp: 0.546 fsp_3_4: 0.116 fsp_4_5: 0.155 fsp_5_6: 0.139 fsp_6_7: 0.136 
(epoch: 8, iters: 1111, time: 0.060) G_GAN: 1.162 G_L1: 0.283 G_SSIM: 0.228 H_L1: 0.196 H_SSIM: 0.481 D_real: 0.013 D_fake: 0.010 att_A: 0.413 L_hall: 0.053 L_inter: 0.000 L_intra: 0.000 L_fsp: 0.404 fsp_3_4: 0.101 fsp_4_5: 0.139 fsp_5_6: 0.126 fsp_6_7: 0.039 
saving the latest model (epoch 8, total_steps 65000)
(epoch: 8, iters: 1211, time: 0.035) G_GAN: 1.069 G_L1: 0.409 G_SSIM: 0.298 H_L1: 0.170 H_SSIM: 0.446 D_real: 0.035 D_fake: 0.312 att_A: 0.595 L_hall: 0.046 L_inter: 0.000 L_intra: 0.000 L_fsp: 0.444 fsp_3_4: 0.113 fsp_4_5: 0.140 fsp_5_6: 0.131 fsp_6_7: 0.059 
(epoch: 8, iters: 1311, time: 0.035) G_GAN: 1.128 G_L1: 0.276 G_SSIM: 0.166 H_L1: 0.136 H_SSIM: 0.389 D_real: 0.099 D_fake: 0.327 att_A: 0.617 L_hall: 0.048 L_inter: 0.000 L_intra: 0.000 L_fsp: 0.560 fsp_3_4: 0.121 fsp_4_5: 0.215 fsp_5_6: 0.148 fsp_6_7: 0.075 
(epoch: 8, iters: 1411, time: 0.035) G_GAN: 0.154 G_L1: 0.407 G_SSIM: 0.189 H_L1: 0.176 H_SSIM: 0.349 D_real: 0.035 D_fake: 0.385 att_A: 0.406 L_hall: 0.052 L_inter: 0.000 L_intra: 0.000 L_fsp: 0.468 fsp_3_4: 0.151 fsp_4_5: 0.135 fsp_5_6: 0.107 fsp_6_7: 0.074 
(epoch: 8, iters: 1511, time: 0.035) G_GAN: 1.044 G_L1: 0.731 G_SSIM: 0.499 H_L1: 0.295 H_SSIM: 0.554 D_real: 0.008 D_fake: 0.010 att_A: 0.949 L_hall: 0.065 L_inter: 0.000 L_intra: 0.000 L_fsp: 0.506 fsp_3_4: 0.096 fsp_4_5: 0.175 fsp_5_6: 0.142 fsp_6_7: 0.093 
(epoch: 8, iters: 1611, time: 0.057) G_GAN: 1.122 G_L1: 0.407 G_SSIM: 0.136 H_L1: 0.142 H_SSIM: 0.251 D_real: 0.009 D_fake: 0.009 att_A: 0.936 L_hall: 0.059 L_inter: 0.000 L_intra: 0.000 L_fsp: 0.639 fsp_3_4: 0.209 fsp_4_5: 0.182 fsp_5_6: 0.138 fsp_6_7: 0.110 
(epoch: 8, iters: 1711, time: 0.034) G_GAN: 0.929 G_L1: 0.524 G_SSIM: 0.258 H_L1: 0.196 H_SSIM: 0.380 D_real: 0.014 D_fake: 0.057 att_A: 0.835 L_hall: 0.055 L_inter: 0.000 L_intra: 0.000 L_fsp: 0.583 fsp_3_4: 0.150 fsp_4_5: 0.208 fsp_5_6: 0.148 fsp_6_7: 0.077 
(epoch: 8, iters: 1811, time: 0.035) G_GAN: 1.304 G_L1: 0.511 G_SSIM: 0.333 H_L1: 0.211 H_SSIM: 0.456 D_real: 0.071 D_fake: 0.026 att_A: 0.815 L_hall: 0.056 L_inter: 0.000 L_intra: 0.000 L_fsp: 0.579 fsp_3_4: 0.118 fsp_4_5: 0.155 fsp_5_6: 0.155 fsp_6_7: 0.151 
(epoch: 8, iters: 1911, time: 0.034) G_GAN: 0.624 G_L1: 0.215 G_SSIM: 0.143 H_L1: 0.236 H_SSIM: 0.472 D_real: 0.017 D_fake: 0.006 att_A: 0.443 L_hall: 0.047 L_inter: 0.000 L_intra: 0.000 L_fsp: 0.377 fsp_3_4: 0.090 fsp_4_5: 0.111 fsp_5_6: 0.109 fsp_6_7: 0.067 
(epoch: 8, iters: 2011, time: 0.038) G_GAN: 0.907 G_L1: 0.371 G_SSIM: 0.246 H_L1: 0.256 H_SSIM: 0.494 D_real: 0.027 D_fake: 0.006 att_A: 0.720 L_hall: 0.052 L_inter: 0.000 L_intra: 0.000 L_fsp: 0.599 fsp_3_4: 0.118 fsp_4_5: 0.185 fsp_5_6: 0.195 fsp_6_7: 0.101 
(epoch: 8, iters: 2111, time: 0.076) G_GAN: 0.107 G_L1: 0.306 G_SSIM: 0.135 H_L1: 0.196 H_SSIM: 0.442 D_real: 0.007 D_fake: 0.473 att_A: 0.343 L_hall: 0.047 L_inter: 0.000 L_intra: 0.000 L_fsp: 0.516 fsp_3_4: 0.100 fsp_4_5: 0.135 fsp_5_6: 0.149 fsp_6_7: 0.133 
(epoch: 8, iters: 2211, time: 0.034) G_GAN: 0.193 G_L1: 0.570 G_SSIM: 0.571 H_L1: 0.219 H_SSIM: 0.581 D_real: 0.019 D_fake: 0.331 att_A: 0.563 L_hall: 0.051 L_inter: 0.000 L_intra: 0.000 L_fsp: 0.444 fsp_3_4: 0.108 fsp_4_5: 0.149 fsp_5_6: 0.123 fsp_6_7: 0.064 
(epoch: 8, iters: 2311, time: 0.034) G_GAN: 0.972 G_L1: 0.269 G_SSIM: 0.144 H_L1: 0.251 H_SSIM: 0.382 D_real: 0.007 D_fake: 0.005 att_A: 0.629 L_hall: 0.056 L_inter: 0.000 L_intra: 0.000 L_fsp: 0.676 fsp_3_4: 0.115 fsp_4_5: 0.141 fsp_5_6: 0.194 fsp_6_7: 0.226 
(epoch: 8, iters: 2411, time: 0.037) G_GAN: 0.200 G_L1: 0.087 G_SSIM: 0.024 H_L1: 0.078 H_SSIM: 0.078 D_real: 0.095 D_fake: 0.337 att_A: 0.654 L_hall: 0.044 L_inter: 0.000 L_intra: 0.000 L_fsp: 0.572 fsp_3_4: 0.111 fsp_4_5: 0.221 fsp_5_6: 0.157 fsp_6_7: 0.084 
(epoch: 8, iters: 2511, time: 0.034) G_GAN: 0.988 G_L1: 0.468 G_SSIM: 0.305 H_L1: 0.230 H_SSIM: 0.572 D_real: 0.007 D_fake: 0.008 att_A: 0.517 L_hall: 0.049 L_inter: 0.000 L_intra: 0.000 L_fsp: 0.502 fsp_3_4: 0.122 fsp_4_5: 0.137 fsp_5_6: 0.133 fsp_6_7: 0.109 
(epoch: 8, iters: 2611, time: 0.058) G_GAN: 0.321 G_L1: 0.274 G_SSIM: 0.118 H_L1: 0.222 H_SSIM: 0.308 D_real: 0.047 D_fake: 0.017 att_A: 0.504 L_hall: 0.045 L_inter: 0.000 L_intra: 0.000 L_fsp: 0.452 fsp_3_4: 0.093 fsp_4_5: 0.139 fsp_5_6: 0.135 fsp_6_7: 0.085 
(epoch: 8, iters: 2711, time: 0.034) G_GAN: 0.688 G_L1: 0.358 G_SSIM: 0.212 H_L1: 0.190 H_SSIM: 0.459 D_real: 0.080 D_fake: 0.059 att_A: 0.554 L_hall: 0.055 L_inter: 0.000 L_intra: 0.000 L_fsp: 0.536 fsp_3_4: 0.160 fsp_4_5: 0.175 fsp_5_6: 0.098 fsp_6_7: 0.103 
(epoch: 8, iters: 2811, time: 0.034) G_GAN: 0.967 G_L1: 0.426 G_SSIM: 0.332 H_L1: 0.198 H_SSIM: 0.496 D_real: 0.027 D_fake: 0.015 att_A: 0.879 L_hall: 0.065 L_inter: 0.000 L_intra: 0.000 L_fsp: 0.782 fsp_3_4: 0.129 fsp_4_5: 0.198 fsp_5_6: 0.201 fsp_6_7: 0.254 
(epoch: 8, iters: 2911, time: 0.034) G_GAN: 1.028 G_L1: 0.700 G_SSIM: 0.410 H_L1: 0.301 H_SSIM: 0.551 D_real: 0.007 D_fake: 0.008 att_A: 0.661 L_hall: 0.056 L_inter: 0.000 L_intra: 0.000 L_fsp: 0.709 fsp_3_4: 0.165 fsp_4_5: 0.182 fsp_5_6: 0.214 fsp_6_7: 0.148 
(epoch: 8, iters: 3011, time: 0.034) G_GAN: 0.806 G_L1: 0.690 G_SSIM: 0.323 H_L1: 0.279 H_SSIM: 0.457 D_real: 0.026 D_fake: 0.024 att_A: 0.590 L_hall: 0.061 L_inter: 0.000 L_intra: 0.000 L_fsp: 0.759 fsp_3_4: 0.174 fsp_4_5: 0.196 fsp_5_6: 0.221 fsp_6_7: 0.168 
(epoch: 8, iters: 3111, time: 0.050) G_GAN: 0.833 G_L1: 0.277 G_SSIM: 0.187 H_L1: 0.157 H_SSIM: 0.424 D_real: 0.031 D_fake: 0.101 att_A: 0.518 L_hall: 0.047 L_inter: 0.000 L_intra: 0.000 L_fsp: 0.585 fsp_3_4: 0.112 fsp_4_5: 0.156 fsp_5_6: 0.168 fsp_6_7: 0.149 
(epoch: 8, iters: 3211, time: 0.034) G_GAN: 0.475 G_L1: 0.263 G_SSIM: 0.196 H_L1: 0.253 H_SSIM: 0.403 D_real: 0.039 D_fake: 0.039 att_A: 0.400 L_hall: 0.044 L_inter: 0.000 L_intra: 0.000 L_fsp: 0.397 fsp_3_4: 0.081 fsp_4_5: 0.126 fsp_5_6: 0.146 fsp_6_7: 0.043 
(epoch: 8, iters: 3311, time: 0.035) G_GAN: 0.516 G_L1: 0.165 G_SSIM: 0.024 H_L1: 0.147 H_SSIM: 0.075 D_real: 0.243 D_fake: 0.024 att_A: 0.454 L_hall: 0.048 L_inter: 0.000 L_intra: 0.000 L_fsp: 0.526 fsp_3_4: 0.110 fsp_4_5: 0.133 fsp_5_6: 0.135 fsp_6_7: 0.147 
(epoch: 8, iters: 3411, time: 0.034) G_GAN: 1.161 G_L1: 0.832 G_SSIM: 0.428 H_L1: 0.288 H_SSIM: 0.548 D_real: 0.009 D_fake: 0.012 att_A: 0.696 L_hall: 0.055 L_inter: 0.000 L_intra: 0.000 L_fsp: 0.723 fsp_3_4: 0.099 fsp_4_5: 0.180 fsp_5_6: 0.176 fsp_6_7: 0.267 
(epoch: 8, iters: 3511, time: 0.036) G_GAN: 1.376 G_L1: 0.525 G_SSIM: 0.329 H_L1: 0.185 H_SSIM: 0.434 D_real: 0.051 D_fake: 0.174 att_A: 0.840 L_hall: 0.054 L_inter: 0.000 L_intra: 0.000 L_fsp: 0.497 fsp_3_4: 0.106 fsp_4_5: 0.142 fsp_5_6: 0.162 fsp_6_7: 0.088 
(epoch: 8, iters: 3611, time: 0.056) G_GAN: 1.222 G_L1: 0.807 G_SSIM: 0.531 H_L1: 0.290 H_SSIM: 0.580 D_real: 0.013 D_fake: 0.016 att_A: 0.969 L_hall: 0.065 L_inter: 0.000 L_intra: 0.000 L_fsp: 0.592 fsp_3_4: 0.157 fsp_4_5: 0.167 fsp_5_6: 0.180 fsp_6_7: 0.087 
(epoch: 8, iters: 3711, time: 0.034) G_GAN: 0.994 G_L1: 0.352 G_SSIM: 0.247 H_L1: 0.165 H_SSIM: 0.455 D_real: 0.012 D_fake: 0.015 att_A: 0.610 L_hall: 0.048 L_inter: 0.000 L_intra: 0.000 L_fsp: 0.423 fsp_3_4: 0.093 fsp_4_5: 0.126 fsp_5_6: 0.118 fsp_6_7: 0.086 
(epoch: 8, iters: 3811, time: 0.035) G_GAN: 0.927 G_L1: 0.048 G_SSIM: 0.019 H_L1: 0.104 H_SSIM: 0.058 D_real: 0.325 D_fake: 0.007 att_A: 0.379 L_hall: 0.050 L_inter: 0.000 L_intra: 0.000 L_fsp: 0.598 fsp_3_4: 0.112 fsp_4_5: 0.172 fsp_5_6: 0.170 fsp_6_7: 0.144 
(epoch: 8, iters: 3911, time: 0.034) G_GAN: 0.366 G_L1: 0.180 G_SSIM: 0.072 H_L1: 0.271 H_SSIM: 0.604 D_real: 0.220 D_fake: 0.177 att_A: 0.257 L_hall: 0.048 L_inter: 0.000 L_intra: 0.000 L_fsp: 0.429 fsp_3_4: 0.099 fsp_4_5: 0.142 fsp_5_6: 0.129 fsp_6_7: 0.060 
(epoch: 8, iters: 4011, time: 0.033) G_GAN: 1.157 G_L1: 0.315 G_SSIM: 0.268 H_L1: 0.163 H_SSIM: 0.495 D_real: 0.112 D_fake: 0.015 att_A: 0.842 L_hall: 0.055 L_inter: 0.000 L_intra: 0.000 L_fsp: 0.706 fsp_3_4: 0.110 fsp_4_5: 0.185 fsp_5_6: 0.168 fsp_6_7: 0.242 
(epoch: 8, iters: 4111, time: 0.049) G_GAN: 0.911 G_L1: 0.489 G_SSIM: 0.267 H_L1: 0.199 H_SSIM: 0.452 D_real: 0.005 D_fake: 0.008 att_A: 0.725 L_hall: 0.052 L_inter: 0.000 L_intra: 0.000 L_fsp: 0.613 fsp_3_4: 0.123 fsp_4_5: 0.167 fsp_5_6: 0.178 fsp_6_7: 0.144 
(epoch: 8, iters: 4211, time: 0.034) G_GAN: 0.761 G_L1: 0.364 G_SSIM: 0.226 H_L1: 0.220 H_SSIM: 0.395 D_real: 0.018 D_fake: 0.025 att_A: 0.746 L_hall: 0.050 L_inter: 0.000 L_intra: 0.000 L_fsp: 0.588 fsp_3_4: 0.175 fsp_4_5: 0.171 fsp_5_6: 0.134 fsp_6_7: 0.108 
(epoch: 8, iters: 4311, time: 0.034) G_GAN: 0.926 G_L1: 0.356 G_SSIM: 0.257 H_L1: 0.217 H_SSIM: 0.500 D_real: 0.021 D_fake: 0.015 att_A: 0.388 L_hall: 0.050 L_inter: 0.000 L_intra: 0.000 L_fsp: 0.364 fsp_3_4: 0.086 fsp_4_5: 0.139 fsp_5_6: 0.097 fsp_6_7: 0.042 
(epoch: 8, iters: 4411, time: 0.033) G_GAN: 1.356 G_L1: 0.420 G_SSIM: 0.309 H_L1: 0.207 H_SSIM: 0.505 D_real: 0.058 D_fake: 0.068 att_A: 0.696 L_hall: 0.054 L_inter: 0.000 L_intra: 0.000 L_fsp: 0.566 fsp_3_4: 0.139 fsp_4_5: 0.133 fsp_5_6: 0.172 fsp_6_7: 0.122 
(epoch: 8, iters: 4511, time: 0.033) G_GAN: 0.991 G_L1: 0.619 G_SSIM: 0.326 H_L1: 0.179 H_SSIM: 0.410 D_real: 0.013 D_fake: 0.008 att_A: 0.781 L_hall: 0.056 L_inter: 0.000 L_intra: 0.000 L_fsp: 0.733 fsp_3_4: 0.160 fsp_4_5: 0.186 fsp_5_6: 0.213 fsp_6_7: 0.173 
(epoch: 8, iters: 4611, time: 0.073) G_GAN: 0.994 G_L1: 0.405 G_SSIM: 0.368 H_L1: 0.227 H_SSIM: 0.595 D_real: 0.008 D_fake: 0.004 att_A: 0.791 L_hall: 0.055 L_inter: 0.000 L_intra: 0.000 L_fsp: 0.514 fsp_3_4: 0.093 fsp_4_5: 0.160 fsp_5_6: 0.155 fsp_6_7: 0.105 
(epoch: 8, iters: 4711, time: 0.035) G_GAN: 0.146 G_L1: 0.087 G_SSIM: 0.032 H_L1: 0.072 H_SSIM: 0.101 D_real: 0.039 D_fake: 0.576 att_A: 0.829 L_hall: 0.027 L_inter: 0.000 L_intra: 0.000 L_fsp: 0.246 fsp_3_4: 0.065 fsp_4_5: 0.091 fsp_5_6: 0.072 fsp_6_7: 0.018 
(epoch: 8, iters: 4811, time: 0.035) G_GAN: 0.943 G_L1: 0.380 G_SSIM: 0.349 H_L1: 0.227 H_SSIM: 0.556 D_real: 0.008 D_fake: 0.010 att_A: 0.735 L_hall: 0.054 L_inter: 0.000 L_intra: 0.000 L_fsp: 0.658 fsp_3_4: 0.114 fsp_4_5: 0.137 fsp_5_6: 0.211 fsp_6_7: 0.196 
(epoch: 8, iters: 4911, time: 0.034) G_GAN: 0.185 G_L1: 0.186 G_SSIM: 0.077 H_L1: 0.219 H_SSIM: 0.460 D_real: 0.058 D_fake: 0.019 att_A: 0.393 L_hall: 0.052 L_inter: 0.000 L_intra: 0.000 L_fsp: 0.502 fsp_3_4: 0.110 fsp_4_5: 0.151 fsp_5_6: 0.110 fsp_6_7: 0.131 
(epoch: 8, iters: 5011, time: 0.034) G_GAN: 1.097 G_L1: 0.364 G_SSIM: 0.048 H_L1: 0.086 H_SSIM: 0.162 D_real: 0.081 D_fake: 0.022 att_A: 0.920 L_hall: 0.053 L_inter: 0.000 L_intra: 0.000 L_fsp: 0.884 fsp_3_4: 0.284 fsp_4_5: 0.251 fsp_5_6: 0.231 fsp_6_7: 0.118 
(epoch: 8, iters: 5111, time: 0.057) G_GAN: 0.839 G_L1: 0.422 G_SSIM: 0.179 H_L1: 0.315 H_SSIM: 0.499 D_real: 0.014 D_fake: 0.039 att_A: 0.504 L_hall: 0.056 L_inter: 0.000 L_intra: 0.000 L_fsp: 0.718 fsp_3_4: 0.109 fsp_4_5: 0.188 fsp_5_6: 0.188 fsp_6_7: 0.233 
(epoch: 8, iters: 5211, time: 0.035) G_GAN: 1.002 G_L1: 0.099 G_SSIM: 0.027 H_L1: 0.089 H_SSIM: 0.084 D_real: 0.016 D_fake: 0.057 att_A: 0.823 L_hall: 0.051 L_inter: 0.000 L_intra: 0.000 L_fsp: 0.524 fsp_3_4: 0.132 fsp_4_5: 0.132 fsp_5_6: 0.147 fsp_6_7: 0.113 
(epoch: 8, iters: 5311, time: 0.035) G_GAN: 0.939 G_L1: 0.639 G_SSIM: 0.325 H_L1: 0.278 H_SSIM: 0.414 D_real: 0.015 D_fake: 0.010 att_A: 0.803 L_hall: 0.060 L_inter: 0.000 L_intra: 0.000 L_fsp: 0.890 fsp_3_4: 0.159 fsp_4_5: 0.226 fsp_5_6: 0.211 fsp_6_7: 0.294 
(epoch: 8, iters: 5411, time: 0.034) G_GAN: 0.838 G_L1: 0.217 G_SSIM: 0.127 H_L1: 0.179 H_SSIM: 0.395 D_real: 0.099 D_fake: 0.019 att_A: 0.739 L_hall: 0.056 L_inter: 0.000 L_intra: 0.000 L_fsp: 0.715 fsp_3_4: 0.167 fsp_4_5: 0.188 fsp_5_6: 0.177 fsp_6_7: 0.184 
(epoch: 8, iters: 5511, time: 0.034) G_GAN: 1.290 G_L1: 0.048 G_SSIM: 0.015 H_L1: 0.093 H_SSIM: 0.048 D_real: 0.238 D_fake: 0.027 att_A: 0.521 L_hall: 0.052 L_inter: 0.000 L_intra: 0.000 L_fsp: 0.681 fsp_3_4: 0.077 fsp_4_5: 0.149 fsp_5_6: 0.219 fsp_6_7: 0.236 
(epoch: 8, iters: 5611, time: 0.057) G_GAN: 1.090 G_L1: 0.693 G_SSIM: 0.330 H_L1: 0.175 H_SSIM: 0.458 D_real: 0.018 D_fake: 0.007 att_A: 0.647 L_hall: 0.054 L_inter: 0.000 L_intra: 0.000 L_fsp: 0.579 fsp_3_4: 0.124 fsp_4_5: 0.160 fsp_5_6: 0.157 fsp_6_7: 0.138 
(epoch: 8, iters: 5711, time: 0.034) G_GAN: 0.348 G_L1: 0.047 G_SSIM: 0.018 H_L1: 0.108 H_SSIM: 0.043 D_real: 0.219 D_fake: 0.180 att_A: 0.380 L_hall: 0.055 L_inter: 0.000 L_intra: 0.000 L_fsp: 0.829 fsp_3_4: 0.101 fsp_4_5: 0.222 fsp_5_6: 0.208 fsp_6_7: 0.298 
(epoch: 8, iters: 5811, time: 0.035) G_GAN: 0.607 G_L1: 0.455 G_SSIM: 0.129 H_L1: 0.193 H_SSIM: 0.418 D_real: 0.013 D_fake: 0.010 att_A: 0.639 L_hall: 0.054 L_inter: 0.000 L_intra: 0.000 L_fsp: 0.673 fsp_3_4: 0.131 fsp_4_5: 0.139 fsp_5_6: 0.204 fsp_6_7: 0.198 
(epoch: 8, iters: 5911, time: 0.035) G_GAN: 0.382 G_L1: 0.244 G_SSIM: 0.158 H_L1: 0.272 H_SSIM: 0.453 D_real: 0.075 D_fake: 0.052 att_A: 0.357 L_hall: 0.045 L_inter: 0.000 L_intra: 0.000 L_fsp: 0.389 fsp_3_4: 0.087 fsp_4_5: 0.110 fsp_5_6: 0.105 fsp_6_7: 0.087 
(epoch: 8, iters: 6011, time: 0.035) G_GAN: 0.737 G_L1: 0.227 G_SSIM: 0.134 H_L1: 0.217 H_SSIM: 0.453 D_real: 0.017 D_fake: 0.012 att_A: 0.389 L_hall: 0.048 L_inter: 0.000 L_intra: 0.000 L_fsp: 0.425 fsp_3_4: 0.122 fsp_4_5: 0.147 fsp_5_6: 0.093 fsp_6_7: 0.063 
(epoch: 8, iters: 6111, time: 0.059) G_GAN: 0.990 G_L1: 0.290 G_SSIM: 0.202 H_L1: 0.161 H_SSIM: 0.410 D_real: 0.009 D_fake: 0.419 att_A: 0.598 L_hall: 0.049 L_inter: 0.000 L_intra: 0.000 L_fsp: 0.515 fsp_3_4: 0.080 fsp_4_5: 0.150 fsp_5_6: 0.196 fsp_6_7: 0.089 
saving the latest model (epoch 8, total_steps 70000)
(epoch: 8, iters: 6211, time: 0.034) G_GAN: 1.207 G_L1: 0.314 G_SSIM: 0.167 H_L1: 0.178 H_SSIM: 0.408 D_real: 0.096 D_fake: 0.146 att_A: 0.546 L_hall: 0.046 L_inter: 0.000 L_intra: 0.000 L_fsp: 0.404 fsp_3_4: 0.093 fsp_4_5: 0.094 fsp_5_6: 0.099 fsp_6_7: 0.117 
(epoch: 8, iters: 6311, time: 0.034) G_GAN: 1.152 G_L1: 0.248 G_SSIM: 0.195 H_L1: 0.156 H_SSIM: 0.388 D_real: 0.012 D_fake: 0.011 att_A: 0.864 L_hall: 0.062 L_inter: 0.000 L_intra: 0.000 L_fsp: 0.837 fsp_3_4: 0.135 fsp_4_5: 0.229 fsp_5_6: 0.218 fsp_6_7: 0.256 
(epoch: 8, iters: 6411, time: 0.034) G_GAN: 0.918 G_L1: 0.372 G_SSIM: 0.227 H_L1: 0.292 H_SSIM: 0.459 D_real: 0.050 D_fake: 0.009 att_A: 0.635 L_hall: 0.055 L_inter: 0.000 L_intra: 0.000 L_fsp: 0.487 fsp_3_4: 0.079 fsp_4_5: 0.157 fsp_5_6: 0.188 fsp_6_7: 0.064 
(epoch: 8, iters: 6511, time: 0.034) G_GAN: 0.972 G_L1: 0.108 G_SSIM: 0.022 H_L1: 0.138 H_SSIM: 0.054 D_real: 0.019 D_fake: 0.150 att_A: 0.546 L_hall: 0.054 L_inter: 0.000 L_intra: 0.000 L_fsp: 0.613 fsp_3_4: 0.075 fsp_4_5: 0.124 fsp_5_6: 0.313 fsp_6_7: 0.101 
(epoch: 8, iters: 6611, time: 0.049) G_GAN: 1.068 G_L1: 0.127 G_SSIM: 0.026 H_L1: 0.100 H_SSIM: 0.058 D_real: 0.016 D_fake: 0.016 att_A: 0.670 L_hall: 0.053 L_inter: 0.000 L_intra: 0.000 L_fsp: 0.678 fsp_3_4: 0.096 fsp_4_5: 0.131 fsp_5_6: 0.213 fsp_6_7: 0.238 
(epoch: 8, iters: 6711, time: 0.034) G_GAN: 0.923 G_L1: 0.415 G_SSIM: 0.271 H_L1: 0.248 H_SSIM: 0.505 D_real: 0.010 D_fake: 0.004 att_A: 0.441 L_hall: 0.048 L_inter: 0.000 L_intra: 0.000 L_fsp: 0.400 fsp_3_4: 0.115 fsp_4_5: 0.159 fsp_5_6: 0.083 fsp_6_7: 0.044 
(epoch: 8, iters: 6811, time: 0.034) G_GAN: 0.731 G_L1: 0.042 G_SSIM: 0.019 H_L1: 0.113 H_SSIM: 0.044 D_real: 0.067 D_fake: 0.019 att_A: 0.355 L_hall: 0.054 L_inter: 0.000 L_intra: 0.000 L_fsp: 0.574 fsp_3_4: 0.120 fsp_4_5: 0.182 fsp_5_6: 0.190 fsp_6_7: 0.083 
(epoch: 8, iters: 6911, time: 0.034) G_GAN: 0.598 G_L1: 0.072 G_SSIM: 0.013 H_L1: 0.069 H_SSIM: 0.050 D_real: 0.069 D_fake: 0.067 att_A: 0.814 L_hall: 0.057 L_inter: 0.000 L_intra: 0.000 L_fsp: 0.734 fsp_3_4: 0.134 fsp_4_5: 0.162 fsp_5_6: 0.271 fsp_6_7: 0.167 
(epoch: 8, iters: 7011, time: 0.034) G_GAN: 1.519 G_L1: 0.233 G_SSIM: 0.142 H_L1: 0.234 H_SSIM: 0.408 D_real: 0.091 D_fake: 0.069 att_A: 0.612 L_hall: 0.055 L_inter: 0.000 L_intra: 0.000 L_fsp: 0.549 fsp_3_4: 0.093 fsp_4_5: 0.130 fsp_5_6: 0.176 fsp_6_7: 0.151 
(epoch: 8, iters: 7111, time: 0.051) G_GAN: 0.942 G_L1: 0.340 G_SSIM: 0.193 H_L1: 0.194 H_SSIM: 0.465 D_real: 0.007 D_fake: 0.007 att_A: 0.557 L_hall: 0.051 L_inter: 0.000 L_intra: 0.000 L_fsp: 0.458 fsp_3_4: 0.152 fsp_4_5: 0.167 fsp_5_6: 0.109 fsp_6_7: 0.030 
(epoch: 8, iters: 7211, time: 0.036) G_GAN: 0.382 G_L1: 0.244 G_SSIM: 0.071 H_L1: 0.162 H_SSIM: 0.228 D_real: 0.244 D_fake: 0.010 att_A: 0.521 L_hall: 0.045 L_inter: 0.000 L_intra: 0.000 L_fsp: 0.554 fsp_3_4: 0.210 fsp_4_5: 0.113 fsp_5_6: 0.146 fsp_6_7: 0.084 
(epoch: 8, iters: 7311, time: 0.034) G_GAN: 0.447 G_L1: 0.051 G_SSIM: 0.006 H_L1: 0.070 H_SSIM: 0.035 D_real: 0.040 D_fake: 0.153 att_A: 0.661 L_hall: 0.053 L_inter: 0.000 L_intra: 0.000 L_fsp: 0.588 fsp_3_4: 0.113 fsp_4_5: 0.207 fsp_5_6: 0.163 fsp_6_7: 0.105 
(epoch: 8, iters: 7411, time: 0.034) G_GAN: 0.989 G_L1: 0.484 G_SSIM: 0.309 H_L1: 0.164 H_SSIM: 0.371 D_real: 0.005 D_fake: 0.003 att_A: 0.867 L_hall: 0.055 L_inter: 0.000 L_intra: 0.000 L_fsp: 0.710 fsp_3_4: 0.171 fsp_4_5: 0.163 fsp_5_6: 0.156 fsp_6_7: 0.220 
(epoch: 8, iters: 7511, time: 0.034) G_GAN: 0.353 G_L1: 0.297 G_SSIM: 0.204 H_L1: 0.180 H_SSIM: 0.385 D_real: 0.010 D_fake: 0.176 att_A: 0.550 L_hall: 0.050 L_inter: 0.000 L_intra: 0.000 L_fsp: 0.476 fsp_3_4: 0.074 fsp_4_5: 0.123 fsp_5_6: 0.114 fsp_6_7: 0.166 
(epoch: 8, iters: 7611, time: 0.052) G_GAN: 0.762 G_L1: 0.278 G_SSIM: 0.115 H_L1: 0.156 H_SSIM: 0.348 D_real: 0.109 D_fake: 0.019 att_A: 0.447 L_hall: 0.049 L_inter: 0.000 L_intra: 0.000 L_fsp: 0.509 fsp_3_4: 0.109 fsp_4_5: 0.157 fsp_5_6: 0.129 fsp_6_7: 0.115 
(epoch: 8, iters: 7711, time: 0.036) G_GAN: 1.022 G_L1: 0.287 G_SSIM: 0.151 H_L1: 0.306 H_SSIM: 0.507 D_real: 0.015 D_fake: 0.017 att_A: 0.513 L_hall: 0.056 L_inter: 0.000 L_intra: 0.000 L_fsp: 0.724 fsp_3_4: 0.109 fsp_4_5: 0.152 fsp_5_6: 0.207 fsp_6_7: 0.257 
(epoch: 8, iters: 7811, time: 0.033) G_GAN: 0.979 G_L1: 0.342 G_SSIM: 0.339 H_L1: 0.179 H_SSIM: 0.479 D_real: 0.013 D_fake: 0.006 att_A: 0.753 L_hall: 0.055 L_inter: 0.000 L_intra: 0.000 L_fsp: 0.567 fsp_3_4: 0.135 fsp_4_5: 0.157 fsp_5_6: 0.136 fsp_6_7: 0.138 
(epoch: 8, iters: 7911, time: 0.034) G_GAN: 0.589 G_L1: 0.127 G_SSIM: 0.044 H_L1: 0.131 H_SSIM: 0.072 D_real: 0.107 D_fake: 0.163 att_A: 0.530 L_hall: 0.050 L_inter: 0.000 L_intra: 0.000 L_fsp: 1.057 fsp_3_4: 0.288 fsp_4_5: 0.240 fsp_5_6: 0.326 fsp_6_7: 0.203 
(epoch: 8, iters: 8011, time: 0.035) G_GAN: 1.121 G_L1: 0.483 G_SSIM: 0.274 H_L1: 0.214 H_SSIM: 0.479 D_real: 0.024 D_fake: 0.008 att_A: 0.658 L_hall: 0.052 L_inter: 0.000 L_intra: 0.000 L_fsp: 0.459 fsp_3_4: 0.093 fsp_4_5: 0.170 fsp_5_6: 0.154 fsp_6_7: 0.042 
(epoch: 8, iters: 8111, time: 0.052) G_GAN: 0.835 G_L1: 0.378 G_SSIM: 0.252 H_L1: 0.191 H_SSIM: 0.534 D_real: 0.020 D_fake: 0.015 att_A: 0.715 L_hall: 0.055 L_inter: 0.000 L_intra: 0.000 L_fsp: 0.711 fsp_3_4: 0.114 fsp_4_5: 0.133 fsp_5_6: 0.336 fsp_6_7: 0.128 
(epoch: 8, iters: 8211, time: 0.035) G_GAN: 0.114 G_L1: 0.234 G_SSIM: 0.098 H_L1: 0.247 H_SSIM: 0.509 D_real: 0.031 D_fake: 0.472 att_A: 0.287 L_hall: 0.046 L_inter: 0.000 L_intra: 0.000 L_fsp: 0.343 fsp_3_4: 0.077 fsp_4_5: 0.090 fsp_5_6: 0.090 fsp_6_7: 0.087 
(epoch: 8, iters: 8311, time: 0.034) G_GAN: 0.827 G_L1: 0.409 G_SSIM: 0.317 H_L1: 0.145 H_SSIM: 0.408 D_real: 0.011 D_fake: 0.023 att_A: 0.952 L_hall: 0.060 L_inter: 0.000 L_intra: 0.000 L_fsp: 0.608 fsp_3_4: 0.147 fsp_4_5: 0.195 fsp_5_6: 0.155 fsp_6_7: 0.111 
(epoch: 8, iters: 8411, time: 0.034) G_GAN: 1.185 G_L1: 0.431 G_SSIM: 0.265 H_L1: 0.201 H_SSIM: 0.406 D_real: 0.022 D_fake: 0.033 att_A: 0.725 L_hall: 0.052 L_inter: 0.000 L_intra: 0.000 L_fsp: 0.623 fsp_3_4: 0.154 fsp_4_5: 0.187 fsp_5_6: 0.172 fsp_6_7: 0.109 
(epoch: 8, iters: 8511, time: 0.034) G_GAN: 1.069 G_L1: 0.643 G_SSIM: 0.368 H_L1: 0.269 H_SSIM: 0.431 D_real: 0.046 D_fake: 0.008 att_A: 0.830 L_hall: 0.056 L_inter: 0.000 L_intra: 0.000 L_fsp: 0.628 fsp_3_4: 0.139 fsp_4_5: 0.193 fsp_5_6: 0.206 fsp_6_7: 0.090 
(epoch: 8, iters: 8611, time: 0.053) G_GAN: 0.893 G_L1: 0.309 G_SSIM: 0.246 H_L1: 0.124 H_SSIM: 0.361 D_real: 0.008 D_fake: 0.007 att_A: 0.934 L_hall: 0.058 L_inter: 0.000 L_intra: 0.000 L_fsp: 0.530 fsp_3_4: 0.154 fsp_4_5: 0.162 fsp_5_6: 0.126 fsp_6_7: 0.087 
(epoch: 8, iters: 8711, time: 0.034) G_GAN: 0.973 G_L1: 0.610 G_SSIM: 0.287 H_L1: 0.183 H_SSIM: 0.402 D_real: 0.007 D_fake: 0.096 att_A: 0.846 L_hall: 0.054 L_inter: 0.000 L_intra: 0.000 L_fsp: 0.626 fsp_3_4: 0.144 fsp_4_5: 0.175 fsp_5_6: 0.222 fsp_6_7: 0.084 
(epoch: 8, iters: 8811, time: 0.034) G_GAN: 0.930 G_L1: 0.229 G_SSIM: 0.077 H_L1: 0.132 H_SSIM: 0.213 D_real: 0.502 D_fake: 0.012 att_A: 0.606 L_hall: 0.042 L_inter: 0.000 L_intra: 0.000 L_fsp: 0.550 fsp_3_4: 0.165 fsp_4_5: 0.164 fsp_5_6: 0.139 fsp_6_7: 0.082 
(epoch: 8, iters: 8911, time: 0.034) G_GAN: 0.970 G_L1: 0.201 G_SSIM: 0.118 H_L1: 0.220 H_SSIM: 0.397 D_real: 0.014 D_fake: 0.007 att_A: 0.565 L_hall: 0.053 L_inter: 0.000 L_intra: 0.000 L_fsp: 0.589 fsp_3_4: 0.098 fsp_4_5: 0.136 fsp_5_6: 0.200 fsp_6_7: 0.154 
(epoch: 8, iters: 9011, time: 0.035) G_GAN: 1.009 G_L1: 0.407 G_SSIM: 0.226 H_L1: 0.214 H_SSIM: 0.438 D_real: 0.012 D_fake: 0.011 att_A: 0.604 L_hall: 0.049 L_inter: 0.000 L_intra: 0.000 L_fsp: 0.579 fsp_3_4: 0.100 fsp_4_5: 0.161 fsp_5_6: 0.141 fsp_6_7: 0.177 
(epoch: 8, iters: 9111, time: 0.054) G_GAN: 1.679 G_L1: 0.096 G_SSIM: 0.016 H_L1: 0.081 H_SSIM: 0.046 D_real: 0.192 D_fake: 0.023 att_A: 0.837 L_hall: 0.051 L_inter: 0.000 L_intra: 0.000 L_fsp: 0.555 fsp_3_4: 0.068 fsp_4_5: 0.180 fsp_5_6: 0.150 fsp_6_7: 0.157 
epoch 8  fsp_3_4:0.121763  fsp_3_4_degen:0.000000  fsp_4_5:0.159202  fsp_4_5_degen:0.000000  fsp_5_6:0.166028  fsp_5_6_degen:0.000000  fsp_6_7:0.126785  fsp_6_7_degen:0.000000
End of epoch 8 / 30 	 Time Taken: 446 sec
learning rate = 0.0002000
(epoch: 9, iters: 84, time: 0.034) G_GAN: 1.003 G_L1: 0.306 G_SSIM: 0.248 H_L1: 0.154 H_SSIM: 0.460 D_real: 0.005 D_fake: 0.007 att_A: 0.541 L_hall: 0.050 L_inter: 0.000 L_intra: 0.000 L_fsp: 0.528 fsp_3_4: 0.114 fsp_4_5: 0.153 fsp_5_6: 0.136 fsp_6_7: 0.125 
(epoch: 9, iters: 184, time: 0.036) G_GAN: 1.077 G_L1: 0.405 G_SSIM: 0.396 H_L1: 0.265 H_SSIM: 0.562 D_real: 0.007 D_fake: 0.006 att_A: 0.818 L_hall: 0.058 L_inter: 0.000 L_intra: 0.000 L_fsp: 0.634 fsp_3_4: 0.093 fsp_4_5: 0.164 fsp_5_6: 0.206 fsp_6_7: 0.171 
(epoch: 9, iters: 284, time: 0.034) G_GAN: 0.917 G_L1: 0.642 G_SSIM: 0.376 H_L1: 0.260 H_SSIM: 0.442 D_real: 0.023 D_fake: 0.075 att_A: 0.920 L_hall: 0.058 L_inter: 0.000 L_intra: 0.000 L_fsp: 0.608 fsp_3_4: 0.148 fsp_4_5: 0.207 fsp_5_6: 0.157 fsp_6_7: 0.096 
(epoch: 9, iters: 384, time: 0.033) G_GAN: 0.155 G_L1: 0.319 G_SSIM: 0.253 H_L1: 0.211 H_SSIM: 0.377 D_real: 0.025 D_fake: 0.383 att_A: 0.457 L_hall: 0.045 L_inter: 0.000 L_intra: 0.000 L_fsp: 0.495 fsp_3_4: 0.102 fsp_4_5: 0.158 fsp_5_6: 0.142 fsp_6_7: 0.092 
(epoch: 9, iters: 484, time: 0.053) G_GAN: 1.199 G_L1: 0.300 G_SSIM: 0.120 H_L1: 0.157 H_SSIM: 0.398 D_real: 0.043 D_fake: 0.009 att_A: 0.631 L_hall: 0.048 L_inter: 0.000 L_intra: 0.000 L_fsp: 0.598 fsp_3_4: 0.170 fsp_4_5: 0.218 fsp_5_6: 0.118 fsp_6_7: 0.092 
(epoch: 9, iters: 584, time: 0.034) G_GAN: 0.112 G_L1: 0.148 G_SSIM: 0.056 H_L1: 0.202 H_SSIM: 0.491 D_real: 0.054 D_fake: 0.459 att_A: 0.326 L_hall: 0.047 L_inter: 0.000 L_intra: 0.000 L_fsp: 0.398 fsp_3_4: 0.096 fsp_4_5: 0.143 fsp_5_6: 0.099 fsp_6_7: 0.061 
(epoch: 9, iters: 684, time: 0.034) G_GAN: 1.231 G_L1: 0.548 G_SSIM: 0.315 H_L1: 0.223 H_SSIM: 0.439 D_real: 0.032 D_fake: 0.037 att_A: 0.928 L_hall: 0.060 L_inter: 0.000 L_intra: 0.000 L_fsp: 0.709 fsp_3_4: 0.180 fsp_4_5: 0.210 fsp_5_6: 0.200 fsp_6_7: 0.118 
(epoch: 9, iters: 784, time: 0.033) G_GAN: 1.031 G_L1: 0.362 G_SSIM: 0.281 H_L1: 0.145 H_SSIM: 0.380 D_real: 0.013 D_fake: 0.006 att_A: 0.844 L_hall: 0.057 L_inter: 0.000 L_intra: 0.000 L_fsp: 0.655 fsp_3_4: 0.255 fsp_4_5: 0.182 fsp_5_6: 0.153 fsp_6_7: 0.065 
(epoch: 9, iters: 884, time: 0.035) G_GAN: 1.001 G_L1: 0.239 G_SSIM: 0.193 H_L1: 0.136 H_SSIM: 0.379 D_real: 0.025 D_fake: 0.014 att_A: 0.651 L_hall: 0.052 L_inter: 0.000 L_intra: 0.000 L_fsp: 0.652 fsp_3_4: 0.117 fsp_4_5: 0.163 fsp_5_6: 0.216 fsp_6_7: 0.155 
(epoch: 9, iters: 984, time: 0.066) G_GAN: 1.033 G_L1: 0.092 G_SSIM: 0.029 H_L1: 0.081 H_SSIM: 0.053 D_real: 0.012 D_fake: 0.012 att_A: 0.733 L_hall: 0.060 L_inter: 0.000 L_intra: 0.000 L_fsp: 0.871 fsp_3_4: 0.162 fsp_4_5: 0.183 fsp_5_6: 0.275 fsp_6_7: 0.251 
(epoch: 9, iters: 1084, time: 0.033) G_GAN: 0.513 G_L1: 0.293 G_SSIM: 0.099 H_L1: 0.242 H_SSIM: 0.508 D_real: 0.013 D_fake: 0.015 att_A: 0.494 L_hall: 0.056 L_inter: 0.000 L_intra: 0.000 L_fsp: 0.523 fsp_3_4: 0.104 fsp_4_5: 0.184 fsp_5_6: 0.170 fsp_6_7: 0.065 
(epoch: 9, iters: 1184, time: 0.033) G_GAN: 0.871 G_L1: 0.718 G_SSIM: 0.615 H_L1: 0.305 H_SSIM: 0.656 D_real: 0.035 D_fake: 0.543 att_A: 0.972 L_hall: 0.068 L_inter: 0.000 L_intra: 0.000 L_fsp: 0.716 fsp_3_4: 0.101 fsp_4_5: 0.157 fsp_5_6: 0.261 fsp_6_7: 0.198 
(epoch: 9, iters: 1284, time: 0.033) G_GAN: 1.196 G_L1: 0.228 G_SSIM: 0.163 H_L1: 0.208 H_SSIM: 0.491 D_real: 0.026 D_fake: 0.025 att_A: 0.438 L_hall: 0.047 L_inter: 0.000 L_intra: 0.000 L_fsp: 0.329 fsp_3_4: 0.073 fsp_4_5: 0.116 fsp_5_6: 0.115 fsp_6_7: 0.024 
(epoch: 9, iters: 1384, time: 0.034) G_GAN: 1.296 G_L1: 0.346 G_SSIM: 0.199 H_L1: 0.183 H_SSIM: 0.455 D_real: 0.066 D_fake: 0.032 att_A: 0.530 L_hall: 0.047 L_inter: 0.000 L_intra: 0.000 L_fsp: 0.475 fsp_3_4: 0.106 fsp_4_5: 0.170 fsp_5_6: 0.130 fsp_6_7: 0.068 
(epoch: 9, iters: 1484, time: 0.053) G_GAN: 0.491 G_L1: 0.325 G_SSIM: 0.196 H_L1: 0.209 H_SSIM: 0.338 D_real: 0.321 D_fake: 0.188 att_A: 0.394 L_hall: 0.043 L_inter: 0.000 L_intra: 0.000 L_fsp: 0.371 fsp_3_4: 0.089 fsp_4_5: 0.144 fsp_5_6: 0.109 fsp_6_7: 0.028 
(epoch: 9, iters: 1584, time: 0.036) G_GAN: 1.336 G_L1: 0.047 G_SSIM: 0.003 H_L1: 0.054 H_SSIM: 0.030 D_real: 0.142 D_fake: 0.005 att_A: 0.797 L_hall: 0.043 L_inter: 0.000 L_intra: 0.000 L_fsp: 0.722 fsp_3_4: 0.153 fsp_4_5: 0.194 fsp_5_6: 0.163 fsp_6_7: 0.212 
(epoch: 9, iters: 1684, time: 0.033) G_GAN: 0.938 G_L1: 0.301 G_SSIM: 0.231 H_L1: 0.207 H_SSIM: 0.489 D_real: 0.014 D_fake: 0.007 att_A: 0.500 L_hall: 0.048 L_inter: 0.000 L_intra: 0.000 L_fsp: 0.430 fsp_3_4: 0.090 fsp_4_5: 0.105 fsp_5_6: 0.161 fsp_6_7: 0.074 
(epoch: 9, iters: 1784, time: 0.035) G_GAN: 0.802 G_L1: 0.606 G_SSIM: 0.348 H_L1: 0.253 H_SSIM: 0.455 D_real: 0.037 D_fake: 0.022 att_A: 0.833 L_hall: 0.056 L_inter: 0.000 L_intra: 0.000 L_fsp: 0.631 fsp_3_4: 0.109 fsp_4_5: 0.193 fsp_5_6: 0.194 fsp_6_7: 0.136 
(epoch: 9, iters: 1884, time: 0.034) G_GAN: 0.966 G_L1: 0.408 G_SSIM: 0.291 H_L1: 0.152 H_SSIM: 0.395 D_real: 0.010 D_fake: 0.086 att_A: 0.876 L_hall: 0.056 L_inter: 0.000 L_intra: 0.000 L_fsp: 0.616 fsp_3_4: 0.183 fsp_4_5: 0.172 fsp_5_6: 0.185 fsp_6_7: 0.075 
(epoch: 9, iters: 1984, time: 0.066) G_GAN: 1.005 G_L1: 0.307 G_SSIM: 0.155 H_L1: 0.168 H_SSIM: 0.303 D_real: 0.117 D_fake: 0.013 att_A: 0.652 L_hall: 0.056 L_inter: 0.000 L_intra: 0.000 L_fsp: 0.670 fsp_3_4: 0.148 fsp_4_5: 0.202 fsp_5_6: 0.206 fsp_6_7: 0.114 
saving the latest model (epoch 9, total_steps 75000)
(epoch: 9, iters: 2084, time: 0.034) G_GAN: 0.297 G_L1: 0.161 G_SSIM: 0.062 H_L1: 0.233 H_SSIM: 0.532 D_real: 0.154 D_fake: 0.015 att_A: 0.246 L_hall: 0.045 L_inter: 0.000 L_intra: 0.000 L_fsp: 0.362 fsp_3_4: 0.091 fsp_4_5: 0.122 fsp_5_6: 0.108 fsp_6_7: 0.040 
(epoch: 9, iters: 2184, time: 0.034) G_GAN: 0.954 G_L1: 0.377 G_SSIM: 0.309 H_L1: 0.221 H_SSIM: 0.511 D_real: 0.020 D_fake: 0.014 att_A: 0.683 L_hall: 0.055 L_inter: 0.000 L_intra: 0.000 L_fsp: 0.554 fsp_3_4: 0.101 fsp_4_5: 0.166 fsp_5_6: 0.262 fsp_6_7: 0.026 
(epoch: 9, iters: 2284, time: 0.034) G_GAN: 0.782 G_L1: 0.152 G_SSIM: 0.042 H_L1: 0.147 H_SSIM: 0.202 D_real: 0.223 D_fake: 0.027 att_A: 0.731 L_hall: 0.045 L_inter: 0.000 L_intra: 0.000 L_fsp: 0.566 fsp_3_4: 0.198 fsp_4_5: 0.157 fsp_5_6: 0.139 fsp_6_7: 0.072 
(epoch: 9, iters: 2384, time: 0.033) G_GAN: 0.447 G_L1: 0.161 G_SSIM: 0.089 H_L1: 0.117 H_SSIM: 0.237 D_real: 0.044 D_fake: 0.043 att_A: 0.640 L_hall: 0.034 L_inter: 0.000 L_intra: 0.000 L_fsp: 0.379 fsp_3_4: 0.096 fsp_4_5: 0.135 fsp_5_6: 0.100 fsp_6_7: 0.048 
(epoch: 9, iters: 2484, time: 0.054) G_GAN: 0.266 G_L1: 0.123 G_SSIM: 0.044 H_L1: 0.111 H_SSIM: 0.054 D_real: 0.062 D_fake: 0.011 att_A: 0.643 L_hall: 0.051 L_inter: 0.000 L_intra: 0.000 L_fsp: 0.402 fsp_3_4: 0.072 fsp_4_5: 0.122 fsp_5_6: 0.138 fsp_6_7: 0.070 
(epoch: 9, iters: 2584, time: 0.033) G_GAN: 0.245 G_L1: 0.244 G_SSIM: 0.146 H_L1: 0.196 H_SSIM: 0.401 D_real: 0.007 D_fake: 0.277 att_A: 0.665 L_hall: 0.051 L_inter: 0.000 L_intra: 0.000 L_fsp: 0.462 fsp_3_4: 0.140 fsp_4_5: 0.172 fsp_5_6: 0.105 fsp_6_7: 0.045 
(epoch: 9, iters: 2684, time: 0.034) G_GAN: 1.225 G_L1: 0.293 G_SSIM: 0.202 H_L1: 0.158 H_SSIM: 0.396 D_real: 0.023 D_fake: 0.039 att_A: 0.594 L_hall: 0.049 L_inter: 0.000 L_intra: 0.000 L_fsp: 0.472 fsp_3_4: 0.083 fsp_4_5: 0.141 fsp_5_6: 0.180 fsp_6_7: 0.068 
(epoch: 9, iters: 2784, time: 0.034) G_GAN: 1.028 G_L1: 0.442 G_SSIM: 0.330 H_L1: 0.236 H_SSIM: 0.499 D_real: 0.009 D_fake: 0.010 att_A: 0.793 L_hall: 0.055 L_inter: 0.000 L_intra: 0.000 L_fsp: 0.605 fsp_3_4: 0.164 fsp_4_5: 0.140 fsp_5_6: 0.193 fsp_6_7: 0.108 
(epoch: 9, iters: 2884, time: 0.034) G_GAN: 0.910 G_L1: 0.219 G_SSIM: 0.137 H_L1: 0.236 H_SSIM: 0.458 D_real: 0.089 D_fake: 0.012 att_A: 0.442 L_hall: 0.049 L_inter: 0.000 L_intra: 0.000 L_fsp: 0.450 fsp_3_4: 0.108 fsp_4_5: 0.156 fsp_5_6: 0.096 fsp_6_7: 0.091 
(epoch: 9, iters: 2984, time: 0.049) G_GAN: 0.878 G_L1: 0.467 G_SSIM: 0.309 H_L1: 0.177 H_SSIM: 0.466 D_real: 0.024 D_fake: 0.007 att_A: 0.714 L_hall: 0.052 L_inter: 0.000 L_intra: 0.000 L_fsp: 0.653 fsp_3_4: 0.134 fsp_4_5: 0.157 fsp_5_6: 0.159 fsp_6_7: 0.203 
(epoch: 9, iters: 3084, time: 0.034) G_GAN: 0.171 G_L1: 0.036 G_SSIM: 0.003 H_L1: 0.069 H_SSIM: 0.030 D_real: 0.095 D_fake: 0.012 att_A: 0.565 L_hall: 0.054 L_inter: 0.000 L_intra: 0.000 L_fsp: 0.737 fsp_3_4: 0.137 fsp_4_5: 0.185 fsp_5_6: 0.202 fsp_6_7: 0.213 
(epoch: 9, iters: 3184, time: 0.036) G_GAN: 0.787 G_L1: 0.173 G_SSIM: 0.033 H_L1: 0.106 H_SSIM: 0.050 D_real: 0.087 D_fake: 0.005 att_A: 0.432 L_hall: 0.061 L_inter: 0.000 L_intra: 0.000 L_fsp: 0.880 fsp_3_4: 0.278 fsp_4_5: 0.212 fsp_5_6: 0.232 fsp_6_7: 0.159 
(epoch: 9, iters: 3284, time: 0.035) G_GAN: 1.325 G_L1: 1.259 G_SSIM: 0.616 H_L1: 0.338 H_SSIM: 0.723 D_real: 0.035 D_fake: 0.048 att_A: 0.830 L_hall: 0.059 L_inter: 0.000 L_intra: 0.000 L_fsp: 0.776 fsp_3_4: 0.158 fsp_4_5: 0.212 fsp_5_6: 0.250 fsp_6_7: 0.157 
(epoch: 9, iters: 3384, time: 0.035) G_GAN: 0.929 G_L1: 0.319 G_SSIM: 0.251 H_L1: 0.211 H_SSIM: 0.524 D_real: 0.065 D_fake: 0.010 att_A: 0.592 L_hall: 0.057 L_inter: 0.000 L_intra: 0.000 L_fsp: 0.598 fsp_3_4: 0.142 fsp_4_5: 0.177 fsp_5_6: 0.218 fsp_6_7: 0.062 
(epoch: 9, iters: 3484, time: 0.054) G_GAN: 0.705 G_L1: 0.420 G_SSIM: 0.154 H_L1: 0.246 H_SSIM: 0.561 D_real: 0.029 D_fake: 0.050 att_A: 0.335 L_hall: 0.045 L_inter: 0.000 L_intra: 0.000 L_fsp: 0.392 fsp_3_4: 0.095 fsp_4_5: 0.117 fsp_5_6: 0.158 fsp_6_7: 0.022 
(epoch: 9, iters: 3584, time: 0.034) G_GAN: 1.060 G_L1: 0.313 G_SSIM: 0.229 H_L1: 0.138 H_SSIM: 0.404 D_real: 0.014 D_fake: 0.009 att_A: 0.644 L_hall: 0.048 L_inter: 0.000 L_intra: 0.000 L_fsp: 0.496 fsp_3_4: 0.095 fsp_4_5: 0.159 fsp_5_6: 0.160 fsp_6_7: 0.081 
(epoch: 9, iters: 3684, time: 0.035) G_GAN: 1.057 G_L1: 0.362 G_SSIM: 0.273 H_L1: 0.213 H_SSIM: 0.458 D_real: 0.017 D_fake: 0.047 att_A: 0.655 L_hall: 0.053 L_inter: 0.000 L_intra: 0.000 L_fsp: 0.513 fsp_3_4: 0.119 fsp_4_5: 0.168 fsp_5_6: 0.177 fsp_6_7: 0.050 
(epoch: 9, iters: 3784, time: 0.035) G_GAN: 0.826 G_L1: 0.330 G_SSIM: 0.246 H_L1: 0.167 H_SSIM: 0.522 D_real: 0.011 D_fake: 0.022 att_A: 0.508 L_hall: 0.052 L_inter: 0.000 L_intra: 0.000 L_fsp: 0.508 fsp_3_4: 0.095 fsp_4_5: 0.177 fsp_5_6: 0.186 fsp_6_7: 0.051 
(epoch: 9, iters: 3884, time: 0.035) G_GAN: 0.997 G_L1: 0.292 G_SSIM: 0.236 H_L1: 0.166 H_SSIM: 0.508 D_real: 0.008 D_fake: 0.009 att_A: 0.527 L_hall: 0.046 L_inter: 0.000 L_intra: 0.000 L_fsp: 0.334 fsp_3_4: 0.087 fsp_4_5: 0.123 fsp_5_6: 0.090 fsp_6_7: 0.034 
(epoch: 9, iters: 3984, time: 0.056) G_GAN: 0.865 G_L1: 0.264 G_SSIM: 0.165 H_L1: 0.215 H_SSIM: 0.485 D_real: 0.037 D_fake: 0.019 att_A: 0.431 L_hall: 0.052 L_inter: 0.000 L_intra: 0.000 L_fsp: 0.462 fsp_3_4: 0.114 fsp_4_5: 0.147 fsp_5_6: 0.131 fsp_6_7: 0.070 
(epoch: 9, iters: 4084, time: 0.034) G_GAN: 0.079 G_L1: 0.312 G_SSIM: 0.137 H_L1: 0.168 H_SSIM: 0.411 D_real: 0.024 D_fake: 0.053 att_A: 0.335 L_hall: 0.046 L_inter: 0.000 L_intra: 0.000 L_fsp: 0.399 fsp_3_4: 0.106 fsp_4_5: 0.134 fsp_5_6: 0.122 fsp_6_7: 0.036 
(epoch: 9, iters: 4184, time: 0.033) G_GAN: 0.608 G_L1: 0.254 G_SSIM: 0.185 H_L1: 0.211 H_SSIM: 0.480 D_real: 0.024 D_fake: 0.056 att_A: 0.415 L_hall: 0.047 L_inter: 0.000 L_intra: 0.000 L_fsp: 0.421 fsp_3_4: 0.088 fsp_4_5: 0.140 fsp_5_6: 0.128 fsp_6_7: 0.065 
(epoch: 9, iters: 4284, time: 0.034) G_GAN: 0.920 G_L1: 0.264 G_SSIM: 0.211 H_L1: 0.233 H_SSIM: 0.495 D_real: 0.016 D_fake: 0.007 att_A: 0.436 L_hall: 0.050 L_inter: 0.000 L_intra: 0.000 L_fsp: 0.495 fsp_3_4: 0.140 fsp_4_5: 0.150 fsp_5_6: 0.136 fsp_6_7: 0.069 
(epoch: 9, iters: 4384, time: 0.034) G_GAN: 1.307 G_L1: 0.335 G_SSIM: 0.301 H_L1: 0.195 H_SSIM: 0.504 D_real: 0.063 D_fake: 0.066 att_A: 0.756 L_hall: 0.055 L_inter: 0.000 L_intra: 0.000 L_fsp: 0.595 fsp_3_4: 0.117 fsp_4_5: 0.161 fsp_5_6: 0.188 fsp_6_7: 0.129 
(epoch: 9, iters: 4484, time: 0.052) G_GAN: 0.762 G_L1: 0.299 G_SSIM: 0.210 H_L1: 0.170 H_SSIM: 0.395 D_real: 0.158 D_fake: 0.030 att_A: 0.523 L_hall: 0.053 L_inter: 0.000 L_intra: 0.000 L_fsp: 0.462 fsp_3_4: 0.085 fsp_4_5: 0.156 fsp_5_6: 0.150 fsp_6_7: 0.071 
(epoch: 9, iters: 4584, time: 0.034) G_GAN: 0.755 G_L1: 0.418 G_SSIM: 0.414 H_L1: 0.180 H_SSIM: 0.585 D_real: 0.011 D_fake: 0.008 att_A: 0.775 L_hall: 0.057 L_inter: 0.000 L_intra: 0.000 L_fsp: 0.490 fsp_3_4: 0.117 fsp_4_5: 0.152 fsp_5_6: 0.161 fsp_6_7: 0.060 
(epoch: 9, iters: 4684, time: 0.035) G_GAN: 0.372 G_L1: 0.262 G_SSIM: 0.171 H_L1: 0.223 H_SSIM: 0.453 D_real: 0.076 D_fake: 0.174 att_A: 0.401 L_hall: 0.046 L_inter: 0.000 L_intra: 0.000 L_fsp: 0.402 fsp_3_4: 0.087 fsp_4_5: 0.102 fsp_5_6: 0.149 fsp_6_7: 0.064 
(epoch: 9, iters: 4784, time: 0.036) G_GAN: 1.121 G_L1: 0.340 G_SSIM: 0.258 H_L1: 0.181 H_SSIM: 0.437 D_real: 0.054 D_fake: 0.012 att_A: 0.763 L_hall: 0.054 L_inter: 0.000 L_intra: 0.000 L_fsp: 0.489 fsp_3_4: 0.102 fsp_4_5: 0.134 fsp_5_6: 0.167 fsp_6_7: 0.086 
(epoch: 9, iters: 4884, time: 0.033) G_GAN: 0.936 G_L1: 0.302 G_SSIM: 0.145 H_L1: 0.309 H_SSIM: 0.476 D_real: 0.022 D_fake: 0.022 att_A: 0.483 L_hall: 0.058 L_inter: 0.000 L_intra: 0.000 L_fsp: 0.809 fsp_3_4: 0.121 fsp_4_5: 0.164 fsp_5_6: 0.231 fsp_6_7: 0.293 
(epoch: 9, iters: 4984, time: 0.054) G_GAN: 1.116 G_L1: 0.406 G_SSIM: 0.204 H_L1: 0.161 H_SSIM: 0.427 D_real: 0.051 D_fake: 0.008 att_A: 0.496 L_hall: 0.054 L_inter: 0.000 L_intra: 0.000 L_fsp: 0.471 fsp_3_4: 0.129 fsp_4_5: 0.152 fsp_5_6: 0.127 fsp_6_7: 0.063 
(epoch: 9, iters: 5084, time: 0.033) G_GAN: 1.008 G_L1: 0.318 G_SSIM: 0.171 H_L1: 0.150 H_SSIM: 0.315 D_real: 0.014 D_fake: 0.006 att_A: 0.719 L_hall: 0.052 L_inter: 0.000 L_intra: 0.000 L_fsp: 0.551 fsp_3_4: 0.123 fsp_4_5: 0.161 fsp_5_6: 0.126 fsp_6_7: 0.141 
(epoch: 9, iters: 5184, time: 0.034) G_GAN: 0.840 G_L1: 0.636 G_SSIM: 0.270 H_L1: 0.161 H_SSIM: 0.404 D_real: 0.021 D_fake: 0.011 att_A: 0.906 L_hall: 0.062 L_inter: 0.000 L_intra: 0.000 L_fsp: 0.561 fsp_3_4: 0.131 fsp_4_5: 0.183 fsp_5_6: 0.171 fsp_6_7: 0.076 
(epoch: 9, iters: 5284, time: 0.035) G_GAN: 1.041 G_L1: 0.488 G_SSIM: 0.286 H_L1: 0.154 H_SSIM: 0.437 D_real: 0.013 D_fake: 0.006 att_A: 0.678 L_hall: 0.052 L_inter: 0.000 L_intra: 0.000 L_fsp: 0.482 fsp_3_4: 0.104 fsp_4_5: 0.124 fsp_5_6: 0.187 fsp_6_7: 0.067 
(epoch: 9, iters: 5384, time: 0.034) G_GAN: 0.434 G_L1: 0.096 G_SSIM: 0.018 H_L1: 0.089 H_SSIM: 0.041 D_real: 0.044 D_fake: 0.170 att_A: 0.529 L_hall: 0.043 L_inter: 0.000 L_intra: 0.000 L_fsp: 0.603 fsp_3_4: 0.106 fsp_4_5: 0.178 fsp_5_6: 0.155 fsp_6_7: 0.165 
(epoch: 9, iters: 5484, time: 0.052) G_GAN: 1.023 G_L1: 0.197 G_SSIM: 0.138 H_L1: 0.208 H_SSIM: 0.433 D_real: 0.130 D_fake: 0.017 att_A: 0.422 L_hall: 0.048 L_inter: 0.000 L_intra: 0.000 L_fsp: 0.295 fsp_3_4: 0.074 fsp_4_5: 0.107 fsp_5_6: 0.090 fsp_6_7: 0.024 
(epoch: 9, iters: 5584, time: 0.033) G_GAN: 1.008 G_L1: 0.447 G_SSIM: 0.396 H_L1: 0.193 H_SSIM: 0.584 D_real: 0.008 D_fake: 0.006 att_A: 0.870 L_hall: 0.056 L_inter: 0.000 L_intra: 0.000 L_fsp: 0.540 fsp_3_4: 0.104 fsp_4_5: 0.160 fsp_5_6: 0.135 fsp_6_7: 0.141 
(epoch: 9, iters: 5684, time: 0.034) G_GAN: 1.034 G_L1: 0.351 G_SSIM: 0.238 H_L1: 0.144 H_SSIM: 0.421 D_real: 0.010 D_fake: 0.007 att_A: 0.769 L_hall: 0.051 L_inter: 0.000 L_intra: 0.000 L_fsp: 0.532 fsp_3_4: 0.113 fsp_4_5: 0.191 fsp_5_6: 0.159 fsp_6_7: 0.068 
(epoch: 9, iters: 5784, time: 0.034) G_GAN: 0.380 G_L1: 0.076 G_SSIM: 0.030 H_L1: 0.099 H_SSIM: 0.071 D_real: 0.027 D_fake: 0.185 att_A: 0.458 L_hall: 0.052 L_inter: 0.000 L_intra: 0.000 L_fsp: 0.601 fsp_3_4: 0.088 fsp_4_5: 0.144 fsp_5_6: 0.232 fsp_6_7: 0.136 
(epoch: 9, iters: 5884, time: 0.034) G_GAN: 1.057 G_L1: 0.423 G_SSIM: 0.229 H_L1: 0.157 H_SSIM: 0.325 D_real: 0.014 D_fake: 0.023 att_A: 0.966 L_hall: 0.062 L_inter: 0.000 L_intra: 0.000 L_fsp: 0.585 fsp_3_4: 0.137 fsp_4_5: 0.165 fsp_5_6: 0.217 fsp_6_7: 0.065 
(epoch: 9, iters: 5984, time: 0.045) G_GAN: 0.564 G_L1: 0.052 G_SSIM: 0.021 H_L1: 0.108 H_SSIM: 0.063 D_real: 0.055 D_fake: 0.077 att_A: 0.460 L_hall: 0.054 L_inter: 0.000 L_intra: 0.000 L_fsp: 0.506 fsp_3_4: 0.118 fsp_4_5: 0.198 fsp_5_6: 0.112 fsp_6_7: 0.078 
(epoch: 9, iters: 6084, time: 0.034) G_GAN: 0.991 G_L1: 0.508 G_SSIM: 0.368 H_L1: 0.238 H_SSIM: 0.530 D_real: 0.007 D_fake: 0.003 att_A: 0.829 L_hall: 0.058 L_inter: 0.000 L_intra: 0.000 L_fsp: 0.706 fsp_3_4: 0.093 fsp_4_5: 0.176 fsp_5_6: 0.249 fsp_6_7: 0.188 
(epoch: 9, iters: 6184, time: 0.034) G_GAN: 0.938 G_L1: 0.331 G_SSIM: 0.228 H_L1: 0.136 H_SSIM: 0.353 D_real: 0.006 D_fake: 0.008 att_A: 0.906 L_hall: 0.055 L_inter: 0.000 L_intra: 0.000 L_fsp: 0.560 fsp_3_4: 0.132 fsp_4_5: 0.161 fsp_5_6: 0.164 fsp_6_7: 0.104 
(epoch: 9, iters: 6284, time: 0.034) G_GAN: 0.834 G_L1: 0.263 G_SSIM: 0.188 H_L1: 0.211 H_SSIM: 0.479 D_real: 0.012 D_fake: 0.017 att_A: 0.432 L_hall: 0.047 L_inter: 0.000 L_intra: 0.000 L_fsp: 0.392 fsp_3_4: 0.076 fsp_4_5: 0.143 fsp_5_6: 0.125 fsp_6_7: 0.047 
(epoch: 9, iters: 6384, time: 0.036) G_GAN: 1.036 G_L1: 0.427 G_SSIM: 0.332 H_L1: 0.213 H_SSIM: 0.472 D_real: 0.014 D_fake: 0.030 att_A: 0.798 L_hall: 0.052 L_inter: 0.000 L_intra: 0.000 L_fsp: 0.642 fsp_3_4: 0.156 fsp_4_5: 0.217 fsp_5_6: 0.150 fsp_6_7: 0.119 
(epoch: 9, iters: 6484, time: 0.054) G_GAN: 0.949 G_L1: 0.557 G_SSIM: 0.340 H_L1: 0.223 H_SSIM: 0.461 D_real: 0.007 D_fake: 0.286 att_A: 0.905 L_hall: 0.057 L_inter: 0.000 L_intra: 0.000 L_fsp: 0.524 fsp_3_4: 0.148 fsp_4_5: 0.183 fsp_5_6: 0.126 fsp_6_7: 0.068 
(epoch: 9, iters: 6584, time: 0.035) G_GAN: 0.547 G_L1: 0.307 G_SSIM: 0.167 H_L1: 0.147 H_SSIM: 0.375 D_real: 0.020 D_fake: 0.081 att_A: 0.677 L_hall: 0.054 L_inter: 0.000 L_intra: 0.000 L_fsp: 0.596 fsp_3_4: 0.127 fsp_4_5: 0.200 fsp_5_6: 0.178 fsp_6_7: 0.091 
(epoch: 9, iters: 6684, time: 0.034) G_GAN: 1.040 G_L1: 0.425 G_SSIM: 0.349 H_L1: 0.172 H_SSIM: 0.509 D_real: 0.019 D_fake: 0.021 att_A: 0.740 L_hall: 0.050 L_inter: 0.000 L_intra: 0.000 L_fsp: 0.514 fsp_3_4: 0.110 fsp_4_5: 0.147 fsp_5_6: 0.179 fsp_6_7: 0.078 
(epoch: 9, iters: 6784, time: 0.034) G_GAN: 1.039 G_L1: 0.228 G_SSIM: 0.103 H_L1: 0.113 H_SSIM: 0.259 D_real: 0.016 D_fake: 0.006 att_A: 0.683 L_hall: 0.035 L_inter: 0.000 L_intra: 0.000 L_fsp: 0.443 fsp_3_4: 0.094 fsp_4_5: 0.125 fsp_5_6: 0.096 fsp_6_7: 0.128 
(epoch: 9, iters: 6884, time: 0.034) G_GAN: 1.011 G_L1: 0.295 G_SSIM: 0.217 H_L1: 0.237 H_SSIM: 0.405 D_real: 0.084 D_fake: 0.011 att_A: 0.394 L_hall: 0.046 L_inter: 0.000 L_intra: 0.000 L_fsp: 0.337 fsp_3_4: 0.087 fsp_4_5: 0.120 fsp_5_6: 0.097 fsp_6_7: 0.033 
(epoch: 9, iters: 6984, time: 0.057) G_GAN: 1.033 G_L1: 0.656 G_SSIM: 0.246 H_L1: 0.214 H_SSIM: 0.333 D_real: 0.032 D_fake: 0.017 att_A: 0.752 L_hall: 0.055 L_inter: 0.000 L_intra: 0.000 L_fsp: 0.814 fsp_3_4: 0.218 fsp_4_5: 0.239 fsp_5_6: 0.249 fsp_6_7: 0.109 
saving the latest model (epoch 9, total_steps 80000)
(epoch: 9, iters: 7084, time: 0.034) G_GAN: 1.137 G_L1: 0.263 G_SSIM: 0.171 H_L1: 0.248 H_SSIM: 0.439 D_real: 0.136 D_fake: 0.028 att_A: 0.396 L_hall: 0.046 L_inter: 0.000 L_intra: 0.000 L_fsp: 0.462 fsp_3_4: 0.113 fsp_4_5: 0.154 fsp_5_6: 0.114 fsp_6_7: 0.082 
(epoch: 9, iters: 7184, time: 0.034) G_GAN: 1.255 G_L1: 0.340 G_SSIM: 0.260 H_L1: 0.220 H_SSIM: 0.467 D_real: 0.074 D_fake: 0.041 att_A: 0.406 L_hall: 0.051 L_inter: 0.000 L_intra: 0.000 L_fsp: 0.419 fsp_3_4: 0.072 fsp_4_5: 0.144 fsp_5_6: 0.148 fsp_6_7: 0.056 
(epoch: 9, iters: 7284, time: 0.034) G_GAN: 0.827 G_L1: 0.356 G_SSIM: 0.251 H_L1: 0.255 H_SSIM: 0.553 D_real: 0.012 D_fake: 0.011 att_A: 0.584 L_hall: 0.052 L_inter: 0.000 L_intra: 0.000 L_fsp: 0.488 fsp_3_4: 0.100 fsp_4_5: 0.130 fsp_5_6: 0.214 fsp_6_7: 0.043 
(epoch: 9, iters: 7384, time: 0.034) G_GAN: 1.157 G_L1: 0.382 G_SSIM: 0.196 H_L1: 0.150 H_SSIM: 0.420 D_real: 0.031 D_fake: 0.020 att_A: 0.551 L_hall: 0.043 L_inter: 0.000 L_intra: 0.000 L_fsp: 0.430 fsp_3_4: 0.083 fsp_4_5: 0.158 fsp_5_6: 0.116 fsp_6_7: 0.074 
(epoch: 9, iters: 7484, time: 0.051) G_GAN: 0.934 G_L1: 0.202 G_SSIM: 0.111 H_L1: 0.199 H_SSIM: 0.394 D_real: 0.014 D_fake: 0.056 att_A: 0.550 L_hall: 0.052 L_inter: 0.000 L_intra: 0.000 L_fsp: 0.623 fsp_3_4: 0.134 fsp_4_5: 0.176 fsp_5_6: 0.190 fsp_6_7: 0.123 
(epoch: 9, iters: 7584, time: 0.034) G_GAN: 1.023 G_L1: 0.344 G_SSIM: 0.243 H_L1: 0.212 H_SSIM: 0.417 D_real: 0.011 D_fake: 0.004 att_A: 0.629 L_hall: 0.054 L_inter: 0.000 L_intra: 0.000 L_fsp: 0.648 fsp_3_4: 0.096 fsp_4_5: 0.130 fsp_5_6: 0.141 fsp_6_7: 0.281 
(epoch: 9, iters: 7684, time: 0.034) G_GAN: 0.967 G_L1: 0.227 G_SSIM: 0.166 H_L1: 0.161 H_SSIM: 0.346 D_real: 0.039 D_fake: 0.020 att_A: 0.833 L_hall: 0.057 L_inter: 0.000 L_intra: 0.000 L_fsp: 0.653 fsp_3_4: 0.123 fsp_4_5: 0.160 fsp_5_6: 0.200 fsp_6_7: 0.171 
(epoch: 9, iters: 7784, time: 0.033) G_GAN: 0.964 G_L1: 0.368 G_SSIM: 0.251 H_L1: 0.135 H_SSIM: 0.428 D_real: 0.020 D_fake: 0.030 att_A: 0.731 L_hall: 0.055 L_inter: 0.000 L_intra: 0.000 L_fsp: 0.638 fsp_3_4: 0.083 fsp_4_5: 0.160 fsp_5_6: 0.243 fsp_6_7: 0.153 
(epoch: 9, iters: 7884, time: 0.033) G_GAN: 0.643 G_L1: 0.297 G_SSIM: 0.206 H_L1: 0.219 H_SSIM: 0.435 D_real: 0.024 D_fake: 0.065 att_A: 0.443 L_hall: 0.045 L_inter: 0.000 L_intra: 0.000 L_fsp: 0.485 fsp_3_4: 0.095 fsp_4_5: 0.159 fsp_5_6: 0.133 fsp_6_7: 0.098 
(epoch: 9, iters: 7984, time: 0.062) G_GAN: 1.205 G_L1: 0.281 G_SSIM: 0.176 H_L1: 0.231 H_SSIM: 0.442 D_real: 0.299 D_fake: 0.024 att_A: 0.447 L_hall: 0.041 L_inter: 0.000 L_intra: 0.000 L_fsp: 0.326 fsp_3_4: 0.080 fsp_4_5: 0.102 fsp_5_6: 0.090 fsp_6_7: 0.054 
Traceback (most recent call last):
  File "/workspace/Cloudy-with-a-chance-of-kofta/khushi/student/train_student_fsp.py", line 199, in <module>
    main()
  File "/workspace/Cloudy-with-a-chance-of-kofta/khushi/student/train_student_fsp.py", line 164, in main
    visualizer.print_current_errors(epoch, epoch_iter, errors, t)
  File "/workspace/Cloudy-with-a-chance-of-kofta/khushi/student/util/visualizer.py", line 122, in print_current_errors
    with open(self.log_name, "a") as log_file:
         ^^^^^^^^^^^^^^^^^^^^^^^^
FileNotFoundError: [Errno 2] No such file or directory: './outputs/checkpoints/sen12mscr_student_fsp_v1/loss_log.txt'
usage: train_student_fsp.py [-h] --dataroot DATAROOT [--batchSize BATCHSIZE]
                            [--loadSize LOADSIZE] [--fineSize FINESIZE]
                            [--input_nc INPUT_NC] [--output_nc OUTPUT_NC]
                            [--ngf NGF] [--ndf NDF]
                            [--which_model_netD WHICH_MODEL_NETD]
                            [--which_model_netG WHICH_MODEL_NETG]
                            [--n_layers_D N_LAYERS_D]
                            [--loss_weight LOSS_WEIGHT] [--gpu_ids GPU_IDS]
                            [--name NAME] [--dataset_mode DATASET_MODE]
                            [--model MODEL]
                            [--which_direction WHICH_DIRECTION]
                            [--which_direction_model WHICH_DIRECTION_MODEL]
                            [--nThreads NTHREADS]
                            [--checkpoints_dir CHECKPOINTS_DIR] [--norm NORM]
                            [--serial_batches]
                            [--display_winsize DISPLAY_WINSIZE]
                            [--display_id DISPLAY_ID]
                            [--display_port DISPLAY_PORT]
                            [--display_single_pane_ncols DISPLAY_SINGLE_PANE_NCOLS]
                            [--no_dropout]
                            [--max_dataset_size MAX_DATASET_SIZE]
                            [--resize_or_crop RESIZE_OR_CROP]
                            [--init_type INIT_TYPE] [--no_flip]
                            [--dataType DATATYPE] [--A_cats A_CATS]
                            [--B_cats B_CATS]
                            [--which_model_netA WHICH_MODEL_NETA]
                            [--which_model_netG2 WHICH_MODEL_NETG2]
                            [--display_freq DISPLAY_FREQ]
                            [--print_freq PRINT_FREQ]
                            [--save_latest_freq SAVE_LATEST_FREQ]
                            [--save_epoch_freq SAVE_EPOCH_FREQ]
                            [--continue_train] [--epoch_count EPOCH_COUNT]
                            [--phase PHASE] [--which_epoch WHICH_EPOCH]
                            [--niter NITER] [--niter_decay NITER_DECAY]
                            [--beta1 BETA1] [--lr LR] [--no_lsgan]
                            [--lambda_A LAMBDA_A] [--lambda_B LAMBDA_B]
                            [--loss_attn_A LOSS_ATTN_A]
                            [--loss_attn_B LOSS_ATTN_B]
                            [--attn_cycle_weight ATTN_CYCLE_WEIGHT]
                            [--pool_size POOL_SIZE] [--no_html]
                            [--lr_policy LR_POLICY]
                            [--lr_decay_iters LR_DECAY_ITERS]
                            [--identity IDENTITY]
                            [--teacher_checkpoints_dir TEACHER_CHECKPOINTS_DIR]
                            [--teacher_name TEACHER_NAME]
                            [--teacher_which_epoch TEACHER_WHICH_EPOCH]
                            [--gamma_hall GAMMA_HALL] [--lambda3 LAMBDA3]
                            [--hook_layers HOOK_LAYERS]
                            [--dist_beta DIST_BETA] [--dist_gamma DIST_GAMMA]
                            [--dist_act {none,sigmoid,softmax}]
                            [--dist_intra_min_positions DIST_INTRA_MIN_POSITIONS]
                            [--dist_eps DIST_EPS] [--use_hall] [--no_hall]
                            [--use_dist] [--no_dist] [--use_cross_depth]
                            [--no_cross_depth]
                            [--cross_depth_weight CROSS_DEPTH_WEIGHT]
                            [--fsp_distance {pearson,frobenius}]
                            [--fsp_pairs {adjacent,all}]
                            [--fsp_min_positions FSP_MIN_POSITIONS]
                            [--fsp_eps FSP_EPS]
train_student_fsp.py: error: the following arguments are required: --dataroot
/workspace/Cloudy-with-a-chance-of-kofta/khushi/student/models/pix2pix_attn_student_fsp_model.py:260: UserWarning: The torch.cuda.*DtypeTensor constructors are no longer recommended. It's best to use methods such as torch.tensor(data, dtype=*, device='cuda') to create tensors. (Triggered internally at ../torch/csrc/tensor/python_tensor.cpp:78.)
  self.zeros = self.Tensor(nb, 1, size, size)
/workspace/Cloudy-with-a-chance-of-kofta/khushi/student/models/networks.py:33: FutureWarning: `nn.init.xavier_normal` is now deprecated in favor of `nn.init.xavier_normal_`.
  init.xavier_normal(m.weight.data, gain=1)
/workspace/Cloudy-with-a-chance-of-kofta/khushi/student/models/pix2pix_attn_student_fsp_model.py:417: FutureWarning: You are using `torch.load` with `weights_only=False` (the current default value), which uses the default pickle module implicitly. It is possible to construct malicious pickle data which will execute arbitrary code during unpickling (See https://github.com/pytorch/pytorch/blob/main/SECURITY.md#untrusted-models for more details). In a future release, the default value for `weights_only` will be flipped to `True`. This limits the functions that could be executed during unpickling. Arbitrary objects will no longer be allowed to be loaded via this mode unless they are explicitly allowlisted by the user via `torch.serialization.add_safe_globals`. We recommend you start setting `weights_only=True` for any use case where you don't have full control of the loaded file. Please open an issue on GitHub for any issues related to this experimental feature.
  network.load_state_dict(torch.load(path), strict=False)
------------ Options -------------
A_cats: horse
B_cats: zebra
attn_cycle_weight: 1.0
batchSize: 1
beta1: 0.5
checkpoints_dir: ./outputs/checkpoints
continue_train: False
cross_depth_weight: 8.0
dataType: val2017
dataroot: /workspace/Cloudy-with-a-chance-of-kofta/SEN12MSCR_student
dataset_mode: unaligned_sar
display_freq: 500
display_id: 0
display_port: 8097
display_single_pane_ncols: 0
display_winsize: 256
dist_act: none
dist_beta: 2.0
dist_eps: 1e-08
dist_gamma: 2.0
dist_intra_min_positions: 16
epoch_count: 1
fineSize: 256
fsp_distance: pearson
fsp_eps: 1e-06
fsp_min_positions: 0
fsp_pairs: adjacent
gamma_hall: 100.0
gpu_ids: [0]
hook_layers: 3,4,5,6,7
identity: 0.0
init_type: xavier
input_nc: 3
isTrain: True
lambda3: 1.0
lambda_A: 10.0
lambda_B: 10.0
loadSize: 256
loss_attn_A: 1.0
loss_attn_B: 1.0
loss_weight: None
lr: 0.0002
lr_decay_iters: 100
lr_policy: lambda
max_dataset_size: inf
model: pix2pix_attn_student_fsp
nThreads: 0
n_layers_D: 3
name: sen12mscr_student_fsp_v1
ndf: 64
ngf: 64
niter: 15
niter_decay: 15
no_dropout: True
no_flip: True
no_html: True
no_lsgan: False
norm: instance
output_nc: 3
phase: train
pool_size: 50
print_freq: 100
resize_or_crop: resize_and_crop
save_epoch_freq: 5
save_latest_freq: 5000
serial_batches: False
teacher_checkpoints_dir: ./outputs/checkpoints
teacher_name: sen12mscr_teacher_v1
teacher_which_epoch: latest
use_cross_depth: True
use_dist: False
use_hall: True
which_direction: AtoB
which_direction_model: AtoB
which_epoch: latest
which_model_netA: unet_256
which_model_netD: basic
which_model_netG: unet_256
which_model_netG2: unet_256
-------------- End ----------------
CustomDatasetDataLoader
dataset [UnalignedDataset_sar] was created
#training images = 9127
pix2pix_attn_student_fsp
initialization method [xavier]
initialization method [xavier]
initialization method [xavier]
initialization method [xavier]
initialization method [xavier]
Loading G   from ./outputs/checkpoints/sen12mscr_teacher_v1/latest_net_G.pth
Loading A   from ./outputs/checkpoints/sen12mscr_teacher_v1/latest_net_A.pth
Loading G2  from ./outputs/checkpoints/sen12mscr_teacher_v1/latest_net_G2.pth
Loading D   from ./outputs/checkpoints/sen12mscr_teacher_v1/latest_net_D.pth
Re-initialized netH first conv: Conv2d(3, 64, kernel_size=(4, 4), stride=(2, 2), padding=(1, 1), bias=False)
Hook layers (0=outermost): [3, 4, 5, 6, 7]
DIST: beta(inter)=2  gamma(intra)=2  act=none  intra_min_positions=16
DIST: gamma_hall=100 (Hoffman exact-match term; 0 = pure DIST)
Terms enabled: hall=True  dist=False  cross_depth=True
FSP: pairs=[(3, 4), (4, 5), (5, 6), (6, 7)] (adjacent)  distance=pearson  weight=8  min_positions=0
---------- Student (DIST) networks initialized -------------
UnetGenerator(
  (model): UnetSkipConnectionBlock(
    (model): Sequential(
      (0): Conv2d(6, 64, kernel_size=(4, 4), stride=(2, 2), padding=(1, 1), bias=False)
      (1): UnetSkipConnectionBlock(
        (model): Sequential(
          (0): LeakyReLU(negative_slope=0.2, inplace=True)
          (1): Conv2d(64, 128, kernel_size=(4, 4), stride=(2, 2), padding=(1, 1), bias=False)
          (2): InstanceNorm2d(128, eps=1e-05, momentum=0.1, affine=False, track_running_stats=True)
          (3): UnetSkipConnectionBlock(
            (model): Sequential(
              (0): LeakyReLU(negative_slope=0.2, inplace=True)
              (1): Conv2d(128, 256, kernel_size=(4, 4), stride=(2, 2), padding=(1, 1), bias=False)
              (2): InstanceNorm2d(256, eps=1e-05, momentum=0.1, affine=False, track_running_stats=True)
              (3): UnetSkipConnectionBlock(
                (model): Sequential(
                  (0): LeakyReLU(negative_slope=0.2, inplace=True)
                  (1): Conv2d(256, 512, kernel_size=(4, 4), stride=(2, 2), padding=(1, 1), bias=False)
                  (2): InstanceNorm2d(512, eps=1e-05, momentum=0.1, affine=False, track_running_stats=True)
                  (3): UnetSkipConnectionBlock(
                    (model): Sequential(
                      (0): LeakyReLU(negative_slope=0.2, inplace=True)
                      (1): Conv2d(512, 512, kernel_size=(4, 4), stride=(2, 2), padding=(1, 1), bias=False)
                      (2): InstanceNorm2d(512, eps=1e-05, momentum=0.1, affine=False, track_running_stats=True)
                      (3): UnetSkipConnectionBlock(
                        (model): Sequential(
                          (0): LeakyReLU(negative_slope=0.2, inplace=True)
                          (1): Conv2d(512, 512, kernel_size=(4, 4), stride=(2, 2), padding=(1, 1), bias=False)
                          (2): InstanceNorm2d(512, eps=1e-05, momentum=0.1, affine=False, track_running_stats=True)
                          (3): UnetSkipConnectionBlock(
                            (model): Sequential(
                              (0): LeakyReLU(negative_slope=0.2, inplace=True)
                              (1): Conv2d(512, 512, kernel_size=(4, 4), stride=(2, 2), padding=(1, 1), bias=False)
                              (2): InstanceNorm2d(512, eps=1e-05, momentum=0.1, affine=False, track_running_stats=True)
                              (3): UnetSkipConnectionBlock(
                                (model): Sequential(
                                  (0): LeakyReLU(negative_slope=0.2, inplace=True)
                                  (1): Conv2d(512, 512, kernel_size=(4, 4), stride=(2, 2), padding=(1, 1), bias=False)
                                  (2): ReLU(inplace=True)
                                  (3): ConvTranspose2d(512, 512, kernel_size=(4, 4), stride=(2, 2), padding=(1, 1), bias=False)
                                  (4): InstanceNorm2d(512, eps=1e-05, momentum=0.1, affine=False, track_running_stats=True)
                                )
                              )
                              (4): ReLU(inplace=True)
                              (5): ConvTranspose2d(1024, 512, kernel_size=(4, 4), stride=(2, 2), padding=(1, 1), bias=False)
                              (6): InstanceNorm2d(512, eps=1e-05, momentum=0.1, affine=False, track_running_stats=True)
                            )
                          )
                          (4): ReLU(inplace=True)
                          (5): ConvTranspose2d(1024, 512, kernel_size=(4, 4), stride=(2, 2), padding=(1, 1), bias=False)
                          (6): InstanceNorm2d(512, eps=1e-05, momentum=0.1, affine=False, track_running_stats=True)
                        )
                      )
                      (4): ReLU(inplace=True)
                      (5): ConvTranspose2d(1024, 512, kernel_size=(4, 4), stride=(2, 2), padding=(1, 1), bias=False)
                      (6): InstanceNorm2d(512, eps=1e-05, momentum=0.1, affine=False, track_running_stats=True)
                    )
                  )
                  (4): ReLU(inplace=True)
                  (5): ConvTranspose2d(1024, 256, kernel_size=(4, 4), stride=(2, 2), padding=(1, 1), bias=False)
                  (6): InstanceNorm2d(256, eps=1e-05, momentum=0.1, affine=False, track_running_stats=True)
                )
              )
              (4): ReLU(inplace=True)
              (5): ConvTranspose2d(512, 128, kernel_size=(4, 4), stride=(2, 2), padding=(1, 1), bias=False)
              (6): InstanceNorm2d(128, eps=1e-05, momentum=0.1, affine=False, track_running_stats=True)
            )
          )
          (4): ReLU(inplace=True)
          (5): ConvTranspose2d(256, 64, kernel_size=(4, 4), stride=(2, 2), padding=(1, 1), bias=False)
          (6): InstanceNorm2d(64, eps=1e-05, momentum=0.1, affine=False, track_running_stats=True)
        )
      )
      (2): ReLU(inplace=True)
      (3): ConvTranspose2d(128, 3, kernel_size=(4, 4), stride=(2, 2), padding=(1, 1))
      (4): Tanh()
    )
  )
)
Total number of parameters: 54407171
UnetGenerator(
  (model): UnetSkipConnectionBlock(
    (model): Sequential(
      (0): Conv2d(3, 64, kernel_size=(4, 4), stride=(2, 2), padding=(1, 1), bias=False)
      (1): UnetSkipConnectionBlock(
        (model): Sequential(
          (0): LeakyReLU(negative_slope=0.2, inplace=True)
          (1): Conv2d(64, 128, kernel_size=(4, 4), stride=(2, 2), padding=(1, 1), bias=False)
          (2): InstanceNorm2d(128, eps=1e-05, momentum=0.1, affine=False, track_running_stats=True)
          (3): UnetSkipConnectionBlock(
            (model): Sequential(
              (0): LeakyReLU(negative_slope=0.2, inplace=True)
              (1): Conv2d(128, 256, kernel_size=(4, 4), stride=(2, 2), padding=(1, 1), bias=False)
              (2): InstanceNorm2d(256, eps=1e-05, momentum=0.1, affine=False, track_running_stats=True)
              (3): UnetSkipConnectionBlock(
                (model): Sequential(
                  (0): LeakyReLU(negative_slope=0.2, inplace=True)
                  (1): Conv2d(256, 512, kernel_size=(4, 4), stride=(2, 2), padding=(1, 1), bias=False)
                  (2): InstanceNorm2d(512, eps=1e-05, momentum=0.1, affine=False, track_running_stats=True)
                  (3): UnetSkipConnectionBlock(
                    (model): Sequential(
                      (0): LeakyReLU(negative_slope=0.2, inplace=True)
                      (1): Conv2d(512, 512, kernel_size=(4, 4), stride=(2, 2), padding=(1, 1), bias=False)
                      (2): InstanceNorm2d(512, eps=1e-05, momentum=0.1, affine=False, track_running_stats=True)
                      (3): UnetSkipConnectionBlock(
                        (model): Sequential(
                          (0): LeakyReLU(negative_slope=0.2, inplace=True)
                          (1): Conv2d(512, 512, kernel_size=(4, 4), stride=(2, 2), padding=(1, 1), bias=False)
                          (2): InstanceNorm2d(512, eps=1e-05, momentum=0.1, affine=False, track_running_stats=True)
                          (3): UnetSkipConnectionBlock(
                            (model): Sequential(
                              (0): LeakyReLU(negative_slope=0.2, inplace=True)
                              (1): Conv2d(512, 512, kernel_size=(4, 4), stride=(2, 2), padding=(1, 1), bias=False)
                              (2): InstanceNorm2d(512, eps=1e-05, momentum=0.1, affine=False, track_running_stats=True)
                              (3): UnetSkipConnectionBlock(
                                (model): Sequential(
                                  (0): LeakyReLU(negative_slope=0.2, inplace=True)
                                  (1): Conv2d(512, 512, kernel_size=(4, 4), stride=(2, 2), padding=(1, 1), bias=False)
                                  (2): ReLU(inplace=True)
                                  (3): ConvTranspose2d(512, 512, kernel_size=(4, 4), stride=(2, 2), padding=(1, 1), bias=False)
                                  (4): InstanceNorm2d(512, eps=1e-05, momentum=0.1, affine=False, track_running_stats=True)
                                )
                              )
                              (4): ReLU(inplace=True)
                              (5): ConvTranspose2d(1024, 512, kernel_size=(4, 4), stride=(2, 2), padding=(1, 1), bias=False)
                              (6): InstanceNorm2d(512, eps=1e-05, momentum=0.1, affine=False, track_running_stats=True)
                            )
                          )
                          (4): ReLU(inplace=True)
                          (5): ConvTranspose2d(1024, 512, kernel_size=(4, 4), stride=(2, 2), padding=(1, 1), bias=False)
                          (6): InstanceNorm2d(512, eps=1e-05, momentum=0.1, affine=False, track_running_stats=True)
                        )
                      )
                      (4): ReLU(inplace=True)
                      (5): ConvTranspose2d(1024, 512, kernel_size=(4, 4), stride=(2, 2), padding=(1, 1), bias=False)
                      (6): InstanceNorm2d(512, eps=1e-05, momentum=0.1, affine=False, track_running_stats=True)
                    )
                  )
                  (4): ReLU(inplace=True)
                  (5): ConvTranspose2d(1024, 256, kernel_size=(4, 4), stride=(2, 2), padding=(1, 1), bias=False)
                  (6): InstanceNorm2d(256, eps=1e-05, momentum=0.1, affine=False, track_running_stats=True)
                )
              )
              (4): ReLU(inplace=True)
              (5): ConvTranspose2d(512, 128, kernel_size=(4, 4), stride=(2, 2), padding=(1, 1), bias=False)
              (6): InstanceNorm2d(128, eps=1e-05, momentum=0.1, affine=False, track_running_stats=True)
            )
          )
          (4): ReLU(inplace=True)
          (5): ConvTranspose2d(256, 64, kernel_size=(4, 4), stride=(2, 2), padding=(1, 1), bias=False)
          (6): InstanceNorm2d(64, eps=1e-05, momentum=0.1, affine=False, track_running_stats=True)
        )
      )
      (2): ReLU(inplace=True)
      (3): ConvTranspose2d(128, 3, kernel_size=(4, 4), stride=(2, 2), padding=(1, 1))
      (4): Tanh()
    )
  )
)
Total number of parameters: 54404099
Sequential(
  (0): UnetGenerator(
    (model): UnetSkipConnectionBlock(
      (model): Sequential(
        (0): Conv2d(3, 64, kernel_size=(4, 4), stride=(2, 2), padding=(1, 1), bias=False)
        (1): UnetSkipConnectionBlock(
          (model): Sequential(
            (0): LeakyReLU(negative_slope=0.2, inplace=True)
            (1): Conv2d(64, 128, kernel_size=(4, 4), stride=(2, 2), padding=(1, 1), bias=False)
            (2): InstanceNorm2d(128, eps=1e-05, momentum=0.1, affine=False, track_running_stats=True)
            (3): UnetSkipConnectionBlock(
              (model): Sequential(
                (0): LeakyReLU(negative_slope=0.2, inplace=True)
                (1): Conv2d(128, 256, kernel_size=(4, 4), stride=(2, 2), padding=(1, 1), bias=False)
                (2): InstanceNorm2d(256, eps=1e-05, momentum=0.1, affine=False, track_running_stats=True)
                (3): UnetSkipConnectionBlock(
                  (model): Sequential(
                    (0): LeakyReLU(negative_slope=0.2, inplace=True)
                    (1): Conv2d(256, 512, kernel_size=(4, 4), stride=(2, 2), padding=(1, 1), bias=False)
                    (2): InstanceNorm2d(512, eps=1e-05, momentum=0.1, affine=False, track_running_stats=True)
                    (3): UnetSkipConnectionBlock(
                      (model): Sequential(
                        (0): LeakyReLU(negative_slope=0.2, inplace=True)
                        (1): Conv2d(512, 512, kernel_size=(4, 4), stride=(2, 2), padding=(1, 1), bias=False)
                        (2): InstanceNorm2d(512, eps=1e-05, momentum=0.1, affine=False, track_running_stats=True)
                        (3): UnetSkipConnectionBlock(
                          (model): Sequential(
                            (0): LeakyReLU(negative_slope=0.2, inplace=True)
                            (1): Conv2d(512, 512, kernel_size=(4, 4), stride=(2, 2), padding=(1, 1), bias=False)
                            (2): InstanceNorm2d(512, eps=1e-05, momentum=0.1, affine=False, track_running_stats=True)
                            (3): UnetSkipConnectionBlock(
                              (model): Sequential(
                                (0): LeakyReLU(negative_slope=0.2, inplace=True)
                                (1): Conv2d(512, 512, kernel_size=(4, 4), stride=(2, 2), padding=(1, 1), bias=False)
                                (2): InstanceNorm2d(512, eps=1e-05, momentum=0.1, affine=False, track_running_stats=True)
                                (3): UnetSkipConnectionBlock(
                                  (model): Sequential(
                                    (0): LeakyReLU(negative_slope=0.2, inplace=True)
                                    (1): Conv2d(512, 512, kernel_size=(4, 4), stride=(2, 2), padding=(1, 1), bias=False)
                                    (2): ReLU(inplace=True)
                                    (3): ConvTranspose2d(512, 512, kernel_size=(4, 4), stride=(2, 2), padding=(1, 1), bias=False)
                                    (4): InstanceNorm2d(512, eps=1e-05, momentum=0.1, affine=False, track_running_stats=True)
                                  )
                                )
                                (4): ReLU(inplace=True)
                                (5): ConvTranspose2d(1024, 512, kernel_size=(4, 4), stride=(2, 2), padding=(1, 1), bias=False)
                                (6): InstanceNorm2d(512, eps=1e-05, momentum=0.1, affine=False, track_running_stats=True)
                              )
                            )
                            (4): ReLU(inplace=True)
                            (5): ConvTranspose2d(1024, 512, kernel_size=(4, 4), stride=(2, 2), padding=(1, 1), bias=False)
                            (6): InstanceNorm2d(512, eps=1e-05, momentum=0.1, affine=False, track_running_stats=True)
                          )
                        )
                        (4): ReLU(inplace=True)
                        (5): ConvTranspose2d(1024, 512, kernel_size=(4, 4), stride=(2, 2), padding=(1, 1), bias=False)
                        (6): InstanceNorm2d(512, eps=1e-05, momentum=0.1, affine=False, track_running_stats=True)
                      )
                    )
                    (4): ReLU(inplace=True)
                    (5): ConvTranspose2d(1024, 256, kernel_size=(4, 4), stride=(2, 2), padding=(1, 1), bias=False)
                    (6): InstanceNorm2d(256, eps=1e-05, momentum=0.1, affine=False, track_running_stats=True)
                  )
                )
                (4): ReLU(inplace=True)
                (5): ConvTranspose2d(512, 128, kernel_size=(4, 4), stride=(2, 2), padding=(1, 1), bias=False)
                (6): InstanceNorm2d(128, eps=1e-05, momentum=0.1, affine=False, track_running_stats=True)
              )
            )
            (4): ReLU(inplace=True)
            (5): ConvTranspose2d(256, 64, kernel_size=(4, 4), stride=(2, 2), padding=(1, 1), bias=False)
            (6): InstanceNorm2d(64, eps=1e-05, momentum=0.1, affine=False, track_running_stats=True)
          )
        )
        (2): ReLU(inplace=True)
        (3): ConvTranspose2d(128, 1, kernel_size=(4, 4), stride=(2, 2), padding=(1, 1))
        (4): Tanh()
      )
    )
  )
  (1): Norm()
)
Total number of parameters: 54400001
NLayerDiscriminator(
  (model): Sequential(
    (0): Conv2d(6, 64, kernel_size=(4, 4), stride=(2, 2), padding=(1, 1))
    (1): LeakyReLU(negative_slope=0.2, inplace=True)
    (2): Conv2d(64, 128, kernel_size=(4, 4), stride=(2, 2), padding=(1, 1))
    (3): InstanceNorm2d(128, eps=1e-05, momentum=0.1, affine=False, track_running_stats=True)
    (4): LeakyReLU(negative_slope=0.2, inplace=True)
    (5): Conv2d(128, 256, kernel_size=(4, 4), stride=(2, 2), padding=(1, 1))
    (6): InstanceNorm2d(256, eps=1e-05, momentum=0.1, affine=False, track_running_stats=True)
    (7): LeakyReLU(negative_slope=0.2, inplace=True)
    (8): Conv2d(256, 512, kernel_size=(4, 4), stride=(1, 1), padding=(1, 1))
    (9): InstanceNorm2d(512, eps=1e-05, momentum=0.1, affine=False, track_running_stats=True)
    (10): LeakyReLU(negative_slope=0.2, inplace=True)
    (11): Conv2d(512, 1, kernel_size=(4, 4), stride=(1, 1), padding=(1, 1))
  )
)
Total number of parameters: 2767809
-----------------------------------------------
model [Pix2Pix_attn_Student_FSP_Model] was created
(epoch: 1, iters: 100, time: 0.034) G_GAN: 0.591 G_L1: 0.663 G_SSIM: 0.138 H_L1: 0.243 H_SSIM: 0.485 D_real: 0.221 D_fake: 0.152 att_A: 0.245 L_hall: 0.075 L_inter: 0.000 L_intra: 0.000 L_fsp: 1.147 fsp_3_4: 0.343 fsp_4_5: 0.343 fsp_5_6: 0.202 fsp_6_7: 0.258 
(epoch: 1, iters: 200, time: 0.034) G_GAN: 0.162 G_L1: 0.313 G_SSIM: 0.166 H_L1: 0.224 H_SSIM: 0.591 D_real: 0.076 D_fake: 0.026 att_A: 0.270 L_hall: 0.073 L_inter: 0.000 L_intra: 0.000 L_fsp: 0.908 fsp_3_4: 0.194 fsp_4_5: 0.189 fsp_5_6: 0.265 fsp_6_7: 0.260 
(epoch: 1, iters: 300, time: 0.036) G_GAN: 0.291 G_L1: 0.502 G_SSIM: 0.178 H_L1: 0.295 H_SSIM: 0.675 D_real: 0.064 D_fake: 0.372 att_A: 0.399 L_hall: 0.080 L_inter: 0.000 L_intra: 0.000 L_fsp: 0.779 fsp_3_4: 0.176 fsp_4_5: 0.242 fsp_5_6: 0.214 fsp_6_7: 0.147 
(epoch: 1, iters: 400, time: 0.034) G_GAN: 1.133 G_L1: 0.823 G_SSIM: 0.470 H_L1: 0.270 H_SSIM: 0.549 D_real: 0.023 D_fake: 0.022 att_A: 0.695 L_hall: 0.081 L_inter: 0.000 L_intra: 0.000 L_fsp: 0.915 fsp_3_4: 0.158 fsp_4_5: 0.213 fsp_5_6: 0.249 fsp_6_7: 0.295 
(epoch: 1, iters: 500, time: 0.065) G_GAN: 0.386 G_L1: 0.516 G_SSIM: 0.204 H_L1: 0.195 H_SSIM: 0.401 D_real: 0.077 D_fake: 0.049 att_A: 0.245 L_hall: 0.064 L_inter: 0.000 L_intra: 0.000 L_fsp: 0.972 fsp_3_4: 0.227 fsp_4_5: 0.263 fsp_5_6: 0.246 fsp_6_7: 0.236 
(epoch: 1, iters: 600, time: 0.034) G_GAN: 1.013 G_L1: 0.442 G_SSIM: 0.243 H_L1: 0.246 H_SSIM: 0.549 D_real: 0.131 D_fake: 0.013 att_A: 0.661 L_hall: 0.090 L_inter: 0.000 L_intra: 0.000 L_fsp: 0.888 fsp_3_4: 0.151 fsp_4_5: 0.228 fsp_5_6: 0.260 fsp_6_7: 0.249 
(epoch: 1, iters: 700, time: 0.036) G_GAN: 0.822 G_L1: 0.357 G_SSIM: 0.186 H_L1: 0.248 H_SSIM: 0.606 D_real: 0.033 D_fake: 0.135 att_A: 0.306 L_hall: 0.070 L_inter: 0.000 L_intra: 0.000 L_fsp: 0.755 fsp_3_4: 0.197 fsp_4_5: 0.242 fsp_5_6: 0.173 fsp_6_7: 0.143 
(epoch: 1, iters: 800, time: 0.034) G_GAN: 1.536 G_L1: 0.508 G_SSIM: 0.355 H_L1: 0.220 H_SSIM: 0.509 D_real: 0.403 D_fake: 0.079 att_A: 0.726 L_hall: 0.078 L_inter: 0.000 L_intra: 0.000 L_fsp: 0.758 fsp_3_4: 0.188 fsp_4_5: 0.211 fsp_5_6: 0.225 fsp_6_7: 0.133 
(epoch: 1, iters: 900, time: 0.034) G_GAN: 0.682 G_L1: 0.335 G_SSIM: 0.008 H_L1: 0.098 H_SSIM: 0.319 D_real: 0.066 D_fake: 0.054 att_A: 0.406 L_hall: 0.068 L_inter: 0.000 L_intra: 0.000 L_fsp: 1.078 fsp_3_4: 0.323 fsp_4_5: 0.206 fsp_5_6: 0.221 fsp_6_7: 0.327 
(epoch: 1, iters: 1000, time: 0.055) G_GAN: 1.684 G_L1: 0.609 G_SSIM: 0.284 H_L1: 0.268 H_SSIM: 0.568 D_real: 0.510 D_fake: 0.234 att_A: 0.493 L_hall: 0.075 L_inter: 0.000 L_intra: 0.000 L_fsp: 0.865 fsp_3_4: 0.132 fsp_4_5: 0.215 fsp_5_6: 0.226 fsp_6_7: 0.293 
(epoch: 1, iters: 1100, time: 0.035) G_GAN: 1.252 G_L1: 0.667 G_SSIM: 0.256 H_L1: 0.250 H_SSIM: 0.401 D_real: 0.291 D_fake: 0.045 att_A: 0.663 L_hall: 0.083 L_inter: 0.000 L_intra: 0.000 L_fsp: 0.711 fsp_3_4: 0.196 fsp_4_5: 0.208 fsp_5_6: 0.199 fsp_6_7: 0.107 
(epoch: 1, iters: 1200, time: 0.035) G_GAN: 0.728 G_L1: 0.503 G_SSIM: 0.291 H_L1: 0.269 H_SSIM: 0.507 D_real: 0.094 D_fake: 0.029 att_A: 0.692 L_hall: 0.089 L_inter: 0.000 L_intra: 0.000 L_fsp: 1.113 fsp_3_4: 0.228 fsp_4_5: 0.358 fsp_5_6: 0.274 fsp_6_7: 0.252 
(epoch: 1, iters: 1300, time: 0.034) G_GAN: 0.869 G_L1: 0.517 G_SSIM: 0.243 H_L1: 0.225 H_SSIM: 0.445 D_real: 0.102 D_fake: 0.044 att_A: 0.636 L_hall: 0.081 L_inter: 0.000 L_intra: 0.000 L_fsp: 0.809 fsp_3_4: 0.120 fsp_4_5: 0.265 fsp_5_6: 0.216 fsp_6_7: 0.207 
(epoch: 1, iters: 1400, time: 0.035) G_GAN: 0.503 G_L1: 0.587 G_SSIM: 0.461 H_L1: 0.287 H_SSIM: 0.637 D_real: 0.061 D_fake: 0.126 att_A: 0.708 L_hall: 0.074 L_inter: 0.000 L_intra: 0.000 L_fsp: 0.935 fsp_3_4: 0.136 fsp_4_5: 0.168 fsp_5_6: 0.200 fsp_6_7: 0.432 
(epoch: 1, iters: 1500, time: 0.072) G_GAN: 0.733 G_L1: 0.988 G_SSIM: 0.228 H_L1: 0.317 H_SSIM: 0.608 D_real: 0.033 D_fake: 0.036 att_A: 0.435 L_hall: 0.073 L_inter: 0.000 L_intra: 0.000 L_fsp: 1.143 fsp_3_4: 0.135 fsp_4_5: 0.214 fsp_5_6: 0.233 fsp_6_7: 0.561 
(epoch: 1, iters: 1600, time: 0.036) G_GAN: 0.691 G_L1: 0.472 G_SSIM: 0.273 H_L1: 0.214 H_SSIM: 0.475 D_real: 0.062 D_fake: 0.134 att_A: 0.577 L_hall: 0.077 L_inter: 0.000 L_intra: 0.000 L_fsp: 0.884 fsp_3_4: 0.187 fsp_4_5: 0.188 fsp_5_6: 0.255 fsp_6_7: 0.254 
(epoch: 1, iters: 1700, time: 0.036) G_GAN: 0.149 G_L1: 0.487 G_SSIM: 0.181 H_L1: 0.212 H_SSIM: 0.431 D_real: 0.037 D_fake: 0.406 att_A: 0.404 L_hall: 0.073 L_inter: 0.000 L_intra: 0.000 L_fsp: 0.652 fsp_3_4: 0.135 fsp_4_5: 0.198 fsp_5_6: 0.185 fsp_6_7: 0.133 
(epoch: 1, iters: 1800, time: 0.034) G_GAN: 0.652 G_L1: 0.679 G_SSIM: 0.414 H_L1: 0.248 H_SSIM: 0.484 D_real: 0.033 D_fake: 0.178 att_A: 0.699 L_hall: 0.074 L_inter: 0.000 L_intra: 0.000 L_fsp: 0.804 fsp_3_4: 0.112 fsp_4_5: 0.217 fsp_5_6: 0.223 fsp_6_7: 0.251 
(epoch: 1, iters: 1900, time: 0.055) G_GAN: 0.899 G_L1: 0.575 G_SSIM: 0.455 H_L1: 0.277 H_SSIM: 0.620 D_real: 0.037 D_fake: 0.027 att_A: 0.850 L_hall: 0.079 L_inter: 0.000 L_intra: 0.000 L_fsp: 0.763 fsp_3_4: 0.126 fsp_4_5: 0.168 fsp_5_6: 0.188 fsp_6_7: 0.281 
(epoch: 1, iters: 2000, time: 0.051) G_GAN: 0.658 G_L1: 0.803 G_SSIM: 0.269 H_L1: 0.225 H_SSIM: 0.421 D_real: 0.056 D_fake: 0.024 att_A: 0.754 L_hall: 0.071 L_inter: 0.000 L_intra: 0.000 L_fsp: 1.020 fsp_3_4: 0.258 fsp_4_5: 0.275 fsp_5_6: 0.272 fsp_6_7: 0.215 
(epoch: 1, iters: 2100, time: 0.034) G_GAN: 0.961 G_L1: 0.555 G_SSIM: 0.190 H_L1: 0.193 H_SSIM: 0.363 D_real: 0.483 D_fake: 0.020 att_A: 0.611 L_hall: 0.071 L_inter: 0.000 L_intra: 0.000 L_fsp: 0.848 fsp_3_4: 0.170 fsp_4_5: 0.237 fsp_5_6: 0.323 fsp_6_7: 0.118 
(epoch: 1, iters: 2200, time: 0.035) G_GAN: 0.137 G_L1: 0.226 G_SSIM: 0.088 H_L1: 0.328 H_SSIM: 0.701 D_real: 0.076 D_fake: 0.449 att_A: 0.280 L_hall: 0.083 L_inter: 0.000 L_intra: 0.000 L_fsp: 0.958 fsp_3_4: 0.167 fsp_4_5: 0.226 fsp_5_6: 0.216 fsp_6_7: 0.350 
(epoch: 1, iters: 2300, time: 0.036) G_GAN: 0.540 G_L1: 0.568 G_SSIM: 0.153 H_L1: 0.227 H_SSIM: 0.344 D_real: 0.072 D_fake: 0.220 att_A: 0.599 L_hall: 0.072 L_inter: 0.000 L_intra: 0.000 L_fsp: 0.673 fsp_3_4: 0.156 fsp_4_5: 0.225 fsp_5_6: 0.152 fsp_6_7: 0.139 
(epoch: 1, iters: 2400, time: 0.034) G_GAN: 1.520 G_L1: 0.552 G_SSIM: 0.345 H_L1: 0.300 H_SSIM: 0.571 D_real: 0.120 D_fake: 0.016 att_A: 0.462 L_hall: 0.066 L_inter: 0.000 L_intra: 0.000 L_fsp: 0.570 fsp_3_4: 0.109 fsp_4_5: 0.175 fsp_5_6: 0.174 fsp_6_7: 0.112 
(epoch: 1, iters: 2500, time: 0.075) G_GAN: 1.181 G_L1: 0.749 G_SSIM: 0.270 H_L1: 0.236 H_SSIM: 0.473 D_real: 0.015 D_fake: 0.010 att_A: 0.619 L_hall: 0.066 L_inter: 0.000 L_intra: 0.000 L_fsp: 0.569 fsp_3_4: 0.148 fsp_4_5: 0.231 fsp_5_6: 0.138 fsp_6_7: 0.052 
(epoch: 1, iters: 2600, time: 0.034) G_GAN: 0.448 G_L1: 0.467 G_SSIM: 0.288 H_L1: 0.246 H_SSIM: 0.561 D_real: 0.104 D_fake: 0.128 att_A: 0.421 L_hall: 0.058 L_inter: 0.000 L_intra: 0.000 L_fsp: 0.715 fsp_3_4: 0.122 fsp_4_5: 0.188 fsp_5_6: 0.183 fsp_6_7: 0.221 
(epoch: 1, iters: 2700, time: 0.034) G_GAN: 0.234 G_L1: 0.215 G_SSIM: 0.009 H_L1: 0.115 H_SSIM: 0.326 D_real: 0.181 D_fake: 0.014 att_A: 0.543 L_hall: 0.047 L_inter: 0.000 L_intra: 0.000 L_fsp: 0.705 fsp_3_4: 0.168 fsp_4_5: 0.165 fsp_5_6: 0.180 fsp_6_7: 0.191 
(epoch: 1, iters: 2800, time: 0.033) G_GAN: 0.680 G_L1: 1.153 G_SSIM: 0.369 H_L1: 0.252 H_SSIM: 0.428 D_real: 0.024 D_fake: 0.064 att_A: 0.938 L_hall: 0.073 L_inter: 0.000 L_intra: 0.000 L_fsp: 0.800 fsp_3_4: 0.184 fsp_4_5: 0.217 fsp_5_6: 0.174 fsp_6_7: 0.224 
(epoch: 1, iters: 2900, time: 0.034) G_GAN: 1.348 G_L1: 1.094 G_SSIM: 0.415 H_L1: 0.245 H_SSIM: 0.542 D_real: 0.032 D_fake: 0.029 att_A: 0.923 L_hall: 0.081 L_inter: 0.000 L_intra: 0.000 L_fsp: 0.738 fsp_3_4: 0.143 fsp_4_5: 0.207 fsp_5_6: 0.160 fsp_6_7: 0.227 
(epoch: 1, iters: 3000, time: 0.055) G_GAN: 0.580 G_L1: 0.226 G_SSIM: 0.037 H_L1: 0.144 H_SSIM: 0.343 D_real: 0.044 D_fake: 0.015 att_A: 0.723 L_hall: 0.066 L_inter: 0.000 L_intra: 0.000 L_fsp: 0.655 fsp_3_4: 0.146 fsp_4_5: 0.200 fsp_5_6: 0.159 fsp_6_7: 0.149 
(epoch: 1, iters: 3100, time: 0.034) G_GAN: 0.170 G_L1: 0.496 G_SSIM: 0.198 H_L1: 0.296 H_SSIM: 0.654 D_real: 0.110 D_fake: 0.387 att_A: 0.265 L_hall: 0.057 L_inter: 0.000 L_intra: 0.000 L_fsp: 0.621 fsp_3_4: 0.127 fsp_4_5: 0.179 fsp_5_6: 0.171 fsp_6_7: 0.144 
(epoch: 1, iters: 3200, time: 0.033) G_GAN: 0.283 G_L1: 0.383 G_SSIM: 0.049 H_L1: 0.107 H_SSIM: 0.355 D_real: 0.069 D_fake: 0.010 att_A: 0.543 L_hall: 0.043 L_inter: 0.000 L_intra: 0.000 L_fsp: 0.740 fsp_3_4: 0.217 fsp_4_5: 0.222 fsp_5_6: 0.121 fsp_6_7: 0.180 
(epoch: 1, iters: 3300, time: 0.034) G_GAN: 0.863 G_L1: 0.339 G_SSIM: 0.240 H_L1: 0.217 H_SSIM: 0.472 D_real: 0.018 D_fake: 0.016 att_A: 0.829 L_hall: 0.070 L_inter: 0.000 L_intra: 0.000 L_fsp: 0.631 fsp_3_4: 0.150 fsp_4_5: 0.168 fsp_5_6: 0.185 fsp_6_7: 0.128 
(epoch: 1, iters: 3400, time: 0.034) G_GAN: 0.233 G_L1: 0.488 G_SSIM: 0.126 H_L1: 0.269 H_SSIM: 0.525 D_real: 0.101 D_fake: 0.514 att_A: 0.389 L_hall: 0.062 L_inter: 0.000 L_intra: 0.000 L_fsp: 0.700 fsp_3_4: 0.182 fsp_4_5: 0.154 fsp_5_6: 0.239 fsp_6_7: 0.124 
(epoch: 1, iters: 3500, time: 0.057) G_GAN: 0.216 G_L1: 0.326 G_SSIM: 0.109 H_L1: 0.307 H_SSIM: 0.710 D_real: 0.066 D_fake: 0.137 att_A: 0.301 L_hall: 0.060 L_inter: 0.000 L_intra: 0.000 L_fsp: 0.592 fsp_3_4: 0.127 fsp_4_5: 0.169 fsp_5_6: 0.139 fsp_6_7: 0.156 
(epoch: 1, iters: 3600, time: 0.034) G_GAN: 0.780 G_L1: 0.377 G_SSIM: 0.244 H_L1: 0.286 H_SSIM: 0.550 D_real: 0.037 D_fake: 0.024 att_A: 0.513 L_hall: 0.056 L_inter: 0.000 L_intra: 0.000 L_fsp: 0.567 fsp_3_4: 0.111 fsp_4_5: 0.214 fsp_5_6: 0.130 fsp_6_7: 0.112 
(epoch: 1, iters: 3700, time: 0.034) G_GAN: 1.064 G_L1: 0.461 G_SSIM: 0.266 H_L1: 0.288 H_SSIM: 0.519 D_real: 0.026 D_fake: 0.014 att_A: 0.586 L_hall: 0.066 L_inter: 0.000 L_intra: 0.000 L_fsp: 0.773 fsp_3_4: 0.218 fsp_4_5: 0.198 fsp_5_6: 0.246 fsp_6_7: 0.111 
(epoch: 1, iters: 3800, time: 0.035) G_GAN: 0.061 G_L1: 0.252 G_SSIM: 0.082 H_L1: 0.288 H_SSIM: 0.528 D_real: 0.026 D_fake: 0.624 att_A: 0.263 L_hall: 0.071 L_inter: 0.000 L_intra: 0.000 L_fsp: 0.684 fsp_3_4: 0.183 fsp_4_5: 0.231 fsp_5_6: 0.176 fsp_6_7: 0.095 
(epoch: 1, iters: 3900, time: 0.034) G_GAN: 1.222 G_L1: 0.364 G_SSIM: 0.215 H_L1: 0.204 H_SSIM: 0.443 D_real: 0.102 D_fake: 0.018 att_A: 0.585 L_hall: 0.067 L_inter: 0.000 L_intra: 0.000 L_fsp: 0.805 fsp_3_4: 0.152 fsp_4_5: 0.206 fsp_5_6: 0.191 fsp_6_7: 0.256 
(epoch: 1, iters: 4000, time: 0.058) G_GAN: 0.866 G_L1: 0.436 G_SSIM: 0.197 H_L1: 0.214 H_SSIM: 0.455 D_real: 0.133 D_fake: 0.504 att_A: 0.554 L_hall: 0.066 L_inter: 0.000 L_intra: 0.000 L_fsp: 0.816 fsp_3_4: 0.127 fsp_4_5: 0.205 fsp_5_6: 0.197 fsp_6_7: 0.287 
(epoch: 1, iters: 4100, time: 0.034) G_GAN: 0.069 G_L1: 0.384 G_SSIM: 0.116 H_L1: 0.164 H_SSIM: 0.400 D_real: 0.042 D_fake: 0.705 att_A: 0.348 L_hall: 0.049 L_inter: 0.000 L_intra: 0.000 L_fsp: 0.594 fsp_3_4: 0.162 fsp_4_5: 0.190 fsp_5_6: 0.124 fsp_6_7: 0.118 
(epoch: 1, iters: 4200, time: 0.034) G_GAN: 1.142 G_L1: 0.605 G_SSIM: 0.047 H_L1: 0.104 H_SSIM: 0.310 D_real: 0.017 D_fake: 0.034 att_A: 0.783 L_hall: 0.068 L_inter: 0.000 L_intra: 0.000 L_fsp: 0.801 fsp_3_4: 0.131 fsp_4_5: 0.172 fsp_5_6: 0.302 fsp_6_7: 0.197 
(epoch: 1, iters: 4300, time: 0.033) G_GAN: 0.477 G_L1: 0.346 G_SSIM: 0.176 H_L1: 0.311 H_SSIM: 0.571 D_real: 0.022 D_fake: 0.115 att_A: 0.402 L_hall: 0.059 L_inter: 0.000 L_intra: 0.000 L_fsp: 0.554 fsp_3_4: 0.101 fsp_4_5: 0.158 fsp_5_6: 0.166 fsp_6_7: 0.129 
(epoch: 1, iters: 4400, time: 0.033) G_GAN: 0.278 G_L1: 0.354 G_SSIM: 0.157 H_L1: 0.283 H_SSIM: 0.509 D_real: 0.170 D_fake: 0.305 att_A: 0.376 L_hall: 0.071 L_inter: 0.000 L_intra: 0.000 L_fsp: 0.702 fsp_3_4: 0.090 fsp_4_5: 0.146 fsp_5_6: 0.216 fsp_6_7: 0.250 
(epoch: 1, iters: 4500, time: 0.053) G_GAN: 1.121 G_L1: 0.427 G_SSIM: 0.031 H_L1: 0.113 H_SSIM: 0.326 D_real: 0.065 D_fake: 0.033 att_A: 0.789 L_hall: 0.069 L_inter: 0.000 L_intra: 0.000 L_fsp: 0.884 fsp_3_4: 0.109 fsp_4_5: 0.162 fsp_5_6: 0.301 fsp_6_7: 0.312 
(epoch: 1, iters: 4600, time: 0.034) G_GAN: 0.994 G_L1: 0.330 G_SSIM: 0.169 H_L1: 0.279 H_SSIM: 0.552 D_real: 0.181 D_fake: 0.023 att_A: 0.411 L_hall: 0.065 L_inter: 0.000 L_intra: 0.000 L_fsp: 0.766 fsp_3_4: 0.130 fsp_4_5: 0.190 fsp_5_6: 0.205 fsp_6_7: 0.241 
(epoch: 1, iters: 4700, time: 0.033) G_GAN: 0.793 G_L1: 0.592 G_SSIM: 0.307 H_L1: 0.230 H_SSIM: 0.410 D_real: 0.012 D_fake: 0.022 att_A: 0.788 L_hall: 0.071 L_inter: 0.000 L_intra: 0.000 L_fsp: 0.716 fsp_3_4: 0.134 fsp_4_5: 0.165 fsp_5_6: 0.204 fsp_6_7: 0.213 
(epoch: 1, iters: 4800, time: 0.034) G_GAN: 0.942 G_L1: 0.572 G_SSIM: 0.291 H_L1: 0.258 H_SSIM: 0.499 D_real: 0.024 D_fake: 0.021 att_A: 0.743 L_hall: 0.063 L_inter: 0.000 L_intra: 0.000 L_fsp: 0.629 fsp_3_4: 0.156 fsp_4_5: 0.199 fsp_5_6: 0.164 fsp_6_7: 0.109 
(epoch: 1, iters: 4900, time: 0.034) G_GAN: 0.028 G_L1: 0.440 G_SSIM: 0.208 H_L1: 0.255 H_SSIM: 0.495 D_real: 0.012 D_fake: 0.756 att_A: 0.412 L_hall: 0.049 L_inter: 0.000 L_intra: 0.000 L_fsp: 0.533 fsp_3_4: 0.118 fsp_4_5: 0.175 fsp_5_6: 0.124 fsp_6_7: 0.115 
(epoch: 1, iters: 5000, time: 0.069) G_GAN: 1.051 G_L1: 0.514 G_SSIM: 0.286 H_L1: 0.166 H_SSIM: 0.374 D_real: 0.012 D_fake: 0.016 att_A: 0.924 L_hall: 0.078 L_inter: 0.000 L_intra: 0.000 L_fsp: 0.851 fsp_3_4: 0.218 fsp_4_5: 0.207 fsp_5_6: 0.224 fsp_6_7: 0.202 
saving the latest model (epoch 1, total_steps 5000)
(epoch: 1, iters: 5100, time: 0.034) G_GAN: 0.097 G_L1: 0.186 G_SSIM: 0.063 H_L1: 0.292 H_SSIM: 0.627 D_real: 0.073 D_fake: 0.033 att_A: 0.252 L_hall: 0.059 L_inter: 0.000 L_intra: 0.000 L_fsp: 0.523 fsp_3_4: 0.112 fsp_4_5: 0.138 fsp_5_6: 0.109 fsp_6_7: 0.163 
(epoch: 1, iters: 5200, time: 0.033) G_GAN: 0.992 G_L1: 0.578 G_SSIM: 0.195 H_L1: 0.259 H_SSIM: 0.407 D_real: 0.080 D_fake: 0.054 att_A: 0.652 L_hall: 0.071 L_inter: 0.000 L_intra: 0.000 L_fsp: 0.768 fsp_3_4: 0.195 fsp_4_5: 0.183 fsp_5_6: 0.204 fsp_6_7: 0.186 
(epoch: 1, iters: 5300, time: 0.034) G_GAN: 1.377 G_L1: 0.572 G_SSIM: 0.255 H_L1: 0.191 H_SSIM: 0.381 D_real: 0.054 D_fake: 0.251 att_A: 0.730 L_hall: 0.074 L_inter: 0.000 L_intra: 0.000 L_fsp: 0.714 fsp_3_4: 0.175 fsp_4_5: 0.180 fsp_5_6: 0.176 fsp_6_7: 0.183 
(epoch: 1, iters: 5400, time: 0.034) G_GAN: 0.656 G_L1: 0.275 G_SSIM: 0.182 H_L1: 0.198 H_SSIM: 0.378 D_real: 0.037 D_fake: 0.037 att_A: 0.618 L_hall: 0.063 L_inter: 0.000 L_intra: 0.000 L_fsp: 0.736 fsp_3_4: 0.183 fsp_4_5: 0.227 fsp_5_6: 0.153 fsp_6_7: 0.173 
(epoch: 1, iters: 5500, time: 0.051) G_GAN: 0.889 G_L1: 0.508 G_SSIM: 0.356 H_L1: 0.268 H_SSIM: 0.695 D_real: 0.017 D_fake: 0.088 att_A: 0.591 L_hall: 0.058 L_inter: 0.000 L_intra: 0.000 L_fsp: 0.590 fsp_3_4: 0.139 fsp_4_5: 0.175 fsp_5_6: 0.184 fsp_6_7: 0.093 
(epoch: 1, iters: 5600, time: 0.033) G_GAN: 0.578 G_L1: 0.324 G_SSIM: 0.172 H_L1: 0.238 H_SSIM: 0.521 D_real: 0.075 D_fake: 0.016 att_A: 0.444 L_hall: 0.060 L_inter: 0.000 L_intra: 0.000 L_fsp: 0.703 fsp_3_4: 0.175 fsp_4_5: 0.159 fsp_5_6: 0.201 fsp_6_7: 0.168 
(epoch: 1, iters: 5700, time: 0.034) G_GAN: 0.802 G_L1: 0.383 G_SSIM: 0.239 H_L1: 0.226 H_SSIM: 0.486 D_real: 0.143 D_fake: 0.021 att_A: 0.467 L_hall: 0.056 L_inter: 0.000 L_intra: 0.000 L_fsp: 0.546 fsp_3_4: 0.107 fsp_4_5: 0.143 fsp_5_6: 0.198 fsp_6_7: 0.099 
(epoch: 1, iters: 5800, time: 0.034) G_GAN: 0.036 G_L1: 0.639 G_SSIM: 0.442 H_L1: 0.264 H_SSIM: 0.553 D_real: 0.072 D_fake: 1.245 att_A: 0.621 L_hall: 0.050 L_inter: 0.000 L_intra: 0.000 L_fsp: 0.436 fsp_3_4: 0.113 fsp_4_5: 0.128 fsp_5_6: 0.126 fsp_6_7: 0.069 
(epoch: 1, iters: 5900, time: 0.034) G_GAN: 0.994 G_L1: 0.477 G_SSIM: 0.305 H_L1: 0.250 H_SSIM: 0.555 D_real: 0.016 D_fake: 0.011 att_A: 0.744 L_hall: 0.069 L_inter: 0.000 L_intra: 0.000 L_fsp: 0.859 fsp_3_4: 0.127 fsp_4_5: 0.208 fsp_5_6: 0.176 fsp_6_7: 0.348 
(epoch: 1, iters: 6000, time: 0.049) G_GAN: 0.280 G_L1: 0.378 G_SSIM: 0.158 H_L1: 0.213 H_SSIM: 0.549 D_real: 0.053 D_fake: 0.040 att_A: 0.371 L_hall: 0.050 L_inter: 0.000 L_intra: 0.000 L_fsp: 0.612 fsp_3_4: 0.081 fsp_4_5: 0.162 fsp_5_6: 0.182 fsp_6_7: 0.187 
(epoch: 1, iters: 6100, time: 0.034) G_GAN: 1.043 G_L1: 0.396 G_SSIM: 0.249 H_L1: 0.205 H_SSIM: 0.442 D_real: 0.165 D_fake: 0.008 att_A: 0.694 L_hall: 0.065 L_inter: 0.000 L_intra: 0.000 L_fsp: 0.808 fsp_3_4: 0.141 fsp_4_5: 0.173 fsp_5_6: 0.224 fsp_6_7: 0.270 
(epoch: 1, iters: 6200, time: 0.037) G_GAN: 0.300 G_L1: 0.456 G_SSIM: 0.171 H_L1: 0.191 H_SSIM: 0.397 D_real: 0.015 D_fake: 0.220 att_A: 0.400 L_hall: 0.070 L_inter: 0.000 L_intra: 0.000 L_fsp: 0.946 fsp_3_4: 0.193 fsp_4_5: 0.173 fsp_5_6: 0.198 fsp_6_7: 0.382 
(epoch: 1, iters: 6300, time: 0.034) G_GAN: 1.025 G_L1: 0.225 G_SSIM: 0.151 H_L1: 0.237 H_SSIM: 0.561 D_real: 0.167 D_fake: 0.013 att_A: 0.519 L_hall: 0.057 L_inter: 0.000 L_intra: 0.000 L_fsp: 0.506 fsp_3_4: 0.122 fsp_4_5: 0.140 fsp_5_6: 0.169 fsp_6_7: 0.075 
(epoch: 1, iters: 6400, time: 0.034) G_GAN: 0.800 G_L1: 0.532 G_SSIM: 0.391 H_L1: 0.249 H_SSIM: 0.569 D_real: 0.009 D_fake: 0.018 att_A: 0.877 L_hall: 0.072 L_inter: 0.000 L_intra: 0.000 L_fsp: 0.826 fsp_3_4: 0.138 fsp_4_5: 0.215 fsp_5_6: 0.247 fsp_6_7: 0.226 
(epoch: 1, iters: 6500, time: 0.055) G_GAN: 0.742 G_L1: 0.484 G_SSIM: 0.134 H_L1: 0.300 H_SSIM: 0.514 D_real: 0.013 D_fake: 0.032 att_A: 0.416 L_hall: 0.053 L_inter: 0.000 L_intra: 0.000 L_fsp: 0.459 fsp_3_4: 0.113 fsp_4_5: 0.147 fsp_5_6: 0.133 fsp_6_7: 0.066 
(epoch: 1, iters: 6600, time: 0.034) G_GAN: 0.393 G_L1: 0.401 G_SSIM: 0.029 H_L1: 0.119 H_SSIM: 0.323 D_real: 0.021 D_fake: 0.166 att_A: 0.751 L_hall: 0.061 L_inter: 0.000 L_intra: 0.000 L_fsp: 0.862 fsp_3_4: 0.122 fsp_4_5: 0.162 fsp_5_6: 0.215 fsp_6_7: 0.363 
(epoch: 1, iters: 6700, time: 0.035) G_GAN: 1.095 G_L1: 0.766 G_SSIM: 0.482 H_L1: 0.306 H_SSIM: 0.638 D_real: 0.028 D_fake: 0.045 att_A: 0.893 L_hall: 0.073 L_inter: 0.000 L_intra: 0.000 L_fsp: 0.655 fsp_3_4: 0.104 fsp_4_5: 0.155 fsp_5_6: 0.180 fsp_6_7: 0.216 
(epoch: 1, iters: 6800, time: 0.034) G_GAN: 1.046 G_L1: 0.707 G_SSIM: 0.231 H_L1: 0.145 H_SSIM: 0.387 D_real: 0.045 D_fake: 0.048 att_A: 0.783 L_hall: 0.065 L_inter: 0.000 L_intra: 0.000 L_fsp: 0.873 fsp_3_4: 0.264 fsp_4_5: 0.204 fsp_5_6: 0.149 fsp_6_7: 0.257 
(epoch: 1, iters: 6900, time: 0.034) G_GAN: 1.049 G_L1: 0.544 G_SSIM: 0.294 H_L1: 0.279 H_SSIM: 0.535 D_real: 0.109 D_fake: 0.453 att_A: 0.687 L_hall: 0.070 L_inter: 0.000 L_intra: 0.000 L_fsp: 0.645 fsp_3_4: 0.138 fsp_4_5: 0.172 fsp_5_6: 0.263 fsp_6_7: 0.072 
(epoch: 1, iters: 7000, time: 0.049) G_GAN: 0.934 G_L1: 0.344 G_SSIM: 0.189 H_L1: 0.199 H_SSIM: 0.360 D_real: 0.169 D_fake: 0.181 att_A: 0.939 L_hall: 0.075 L_inter: 0.000 L_intra: 0.000 L_fsp: 0.749 fsp_3_4: 0.114 fsp_4_5: 0.188 fsp_5_6: 0.221 fsp_6_7: 0.226 
(epoch: 1, iters: 7100, time: 0.034) G_GAN: 0.439 G_L1: 0.678 G_SSIM: 0.252 H_L1: 0.252 H_SSIM: 0.488 D_real: 0.030 D_fake: 0.084 att_A: 0.592 L_hall: 0.058 L_inter: 0.000 L_intra: 0.000 L_fsp: 0.773 fsp_3_4: 0.121 fsp_4_5: 0.160 fsp_5_6: 0.191 fsp_6_7: 0.301 
(epoch: 1, iters: 7200, time: 0.034) G_GAN: 0.958 G_L1: 0.348 G_SSIM: 0.195 H_L1: 0.174 H_SSIM: 0.365 D_real: 0.243 D_fake: 0.010 att_A: 0.843 L_hall: 0.067 L_inter: 0.000 L_intra: 0.000 L_fsp: 0.639 fsp_3_4: 0.171 fsp_4_5: 0.162 fsp_5_6: 0.156 fsp_6_7: 0.149 
(epoch: 1, iters: 7300, time: 0.034) G_GAN: 0.031 G_L1: 0.519 G_SSIM: 0.242 H_L1: 0.301 H_SSIM: 0.645 D_real: 0.018 D_fake: 0.302 att_A: 0.373 L_hall: 0.055 L_inter: 0.000 L_intra: 0.000 L_fsp: 0.629 fsp_3_4: 0.143 fsp_4_5: 0.162 fsp_5_6: 0.202 fsp_6_7: 0.122 
(epoch: 1, iters: 7400, time: 0.035) G_GAN: 1.199 G_L1: 0.357 G_SSIM: 0.272 H_L1: 0.292 H_SSIM: 0.575 D_real: 0.049 D_fake: 0.026 att_A: 0.694 L_hall: 0.060 L_inter: 0.000 L_intra: 0.000 L_fsp: 0.532 fsp_3_4: 0.107 fsp_4_5: 0.183 fsp_5_6: 0.152 fsp_6_7: 0.090 
(epoch: 1, iters: 7500, time: 0.055) G_GAN: 1.055 G_L1: 0.386 G_SSIM: 0.263 H_L1: 0.247 H_SSIM: 0.541 D_real: 0.202 D_fake: 0.020 att_A: 0.585 L_hall: 0.060 L_inter: 0.000 L_intra: 0.000 L_fsp: 0.642 fsp_3_4: 0.132 fsp_4_5: 0.198 fsp_5_6: 0.176 fsp_6_7: 0.136 
(epoch: 1, iters: 7600, time: 0.035) G_GAN: 1.134 G_L1: 0.784 G_SSIM: 0.350 H_L1: 0.222 H_SSIM: 0.521 D_real: 0.009 D_fake: 0.010 att_A: 0.895 L_hall: 0.069 L_inter: 0.000 L_intra: 0.000 L_fsp: 0.866 fsp_3_4: 0.157 fsp_4_5: 0.165 fsp_5_6: 0.235 fsp_6_7: 0.308 
(epoch: 1, iters: 7700, time: 0.035) G_GAN: 0.986 G_L1: 0.289 G_SSIM: 0.202 H_L1: 0.289 H_SSIM: 0.486 D_real: 0.012 D_fake: 0.009 att_A: 0.712 L_hall: 0.053 L_inter: 0.000 L_intra: 0.000 L_fsp: 0.515 fsp_3_4: 0.120 fsp_4_5: 0.125 fsp_5_6: 0.153 fsp_6_7: 0.118 
(epoch: 1, iters: 7800, time: 0.034) G_GAN: 0.726 G_L1: 0.500 G_SSIM: 0.153 H_L1: 0.338 H_SSIM: 0.622 D_real: 0.018 D_fake: 0.028 att_A: 0.398 L_hall: 0.057 L_inter: 0.000 L_intra: 0.000 L_fsp: 0.743 fsp_3_4: 0.118 fsp_4_5: 0.155 fsp_5_6: 0.224 fsp_6_7: 0.246 
(epoch: 1, iters: 7900, time: 0.034) G_GAN: 0.624 G_L1: 0.458 G_SSIM: 0.164 H_L1: 0.148 H_SSIM: 0.368 D_real: 0.045 D_fake: 0.044 att_A: 0.588 L_hall: 0.064 L_inter: 0.000 L_intra: 0.000 L_fsp: 0.842 fsp_3_4: 0.158 fsp_4_5: 0.165 fsp_5_6: 0.219 fsp_6_7: 0.299 
(epoch: 1, iters: 8000, time: 0.065) G_GAN: 0.947 G_L1: 0.693 G_SSIM: 0.368 H_L1: 0.194 H_SSIM: 0.472 D_real: 0.011 D_fake: 0.009 att_A: 0.856 L_hall: 0.066 L_inter: 0.000 L_intra: 0.000 L_fsp: 0.629 fsp_3_4: 0.167 fsp_4_5: 0.204 fsp_5_6: 0.161 fsp_6_7: 0.096 
(epoch: 1, iters: 8100, time: 0.033) G_GAN: 0.630 G_L1: 0.506 G_SSIM: 0.294 H_L1: 0.215 H_SSIM: 0.396 D_real: 0.019 D_fake: 0.298 att_A: 0.588 L_hall: 0.052 L_inter: 0.000 L_intra: 0.000 L_fsp: 0.557 fsp_3_4: 0.150 fsp_4_5: 0.202 fsp_5_6: 0.134 fsp_6_7: 0.072 
(epoch: 1, iters: 8200, time: 0.034) G_GAN: 1.237 G_L1: 0.360 G_SSIM: 0.078 H_L1: 0.145 H_SSIM: 0.338 D_real: 0.194 D_fake: 0.393 att_A: 0.712 L_hall: 0.067 L_inter: 0.000 L_intra: 0.000 L_fsp: 0.796 fsp_3_4: 0.211 fsp_4_5: 0.202 fsp_5_6: 0.203 fsp_6_7: 0.180 
(epoch: 1, iters: 8300, time: 0.034) G_GAN: 0.628 G_L1: 0.388 G_SSIM: 0.137 H_L1: 0.155 H_SSIM: 0.389 D_real: 0.233 D_fake: 0.062 att_A: 0.444 L_hall: 0.052 L_inter: 0.000 L_intra: 0.000 L_fsp: 0.542 fsp_3_4: 0.119 fsp_4_5: 0.154 fsp_5_6: 0.139 fsp_6_7: 0.129 
(epoch: 1, iters: 8400, time: 0.034) G_GAN: 1.265 G_L1: 0.477 G_SSIM: 0.213 H_L1: 0.218 H_SSIM: 0.472 D_real: 0.017 D_fake: 0.023 att_A: 0.701 L_hall: 0.067 L_inter: 0.000 L_intra: 0.000 L_fsp: 0.716 fsp_3_4: 0.159 fsp_4_5: 0.171 fsp_5_6: 0.191 fsp_6_7: 0.195 
(epoch: 1, iters: 8500, time: 0.058) G_GAN: 0.504 G_L1: 0.336 G_SSIM: 0.230 H_L1: 0.263 H_SSIM: 0.588 D_real: 0.035 D_fake: 0.106 att_A: 0.447 L_hall: 0.063 L_inter: 0.000 L_intra: 0.000 L_fsp: 0.753 fsp_3_4: 0.118 fsp_4_5: 0.181 fsp_5_6: 0.245 fsp_6_7: 0.209 
(epoch: 1, iters: 8600, time: 0.034) G_GAN: 0.941 G_L1: 0.751 G_SSIM: 0.183 H_L1: 0.163 H_SSIM: 0.373 D_real: 0.028 D_fake: 0.020 att_A: 0.761 L_hall: 0.064 L_inter: 0.000 L_intra: 0.000 L_fsp: 0.673 fsp_3_4: 0.134 fsp_4_5: 0.186 fsp_5_6: 0.231 fsp_6_7: 0.122 
(epoch: 1, iters: 8700, time: 0.035) G_GAN: 1.260 G_L1: 0.574 G_SSIM: 0.295 H_L1: 0.217 H_SSIM: 0.562 D_real: 0.015 D_fake: 0.031 att_A: 0.575 L_hall: 0.057 L_inter: 0.000 L_intra: 0.000 L_fsp: 0.714 fsp_3_4: 0.190 fsp_4_5: 0.177 fsp_5_6: 0.206 fsp_6_7: 0.141 
(epoch: 1, iters: 8800, time: 0.034) G_GAN: 0.031 G_L1: 0.935 G_SSIM: 0.212 H_L1: 0.242 H_SSIM: 0.390 D_real: 0.008 D_fake: 0.719 att_A: 0.375 L_hall: 0.068 L_inter: 0.000 L_intra: 0.000 L_fsp: 0.709 fsp_3_4: 0.194 fsp_4_5: 0.191 fsp_5_6: 0.158 fsp_6_7: 0.166 
(epoch: 1, iters: 8900, time: 0.036) G_GAN: 1.550 G_L1: 0.758 G_SSIM: 0.259 H_L1: 0.270 H_SSIM: 0.642 D_real: 0.044 D_fake: 0.074 att_A: 0.466 L_hall: 0.058 L_inter: 0.000 L_intra: 0.000 L_fsp: 0.659 fsp_3_4: 0.119 fsp_4_5: 0.170 fsp_5_6: 0.187 fsp_6_7: 0.182 
(epoch: 1, iters: 9000, time: 0.051) G_GAN: 1.263 G_L1: 0.638 G_SSIM: 0.521 H_L1: 0.208 H_SSIM: 0.584 D_real: 0.033 D_fake: 0.020 att_A: 0.624 L_hall: 0.058 L_inter: 0.000 L_intra: 0.000 L_fsp: 0.617 fsp_3_4: 0.118 fsp_4_5: 0.179 fsp_5_6: 0.167 fsp_6_7: 0.153 
(epoch: 1, iters: 9100, time: 0.035) G_GAN: 0.141 G_L1: 0.204 G_SSIM: 0.071 H_L1: 0.300 H_SSIM: 0.600 D_real: 0.073 D_fake: 0.059 att_A: 0.314 L_hall: 0.058 L_inter: 0.000 L_intra: 0.000 L_fsp: 0.563 fsp_3_4: 0.112 fsp_4_5: 0.177 fsp_5_6: 0.182 fsp_6_7: 0.092 
epoch 1  fsp_3_4:0.149888  fsp_3_4_degen:0.000000  fsp_4_5:0.190094  fsp_4_5_degen:0.000000  fsp_5_6:0.205089  fsp_5_6_degen:0.000000  fsp_6_7:0.198202  fsp_6_7_degen:0.000000
End of epoch 1 / 30 	 Time Taken: 441 sec
learning rate = 0.0002000
(epoch: 2, iters: 73, time: 0.034) G_GAN: 1.108 G_L1: 0.292 G_SSIM: 0.234 H_L1: 0.183 H_SSIM: 0.443 D_real: 0.030 D_fake: 0.015 att_A: 0.665 L_hall: 0.058 L_inter: 0.000 L_intra: 0.000 L_fsp: 0.742 fsp_3_4: 0.130 fsp_4_5: 0.173 fsp_5_6: 0.184 fsp_6_7: 0.255 
(epoch: 2, iters: 173, time: 0.034) G_GAN: 1.030 G_L1: 0.585 G_SSIM: 0.466 H_L1: 0.255 H_SSIM: 0.725 D_real: 0.009 D_fake: 0.009 att_A: 0.714 L_hall: 0.060 L_inter: 0.000 L_intra: 0.000 L_fsp: 0.614 fsp_3_4: 0.092 fsp_4_5: 0.154 fsp_5_6: 0.174 fsp_6_7: 0.194 
(epoch: 2, iters: 273, time: 0.034) G_GAN: 1.061 G_L1: 0.475 G_SSIM: 0.342 H_L1: 0.215 H_SSIM: 0.484 D_real: 0.025 D_fake: 0.020 att_A: 0.789 L_hall: 0.064 L_inter: 0.000 L_intra: 0.000 L_fsp: 0.706 fsp_3_4: 0.129 fsp_4_5: 0.168 fsp_5_6: 0.186 fsp_6_7: 0.223 
(epoch: 2, iters: 373, time: 0.051) G_GAN: 0.612 G_L1: 0.397 G_SSIM: 0.189 H_L1: 0.184 H_SSIM: 0.441 D_real: 0.015 D_fake: 0.064 att_A: 0.614 L_hall: 0.057 L_inter: 0.000 L_intra: 0.000 L_fsp: 0.680 fsp_3_4: 0.130 fsp_4_5: 0.150 fsp_5_6: 0.156 fsp_6_7: 0.243 
(epoch: 2, iters: 473, time: 0.034) G_GAN: 0.970 G_L1: 0.417 G_SSIM: 0.129 H_L1: 0.163 H_SSIM: 0.389 D_real: 0.058 D_fake: 0.011 att_A: 0.661 L_hall: 0.061 L_inter: 0.000 L_intra: 0.000 L_fsp: 0.567 fsp_3_4: 0.140 fsp_4_5: 0.163 fsp_5_6: 0.147 fsp_6_7: 0.116 
(epoch: 2, iters: 573, time: 0.033) G_GAN: 1.063 G_L1: 0.630 G_SSIM: 0.199 H_L1: 0.217 H_SSIM: 0.466 D_real: 0.039 D_fake: 0.045 att_A: 0.576 L_hall: 0.051 L_inter: 0.000 L_intra: 0.000 L_fsp: 0.607 fsp_3_4: 0.177 fsp_4_5: 0.192 fsp_5_6: 0.150 fsp_6_7: 0.088 
(epoch: 2, iters: 673, time: 0.033) G_GAN: 1.050 G_L1: 0.433 G_SSIM: 0.411 H_L1: 0.222 H_SSIM: 0.654 D_real: 0.011 D_fake: 0.008 att_A: 0.665 L_hall: 0.056 L_inter: 0.000 L_intra: 0.000 L_fsp: 0.607 fsp_3_4: 0.102 fsp_4_5: 0.151 fsp_5_6: 0.195 fsp_6_7: 0.159 
(epoch: 2, iters: 773, time: 0.034) G_GAN: 1.005 G_L1: 0.297 G_SSIM: 0.159 H_L1: 0.175 H_SSIM: 0.338 D_real: 0.109 D_fake: 0.016 att_A: 0.873 L_hall: 0.063 L_inter: 0.000 L_intra: 0.000 L_fsp: 0.674 fsp_3_4: 0.178 fsp_4_5: 0.180 fsp_5_6: 0.184 fsp_6_7: 0.132 
(epoch: 2, iters: 873, time: 0.065) G_GAN: 0.789 G_L1: 0.153 G_SSIM: 0.055 H_L1: 0.148 H_SSIM: 0.336 D_real: 0.042 D_fake: 0.031 att_A: 0.704 L_hall: 0.065 L_inter: 0.000 L_intra: 0.000 L_fsp: 0.648 fsp_3_4: 0.090 fsp_4_5: 0.187 fsp_5_6: 0.150 fsp_6_7: 0.221 
saving the latest model (epoch 2, total_steps 10000)
(epoch: 2, iters: 973, time: 0.036) G_GAN: 0.462 G_L1: 0.153 G_SSIM: 0.049 H_L1: 0.169 H_SSIM: 0.353 D_real: 0.037 D_fake: 0.015 att_A: 0.626 L_hall: 0.062 L_inter: 0.000 L_intra: 0.000 L_fsp: 0.633 fsp_3_4: 0.126 fsp_4_5: 0.159 fsp_5_6: 0.179 fsp_6_7: 0.169 
(epoch: 2, iters: 1073, time: 0.036) G_GAN: 1.070 G_L1: 0.400 G_SSIM: 0.271 H_L1: 0.248 H_SSIM: 0.521 D_real: 0.042 D_fake: 0.013 att_A: 0.629 L_hall: 0.059 L_inter: 0.000 L_intra: 0.000 L_fsp: 0.633 fsp_3_4: 0.108 fsp_4_5: 0.145 fsp_5_6: 0.210 fsp_6_7: 0.170 
(epoch: 2, iters: 1173, time: 0.034) G_GAN: 0.999 G_L1: 0.469 G_SSIM: 0.372 H_L1: 0.243 H_SSIM: 0.588 D_real: 0.039 D_fake: 0.108 att_A: 0.715 L_hall: 0.061 L_inter: 0.000 L_intra: 0.000 L_fsp: 0.683 fsp_3_4: 0.142 fsp_4_5: 0.146 fsp_5_6: 0.199 fsp_6_7: 0.196 
(epoch: 2, iters: 1273, time: 0.034) G_GAN: 0.332 G_L1: 0.156 G_SSIM: 0.017 H_L1: 0.128 H_SSIM: 0.332 D_real: 0.135 D_fake: 0.199 att_A: 0.732 L_hall: 0.040 L_inter: 0.000 L_intra: 0.000 L_fsp: 0.698 fsp_3_4: 0.158 fsp_4_5: 0.136 fsp_5_6: 0.187 fsp_6_7: 0.217 
(epoch: 2, iters: 1373, time: 0.053) G_GAN: 0.718 G_L1: 0.336 G_SSIM: 0.225 H_L1: 0.246 H_SSIM: 0.517 D_real: 0.011 D_fake: 0.030 att_A: 0.455 L_hall: 0.060 L_inter: 0.000 L_intra: 0.000 L_fsp: 0.728 fsp_3_4: 0.153 fsp_4_5: 0.206 fsp_5_6: 0.157 fsp_6_7: 0.212 
(epoch: 2, iters: 1473, time: 0.033) G_GAN: 1.106 G_L1: 0.526 G_SSIM: 0.362 H_L1: 0.220 H_SSIM: 0.480 D_real: 0.020 D_fake: 0.009 att_A: 0.647 L_hall: 0.059 L_inter: 0.000 L_intra: 0.000 L_fsp: 0.808 fsp_3_4: 0.157 fsp_4_5: 0.167 fsp_5_6: 0.211 fsp_6_7: 0.273 
(epoch: 2, iters: 1573, time: 0.034) G_GAN: 1.055 G_L1: 0.412 G_SSIM: 0.245 H_L1: 0.153 H_SSIM: 0.390 D_real: 0.018 D_fake: 0.573 att_A: 0.726 L_hall: 0.064 L_inter: 0.000 L_intra: 0.000 L_fsp: 0.714 fsp_3_4: 0.176 fsp_4_5: 0.199 fsp_5_6: 0.196 fsp_6_7: 0.143 
(epoch: 2, iters: 1673, time: 0.034) G_GAN: 0.651 G_L1: 0.409 G_SSIM: 0.279 H_L1: 0.223 H_SSIM: 0.429 D_real: 0.210 D_fake: 0.019 att_A: 0.427 L_hall: 0.065 L_inter: 0.000 L_intra: 0.000 L_fsp: 0.732 fsp_3_4: 0.120 fsp_4_5: 0.191 fsp_5_6: 0.232 fsp_6_7: 0.189 
(epoch: 2, iters: 1773, time: 0.034) G_GAN: 0.984 G_L1: 0.454 G_SSIM: 0.261 H_L1: 0.200 H_SSIM: 0.414 D_real: 0.027 D_fake: 0.019 att_A: 0.850 L_hall: 0.063 L_inter: 0.000 L_intra: 0.000 L_fsp: 0.911 fsp_3_4: 0.151 fsp_4_5: 0.154 fsp_5_6: 0.170 fsp_6_7: 0.437 
(epoch: 2, iters: 1873, time: 0.065) G_GAN: 0.980 G_L1: 0.612 G_SSIM: 0.371 H_L1: 0.163 H_SSIM: 0.454 D_real: 0.009 D_fake: 0.020 att_A: 0.920 L_hall: 0.066 L_inter: 0.000 L_intra: 0.000 L_fsp: 0.812 fsp_3_4: 0.192 fsp_4_5: 0.183 fsp_5_6: 0.205 fsp_6_7: 0.231 
(epoch: 2, iters: 1973, time: 0.034) G_GAN: 0.802 G_L1: 0.380 G_SSIM: 0.142 H_L1: 0.313 H_SSIM: 0.577 D_real: 0.009 D_fake: 0.038 att_A: 0.448 L_hall: 0.051 L_inter: 0.000 L_intra: 0.000 L_fsp: 0.478 fsp_3_4: 0.092 fsp_4_5: 0.129 fsp_5_6: 0.157 fsp_6_7: 0.101 
(epoch: 2, iters: 2073, time: 0.035) G_GAN: 0.936 G_L1: 0.447 G_SSIM: 0.332 H_L1: 0.252 H_SSIM: 0.528 D_real: 0.094 D_fake: 0.039 att_A: 0.761 L_hall: 0.063 L_inter: 0.000 L_intra: 0.000 L_fsp: 0.617 fsp_3_4: 0.113 fsp_4_5: 0.159 fsp_5_6: 0.215 fsp_6_7: 0.130 
(epoch: 2, iters: 2173, time: 0.034) G_GAN: 1.247 G_L1: 0.394 G_SSIM: 0.272 H_L1: 0.235 H_SSIM: 0.454 D_real: 0.031 D_fake: 0.018 att_A: 0.620 L_hall: 0.069 L_inter: 0.000 L_intra: 0.000 L_fsp: 0.875 fsp_3_4: 0.101 fsp_4_5: 0.169 fsp_5_6: 0.210 fsp_6_7: 0.395 
(epoch: 2, iters: 2273, time: 0.035) G_GAN: 1.103 G_L1: 0.402 G_SSIM: 0.156 H_L1: 0.147 H_SSIM: 0.389 D_real: 0.054 D_fake: 0.016 att_A: 0.725 L_hall: 0.055 L_inter: 0.000 L_intra: 0.000 L_fsp: 0.538 fsp_3_4: 0.142 fsp_4_5: 0.138 fsp_5_6: 0.169 fsp_6_7: 0.089 
(epoch: 2, iters: 2373, time: 0.063) G_GAN: 0.133 G_L1: 0.481 G_SSIM: 0.212 H_L1: 0.237 H_SSIM: 0.435 D_real: 0.063 D_fake: 0.029 att_A: 0.369 L_hall: 0.049 L_inter: 0.000 L_intra: 0.000 L_fsp: 0.656 fsp_3_4: 0.127 fsp_4_5: 0.187 fsp_5_6: 0.230 fsp_6_7: 0.112 
(epoch: 2, iters: 2473, time: 0.034) G_GAN: 1.008 G_L1: 0.345 G_SSIM: 0.182 H_L1: 0.261 H_SSIM: 0.580 D_real: 0.012 D_fake: 0.163 att_A: 0.491 L_hall: 0.059 L_inter: 0.000 L_intra: 0.000 L_fsp: 0.749 fsp_3_4: 0.108 fsp_4_5: 0.140 fsp_5_6: 0.226 fsp_6_7: 0.275 
(epoch: 2, iters: 2573, time: 0.034) G_GAN: 0.055 G_L1: 0.322 G_SSIM: 0.214 H_L1: 0.220 H_SSIM: 0.476 D_real: 0.017 D_fake: 0.257 att_A: 0.521 L_hall: 0.056 L_inter: 0.000 L_intra: 0.000 L_fsp: 0.666 fsp_3_4: 0.100 fsp_4_5: 0.174 fsp_5_6: 0.182 fsp_6_7: 0.210 
(epoch: 2, iters: 2673, time: 0.034) G_GAN: 1.274 G_L1: 0.457 G_SSIM: 0.215 H_L1: 0.191 H_SSIM: 0.433 D_real: 0.166 D_fake: 0.049 att_A: 0.660 L_hall: 0.057 L_inter: 0.000 L_intra: 0.000 L_fsp: 0.585 fsp_3_4: 0.112 fsp_4_5: 0.150 fsp_5_6: 0.177 fsp_6_7: 0.146 
(epoch: 2, iters: 2773, time: 0.033) G_GAN: 0.418 G_L1: 0.669 G_SSIM: 0.240 H_L1: 0.190 H_SSIM: 0.459 D_real: 0.025 D_fake: 0.150 att_A: 0.717 L_hall: 0.061 L_inter: 0.000 L_intra: 0.000 L_fsp: 0.793 fsp_3_4: 0.171 fsp_4_5: 0.200 fsp_5_6: 0.207 fsp_6_7: 0.216 
(epoch: 2, iters: 2873, time: 0.054) G_GAN: 1.016 G_L1: 0.560 G_SSIM: 0.441 H_L1: 0.236 H_SSIM: 0.539 D_real: 0.016 D_fake: 0.009 att_A: 0.783 L_hall: 0.064 L_inter: 0.000 L_intra: 0.000 L_fsp: 0.701 fsp_3_4: 0.123 fsp_4_5: 0.186 fsp_5_6: 0.161 fsp_6_7: 0.232 
(epoch: 2, iters: 2973, time: 0.033) G_GAN: 1.171 G_L1: 0.939 G_SSIM: 0.626 H_L1: 0.281 H_SSIM: 0.680 D_real: 0.016 D_fake: 0.151 att_A: 0.953 L_hall: 0.074 L_inter: 0.000 L_intra: 0.000 L_fsp: 0.814 fsp_3_4: 0.130 fsp_4_5: 0.183 fsp_5_6: 0.268 fsp_6_7: 0.232 
(epoch: 2, iters: 3073, time: 0.033) G_GAN: 0.183 G_L1: 0.439 G_SSIM: 0.234 H_L1: 0.226 H_SSIM: 0.435 D_real: 0.051 D_fake: 0.358 att_A: 0.377 L_hall: 0.050 L_inter: 0.000 L_intra: 0.000 L_fsp: 0.802 fsp_3_4: 0.114 fsp_4_5: 0.171 fsp_5_6: 0.288 fsp_6_7: 0.228 
(epoch: 2, iters: 3173, time: 0.034) G_GAN: 1.013 G_L1: 0.165 G_SSIM: 0.043 H_L1: 0.195 H_SSIM: 0.349 D_real: 0.021 D_fake: 0.008 att_A: 0.561 L_hall: 0.055 L_inter: 0.000 L_intra: 0.000 L_fsp: 0.750 fsp_3_4: 0.111 fsp_4_5: 0.192 fsp_5_6: 0.241 fsp_6_7: 0.206 
(epoch: 2, iters: 3273, time: 0.034) G_GAN: 1.103 G_L1: 0.469 G_SSIM: 0.247 H_L1: 0.171 H_SSIM: 0.443 D_real: 0.020 D_fake: 0.020 att_A: 0.704 L_hall: 0.055 L_inter: 0.000 L_intra: 0.000 L_fsp: 0.636 fsp_3_4: 0.114 fsp_4_5: 0.186 fsp_5_6: 0.155 fsp_6_7: 0.180 
(epoch: 2, iters: 3373, time: 0.105) G_GAN: 0.882 G_L1: 0.408 G_SSIM: 0.243 H_L1: 0.200 H_SSIM: 0.525 D_real: 0.040 D_fake: 0.056 att_A: 0.576 L_hall: 0.054 L_inter: 0.000 L_intra: 0.000 L_fsp: 0.593 fsp_3_4: 0.113 fsp_4_5: 0.157 fsp_5_6: 0.230 fsp_6_7: 0.092 
(epoch: 2, iters: 3473, time: 0.034) G_GAN: 1.220 G_L1: 0.090 G_SSIM: 0.031 H_L1: 0.166 H_SSIM: 0.334 D_real: 0.214 D_fake: 0.020 att_A: 0.379 L_hall: 0.057 L_inter: 0.000 L_intra: 0.000 L_fsp: 0.581 fsp_3_4: 0.079 fsp_4_5: 0.177 fsp_5_6: 0.198 fsp_6_7: 0.127 
(epoch: 2, iters: 3573, time: 0.034) G_GAN: 0.855 G_L1: 0.570 G_SSIM: 0.068 H_L1: 0.152 H_SSIM: 0.352 D_real: 0.260 D_fake: 0.012 att_A: 0.588 L_hall: 0.071 L_inter: 0.000 L_intra: 0.000 L_fsp: 1.065 fsp_3_4: 0.260 fsp_4_5: 0.204 fsp_5_6: 0.178 fsp_6_7: 0.423 
(epoch: 2, iters: 3673, time: 0.033) G_GAN: 0.024 G_L1: 0.721 G_SSIM: 0.413 H_L1: 0.289 H_SSIM: 0.614 D_real: 0.048 D_fake: 0.863 att_A: 0.481 L_hall: 0.067 L_inter: 0.000 L_intra: 0.000 L_fsp: 0.590 fsp_3_4: 0.131 fsp_4_5: 0.160 fsp_5_6: 0.181 fsp_6_7: 0.117 
(epoch: 2, iters: 3773, time: 0.034) G_GAN: 0.986 G_L1: 0.216 G_SSIM: 0.157 H_L1: 0.256 H_SSIM: 0.471 D_real: 0.016 D_fake: 0.037 att_A: 0.680 L_hall: 0.058 L_inter: 0.000 L_intra: 0.000 L_fsp: 0.703 fsp_3_4: 0.115 fsp_4_5: 0.137 fsp_5_6: 0.209 fsp_6_7: 0.241 
(epoch: 2, iters: 3873, time: 0.054) G_GAN: 0.758 G_L1: 0.422 G_SSIM: 0.207 H_L1: 0.307 H_SSIM: 0.581 D_real: 0.022 D_fake: 0.047 att_A: 0.631 L_hall: 0.054 L_inter: 0.000 L_intra: 0.000 L_fsp: 0.602 fsp_3_4: 0.117 fsp_4_5: 0.140 fsp_5_6: 0.185 fsp_6_7: 0.160 
(epoch: 2, iters: 3973, time: 0.034) G_GAN: 1.040 G_L1: 0.832 G_SSIM: 0.274 H_L1: 0.198 H_SSIM: 0.398 D_real: 0.016 D_fake: 0.004 att_A: 0.831 L_hall: 0.062 L_inter: 0.000 L_intra: 0.000 L_fsp: 0.722 fsp_3_4: 0.163 fsp_4_5: 0.205 fsp_5_6: 0.137 fsp_6_7: 0.217 
(epoch: 2, iters: 4073, time: 0.034) G_GAN: 1.429 G_L1: 0.530 G_SSIM: 0.259 H_L1: 0.208 H_SSIM: 0.376 D_real: 0.033 D_fake: 0.044 att_A: 0.662 L_hall: 0.063 L_inter: 0.000 L_intra: 0.000 L_fsp: 0.667 fsp_3_4: 0.183 fsp_4_5: 0.178 fsp_5_6: 0.176 fsp_6_7: 0.130 
(epoch: 2, iters: 4173, time: 0.034) G_GAN: 0.084 G_L1: 0.342 G_SSIM: 0.239 H_L1: 0.267 H_SSIM: 0.514 D_real: 0.019 D_fake: 0.029 att_A: 0.384 L_hall: 0.053 L_inter: 0.000 L_intra: 0.000 L_fsp: 0.565 fsp_3_4: 0.106 fsp_4_5: 0.143 fsp_5_6: 0.156 fsp_6_7: 0.160 
(epoch: 2, iters: 4273, time: 0.033) G_GAN: 0.955 G_L1: 0.462 G_SSIM: 0.185 H_L1: 0.228 H_SSIM: 0.468 D_real: 0.039 D_fake: 0.019 att_A: 0.525 L_hall: 0.057 L_inter: 0.000 L_intra: 0.000 L_fsp: 0.552 fsp_3_4: 0.172 fsp_4_5: 0.158 fsp_5_6: 0.107 fsp_6_7: 0.115 
(epoch: 2, iters: 4373, time: 0.059) G_GAN: 0.112 G_L1: 0.211 G_SSIM: 0.071 H_L1: 0.296 H_SSIM: 0.645 D_real: 0.076 D_fake: 0.008 att_A: 0.277 L_hall: 0.052 L_inter: 0.000 L_intra: 0.000 L_fsp: 0.514 fsp_3_4: 0.082 fsp_4_5: 0.130 fsp_5_6: 0.137 fsp_6_7: 0.165 
(epoch: 2, iters: 4473, time: 0.034) G_GAN: 1.104 G_L1: 0.512 G_SSIM: 0.300 H_L1: 0.240 H_SSIM: 0.568 D_real: 0.041 D_fake: 0.013 att_A: 0.671 L_hall: 0.060 L_inter: 0.000 L_intra: 0.000 L_fsp: 0.785 fsp_3_4: 0.129 fsp_4_5: 0.160 fsp_5_6: 0.268 fsp_6_7: 0.228 
(epoch: 2, iters: 4573, time: 0.034) G_GAN: 0.230 G_L1: 0.984 G_SSIM: 0.404 H_L1: 0.275 H_SSIM: 0.632 D_real: 0.037 D_fake: 0.316 att_A: 0.453 L_hall: 0.063 L_inter: 0.000 L_intra: 0.000 L_fsp: 0.647 fsp_3_4: 0.124 fsp_4_5: 0.165 fsp_5_6: 0.181 fsp_6_7: 0.177 
(epoch: 2, iters: 4673, time: 0.035) G_GAN: 1.111 G_L1: 0.911 G_SSIM: 0.436 H_L1: 0.280 H_SSIM: 0.662 D_real: 0.006 D_fake: 0.007 att_A: 0.722 L_hall: 0.061 L_inter: 0.000 L_intra: 0.000 L_fsp: 0.832 fsp_3_4: 0.147 fsp_4_5: 0.194 fsp_5_6: 0.272 fsp_6_7: 0.219 
(epoch: 2, iters: 4773, time: 0.034) G_GAN: 1.722 G_L1: 0.460 G_SSIM: 0.296 H_L1: 0.266 H_SSIM: 0.557 D_real: 0.293 D_fake: 0.113 att_A: 0.556 L_hall: 0.062 L_inter: 0.000 L_intra: 0.000 L_fsp: 0.804 fsp_3_4: 0.136 fsp_4_5: 0.208 fsp_5_6: 0.234 fsp_6_7: 0.226 
(epoch: 2, iters: 4873, time: 0.057) G_GAN: 0.613 G_L1: 0.919 G_SSIM: 0.408 H_L1: 0.265 H_SSIM: 0.499 D_real: 0.099 D_fake: 0.037 att_A: 0.824 L_hall: 0.062 L_inter: 0.000 L_intra: 0.000 L_fsp: 0.695 fsp_3_4: 0.172 fsp_4_5: 0.196 fsp_5_6: 0.252 fsp_6_7: 0.075 
(epoch: 2, iters: 4973, time: 0.034) G_GAN: 0.837 G_L1: 0.345 G_SSIM: 0.276 H_L1: 0.191 H_SSIM: 0.590 D_real: 0.025 D_fake: 0.032 att_A: 0.569 L_hall: 0.050 L_inter: 0.000 L_intra: 0.000 L_fsp: 0.500 fsp_3_4: 0.106 fsp_4_5: 0.165 fsp_5_6: 0.146 fsp_6_7: 0.083 
(epoch: 2, iters: 5073, time: 0.033) G_GAN: 0.777 G_L1: 0.273 G_SSIM: 0.161 H_L1: 0.253 H_SSIM: 0.624 D_real: 0.013 D_fake: 0.032 att_A: 0.483 L_hall: 0.055 L_inter: 0.000 L_intra: 0.000 L_fsp: 0.649 fsp_3_4: 0.115 fsp_4_5: 0.223 fsp_5_6: 0.149 fsp_6_7: 0.161 
(epoch: 2, iters: 5173, time: 0.034) G_GAN: 0.883 G_L1: 0.849 G_SSIM: 0.544 H_L1: 0.213 H_SSIM: 0.608 D_real: 0.011 D_fake: 0.008 att_A: 0.803 L_hall: 0.060 L_inter: 0.000 L_intra: 0.000 L_fsp: 0.823 fsp_3_4: 0.119 fsp_4_5: 0.165 fsp_5_6: 0.207 fsp_6_7: 0.331 
(epoch: 2, iters: 5273, time: 0.034) G_GAN: 0.346 G_L1: 0.040 G_SSIM: 0.015 H_L1: 0.169 H_SSIM: 0.337 D_real: 0.039 D_fake: 0.184 att_A: 0.376 L_hall: 0.057 L_inter: 0.000 L_intra: 0.000 L_fsp: 0.627 fsp_3_4: 0.108 fsp_4_5: 0.139 fsp_5_6: 0.165 fsp_6_7: 0.215 
(epoch: 2, iters: 5373, time: 0.062) G_GAN: 0.627 G_L1: 0.646 G_SSIM: 0.432 H_L1: 0.268 H_SSIM: 0.669 D_real: 0.014 D_fake: 0.058 att_A: 0.741 L_hall: 0.061 L_inter: 0.000 L_intra: 0.000 L_fsp: 0.687 fsp_3_4: 0.115 fsp_4_5: 0.154 fsp_5_6: 0.175 fsp_6_7: 0.242 
(epoch: 2, iters: 5473, time: 0.033) G_GAN: 0.907 G_L1: 0.338 G_SSIM: 0.200 H_L1: 0.251 H_SSIM: 0.490 D_real: 0.031 D_fake: 0.584 att_A: 0.431 L_hall: 0.059 L_inter: 0.000 L_intra: 0.000 L_fsp: 0.675 fsp_3_4: 0.122 fsp_4_5: 0.165 fsp_5_6: 0.210 fsp_6_7: 0.178 
(epoch: 2, iters: 5573, time: 0.034) G_GAN: 0.877 G_L1: 0.546 G_SSIM: 0.299 H_L1: 0.195 H_SSIM: 0.478 D_real: 0.012 D_fake: 0.014 att_A: 0.816 L_hall: 0.065 L_inter: 0.000 L_intra: 0.000 L_fsp: 0.704 fsp_3_4: 0.126 fsp_4_5: 0.172 fsp_5_6: 0.228 fsp_6_7: 0.178 
(epoch: 2, iters: 5673, time: 0.034) G_GAN: 1.028 G_L1: 0.248 G_SSIM: 0.156 H_L1: 0.254 H_SSIM: 0.561 D_real: 0.032 D_fake: 0.019 att_A: 0.455 L_hall: 0.061 L_inter: 0.000 L_intra: 0.000 L_fsp: 0.667 fsp_3_4: 0.119 fsp_4_5: 0.194 fsp_5_6: 0.188 fsp_6_7: 0.167 
(epoch: 2, iters: 5773, time: 0.034) G_GAN: 0.817 G_L1: 0.604 G_SSIM: 0.478 H_L1: 0.235 H_SSIM: 0.575 D_real: 0.016 D_fake: 0.014 att_A: 0.653 L_hall: 0.057 L_inter: 0.000 L_intra: 0.000 L_fsp: 0.771 fsp_3_4: 0.145 fsp_4_5: 0.227 fsp_5_6: 0.209 fsp_6_7: 0.190 
(epoch: 2, iters: 5873, time: 0.049) G_GAN: 1.040 G_L1: 0.271 G_SSIM: 0.191 H_L1: 0.282 H_SSIM: 0.556 D_real: 0.015 D_fake: 0.017 att_A: 0.605 L_hall: 0.057 L_inter: 0.000 L_intra: 0.000 L_fsp: 0.581 fsp_3_4: 0.106 fsp_4_5: 0.137 fsp_5_6: 0.166 fsp_6_7: 0.173 
saving the latest model (epoch 2, total_steps 15000)
(epoch: 2, iters: 5973, time: 0.034) G_GAN: 0.262 G_L1: 1.082 G_SSIM: 0.398 H_L1: 0.258 H_SSIM: 0.601 D_real: 0.016 D_fake: 0.279 att_A: 0.447 L_hall: 0.063 L_inter: 0.000 L_intra: 0.000 L_fsp: 0.655 fsp_3_4: 0.097 fsp_4_5: 0.152 fsp_5_6: 0.228 fsp_6_7: 0.179 
(epoch: 2, iters: 6073, time: 0.035) G_GAN: 1.495 G_L1: 0.325 G_SSIM: 0.222 H_L1: 0.171 H_SSIM: 0.375 D_real: 0.240 D_fake: 0.069 att_A: 0.754 L_hall: 0.061 L_inter: 0.000 L_intra: 0.000 L_fsp: 0.709 fsp_3_4: 0.142 fsp_4_5: 0.184 fsp_5_6: 0.207 fsp_6_7: 0.176 
(epoch: 2, iters: 6173, time: 0.034) G_GAN: 1.170 G_L1: 0.634 G_SSIM: 0.429 H_L1: 0.235 H_SSIM: 0.541 D_real: 0.042 D_fake: 0.016 att_A: 0.809 L_hall: 0.070 L_inter: 0.000 L_intra: 0.000 L_fsp: 0.909 fsp_3_4: 0.166 fsp_4_5: 0.180 fsp_5_6: 0.224 fsp_6_7: 0.338 
(epoch: 2, iters: 6273, time: 0.034) G_GAN: 0.777 G_L1: 0.581 G_SSIM: 0.247 H_L1: 0.223 H_SSIM: 0.391 D_real: 0.007 D_fake: 0.021 att_A: 0.534 L_hall: 0.065 L_inter: 0.000 L_intra: 0.000 L_fsp: 0.774 fsp_3_4: 0.191 fsp_4_5: 0.186 fsp_5_6: 0.160 fsp_6_7: 0.236 
(epoch: 2, iters: 6373, time: 0.081) G_GAN: 0.955 G_L1: 0.610 G_SSIM: 0.395 H_L1: 0.219 H_SSIM: 0.461 D_real: 0.007 D_fake: 0.351 att_A: 0.935 L_hall: 0.064 L_inter: 0.000 L_intra: 0.000 L_fsp: 0.673 fsp_3_4: 0.174 fsp_4_5: 0.199 fsp_5_6: 0.153 fsp_6_7: 0.147 
(epoch: 2, iters: 6473, time: 0.034) G_GAN: 0.781 G_L1: 0.630 G_SSIM: 0.368 H_L1: 0.247 H_SSIM: 0.486 D_real: 0.045 D_fake: 0.030 att_A: 0.699 L_hall: 0.057 L_inter: 0.000 L_intra: 0.000 L_fsp: 0.654 fsp_3_4: 0.129 fsp_4_5: 0.153 fsp_5_6: 0.181 fsp_6_7: 0.191 
(epoch: 2, iters: 6573, time: 0.034) G_GAN: 0.936 G_L1: 0.810 G_SSIM: 0.420 H_L1: 0.281 H_SSIM: 0.601 D_real: 0.015 D_fake: 0.040 att_A: 0.621 L_hall: 0.057 L_inter: 0.000 L_intra: 0.000 L_fsp: 0.700 fsp_3_4: 0.084 fsp_4_5: 0.178 fsp_5_6: 0.185 fsp_6_7: 0.253 
(epoch: 2, iters: 6673, time: 0.034) G_GAN: 1.023 G_L1: 0.362 G_SSIM: 0.340 H_L1: 0.215 H_SSIM: 0.576 D_real: 0.015 D_fake: 0.013 att_A: 0.776 L_hall: 0.058 L_inter: 0.000 L_intra: 0.000 L_fsp: 0.623 fsp_3_4: 0.081 fsp_4_5: 0.140 fsp_5_6: 0.155 fsp_6_7: 0.247 
(epoch: 2, iters: 6773, time: 0.035) G_GAN: 1.168 G_L1: 0.471 G_SSIM: 0.270 H_L1: 0.189 H_SSIM: 0.402 D_real: 0.018 D_fake: 0.018 att_A: 0.634 L_hall: 0.062 L_inter: 0.000 L_intra: 0.000 L_fsp: 0.966 fsp_3_4: 0.213 fsp_4_5: 0.166 fsp_5_6: 0.299 fsp_6_7: 0.288 
(epoch: 2, iters: 6873, time: 0.064) G_GAN: 1.244 G_L1: 0.434 G_SSIM: 0.125 H_L1: 0.174 H_SSIM: 0.399 D_real: 0.244 D_fake: 0.024 att_A: 0.667 L_hall: 0.055 L_inter: 0.000 L_intra: 0.000 L_fsp: 0.681 fsp_3_4: 0.184 fsp_4_5: 0.182 fsp_5_6: 0.214 fsp_6_7: 0.100 
(epoch: 2, iters: 6973, time: 0.034) G_GAN: 1.242 G_L1: 0.306 G_SSIM: 0.108 H_L1: 0.203 H_SSIM: 0.481 D_real: 0.031 D_fake: 0.011 att_A: 0.573 L_hall: 0.062 L_inter: 0.000 L_intra: 0.000 L_fsp: 0.871 fsp_3_4: 0.179 fsp_4_5: 0.210 fsp_5_6: 0.172 fsp_6_7: 0.310 
(epoch: 2, iters: 7073, time: 0.033) G_GAN: 1.039 G_L1: 0.524 G_SSIM: 0.333 H_L1: 0.183 H_SSIM: 0.455 D_real: 0.018 D_fake: 0.008 att_A: 0.673 L_hall: 0.055 L_inter: 0.000 L_intra: 0.000 L_fsp: 0.719 fsp_3_4: 0.115 fsp_4_5: 0.153 fsp_5_6: 0.230 fsp_6_7: 0.222 
(epoch: 2, iters: 7173, time: 0.034) G_GAN: 0.944 G_L1: 0.385 G_SSIM: 0.163 H_L1: 0.266 H_SSIM: 0.554 D_real: 0.125 D_fake: 0.014 att_A: 0.384 L_hall: 0.053 L_inter: 0.000 L_intra: 0.000 L_fsp: 0.648 fsp_3_4: 0.114 fsp_4_5: 0.175 fsp_5_6: 0.179 fsp_6_7: 0.180 
(epoch: 2, iters: 7273, time: 0.034) G_GAN: 0.958 G_L1: 0.480 G_SSIM: 0.302 H_L1: 0.223 H_SSIM: 0.590 D_real: 0.018 D_fake: 0.015 att_A: 0.641 L_hall: 0.056 L_inter: 0.000 L_intra: 0.000 L_fsp: 0.722 fsp_3_4: 0.104 fsp_4_5: 0.167 fsp_5_6: 0.195 fsp_6_7: 0.256 
(epoch: 2, iters: 7373, time: 0.056) G_GAN: 1.130 G_L1: 0.467 G_SSIM: 0.278 H_L1: 0.237 H_SSIM: 0.518 D_real: 0.053 D_fake: 0.022 att_A: 0.809 L_hall: 0.061 L_inter: 0.000 L_intra: 0.000 L_fsp: 0.609 fsp_3_4: 0.104 fsp_4_5: 0.168 fsp_5_6: 0.201 fsp_6_7: 0.135 
(epoch: 2, iters: 7473, time: 0.034) G_GAN: 0.204 G_L1: 0.143 G_SSIM: 0.038 H_L1: 0.156 H_SSIM: 0.382 D_real: 0.142 D_fake: 0.017 att_A: 0.593 L_hall: 0.041 L_inter: 0.000 L_intra: 0.000 L_fsp: 0.613 fsp_3_4: 0.114 fsp_4_5: 0.120 fsp_5_6: 0.233 fsp_6_7: 0.146 
(epoch: 2, iters: 7573, time: 0.036) G_GAN: 0.267 G_L1: 0.041 G_SSIM: 0.002 H_L1: 0.126 H_SSIM: 0.325 D_real: 0.020 D_fake: 0.023 att_A: 0.776 L_hall: 0.046 L_inter: 0.000 L_intra: 0.000 L_fsp: 0.836 fsp_3_4: 0.207 fsp_4_5: 0.174 fsp_5_6: 0.263 fsp_6_7: 0.192 
(epoch: 2, iters: 7673, time: 0.033) G_GAN: 1.259 G_L1: 0.483 G_SSIM: 0.267 H_L1: 0.246 H_SSIM: 0.555 D_real: 0.304 D_fake: 0.043 att_A: 0.724 L_hall: 0.058 L_inter: 0.000 L_intra: 0.000 L_fsp: 0.637 fsp_3_4: 0.149 fsp_4_5: 0.172 fsp_5_6: 0.172 fsp_6_7: 0.144 
(epoch: 2, iters: 7773, time: 0.034) G_GAN: 1.137 G_L1: 0.816 G_SSIM: 0.637 H_L1: 0.263 H_SSIM: 0.716 D_real: 0.020 D_fake: 0.008 att_A: 0.922 L_hall: 0.064 L_inter: 0.000 L_intra: 0.000 L_fsp: 0.595 fsp_3_4: 0.107 fsp_4_5: 0.126 fsp_5_6: 0.181 fsp_6_7: 0.182 
(epoch: 2, iters: 7873, time: 0.048) G_GAN: 1.038 G_L1: 0.576 G_SSIM: 0.180 H_L1: 0.210 H_SSIM: 0.471 D_real: 0.028 D_fake: 0.016 att_A: 0.551 L_hall: 0.059 L_inter: 0.000 L_intra: 0.000 L_fsp: 0.730 fsp_3_4: 0.135 fsp_4_5: 0.188 fsp_5_6: 0.239 fsp_6_7: 0.167 
(epoch: 2, iters: 7973, time: 0.034) G_GAN: 0.295 G_L1: 0.107 G_SSIM: 0.008 H_L1: 0.146 H_SSIM: 0.331 D_real: 0.310 D_fake: 0.065 att_A: 0.347 L_hall: 0.054 L_inter: 0.000 L_intra: 0.000 L_fsp: 0.710 fsp_3_4: 0.077 fsp_4_5: 0.124 fsp_5_6: 0.224 fsp_6_7: 0.285 
(epoch: 2, iters: 8073, time: 0.034) G_GAN: 0.760 G_L1: 0.492 G_SSIM: 0.173 H_L1: 0.176 H_SSIM: 0.383 D_real: 0.064 D_fake: 0.005 att_A: 0.467 L_hall: 0.045 L_inter: 0.000 L_intra: 0.000 L_fsp: 0.702 fsp_3_4: 0.235 fsp_4_5: 0.186 fsp_5_6: 0.179 fsp_6_7: 0.102 
(epoch: 2, iters: 8173, time: 0.033) G_GAN: 0.779 G_L1: 0.332 G_SSIM: 0.120 H_L1: 0.207 H_SSIM: 0.501 D_real: 0.033 D_fake: 0.045 att_A: 0.544 L_hall: 0.059 L_inter: 0.000 L_intra: 0.000 L_fsp: 0.536 fsp_3_4: 0.176 fsp_4_5: 0.149 fsp_5_6: 0.146 fsp_6_7: 0.064 
(epoch: 2, iters: 8273, time: 0.034) G_GAN: 0.800 G_L1: 0.455 G_SSIM: 0.221 H_L1: 0.218 H_SSIM: 0.444 D_real: 0.046 D_fake: 0.105 att_A: 0.741 L_hall: 0.057 L_inter: 0.000 L_intra: 0.000 L_fsp: 0.711 fsp_3_4: 0.212 fsp_4_5: 0.203 fsp_5_6: 0.174 fsp_6_7: 0.122 
(epoch: 2, iters: 8373, time: 0.062) G_GAN: 0.168 G_L1: 0.102 G_SSIM: 0.008 H_L1: 0.181 H_SSIM: 0.338 D_real: 0.088 D_fake: 0.031 att_A: 0.556 L_hall: 0.054 L_inter: 0.000 L_intra: 0.000 L_fsp: 0.498 fsp_3_4: 0.091 fsp_4_5: 0.121 fsp_5_6: 0.175 fsp_6_7: 0.111 
(epoch: 2, iters: 8473, time: 0.034) G_GAN: 0.171 G_L1: 0.224 G_SSIM: 0.157 H_L1: 0.233 H_SSIM: 0.581 D_real: 0.075 D_fake: 0.033 att_A: 0.510 L_hall: 0.054 L_inter: 0.000 L_intra: 0.000 L_fsp: 0.573 fsp_3_4: 0.098 fsp_4_5: 0.179 fsp_5_6: 0.138 fsp_6_7: 0.158 
(epoch: 2, iters: 8573, time: 0.034) G_GAN: 0.808 G_L1: 0.670 G_SSIM: 0.320 H_L1: 0.183 H_SSIM: 0.394 D_real: 0.007 D_fake: 0.117 att_A: 0.878 L_hall: 0.063 L_inter: 0.000 L_intra: 0.000 L_fsp: 0.853 fsp_3_4: 0.200 fsp_4_5: 0.159 fsp_5_6: 0.269 fsp_6_7: 0.224 
(epoch: 2, iters: 8673, time: 0.034) G_GAN: 0.687 G_L1: 0.516 G_SSIM: 0.203 H_L1: 0.215 H_SSIM: 0.455 D_real: 0.018 D_fake: 0.577 att_A: 0.622 L_hall: 0.057 L_inter: 0.000 L_intra: 0.000 L_fsp: 0.699 fsp_3_4: 0.117 fsp_4_5: 0.207 fsp_5_6: 0.139 fsp_6_7: 0.236 
(epoch: 2, iters: 8773, time: 0.033) G_GAN: 0.203 G_L1: 0.276 G_SSIM: 0.093 H_L1: 0.313 H_SSIM: 0.746 D_real: 0.087 D_fake: 0.032 att_A: 0.268 L_hall: 0.057 L_inter: 0.000 L_intra: 0.000 L_fsp: 0.567 fsp_3_4: 0.097 fsp_4_5: 0.155 fsp_5_6: 0.189 fsp_6_7: 0.126 
(epoch: 2, iters: 8873, time: 0.064) G_GAN: 0.551 G_L1: 0.510 G_SSIM: 0.246 H_L1: 0.278 H_SSIM: 0.526 D_real: 0.025 D_fake: 0.086 att_A: 0.569 L_hall: 0.056 L_inter: 0.000 L_intra: 0.000 L_fsp: 0.601 fsp_3_4: 0.111 fsp_4_5: 0.159 fsp_5_6: 0.180 fsp_6_7: 0.151 
(epoch: 2, iters: 8973, time: 0.034) G_GAN: 0.234 G_L1: 0.436 G_SSIM: 0.251 H_L1: 0.231 H_SSIM: 0.453 D_real: 0.117 D_fake: 0.010 att_A: 0.398 L_hall: 0.047 L_inter: 0.000 L_intra: 0.000 L_fsp: 0.648 fsp_3_4: 0.104 fsp_4_5: 0.191 fsp_5_6: 0.179 fsp_6_7: 0.174 
(epoch: 2, iters: 9073, time: 0.034) G_GAN: 1.082 G_L1: 0.485 G_SSIM: 0.382 H_L1: 0.240 H_SSIM: 0.613 D_real: 0.005 D_fake: 0.007 att_A: 0.730 L_hall: 0.060 L_inter: 0.000 L_intra: 0.000 L_fsp: 0.727 fsp_3_4: 0.119 fsp_4_5: 0.186 fsp_5_6: 0.224 fsp_6_7: 0.198 
epoch 2  fsp_3_4:0.132905  fsp_3_4_degen:0.000000  fsp_4_5:0.171978  fsp_4_5_degen:0.000000  fsp_5_6:0.190193  fsp_5_6_degen:0.000000  fsp_6_7:0.185500  fsp_6_7_degen:0.000000
End of epoch 2 / 30 	 Time Taken: 416 sec
learning rate = 0.0002000
(epoch: 3, iters: 46, time: 0.034) G_GAN: 0.974 G_L1: 0.411 G_SSIM: 0.201 H_L1: 0.234 H_SSIM: 0.484 D_real: 0.011 D_fake: 0.008 att_A: 0.607 L_hall: 0.059 L_inter: 0.000 L_intra: 0.000 L_fsp: 0.714 fsp_3_4: 0.170 fsp_4_5: 0.173 fsp_5_6: 0.187 fsp_6_7: 0.185 
(epoch: 3, iters: 146, time: 0.033) G_GAN: 1.178 G_L1: 0.719 G_SSIM: 0.246 H_L1: 0.187 H_SSIM: 0.438 D_real: 0.072 D_fake: 0.022 att_A: 0.823 L_hall: 0.061 L_inter: 0.000 L_intra: 0.000 L_fsp: 0.640 fsp_3_4: 0.111 fsp_4_5: 0.173 fsp_5_6: 0.154 fsp_6_7: 0.202 
(epoch: 3, iters: 246, time: 0.059) G_GAN: 1.117 G_L1: 0.524 G_SSIM: 0.288 H_L1: 0.311 H_SSIM: 0.579 D_real: 0.024 D_fake: 0.018 att_A: 0.715 L_hall: 0.055 L_inter: 0.000 L_intra: 0.000 L_fsp: 0.607 fsp_3_4: 0.165 fsp_4_5: 0.158 fsp_5_6: 0.190 fsp_6_7: 0.094 
(epoch: 3, iters: 346, time: 0.034) G_GAN: 0.994 G_L1: 0.183 G_SSIM: 0.026 H_L1: 0.169 H_SSIM: 0.342 D_real: 0.037 D_fake: 0.571 att_A: 0.666 L_hall: 0.055 L_inter: 0.000 L_intra: 0.000 L_fsp: 0.645 fsp_3_4: 0.127 fsp_4_5: 0.166 fsp_5_6: 0.190 fsp_6_7: 0.163 
(epoch: 3, iters: 446, time: 0.033) G_GAN: 0.874 G_L1: 0.442 G_SSIM: 0.258 H_L1: 0.158 H_SSIM: 0.408 D_real: 0.010 D_fake: 0.011 att_A: 0.877 L_hall: 0.060 L_inter: 0.000 L_intra: 0.000 L_fsp: 0.611 fsp_3_4: 0.131 fsp_4_5: 0.163 fsp_5_6: 0.192 fsp_6_7: 0.125 
(epoch: 3, iters: 546, time: 0.034) G_GAN: 0.365 G_L1: 0.279 G_SSIM: 0.186 H_L1: 0.167 H_SSIM: 0.425 D_real: 0.019 D_fake: 0.005 att_A: 0.544 L_hall: 0.053 L_inter: 0.000 L_intra: 0.000 L_fsp: 0.600 fsp_3_4: 0.153 fsp_4_5: 0.151 fsp_5_6: 0.169 fsp_6_7: 0.127 
(epoch: 3, iters: 646, time: 0.038) G_GAN: 0.923 G_L1: 0.345 G_SSIM: 0.222 H_L1: 0.222 H_SSIM: 0.501 D_real: 0.012 D_fake: 0.013 att_A: 0.617 L_hall: 0.058 L_inter: 0.000 L_intra: 0.000 L_fsp: 0.563 fsp_3_4: 0.098 fsp_4_5: 0.162 fsp_5_6: 0.181 fsp_6_7: 0.121 
(epoch: 3, iters: 746, time: 0.062) G_GAN: 0.763 G_L1: 0.088 G_SSIM: 0.004 H_L1: 0.139 H_SSIM: 0.327 D_real: 0.027 D_fake: 0.211 att_A: 0.581 L_hall: 0.052 L_inter: 0.000 L_intra: 0.000 L_fsp: 0.925 fsp_3_4: 0.259 fsp_4_5: 0.171 fsp_5_6: 0.175 fsp_6_7: 0.320 
(epoch: 3, iters: 846, time: 0.034) G_GAN: 0.912 G_L1: 0.667 G_SSIM: 0.366 H_L1: 0.211 H_SSIM: 0.530 D_real: 0.008 D_fake: 0.013 att_A: 0.904 L_hall: 0.061 L_inter: 0.000 L_intra: 0.000 L_fsp: 0.711 fsp_3_4: 0.129 fsp_4_5: 0.167 fsp_5_6: 0.289 fsp_6_7: 0.126 
(epoch: 3, iters: 946, time: 0.035) G_GAN: 0.091 G_L1: 0.262 G_SSIM: 0.094 H_L1: 0.266 H_SSIM: 0.644 D_real: 0.041 D_fake: 0.008 att_A: 0.297 L_hall: 0.055 L_inter: 0.000 L_intra: 0.000 L_fsp: 0.713 fsp_3_4: 0.137 fsp_4_5: 0.174 fsp_5_6: 0.180 fsp_6_7: 0.222 
(epoch: 3, iters: 1046, time: 0.036) G_GAN: 1.245 G_L1: 0.358 G_SSIM: 0.087 H_L1: 0.195 H_SSIM: 0.457 D_real: 0.141 D_fake: 0.037 att_A: 0.462 L_hall: 0.042 L_inter: 0.000 L_intra: 0.000 L_fsp: 0.530 fsp_3_4: 0.097 fsp_4_5: 0.183 fsp_5_6: 0.108 fsp_6_7: 0.141 
(epoch: 3, iters: 1146, time: 0.034) G_GAN: 0.326 G_L1: 0.180 G_SSIM: 0.035 H_L1: 0.186 H_SSIM: 0.375 D_real: 0.029 D_fake: 0.106 att_A: 0.660 L_hall: 0.044 L_inter: 0.000 L_intra: 0.000 L_fsp: 0.721 fsp_3_4: 0.141 fsp_4_5: 0.150 fsp_5_6: 0.154 fsp_6_7: 0.275 
(epoch: 3, iters: 1246, time: 0.058) G_GAN: 0.761 G_L1: 0.411 G_SSIM: 0.240 H_L1: 0.299 H_SSIM: 0.675 D_real: 0.007 D_fake: 0.088 att_A: 0.467 L_hall: 0.061 L_inter: 0.000 L_intra: 0.000 L_fsp: 0.449 fsp_3_4: 0.094 fsp_4_5: 0.150 fsp_5_6: 0.137 fsp_6_7: 0.068 
(epoch: 3, iters: 1346, time: 0.035) G_GAN: 0.117 G_L1: 0.412 G_SSIM: 0.213 H_L1: 0.171 H_SSIM: 0.426 D_real: 0.039 D_fake: 0.184 att_A: 0.618 L_hall: 0.062 L_inter: 0.000 L_intra: 0.000 L_fsp: 0.730 fsp_3_4: 0.110 fsp_4_5: 0.172 fsp_5_6: 0.232 fsp_6_7: 0.216 
(epoch: 3, iters: 1446, time: 0.035) G_GAN: 1.440 G_L1: 0.066 G_SSIM: 0.017 H_L1: 0.160 H_SSIM: 0.336 D_real: 0.060 D_fake: 0.049 att_A: 0.384 L_hall: 0.056 L_inter: 0.000 L_intra: 0.000 L_fsp: 0.928 fsp_3_4: 0.072 fsp_4_5: 0.158 fsp_5_6: 0.199 fsp_6_7: 0.499 
(epoch: 3, iters: 1546, time: 0.034) G_GAN: 1.086 G_L1: 0.552 G_SSIM: 0.338 H_L1: 0.228 H_SSIM: 0.680 D_real: 0.012 D_fake: 0.007 att_A: 0.583 L_hall: 0.051 L_inter: 0.000 L_intra: 0.000 L_fsp: 0.680 fsp_3_4: 0.122 fsp_4_5: 0.199 fsp_5_6: 0.155 fsp_6_7: 0.204 
(epoch: 3, iters: 1646, time: 0.034) G_GAN: 1.102 G_L1: 0.343 G_SSIM: 0.215 H_L1: 0.283 H_SSIM: 0.584 D_real: 0.017 D_fake: 0.022 att_A: 0.666 L_hall: 0.056 L_inter: 0.000 L_intra: 0.000 L_fsp: 0.540 fsp_3_4: 0.095 fsp_4_5: 0.156 fsp_5_6: 0.185 fsp_6_7: 0.104 
(epoch: 3, iters: 1746, time: 0.053) G_GAN: 0.148 G_L1: 0.189 G_SSIM: 0.076 H_L1: 0.300 H_SSIM: 0.584 D_real: 0.081 D_fake: 0.019 att_A: 0.250 L_hall: 0.057 L_inter: 0.000 L_intra: 0.000 L_fsp: 0.566 fsp_3_4: 0.152 fsp_4_5: 0.135 fsp_5_6: 0.142 fsp_6_7: 0.137 
saving the latest model (epoch 3, total_steps 20000)
(epoch: 3, iters: 1846, time: 0.037) G_GAN: 0.726 G_L1: 0.409 G_SSIM: 0.220 H_L1: 0.202 H_SSIM: 0.505 D_real: 0.008 D_fake: 0.340 att_A: 0.487 L_hall: 0.048 L_inter: 0.000 L_intra: 0.000 L_fsp: 0.539 fsp_3_4: 0.111 fsp_4_5: 0.142 fsp_5_6: 0.152 fsp_6_7: 0.135 
(epoch: 3, iters: 1946, time: 0.034) G_GAN: 1.059 G_L1: 0.466 G_SSIM: 0.256 H_L1: 0.134 H_SSIM: 0.383 D_real: 0.008 D_fake: 0.006 att_A: 0.925 L_hall: 0.062 L_inter: 0.000 L_intra: 0.000 L_fsp: 0.688 fsp_3_4: 0.170 fsp_4_5: 0.175 fsp_5_6: 0.154 fsp_6_7: 0.189 
(epoch: 3, iters: 2046, time: 0.035) G_GAN: 1.077 G_L1: 0.414 G_SSIM: 0.269 H_L1: 0.221 H_SSIM: 0.506 D_real: 0.049 D_fake: 0.020 att_A: 0.773 L_hall: 0.063 L_inter: 0.000 L_intra: 0.000 L_fsp: 0.738 fsp_3_4: 0.132 fsp_4_5: 0.183 fsp_5_6: 0.214 fsp_6_7: 0.209 
(epoch: 3, iters: 2146, time: 0.035) G_GAN: 1.040 G_L1: 0.421 G_SSIM: 0.276 H_L1: 0.219 H_SSIM: 0.521 D_real: 0.033 D_fake: 0.006 att_A: 0.799 L_hall: 0.062 L_inter: 0.000 L_intra: 0.000 L_fsp: 0.692 fsp_3_4: 0.112 fsp_4_5: 0.184 fsp_5_6: 0.230 fsp_6_7: 0.165 
(epoch: 3, iters: 2246, time: 0.068) G_GAN: 0.145 G_L1: 0.477 G_SSIM: 0.279 H_L1: 0.222 H_SSIM: 0.460 D_real: 0.022 D_fake: 0.005 att_A: 0.403 L_hall: 0.044 L_inter: 0.000 L_intra: 0.000 L_fsp: 0.606 fsp_3_4: 0.119 fsp_4_5: 0.203 fsp_5_6: 0.200 fsp_6_7: 0.084 
(epoch: 3, iters: 2346, time: 0.038) G_GAN: 1.292 G_L1: 0.326 G_SSIM: 0.162 H_L1: 0.180 H_SSIM: 0.469 D_real: 0.037 D_fake: 0.024 att_A: 0.581 L_hall: 0.052 L_inter: 0.000 L_intra: 0.000 L_fsp: 0.673 fsp_3_4: 0.148 fsp_4_5: 0.166 fsp_5_6: 0.165 fsp_6_7: 0.195 
(epoch: 3, iters: 2446, time: 0.034) G_GAN: 0.141 G_L1: 0.611 G_SSIM: 0.397 H_L1: 0.270 H_SSIM: 0.573 D_real: 0.034 D_fake: 0.041 att_A: 0.416 L_hall: 0.060 L_inter: 0.000 L_intra: 0.000 L_fsp: 0.566 fsp_3_4: 0.118 fsp_4_5: 0.152 fsp_5_6: 0.200 fsp_6_7: 0.096 
(epoch: 3, iters: 2546, time: 0.034) G_GAN: 1.023 G_L1: 0.680 G_SSIM: 0.423 H_L1: 0.247 H_SSIM: 0.577 D_real: 0.009 D_fake: 0.005 att_A: 0.784 L_hall: 0.061 L_inter: 0.000 L_intra: 0.000 L_fsp: 0.723 fsp_3_4: 0.123 fsp_4_5: 0.153 fsp_5_6: 0.256 fsp_6_7: 0.191 
(epoch: 3, iters: 2646, time: 0.035) G_GAN: 0.160 G_L1: 0.216 G_SSIM: 0.019 H_L1: 0.161 H_SSIM: 0.335 D_real: 0.090 D_fake: 0.010 att_A: 0.538 L_hall: 0.054 L_inter: 0.000 L_intra: 0.000 L_fsp: 0.579 fsp_3_4: 0.080 fsp_4_5: 0.160 fsp_5_6: 0.207 fsp_6_7: 0.133 
(epoch: 3, iters: 2746, time: 0.053) G_GAN: 1.067 G_L1: 0.557 G_SSIM: 0.286 H_L1: 0.192 H_SSIM: 0.450 D_real: 0.066 D_fake: 0.008 att_A: 0.807 L_hall: 0.061 L_inter: 0.000 L_intra: 0.000 L_fsp: 0.621 fsp_3_4: 0.119 fsp_4_5: 0.159 fsp_5_6: 0.183 fsp_6_7: 0.160 
(epoch: 3, iters: 2846, time: 0.034) G_GAN: 0.908 G_L1: 0.412 G_SSIM: 0.240 H_L1: 0.275 H_SSIM: 0.587 D_real: 0.013 D_fake: 0.012 att_A: 0.654 L_hall: 0.054 L_inter: 0.000 L_intra: 0.000 L_fsp: 0.599 fsp_3_4: 0.105 fsp_4_5: 0.166 fsp_5_6: 0.180 fsp_6_7: 0.148 
(epoch: 3, iters: 2946, time: 0.034) G_GAN: 1.305 G_L1: 0.672 G_SSIM: 0.433 H_L1: 0.245 H_SSIM: 0.571 D_real: 0.096 D_fake: 0.023 att_A: 0.905 L_hall: 0.063 L_inter: 0.000 L_intra: 0.000 L_fsp: 0.859 fsp_3_4: 0.145 fsp_4_5: 0.182 fsp_5_6: 0.240 fsp_6_7: 0.291 
(epoch: 3, iters: 3046, time: 0.034) G_GAN: 0.980 G_L1: 0.537 G_SSIM: 0.294 H_L1: 0.184 H_SSIM: 0.444 D_real: 0.017 D_fake: 0.006 att_A: 0.693 L_hall: 0.057 L_inter: 0.000 L_intra: 0.000 L_fsp: 0.791 fsp_3_4: 0.202 fsp_4_5: 0.176 fsp_5_6: 0.242 fsp_6_7: 0.171 
(epoch: 3, iters: 3146, time: 0.034) G_GAN: 1.023 G_L1: 0.412 G_SSIM: 0.277 H_L1: 0.204 H_SSIM: 0.506 D_real: 0.017 D_fake: 0.007 att_A: 0.738 L_hall: 0.059 L_inter: 0.000 L_intra: 0.000 L_fsp: 0.676 fsp_3_4: 0.112 fsp_4_5: 0.164 fsp_5_6: 0.269 fsp_6_7: 0.131 
(epoch: 3, iters: 3246, time: 0.052) G_GAN: 0.875 G_L1: 0.428 G_SSIM: 0.370 H_L1: 0.232 H_SSIM: 0.600 D_real: 0.011 D_fake: 0.006 att_A: 0.618 L_hall: 0.061 L_inter: 0.000 L_intra: 0.000 L_fsp: 0.769 fsp_3_4: 0.116 fsp_4_5: 0.165 fsp_5_6: 0.275 fsp_6_7: 0.213 
(epoch: 3, iters: 3346, time: 0.034) G_GAN: 0.976 G_L1: 0.478 G_SSIM: 0.412 H_L1: 0.218 H_SSIM: 0.596 D_real: 0.008 D_fake: 0.006 att_A: 0.787 L_hall: 0.059 L_inter: 0.000 L_intra: 0.000 L_fsp: 0.654 fsp_3_4: 0.124 fsp_4_5: 0.187 fsp_5_6: 0.226 fsp_6_7: 0.117 
(epoch: 3, iters: 3446, time: 0.033) G_GAN: 1.059 G_L1: 0.366 G_SSIM: 0.120 H_L1: 0.183 H_SSIM: 0.409 D_real: 0.296 D_fake: 0.130 att_A: 0.583 L_hall: 0.048 L_inter: 0.000 L_intra: 0.000 L_fsp: 0.565 fsp_3_4: 0.116 fsp_4_5: 0.124 fsp_5_6: 0.164 fsp_6_7: 0.162 
(epoch: 3, iters: 3546, time: 0.034) G_GAN: 0.914 G_L1: 0.297 G_SSIM: 0.187 H_L1: 0.262 H_SSIM: 0.538 D_real: 0.017 D_fake: 0.013 att_A: 0.510 L_hall: 0.049 L_inter: 0.000 L_intra: 0.000 L_fsp: 0.598 fsp_3_4: 0.136 fsp_4_5: 0.202 fsp_5_6: 0.164 fsp_6_7: 0.096 
(epoch: 3, iters: 3646, time: 0.034) G_GAN: 1.014 G_L1: 0.419 G_SSIM: 0.303 H_L1: 0.223 H_SSIM: 0.512 D_real: 0.041 D_fake: 0.002 att_A: 0.887 L_hall: 0.062 L_inter: 0.000 L_intra: 0.000 L_fsp: 0.664 fsp_3_4: 0.138 fsp_4_5: 0.176 fsp_5_6: 0.230 fsp_6_7: 0.121 
(epoch: 3, iters: 3746, time: 0.058) G_GAN: 0.591 G_L1: 0.247 G_SSIM: 0.102 H_L1: 0.291 H_SSIM: 0.575 D_real: 0.127 D_fake: 0.060 att_A: 0.321 L_hall: 0.053 L_inter: 0.000 L_intra: 0.000 L_fsp: 0.578 fsp_3_4: 0.132 fsp_4_5: 0.194 fsp_5_6: 0.147 fsp_6_7: 0.105 
(epoch: 3, iters: 3846, time: 0.034) G_GAN: 1.331 G_L1: 0.414 G_SSIM: 0.218 H_L1: 0.184 H_SSIM: 0.437 D_real: 0.110 D_fake: 0.081 att_A: 0.620 L_hall: 0.056 L_inter: 0.000 L_intra: 0.000 L_fsp: 0.794 fsp_3_4: 0.124 fsp_4_5: 0.193 fsp_5_6: 0.268 fsp_6_7: 0.209 
(epoch: 3, iters: 3946, time: 0.034) G_GAN: 1.095 G_L1: 0.497 G_SSIM: 0.358 H_L1: 0.220 H_SSIM: 0.544 D_real: 0.090 D_fake: 0.014 att_A: 0.791 L_hall: 0.061 L_inter: 0.000 L_intra: 0.000 L_fsp: 0.681 fsp_3_4: 0.153 fsp_4_5: 0.172 fsp_5_6: 0.187 fsp_6_7: 0.170 
(epoch: 3, iters: 4046, time: 0.034) G_GAN: 0.023 G_L1: 0.322 G_SSIM: 0.149 H_L1: 0.211 H_SSIM: 0.548 D_real: 0.061 D_fake: 0.809 att_A: 0.396 L_hall: 0.042 L_inter: 0.000 L_intra: 0.000 L_fsp: 0.472 fsp_3_4: 0.105 fsp_4_5: 0.124 fsp_5_6: 0.161 fsp_6_7: 0.082 
(epoch: 3, iters: 4146, time: 0.036) G_GAN: 0.621 G_L1: 0.432 G_SSIM: 0.240 H_L1: 0.135 H_SSIM: 0.388 D_real: 0.048 D_fake: 0.007 att_A: 0.865 L_hall: 0.058 L_inter: 0.000 L_intra: 0.000 L_fsp: 0.655 fsp_3_4: 0.162 fsp_4_5: 0.186 fsp_5_6: 0.161 fsp_6_7: 0.147 
(epoch: 3, iters: 4246, time: 0.083) G_GAN: 1.226 G_L1: 0.815 G_SSIM: 0.451 H_L1: 0.236 H_SSIM: 0.578 D_real: 0.027 D_fake: 0.013 att_A: 0.869 L_hall: 0.057 L_inter: 0.000 L_intra: 0.000 L_fsp: 0.604 fsp_3_4: 0.137 fsp_4_5: 0.164 fsp_5_6: 0.163 fsp_6_7: 0.141 
(epoch: 3, iters: 4346, time: 0.035) G_GAN: 1.151 G_L1: 0.366 G_SSIM: 0.257 H_L1: 0.203 H_SSIM: 0.620 D_real: 0.025 D_fake: 0.017 att_A: 0.485 L_hall: 0.046 L_inter: 0.000 L_intra: 0.000 L_fsp: 0.483 fsp_3_4: 0.073 fsp_4_5: 0.130 fsp_5_6: 0.190 fsp_6_7: 0.091 
(epoch: 3, iters: 4446, time: 0.034) G_GAN: 0.733 G_L1: 0.450 G_SSIM: 0.230 H_L1: 0.249 H_SSIM: 0.541 D_real: 0.027 D_fake: 0.167 att_A: 0.438 L_hall: 0.048 L_inter: 0.000 L_intra: 0.000 L_fsp: 0.482 fsp_3_4: 0.086 fsp_4_5: 0.148 fsp_5_6: 0.156 fsp_6_7: 0.091 
(epoch: 3, iters: 4546, time: 0.033) G_GAN: 0.785 G_L1: 0.499 G_SSIM: 0.454 H_L1: 0.234 H_SSIM: 0.596 D_real: 0.026 D_fake: 0.016 att_A: 0.898 L_hall: 0.059 L_inter: 0.000 L_intra: 0.000 L_fsp: 0.538 fsp_3_4: 0.094 fsp_4_5: 0.144 fsp_5_6: 0.188 fsp_6_7: 0.112 
(epoch: 3, iters: 4646, time: 0.034) G_GAN: 0.829 G_L1: 0.266 G_SSIM: 0.141 H_L1: 0.256 H_SSIM: 0.569 D_real: 0.025 D_fake: 0.382 att_A: 0.552 L_hall: 0.052 L_inter: 0.000 L_intra: 0.000 L_fsp: 0.584 fsp_3_4: 0.114 fsp_4_5: 0.148 fsp_5_6: 0.189 fsp_6_7: 0.133 
(epoch: 3, iters: 4746, time: 0.047) G_GAN: 1.149 G_L1: 0.440 G_SSIM: 0.281 H_L1: 0.249 H_SSIM: 0.553 D_real: 0.031 D_fake: 0.046 att_A: 0.589 L_hall: 0.059 L_inter: 0.000 L_intra: 0.000 L_fsp: 0.901 fsp_3_4: 0.085 fsp_4_5: 0.164 fsp_5_6: 0.188 fsp_6_7: 0.463 
(epoch: 3, iters: 4846, time: 0.034) G_GAN: 1.063 G_L1: 0.596 G_SSIM: 0.346 H_L1: 0.243 H_SSIM: 0.620 D_real: 0.015 D_fake: 0.009 att_A: 0.595 L_hall: 0.054 L_inter: 0.000 L_intra: 0.000 L_fsp: 0.566 fsp_3_4: 0.093 fsp_4_5: 0.131 fsp_5_6: 0.156 fsp_6_7: 0.187 
(epoch: 3, iters: 4946, time: 0.035) G_GAN: 0.866 G_L1: 0.276 G_SSIM: 0.189 H_L1: 0.194 H_SSIM: 0.558 D_real: 0.010 D_fake: 0.019 att_A: 0.498 L_hall: 0.055 L_inter: 0.000 L_intra: 0.000 L_fsp: 0.563 fsp_3_4: 0.143 fsp_4_5: 0.177 fsp_5_6: 0.148 fsp_6_7: 0.095 
(epoch: 3, iters: 5046, time: 0.034) G_GAN: 0.538 G_L1: 0.278 G_SSIM: 0.163 H_L1: 0.266 H_SSIM: 0.565 D_real: 0.095 D_fake: 0.023 att_A: 0.373 L_hall: 0.057 L_inter: 0.000 L_intra: 0.000 L_fsp: 0.653 fsp_3_4: 0.125 fsp_4_5: 0.164 fsp_5_6: 0.238 fsp_6_7: 0.126 
(epoch: 3, iters: 5146, time: 0.033) G_GAN: 0.997 G_L1: 0.210 G_SSIM: 0.124 H_L1: 0.242 H_SSIM: 0.483 D_real: 0.085 D_fake: 0.008 att_A: 0.568 L_hall: 0.053 L_inter: 0.000 L_intra: 0.000 L_fsp: 0.623 fsp_3_4: 0.183 fsp_4_5: 0.192 fsp_5_6: 0.140 fsp_6_7: 0.108 
(epoch: 3, iters: 5246, time: 0.050) G_GAN: 1.187 G_L1: 0.452 G_SSIM: 0.278 H_L1: 0.215 H_SSIM: 0.479 D_real: 0.013 D_fake: 0.007 att_A: 0.574 L_hall: 0.050 L_inter: 0.000 L_intra: 0.000 L_fsp: 0.733 fsp_3_4: 0.111 fsp_4_5: 0.224 fsp_5_6: 0.252 fsp_6_7: 0.146 
(epoch: 3, iters: 5346, time: 0.034) G_GAN: 0.866 G_L1: 0.338 G_SSIM: 0.137 H_L1: 0.235 H_SSIM: 0.472 D_real: 0.007 D_fake: 0.009 att_A: 0.581 L_hall: 0.049 L_inter: 0.000 L_intra: 0.000 L_fsp: 0.542 fsp_3_4: 0.108 fsp_4_5: 0.122 fsp_5_6: 0.187 fsp_6_7: 0.125 
(epoch: 3, iters: 5446, time: 0.034) G_GAN: 0.797 G_L1: 0.250 G_SSIM: 0.170 H_L1: 0.225 H_SSIM: 0.576 D_real: 0.013 D_fake: 0.022 att_A: 0.570 L_hall: 0.056 L_inter: 0.000 L_intra: 0.000 L_fsp: 0.602 fsp_3_4: 0.084 fsp_4_5: 0.133 fsp_5_6: 0.184 fsp_6_7: 0.202 
(epoch: 3, iters: 5546, time: 0.033) G_GAN: 1.028 G_L1: 0.689 G_SSIM: 0.242 H_L1: 0.202 H_SSIM: 0.412 D_real: 0.015 D_fake: 0.015 att_A: 0.633 L_hall: 0.057 L_inter: 0.000 L_intra: 0.000 L_fsp: 0.717 fsp_3_4: 0.173 fsp_4_5: 0.203 fsp_5_6: 0.153 fsp_6_7: 0.189 
(epoch: 3, iters: 5646, time: 0.034) G_GAN: 0.832 G_L1: 0.275 G_SSIM: 0.164 H_L1: 0.272 H_SSIM: 0.579 D_real: 0.012 D_fake: 0.015 att_A: 0.557 L_hall: 0.050 L_inter: 0.000 L_intra: 0.000 L_fsp: 0.505 fsp_3_4: 0.134 fsp_4_5: 0.141 fsp_5_6: 0.151 fsp_6_7: 0.079 
(epoch: 3, iters: 5746, time: 0.062) G_GAN: 1.049 G_L1: 0.257 G_SSIM: 0.132 H_L1: 0.223 H_SSIM: 0.484 D_real: 0.033 D_fake: 0.012 att_A: 0.599 L_hall: 0.051 L_inter: 0.000 L_intra: 0.000 L_fsp: 0.574 fsp_3_4: 0.093 fsp_4_5: 0.133 fsp_5_6: 0.208 fsp_6_7: 0.140 
(epoch: 3, iters: 5846, time: 0.033) G_GAN: 1.383 G_L1: 0.405 G_SSIM: 0.291 H_L1: 0.200 H_SSIM: 0.607 D_real: 0.044 D_fake: 0.014 att_A: 0.585 L_hall: 0.057 L_inter: 0.000 L_intra: 0.000 L_fsp: 0.768 fsp_3_4: 0.115 fsp_4_5: 0.169 fsp_5_6: 0.286 fsp_6_7: 0.198 
(epoch: 3, iters: 5946, time: 0.034) G_GAN: 0.740 G_L1: 0.247 G_SSIM: 0.138 H_L1: 0.208 H_SSIM: 0.495 D_real: 0.042 D_fake: 0.019 att_A: 0.543 L_hall: 0.057 L_inter: 0.000 L_intra: 0.000 L_fsp: 0.642 fsp_3_4: 0.145 fsp_4_5: 0.169 fsp_5_6: 0.154 fsp_6_7: 0.174 
(epoch: 3, iters: 6046, time: 0.033) G_GAN: 1.019 G_L1: 0.311 G_SSIM: 0.220 H_L1: 0.203 H_SSIM: 0.517 D_real: 0.089 D_fake: 0.005 att_A: 0.597 L_hall: 0.053 L_inter: 0.000 L_intra: 0.000 L_fsp: 0.754 fsp_3_4: 0.141 fsp_4_5: 0.193 fsp_5_6: 0.186 fsp_6_7: 0.233 
(epoch: 3, iters: 6146, time: 0.034) G_GAN: 0.996 G_L1: 0.966 G_SSIM: 0.657 H_L1: 0.274 H_SSIM: 0.719 D_real: 0.016 D_fake: 0.036 att_A: 0.959 L_hall: 0.065 L_inter: 0.000 L_intra: 0.000 L_fsp: 0.722 fsp_3_4: 0.100 fsp_4_5: 0.141 fsp_5_6: 0.180 fsp_6_7: 0.301 
(epoch: 3, iters: 6246, time: 0.055) G_GAN: 1.020 G_L1: 0.531 G_SSIM: 0.344 H_L1: 0.193 H_SSIM: 0.520 D_real: 0.011 D_fake: 0.008 att_A: 0.775 L_hall: 0.058 L_inter: 0.000 L_intra: 0.000 L_fsp: 0.606 fsp_3_4: 0.190 fsp_4_5: 0.197 fsp_5_6: 0.143 fsp_6_7: 0.076 
(epoch: 3, iters: 6346, time: 0.034) G_GAN: 0.692 G_L1: 0.248 G_SSIM: 0.058 H_L1: 0.183 H_SSIM: 0.394 D_real: 0.072 D_fake: 0.073 att_A: 0.446 L_hall: 0.040 L_inter: 0.000 L_intra: 0.000 L_fsp: 0.488 fsp_3_4: 0.116 fsp_4_5: 0.144 fsp_5_6: 0.157 fsp_6_7: 0.071 
(epoch: 3, iters: 6446, time: 0.035) G_GAN: 1.023 G_L1: 0.252 G_SSIM: 0.160 H_L1: 0.239 H_SSIM: 0.612 D_real: 0.017 D_fake: 0.016 att_A: 0.484 L_hall: 0.053 L_inter: 0.000 L_intra: 0.000 L_fsp: 0.477 fsp_3_4: 0.105 fsp_4_5: 0.134 fsp_5_6: 0.144 fsp_6_7: 0.094 
(epoch: 3, iters: 6546, time: 0.034) G_GAN: 0.845 G_L1: 0.336 G_SSIM: 0.244 H_L1: 0.258 H_SSIM: 0.607 D_real: 0.035 D_fake: 0.024 att_A: 0.438 L_hall: 0.054 L_inter: 0.000 L_intra: 0.000 L_fsp: 0.567 fsp_3_4: 0.105 fsp_4_5: 0.150 fsp_5_6: 0.155 fsp_6_7: 0.158 
(epoch: 3, iters: 6646, time: 0.035) G_GAN: 1.198 G_L1: 0.430 G_SSIM: 0.360 H_L1: 0.226 H_SSIM: 0.633 D_real: 0.022 D_fake: 0.017 att_A: 0.731 L_hall: 0.055 L_inter: 0.000 L_intra: 0.000 L_fsp: 0.520 fsp_3_4: 0.103 fsp_4_5: 0.159 fsp_5_6: 0.200 fsp_6_7: 0.058 
(epoch: 3, iters: 6746, time: 0.053) G_GAN: 0.855 G_L1: 0.252 G_SSIM: 0.122 H_L1: 0.171 H_SSIM: 0.339 D_real: 0.008 D_fake: 0.015 att_A: 0.911 L_hall: 0.065 L_inter: 0.000 L_intra: 0.000 L_fsp: 0.820 fsp_3_4: 0.194 fsp_4_5: 0.147 fsp_5_6: 0.236 fsp_6_7: 0.243 
saving the latest model (epoch 3, total_steps 25000)
(epoch: 3, iters: 6846, time: 0.034) G_GAN: 0.512 G_L1: 0.390 G_SSIM: 0.255 H_L1: 0.189 H_SSIM: 0.433 D_real: 0.168 D_fake: 0.432 att_A: 0.535 L_hall: 0.052 L_inter: 0.000 L_intra: 0.000 L_fsp: 0.590 fsp_3_4: 0.091 fsp_4_5: 0.140 fsp_5_6: 0.194 fsp_6_7: 0.164 
(epoch: 3, iters: 6946, time: 0.035) G_GAN: 0.847 G_L1: 0.082 G_SSIM: 0.030 H_L1: 0.169 H_SSIM: 0.335 D_real: 0.197 D_fake: 0.058 att_A: 0.364 L_hall: 0.055 L_inter: 0.000 L_intra: 0.000 L_fsp: 0.531 fsp_3_4: 0.073 fsp_4_5: 0.140 fsp_5_6: 0.170 fsp_6_7: 0.148 
(epoch: 3, iters: 7046, time: 0.034) G_GAN: 0.982 G_L1: 0.307 G_SSIM: 0.235 H_L1: 0.191 H_SSIM: 0.521 D_real: 0.019 D_fake: 0.013 att_A: 0.532 L_hall: 0.051 L_inter: 0.000 L_intra: 0.000 L_fsp: 0.695 fsp_3_4: 0.121 fsp_4_5: 0.217 fsp_5_6: 0.267 fsp_6_7: 0.090 
(epoch: 3, iters: 7146, time: 0.034) G_GAN: 1.450 G_L1: 0.553 G_SSIM: 0.394 H_L1: 0.214 H_SSIM: 0.655 D_real: 0.107 D_fake: 0.027 att_A: 0.716 L_hall: 0.054 L_inter: 0.000 L_intra: 0.000 L_fsp: 0.669 fsp_3_4: 0.112 fsp_4_5: 0.189 fsp_5_6: 0.212 fsp_6_7: 0.155 
(epoch: 3, iters: 7246, time: 0.053) G_GAN: 0.954 G_L1: 0.409 G_SSIM: 0.199 H_L1: 0.162 H_SSIM: 0.451 D_real: 0.011 D_fake: 0.011 att_A: 0.632 L_hall: 0.052 L_inter: 0.000 L_intra: 0.000 L_fsp: 0.560 fsp_3_4: 0.092 fsp_4_5: 0.153 fsp_5_6: 0.161 fsp_6_7: 0.154 
(epoch: 3, iters: 7346, time: 0.034) G_GAN: 0.671 G_L1: 0.167 G_SSIM: 0.035 H_L1: 0.204 H_SSIM: 0.358 D_real: 0.016 D_fake: 0.057 att_A: 0.517 L_hall: 0.053 L_inter: 0.000 L_intra: 0.000 L_fsp: 0.640 fsp_3_4: 0.102 fsp_4_5: 0.141 fsp_5_6: 0.202 fsp_6_7: 0.195 
(epoch: 3, iters: 7446, time: 0.034) G_GAN: 1.029 G_L1: 0.391 G_SSIM: 0.268 H_L1: 0.183 H_SSIM: 0.487 D_real: 0.009 D_fake: 0.055 att_A: 0.736 L_hall: 0.056 L_inter: 0.000 L_intra: 0.000 L_fsp: 0.517 fsp_3_4: 0.134 fsp_4_5: 0.160 fsp_5_6: 0.149 fsp_6_7: 0.073 
(epoch: 3, iters: 7546, time: 0.035) G_GAN: 1.018 G_L1: 0.498 G_SSIM: 0.430 H_L1: 0.207 H_SSIM: 0.534 D_real: 0.012 D_fake: 0.005 att_A: 0.643 L_hall: 0.053 L_inter: 0.000 L_intra: 0.000 L_fsp: 0.545 fsp_3_4: 0.115 fsp_4_5: 0.161 fsp_5_6: 0.160 fsp_6_7: 0.111 
(epoch: 3, iters: 7646, time: 0.034) G_GAN: 0.852 G_L1: 0.888 G_SSIM: 0.300 H_L1: 0.226 H_SSIM: 0.424 D_real: 0.032 D_fake: 0.012 att_A: 0.703 L_hall: 0.058 L_inter: 0.000 L_intra: 0.000 L_fsp: 0.831 fsp_3_4: 0.151 fsp_4_5: 0.221 fsp_5_6: 0.260 fsp_6_7: 0.199 
(epoch: 3, iters: 7746, time: 0.054) G_GAN: 0.483 G_L1: 0.498 G_SSIM: 0.368 H_L1: 0.202 H_SSIM: 0.471 D_real: 0.062 D_fake: 0.067 att_A: 0.439 L_hall: 0.048 L_inter: 0.000 L_intra: 0.000 L_fsp: 0.432 fsp_3_4: 0.081 fsp_4_5: 0.102 fsp_5_6: 0.139 fsp_6_7: 0.110 
(epoch: 3, iters: 7846, time: 0.035) G_GAN: 0.797 G_L1: 0.403 G_SSIM: 0.345 H_L1: 0.218 H_SSIM: 0.552 D_real: 0.007 D_fake: 0.016 att_A: 0.703 L_hall: 0.056 L_inter: 0.000 L_intra: 0.000 L_fsp: 0.756 fsp_3_4: 0.137 fsp_4_5: 0.171 fsp_5_6: 0.219 fsp_6_7: 0.228 
(epoch: 3, iters: 7946, time: 0.034) G_GAN: 0.842 G_L1: 0.387 G_SSIM: 0.242 H_L1: 0.178 H_SSIM: 0.389 D_real: 0.016 D_fake: 0.016 att_A: 0.551 L_hall: 0.051 L_inter: 0.000 L_intra: 0.000 L_fsp: 0.473 fsp_3_4: 0.098 fsp_4_5: 0.141 fsp_5_6: 0.130 fsp_6_7: 0.104 
(epoch: 3, iters: 8046, time: 0.034) G_GAN: 0.962 G_L1: 0.376 G_SSIM: 0.297 H_L1: 0.197 H_SSIM: 0.520 D_real: 0.007 D_fake: 0.005 att_A: 0.732 L_hall: 0.054 L_inter: 0.000 L_intra: 0.000 L_fsp: 0.603 fsp_3_4: 0.128 fsp_4_5: 0.158 fsp_5_6: 0.167 fsp_6_7: 0.149 
(epoch: 3, iters: 8146, time: 0.033) G_GAN: 0.996 G_L1: 0.502 G_SSIM: 0.205 H_L1: 0.163 H_SSIM: 0.412 D_real: 0.034 D_fake: 0.011 att_A: 0.646 L_hall: 0.057 L_inter: 0.000 L_intra: 0.000 L_fsp: 0.841 fsp_3_4: 0.143 fsp_4_5: 0.210 fsp_5_6: 0.157 fsp_6_7: 0.331 
(epoch: 3, iters: 8246, time: 0.057) G_GAN: 0.024 G_L1: 0.163 G_SSIM: 0.067 H_L1: 0.215 H_SSIM: 0.534 D_real: 0.019 D_fake: 0.019 att_A: 0.342 L_hall: 0.056 L_inter: 0.000 L_intra: 0.000 L_fsp: 0.736 fsp_3_4: 0.166 fsp_4_5: 0.180 fsp_5_6: 0.220 fsp_6_7: 0.169 
(epoch: 3, iters: 8346, time: 0.034) G_GAN: 0.152 G_L1: 0.157 G_SSIM: 0.008 H_L1: 0.148 H_SSIM: 0.333 D_real: 0.233 D_fake: 0.387 att_A: 0.407 L_hall: 0.054 L_inter: 0.000 L_intra: 0.000 L_fsp: 0.664 fsp_3_4: 0.071 fsp_4_5: 0.142 fsp_5_6: 0.232 fsp_6_7: 0.218 
(epoch: 3, iters: 8446, time: 0.034) G_GAN: 1.046 G_L1: 0.326 G_SSIM: 0.225 H_L1: 0.235 H_SSIM: 0.586 D_real: 0.010 D_fake: 0.338 att_A: 0.635 L_hall: 0.057 L_inter: 0.000 L_intra: 0.000 L_fsp: 0.530 fsp_3_4: 0.103 fsp_4_5: 0.157 fsp_5_6: 0.182 fsp_6_7: 0.088 
(epoch: 3, iters: 8546, time: 0.034) G_GAN: 0.473 G_L1: 0.311 G_SSIM: 0.178 H_L1: 0.265 H_SSIM: 0.570 D_real: 0.078 D_fake: 0.122 att_A: 0.347 L_hall: 0.058 L_inter: 0.000 L_intra: 0.000 L_fsp: 0.562 fsp_3_4: 0.111 fsp_4_5: 0.155 fsp_5_6: 0.171 fsp_6_7: 0.124 
(epoch: 3, iters: 8646, time: 0.034) G_GAN: 0.491 G_L1: 0.312 G_SSIM: 0.171 H_L1: 0.231 H_SSIM: 0.540 D_real: 0.016 D_fake: 0.104 att_A: 0.343 L_hall: 0.054 L_inter: 0.000 L_intra: 0.000 L_fsp: 0.565 fsp_3_4: 0.132 fsp_4_5: 0.190 fsp_5_6: 0.153 fsp_6_7: 0.090 
(epoch: 3, iters: 8746, time: 0.058) G_GAN: 1.220 G_L1: 0.563 G_SSIM: 0.255 H_L1: 0.241 H_SSIM: 0.541 D_real: 0.125 D_fake: 0.033 att_A: 0.512 L_hall: 0.057 L_inter: 0.000 L_intra: 0.000 L_fsp: 0.641 fsp_3_4: 0.120 fsp_4_5: 0.148 fsp_5_6: 0.203 fsp_6_7: 0.169 
(epoch: 3, iters: 8846, time: 0.034) G_GAN: 0.712 G_L1: 0.619 G_SSIM: 0.211 H_L1: 0.180 H_SSIM: 0.398 D_real: 0.014 D_fake: 0.041 att_A: 0.444 L_hall: 0.056 L_inter: 0.000 L_intra: 0.000 L_fsp: 0.687 fsp_3_4: 0.207 fsp_4_5: 0.185 fsp_5_6: 0.177 fsp_6_7: 0.117 
(epoch: 3, iters: 8946, time: 0.033) G_GAN: 1.261 G_L1: 0.441 G_SSIM: 0.289 H_L1: 0.188 H_SSIM: 0.458 D_real: 0.032 D_fake: 0.039 att_A: 0.886 L_hall: 0.064 L_inter: 0.000 L_intra: 0.000 L_fsp: 0.674 fsp_3_4: 0.105 fsp_4_5: 0.159 fsp_5_6: 0.221 fsp_6_7: 0.188 
(epoch: 3, iters: 9046, time: 0.036) G_GAN: 0.564 G_L1: 0.276 G_SSIM: 0.133 H_L1: 0.184 H_SSIM: 0.501 D_real: 0.023 D_fake: 0.035 att_A: 0.431 L_hall: 0.051 L_inter: 0.000 L_intra: 0.000 L_fsp: 0.731 fsp_3_4: 0.118 fsp_4_5: 0.200 fsp_5_6: 0.178 fsp_6_7: 0.235 
epoch 3  fsp_3_4:0.129040  fsp_3_4_degen:0.000000  fsp_4_5:0.168084  fsp_4_5_degen:0.000000  fsp_5_6:0.185940  fsp_5_6_degen:0.000000  fsp_6_7:0.176788  fsp_6_7_degen:0.000000
End of epoch 3 / 30 	 Time Taken: 427 sec
learning rate = 0.0002000
(epoch: 4, iters: 19, time: 0.034) G_GAN: 1.079 G_L1: 0.572 G_SSIM: 0.337 H_L1: 0.169 H_SSIM: 0.416 D_real: 0.022 D_fake: 0.051 att_A: 0.873 L_hall: 0.058 L_inter: 0.000 L_intra: 0.000 L_fsp: 0.895 fsp_3_4: 0.189 fsp_4_5: 0.187 fsp_5_6: 0.293 fsp_6_7: 0.226 
(epoch: 4, iters: 119, time: 0.060) G_GAN: 0.532 G_L1: 0.206 G_SSIM: 0.080 H_L1: 0.280 H_SSIM: 0.640 D_real: 0.265 D_fake: 0.085 att_A: 0.298 L_hall: 0.052 L_inter: 0.000 L_intra: 0.000 L_fsp: 0.582 fsp_3_4: 0.136 fsp_4_5: 0.154 fsp_5_6: 0.119 fsp_6_7: 0.173 
(epoch: 4, iters: 219, time: 0.035) G_GAN: 0.929 G_L1: 0.331 G_SSIM: 0.160 H_L1: 0.214 H_SSIM: 0.471 D_real: 0.011 D_fake: 0.019 att_A: 0.709 L_hall: 0.055 L_inter: 0.000 L_intra: 0.000 L_fsp: 0.637 fsp_3_4: 0.128 fsp_4_5: 0.182 fsp_5_6: 0.193 fsp_6_7: 0.132 
(epoch: 4, iters: 319, time: 0.036) G_GAN: 1.082 G_L1: 0.166 G_SSIM: 0.064 H_L1: 0.158 H_SSIM: 0.351 D_real: 0.215 D_fake: 0.016 att_A: 0.574 L_hall: 0.049 L_inter: 0.000 L_intra: 0.000 L_fsp: 0.722 fsp_3_4: 0.214 fsp_4_5: 0.167 fsp_5_6: 0.184 fsp_6_7: 0.157 
(epoch: 4, iters: 419, time: 0.034) G_GAN: 0.968 G_L1: 0.612 G_SSIM: 0.337 H_L1: 0.201 H_SSIM: 0.399 D_real: 0.012 D_fake: 0.023 att_A: 0.924 L_hall: 0.062 L_inter: 0.000 L_intra: 0.000 L_fsp: 0.644 fsp_3_4: 0.139 fsp_4_5: 0.157 fsp_5_6: 0.171 fsp_6_7: 0.176 
(epoch: 4, iters: 519, time: 0.034) G_GAN: 0.884 G_L1: 0.273 G_SSIM: 0.145 H_L1: 0.212 H_SSIM: 0.558 D_real: 0.068 D_fake: 0.006 att_A: 0.469 L_hall: 0.051 L_inter: 0.000 L_intra: 0.000 L_fsp: 0.517 fsp_3_4: 0.130 fsp_4_5: 0.163 fsp_5_6: 0.148 fsp_6_7: 0.076 
(epoch: 4, iters: 619, time: 0.087) G_GAN: 0.821 G_L1: 0.376 G_SSIM: 0.248 H_L1: 0.255 H_SSIM: 0.533 D_real: 0.024 D_fake: 0.013 att_A: 0.708 L_hall: 0.059 L_inter: 0.000 L_intra: 0.000 L_fsp: 0.770 fsp_3_4: 0.157 fsp_4_5: 0.188 fsp_5_6: 0.187 fsp_6_7: 0.238 
(epoch: 4, iters: 719, time: 0.034) G_GAN: 0.845 G_L1: 0.532 G_SSIM: 0.353 H_L1: 0.225 H_SSIM: 0.550 D_real: 0.009 D_fake: 0.037 att_A: 0.756 L_hall: 0.053 L_inter: 0.000 L_intra: 0.000 L_fsp: 0.643 fsp_3_4: 0.162 fsp_4_5: 0.178 fsp_5_6: 0.171 fsp_6_7: 0.132 
(epoch: 4, iters: 819, time: 0.034) G_GAN: 1.382 G_L1: 0.719 G_SSIM: 0.553 H_L1: 0.251 H_SSIM: 0.677 D_real: 0.046 D_fake: 0.039 att_A: 0.868 L_hall: 0.062 L_inter: 0.000 L_intra: 0.000 L_fsp: 0.671 fsp_3_4: 0.118 fsp_4_5: 0.183 fsp_5_6: 0.200 fsp_6_7: 0.170 
(epoch: 4, iters: 919, time: 0.035) G_GAN: 1.028 G_L1: 0.344 G_SSIM: 0.215 H_L1: 0.237 H_SSIM: 0.532 D_real: 0.046 D_fake: 0.013 att_A: 0.423 L_hall: 0.055 L_inter: 0.000 L_intra: 0.000 L_fsp: 0.674 fsp_3_4: 0.103 fsp_4_5: 0.155 fsp_5_6: 0.262 fsp_6_7: 0.153 
(epoch: 4, iters: 1019, time: 0.034) G_GAN: 0.925 G_L1: 0.420 G_SSIM: 0.294 H_L1: 0.176 H_SSIM: 0.487 D_real: 0.041 D_fake: 0.004 att_A: 0.771 L_hall: 0.057 L_inter: 0.000 L_intra: 0.000 L_fsp: 0.841 fsp_3_4: 0.191 fsp_4_5: 0.189 fsp_5_6: 0.252 fsp_6_7: 0.210 
(epoch: 4, iters: 1119, time: 0.078) G_GAN: 1.027 G_L1: 0.436 G_SSIM: 0.270 H_L1: 0.173 H_SSIM: 0.480 D_real: 0.006 D_fake: 0.013 att_A: 0.718 L_hall: 0.058 L_inter: 0.000 L_intra: 0.000 L_fsp: 1.055 fsp_3_4: 0.129 fsp_4_5: 0.153 fsp_5_6: 0.215 fsp_6_7: 0.558 
(epoch: 4, iters: 1219, time: 0.033) G_GAN: 0.363 G_L1: 0.308 G_SSIM: 0.144 H_L1: 0.151 H_SSIM: 0.406 D_real: 0.011 D_fake: 0.172 att_A: 0.571 L_hall: 0.055 L_inter: 0.000 L_intra: 0.000 L_fsp: 0.767 fsp_3_4: 0.172 fsp_4_5: 0.191 fsp_5_6: 0.188 fsp_6_7: 0.216 
(epoch: 4, iters: 1319, time: 0.033) G_GAN: 0.862 G_L1: 0.491 G_SSIM: 0.312 H_L1: 0.190 H_SSIM: 0.486 D_real: 0.058 D_fake: 0.618 att_A: 0.775 L_hall: 0.057 L_inter: 0.000 L_intra: 0.000 L_fsp: 0.761 fsp_3_4: 0.113 fsp_4_5: 0.151 fsp_5_6: 0.211 fsp_6_7: 0.286 
(epoch: 4, iters: 1419, time: 0.033) G_GAN: 1.246 G_L1: 0.240 G_SSIM: 0.135 H_L1: 0.149 H_SSIM: 0.339 D_real: 0.300 D_fake: 0.018 att_A: 0.897 L_hall: 0.061 L_inter: 0.000 L_intra: 0.000 L_fsp: 0.791 fsp_3_4: 0.142 fsp_4_5: 0.152 fsp_5_6: 0.190 fsp_6_7: 0.307 
(epoch: 4, iters: 1519, time: 0.034) G_GAN: 1.027 G_L1: 0.360 G_SSIM: 0.256 H_L1: 0.172 H_SSIM: 0.593 D_real: 0.095 D_fake: 0.042 att_A: 0.560 L_hall: 0.048 L_inter: 0.000 L_intra: 0.000 L_fsp: 0.512 fsp_3_4: 0.094 fsp_4_5: 0.156 fsp_5_6: 0.144 fsp_6_7: 0.118 
(epoch: 4, iters: 1619, time: 0.054) G_GAN: 1.007 G_L1: 0.473 G_SSIM: 0.270 H_L1: 0.205 H_SSIM: 0.419 D_real: 0.009 D_fake: 0.011 att_A: 0.705 L_hall: 0.058 L_inter: 0.000 L_intra: 0.000 L_fsp: 0.730 fsp_3_4: 0.135 fsp_4_5: 0.238 fsp_5_6: 0.213 fsp_6_7: 0.145 
(epoch: 4, iters: 1719, time: 0.034) G_GAN: 1.100 G_L1: 0.368 G_SSIM: 0.268 H_L1: 0.131 H_SSIM: 0.394 D_real: 0.016 D_fake: 0.423 att_A: 0.901 L_hall: 0.057 L_inter: 0.000 L_intra: 0.000 L_fsp: 0.698 fsp_3_4: 0.178 fsp_4_5: 0.150 fsp_5_6: 0.222 fsp_6_7: 0.148 
(epoch: 4, iters: 1819, time: 0.035) G_GAN: 1.827 G_L1: 0.359 G_SSIM: 0.246 H_L1: 0.177 H_SSIM: 0.455 D_real: 0.215 D_fake: 0.121 att_A: 0.731 L_hall: 0.056 L_inter: 0.000 L_intra: 0.000 L_fsp: 0.639 fsp_3_4: 0.121 fsp_4_5: 0.154 fsp_5_6: 0.212 fsp_6_7: 0.152 
(epoch: 4, iters: 1919, time: 0.034) G_GAN: 1.113 G_L1: 0.381 G_SSIM: 0.325 H_L1: 0.211 H_SSIM: 0.665 D_real: 0.009 D_fake: 0.015 att_A: 0.583 L_hall: 0.049 L_inter: 0.000 L_intra: 0.000 L_fsp: 0.525 fsp_3_4: 0.089 fsp_4_5: 0.138 fsp_5_6: 0.175 fsp_6_7: 0.124 
(epoch: 4, iters: 2019, time: 0.036) G_GAN: 0.122 G_L1: 0.391 G_SSIM: 0.258 H_L1: 0.218 H_SSIM: 0.440 D_real: 0.052 D_fake: 0.462 att_A: 0.343 L_hall: 0.051 L_inter: 0.000 L_intra: 0.000 L_fsp: 0.509 fsp_3_4: 0.086 fsp_4_5: 0.115 fsp_5_6: 0.147 fsp_6_7: 0.161 
(epoch: 4, iters: 2119, time: 0.052) G_GAN: 0.201 G_L1: 0.160 G_SSIM: 0.062 H_L1: 0.252 H_SSIM: 0.616 D_real: 0.190 D_fake: 0.317 att_A: 0.265 L_hall: 0.047 L_inter: 0.000 L_intra: 0.000 L_fsp: 0.581 fsp_3_4: 0.087 fsp_4_5: 0.176 fsp_5_6: 0.186 fsp_6_7: 0.132 
(epoch: 4, iters: 2219, time: 0.034) G_GAN: 1.241 G_L1: 0.411 G_SSIM: 0.241 H_L1: 0.185 H_SSIM: 0.454 D_real: 0.005 D_fake: 0.020 att_A: 0.582 L_hall: 0.056 L_inter: 0.000 L_intra: 0.000 L_fsp: 0.508 fsp_3_4: 0.164 fsp_4_5: 0.159 fsp_5_6: 0.138 fsp_6_7: 0.047 
(epoch: 4, iters: 2319, time: 0.034) G_GAN: 1.195 G_L1: 0.443 G_SSIM: 0.363 H_L1: 0.220 H_SSIM: 0.520 D_real: 0.017 D_fake: 0.022 att_A: 0.910 L_hall: 0.062 L_inter: 0.000 L_intra: 0.000 L_fsp: 0.613 fsp_3_4: 0.110 fsp_4_5: 0.189 fsp_5_6: 0.205 fsp_6_7: 0.109 
(epoch: 4, iters: 2419, time: 0.034) G_GAN: 0.855 G_L1: 0.079 G_SSIM: 0.042 H_L1: 0.189 H_SSIM: 0.344 D_real: 0.041 D_fake: 0.034 att_A: 0.500 L_hall: 0.054 L_inter: 0.000 L_intra: 0.000 L_fsp: 0.509 fsp_3_4: 0.068 fsp_4_5: 0.135 fsp_5_6: 0.205 fsp_6_7: 0.100 
(epoch: 4, iters: 2519, time: 0.034) G_GAN: 1.016 G_L1: 0.403 G_SSIM: 0.299 H_L1: 0.180 H_SSIM: 0.472 D_real: 0.018 D_fake: 0.010 att_A: 0.751 L_hall: 0.054 L_inter: 0.000 L_intra: 0.000 L_fsp: 0.789 fsp_3_4: 0.139 fsp_4_5: 0.223 fsp_5_6: 0.166 fsp_6_7: 0.262 
(epoch: 4, iters: 2619, time: 0.053) G_GAN: 0.325 G_L1: 0.116 G_SSIM: 0.019 H_L1: 0.161 H_SSIM: 0.347 D_real: 0.017 D_fake: 0.198 att_A: 0.816 L_hall: 0.035 L_inter: 0.000 L_intra: 0.000 L_fsp: 0.790 fsp_3_4: 0.213 fsp_4_5: 0.199 fsp_5_6: 0.172 fsp_6_7: 0.206 
saving the latest model (epoch 4, total_steps 30000)
(epoch: 4, iters: 2719, time: 0.033) G_GAN: 0.474 G_L1: 0.092 G_SSIM: 0.036 H_L1: 0.142 H_SSIM: 0.333 D_real: 0.037 D_fake: 0.146 att_A: 0.770 L_hall: 0.056 L_inter: 0.000 L_intra: 0.000 L_fsp: 0.675 fsp_3_4: 0.102 fsp_4_5: 0.143 fsp_5_6: 0.197 fsp_6_7: 0.233 
(epoch: 4, iters: 2819, time: 0.034) G_GAN: 0.655 G_L1: 0.214 G_SSIM: 0.148 H_L1: 0.155 H_SSIM: 0.354 D_real: 0.011 D_fake: 0.056 att_A: 0.863 L_hall: 0.059 L_inter: 0.000 L_intra: 0.000 L_fsp: 0.514 fsp_3_4: 0.112 fsp_4_5: 0.148 fsp_5_6: 0.145 fsp_6_7: 0.109 
(epoch: 4, iters: 2919, time: 0.033) G_GAN: 0.544 G_L1: 0.418 G_SSIM: 0.195 H_L1: 0.234 H_SSIM: 0.520 D_real: 0.266 D_fake: 0.061 att_A: 0.429 L_hall: 0.045 L_inter: 0.000 L_intra: 0.000 L_fsp: 0.507 fsp_3_4: 0.105 fsp_4_5: 0.176 fsp_5_6: 0.127 fsp_6_7: 0.099 
(epoch: 4, iters: 3019, time: 0.034) G_GAN: 1.036 G_L1: 0.620 G_SSIM: 0.343 H_L1: 0.141 H_SSIM: 0.435 D_real: 0.008 D_fake: 0.013 att_A: 0.926 L_hall: 0.060 L_inter: 0.000 L_intra: 0.000 L_fsp: 0.921 fsp_3_4: 0.226 fsp_4_5: 0.192 fsp_5_6: 0.211 fsp_6_7: 0.292 
(epoch: 4, iters: 3119, time: 0.063) G_GAN: 1.029 G_L1: 0.245 G_SSIM: 0.160 H_L1: 0.211 H_SSIM: 0.576 D_real: 0.006 D_fake: 0.195 att_A: 0.487 L_hall: 0.049 L_inter: 0.000 L_intra: 0.000 L_fsp: 0.481 fsp_3_4: 0.102 fsp_4_5: 0.110 fsp_5_6: 0.163 fsp_6_7: 0.106 
(epoch: 4, iters: 3219, time: 0.034) G_GAN: 0.833 G_L1: 0.434 G_SSIM: 0.156 H_L1: 0.224 H_SSIM: 0.518 D_real: 0.015 D_fake: 0.020 att_A: 0.554 L_hall: 0.055 L_inter: 0.000 L_intra: 0.000 L_fsp: 0.830 fsp_3_4: 0.133 fsp_4_5: 0.170 fsp_5_6: 0.178 fsp_6_7: 0.349 
(epoch: 4, iters: 3319, time: 0.034) G_GAN: 1.053 G_L1: 0.413 G_SSIM: 0.338 H_L1: 0.201 H_SSIM: 0.588 D_real: 0.008 D_fake: 0.046 att_A: 0.676 L_hall: 0.054 L_inter: 0.000 L_intra: 0.000 L_fsp: 0.712 fsp_3_4: 0.099 fsp_4_5: 0.140 fsp_5_6: 0.197 fsp_6_7: 0.276 
(epoch: 4, iters: 3419, time: 0.034) G_GAN: 1.248 G_L1: 0.697 G_SSIM: 0.539 H_L1: 0.267 H_SSIM: 0.612 D_real: 0.036 D_fake: 0.028 att_A: 0.968 L_hall: 0.069 L_inter: 0.000 L_intra: 0.000 L_fsp: 0.653 fsp_3_4: 0.110 fsp_4_5: 0.199 fsp_5_6: 0.243 fsp_6_7: 0.101 
(epoch: 4, iters: 3519, time: 0.034) G_GAN: 0.563 G_L1: 0.409 G_SSIM: 0.163 H_L1: 0.168 H_SSIM: 0.422 D_real: 0.095 D_fake: 0.080 att_A: 0.539 L_hall: 0.048 L_inter: 0.000 L_intra: 0.000 L_fsp: 0.768 fsp_3_4: 0.114 fsp_4_5: 0.180 fsp_5_6: 0.186 fsp_6_7: 0.289 
(epoch: 4, iters: 3619, time: 0.064) G_GAN: 0.984 G_L1: 0.404 G_SSIM: 0.279 H_L1: 0.207 H_SSIM: 0.449 D_real: 0.007 D_fake: 0.005 att_A: 0.800 L_hall: 0.060 L_inter: 0.000 L_intra: 0.000 L_fsp: 0.700 fsp_3_4: 0.208 fsp_4_5: 0.196 fsp_5_6: 0.158 fsp_6_7: 0.138 
(epoch: 4, iters: 3719, time: 0.034) G_GAN: 0.881 G_L1: 0.187 G_SSIM: 0.088 H_L1: 0.183 H_SSIM: 0.367 D_real: 0.010 D_fake: 0.015 att_A: 0.699 L_hall: 0.048 L_inter: 0.000 L_intra: 0.000 L_fsp: 0.580 fsp_3_4: 0.137 fsp_4_5: 0.163 fsp_5_6: 0.137 fsp_6_7: 0.143 
(epoch: 4, iters: 3819, time: 0.035) G_GAN: 1.047 G_L1: 0.411 G_SSIM: 0.293 H_L1: 0.190 H_SSIM: 0.555 D_real: 0.006 D_fake: 0.006 att_A: 0.718 L_hall: 0.058 L_inter: 0.000 L_intra: 0.000 L_fsp: 0.706 fsp_3_4: 0.136 fsp_4_5: 0.210 fsp_5_6: 0.214 fsp_6_7: 0.146 
(epoch: 4, iters: 3919, time: 0.034) G_GAN: 0.502 G_L1: 0.289 G_SSIM: 0.179 H_L1: 0.243 H_SSIM: 0.549 D_real: 0.059 D_fake: 0.161 att_A: 0.381 L_hall: 0.051 L_inter: 0.000 L_intra: 0.000 L_fsp: 0.578 fsp_3_4: 0.111 fsp_4_5: 0.168 fsp_5_6: 0.171 fsp_6_7: 0.128 
(epoch: 4, iters: 4019, time: 0.034) G_GAN: 0.989 G_L1: 0.626 G_SSIM: 0.309 H_L1: 0.207 H_SSIM: 0.456 D_real: 0.008 D_fake: 0.006 att_A: 0.919 L_hall: 0.064 L_inter: 0.000 L_intra: 0.000 L_fsp: 0.804 fsp_3_4: 0.192 fsp_4_5: 0.223 fsp_5_6: 0.256 fsp_6_7: 0.134 
(epoch: 4, iters: 4119, time: 0.055) G_GAN: 1.089 G_L1: 0.358 G_SSIM: 0.279 H_L1: 0.200 H_SSIM: 0.655 D_real: 0.022 D_fake: 0.360 att_A: 0.532 L_hall: 0.049 L_inter: 0.000 L_intra: 0.000 L_fsp: 0.542 fsp_3_4: 0.099 fsp_4_5: 0.148 fsp_5_6: 0.156 fsp_6_7: 0.138 
(epoch: 4, iters: 4219, time: 0.033) G_GAN: 0.923 G_L1: 0.470 G_SSIM: 0.342 H_L1: 0.172 H_SSIM: 0.518 D_real: 0.010 D_fake: 0.008 att_A: 0.745 L_hall: 0.050 L_inter: 0.000 L_intra: 0.000 L_fsp: 0.600 fsp_3_4: 0.141 fsp_4_5: 0.161 fsp_5_6: 0.181 fsp_6_7: 0.117 
(epoch: 4, iters: 4319, time: 0.034) G_GAN: 0.518 G_L1: 0.386 G_SSIM: 0.235 H_L1: 0.248 H_SSIM: 0.563 D_real: 0.059 D_fake: 0.026 att_A: 0.467 L_hall: 0.049 L_inter: 0.000 L_intra: 0.000 L_fsp: 0.536 fsp_3_4: 0.097 fsp_4_5: 0.148 fsp_5_6: 0.177 fsp_6_7: 0.113 
(epoch: 4, iters: 4419, time: 0.034) G_GAN: 1.345 G_L1: 0.066 G_SSIM: 0.010 H_L1: 0.134 H_SSIM: 0.329 D_real: 0.048 D_fake: 0.024 att_A: 0.794 L_hall: 0.048 L_inter: 0.000 L_intra: 0.000 L_fsp: 0.761 fsp_3_4: 0.139 fsp_4_5: 0.174 fsp_5_6: 0.274 fsp_6_7: 0.174 
(epoch: 4, iters: 4519, time: 0.034) G_GAN: 0.575 G_L1: 0.512 G_SSIM: 0.233 H_L1: 0.209 H_SSIM: 0.427 D_real: 0.069 D_fake: 0.017 att_A: 0.426 L_hall: 0.048 L_inter: 0.000 L_intra: 0.000 L_fsp: 0.757 fsp_3_4: 0.092 fsp_4_5: 0.150 fsp_5_6: 0.248 fsp_6_7: 0.266 
(epoch: 4, iters: 4619, time: 0.103) G_GAN: 0.193 G_L1: 0.199 G_SSIM: 0.075 H_L1: 0.297 H_SSIM: 0.645 D_real: 0.090 D_fake: 0.345 att_A: 0.256 L_hall: 0.045 L_inter: 0.000 L_intra: 0.000 L_fsp: 0.347 fsp_3_4: 0.078 fsp_4_5: 0.122 fsp_5_6: 0.087 fsp_6_7: 0.060 
(epoch: 4, iters: 4719, time: 0.034) G_GAN: 1.118 G_L1: 0.448 G_SSIM: 0.243 H_L1: 0.217 H_SSIM: 0.446 D_real: 0.009 D_fake: 0.008 att_A: 0.609 L_hall: 0.054 L_inter: 0.000 L_intra: 0.000 L_fsp: 0.512 fsp_3_4: 0.136 fsp_4_5: 0.164 fsp_5_6: 0.138 fsp_6_7: 0.074 
(epoch: 4, iters: 4819, time: 0.034) G_GAN: 1.007 G_L1: 0.312 G_SSIM: 0.203 H_L1: 0.183 H_SSIM: 0.427 D_real: 0.047 D_fake: 0.011 att_A: 0.559 L_hall: 0.050 L_inter: 0.000 L_intra: 0.000 L_fsp: 0.522 fsp_3_4: 0.100 fsp_4_5: 0.165 fsp_5_6: 0.133 fsp_6_7: 0.124 
(epoch: 4, iters: 4919, time: 0.035) G_GAN: 1.159 G_L1: 0.303 G_SSIM: 0.186 H_L1: 0.268 H_SSIM: 0.559 D_real: 0.162 D_fake: 0.008 att_A: 0.501 L_hall: 0.054 L_inter: 0.000 L_intra: 0.000 L_fsp: 0.510 fsp_3_4: 0.098 fsp_4_5: 0.141 fsp_5_6: 0.169 fsp_6_7: 0.103 
(epoch: 4, iters: 5019, time: 0.033) G_GAN: 0.482 G_L1: 0.206 G_SSIM: 0.037 H_L1: 0.177 H_SSIM: 0.344 D_real: 0.127 D_fake: 0.030 att_A: 0.737 L_hall: 0.066 L_inter: 0.000 L_intra: 0.000 L_fsp: 0.918 fsp_3_4: 0.113 fsp_4_5: 0.134 fsp_5_6: 0.244 fsp_6_7: 0.427 
(epoch: 4, iters: 5119, time: 0.065) G_GAN: 1.034 G_L1: 0.287 G_SSIM: 0.123 H_L1: 0.176 H_SSIM: 0.389 D_real: 0.053 D_fake: 0.047 att_A: 0.731 L_hall: 0.043 L_inter: 0.000 L_intra: 0.000 L_fsp: 0.433 fsp_3_4: 0.103 fsp_4_5: 0.155 fsp_5_6: 0.092 fsp_6_7: 0.082 
(epoch: 4, iters: 5219, time: 0.034) G_GAN: 1.062 G_L1: 0.796 G_SSIM: 0.423 H_L1: 0.249 H_SSIM: 0.626 D_real: 0.014 D_fake: 0.009 att_A: 0.626 L_hall: 0.062 L_inter: 0.000 L_intra: 0.000 L_fsp: 0.778 fsp_3_4: 0.124 fsp_4_5: 0.183 fsp_5_6: 0.166 fsp_6_7: 0.305 
(epoch: 4, iters: 5319, time: 0.034) G_GAN: 0.498 G_L1: 0.242 G_SSIM: 0.135 H_L1: 0.187 H_SSIM: 0.530 D_real: 0.014 D_fake: 0.021 att_A: 0.367 L_hall: 0.046 L_inter: 0.000 L_intra: 0.000 L_fsp: 0.410 fsp_3_4: 0.102 fsp_4_5: 0.117 fsp_5_6: 0.146 fsp_6_7: 0.046 
(epoch: 4, iters: 5419, time: 0.035) G_GAN: 0.952 G_L1: 0.247 G_SSIM: 0.159 H_L1: 0.228 H_SSIM: 0.579 D_real: 0.019 D_fake: 0.011 att_A: 0.517 L_hall: 0.052 L_inter: 0.000 L_intra: 0.000 L_fsp: 0.415 fsp_3_4: 0.084 fsp_4_5: 0.120 fsp_5_6: 0.117 fsp_6_7: 0.094 
(epoch: 4, iters: 5519, time: 0.034) G_GAN: 0.999 G_L1: 0.376 G_SSIM: 0.165 H_L1: 0.202 H_SSIM: 0.483 D_real: 0.044 D_fake: 0.011 att_A: 0.513 L_hall: 0.040 L_inter: 0.000 L_intra: 0.000 L_fsp: 0.406 fsp_3_4: 0.094 fsp_4_5: 0.147 fsp_5_6: 0.101 fsp_6_7: 0.065 
(epoch: 4, iters: 5619, time: 0.055) G_GAN: 0.822 G_L1: 0.586 G_SSIM: 0.591 H_L1: 0.236 H_SSIM: 0.650 D_real: 0.065 D_fake: 0.018 att_A: 0.555 L_hall: 0.061 L_inter: 0.000 L_intra: 0.000 L_fsp: 0.647 fsp_3_4: 0.101 fsp_4_5: 0.160 fsp_5_6: 0.197 fsp_6_7: 0.190 
(epoch: 4, iters: 5719, time: 0.034) G_GAN: 1.014 G_L1: 0.585 G_SSIM: 0.380 H_L1: 0.204 H_SSIM: 0.504 D_real: 0.011 D_fake: 0.009 att_A: 0.679 L_hall: 0.056 L_inter: 0.000 L_intra: 0.000 L_fsp: 0.763 fsp_3_4: 0.123 fsp_4_5: 0.192 fsp_5_6: 0.219 fsp_6_7: 0.229 
(epoch: 4, iters: 5819, time: 0.034) G_GAN: 0.945 G_L1: 0.709 G_SSIM: 0.463 H_L1: 0.217 H_SSIM: 0.652 D_real: 0.008 D_fake: 0.009 att_A: 0.795 L_hall: 0.056 L_inter: 0.000 L_intra: 0.000 L_fsp: 0.533 fsp_3_4: 0.125 fsp_4_5: 0.189 fsp_5_6: 0.164 fsp_6_7: 0.055 
(epoch: 4, iters: 5919, time: 0.034) G_GAN: 1.147 G_L1: 0.417 G_SSIM: 0.333 H_L1: 0.253 H_SSIM: 0.569 D_real: 0.024 D_fake: 0.140 att_A: 0.655 L_hall: 0.065 L_inter: 0.000 L_intra: 0.000 L_fsp: 0.762 fsp_3_4: 0.132 fsp_4_5: 0.204 fsp_5_6: 0.219 fsp_6_7: 0.207 
(epoch: 4, iters: 6019, time: 0.034) G_GAN: 0.939 G_L1: 0.540 G_SSIM: 0.459 H_L1: 0.238 H_SSIM: 0.720 D_real: 0.025 D_fake: 0.011 att_A: 0.729 L_hall: 0.055 L_inter: 0.000 L_intra: 0.000 L_fsp: 0.590 fsp_3_4: 0.093 fsp_4_5: 0.150 fsp_5_6: 0.162 fsp_6_7: 0.185 
(epoch: 4, iters: 6119, time: 0.060) G_GAN: 1.204 G_L1: 0.529 G_SSIM: 0.389 H_L1: 0.216 H_SSIM: 0.521 D_real: 0.017 D_fake: 0.014 att_A: 0.775 L_hall: 0.060 L_inter: 0.000 L_intra: 0.000 L_fsp: 0.674 fsp_3_4: 0.106 fsp_4_5: 0.139 fsp_5_6: 0.231 fsp_6_7: 0.199 
(epoch: 4, iters: 6219, time: 0.034) G_GAN: 0.270 G_L1: 0.197 G_SSIM: 0.106 H_L1: 0.151 H_SSIM: 0.458 D_real: 0.083 D_fake: 0.008 att_A: 0.546 L_hall: 0.042 L_inter: 0.000 L_intra: 0.000 L_fsp: 0.572 fsp_3_4: 0.096 fsp_4_5: 0.168 fsp_5_6: 0.208 fsp_6_7: 0.100 
(epoch: 4, iters: 6319, time: 0.033) G_GAN: 1.403 G_L1: 0.416 G_SSIM: 0.271 H_L1: 0.214 H_SSIM: 0.657 D_real: 0.059 D_fake: 0.045 att_A: 0.536 L_hall: 0.045 L_inter: 0.000 L_intra: 0.000 L_fsp: 0.472 fsp_3_4: 0.106 fsp_4_5: 0.137 fsp_5_6: 0.153 fsp_6_7: 0.076 
(epoch: 4, iters: 6419, time: 0.034) G_GAN: 0.436 G_L1: 0.048 G_SSIM: 0.019 H_L1: 0.183 H_SSIM: 0.339 D_real: 0.012 D_fake: 0.127 att_A: 0.359 L_hall: 0.052 L_inter: 0.000 L_intra: 0.000 L_fsp: 0.547 fsp_3_4: 0.065 fsp_4_5: 0.140 fsp_5_6: 0.159 fsp_6_7: 0.183 
(epoch: 4, iters: 6519, time: 0.034) G_GAN: 0.980 G_L1: 0.355 G_SSIM: 0.224 H_L1: 0.227 H_SSIM: 0.546 D_real: 0.237 D_fake: 0.006 att_A: 0.556 L_hall: 0.050 L_inter: 0.000 L_intra: 0.000 L_fsp: 0.596 fsp_3_4: 0.115 fsp_4_5: 0.144 fsp_5_6: 0.185 fsp_6_7: 0.151 
(epoch: 4, iters: 6619, time: 0.061) G_GAN: 0.787 G_L1: 0.262 G_SSIM: 0.190 H_L1: 0.241 H_SSIM: 0.575 D_real: 0.017 D_fake: 0.570 att_A: 0.391 L_hall: 0.051 L_inter: 0.000 L_intra: 0.000 L_fsp: 0.465 fsp_3_4: 0.077 fsp_4_5: 0.115 fsp_5_6: 0.160 fsp_6_7: 0.113 
(epoch: 4, iters: 6719, time: 0.034) G_GAN: 1.428 G_L1: 0.135 G_SSIM: 0.033 H_L1: 0.158 H_SSIM: 0.349 D_real: 0.060 D_fake: 0.046 att_A: 0.808 L_hall: 0.051 L_inter: 0.000 L_intra: 0.000 L_fsp: 0.613 fsp_3_4: 0.110 fsp_4_5: 0.143 fsp_5_6: 0.192 fsp_6_7: 0.167 
(epoch: 4, iters: 6819, time: 0.035) G_GAN: 0.551 G_L1: 0.396 G_SSIM: 0.280 H_L1: 0.222 H_SSIM: 0.465 D_real: 0.098 D_fake: 0.031 att_A: 0.452 L_hall: 0.050 L_inter: 0.000 L_intra: 0.000 L_fsp: 0.545 fsp_3_4: 0.102 fsp_4_5: 0.132 fsp_5_6: 0.206 fsp_6_7: 0.104 
(epoch: 4, iters: 6919, time: 0.034) G_GAN: 1.111 G_L1: 0.543 G_SSIM: 0.342 H_L1: 0.207 H_SSIM: 0.457 D_real: 0.006 D_fake: 0.009 att_A: 0.636 L_hall: 0.055 L_inter: 0.000 L_intra: 0.000 L_fsp: 0.756 fsp_3_4: 0.129 fsp_4_5: 0.147 fsp_5_6: 0.243 fsp_6_7: 0.237 
(epoch: 4, iters: 7019, time: 0.033) G_GAN: 1.218 G_L1: 0.356 G_SSIM: 0.296 H_L1: 0.186 H_SSIM: 0.522 D_real: 0.050 D_fake: 0.121 att_A: 0.710 L_hall: 0.052 L_inter: 0.000 L_intra: 0.000 L_fsp: 0.543 fsp_3_4: 0.135 fsp_4_5: 0.168 fsp_5_6: 0.163 fsp_6_7: 0.078 
(epoch: 4, iters: 7119, time: 0.056) G_GAN: 1.084 G_L1: 0.522 G_SSIM: 0.408 H_L1: 0.214 H_SSIM: 0.566 D_real: 0.058 D_fake: 0.014 att_A: 0.605 L_hall: 0.053 L_inter: 0.000 L_intra: 0.000 L_fsp: 0.541 fsp_3_4: 0.123 fsp_4_5: 0.149 fsp_5_6: 0.170 fsp_6_7: 0.100 
(epoch: 4, iters: 7219, time: 0.033) G_GAN: 0.284 G_L1: 0.360 G_SSIM: 0.153 H_L1: 0.143 H_SSIM: 0.377 D_real: 0.053 D_fake: 0.007 att_A: 0.601 L_hall: 0.062 L_inter: 0.000 L_intra: 0.000 L_fsp: 0.714 fsp_3_4: 0.161 fsp_4_5: 0.172 fsp_5_6: 0.252 fsp_6_7: 0.129 
(epoch: 4, iters: 7319, time: 0.034) G_GAN: 0.986 G_L1: 0.224 G_SSIM: 0.128 H_L1: 0.225 H_SSIM: 0.518 D_real: 0.014 D_fake: 0.002 att_A: 0.514 L_hall: 0.051 L_inter: 0.000 L_intra: 0.000 L_fsp: 0.619 fsp_3_4: 0.113 fsp_4_5: 0.169 fsp_5_6: 0.150 fsp_6_7: 0.187 
(epoch: 4, iters: 7419, time: 0.033) G_GAN: 0.980 G_L1: 0.557 G_SSIM: 0.447 H_L1: 0.199 H_SSIM: 0.582 D_real: 0.015 D_fake: 0.012 att_A: 0.579 L_hall: 0.047 L_inter: 0.000 L_intra: 0.000 L_fsp: 0.569 fsp_3_4: 0.112 fsp_4_5: 0.118 fsp_5_6: 0.213 fsp_6_7: 0.126 
(epoch: 4, iters: 7519, time: 0.034) G_GAN: 1.079 G_L1: 0.244 G_SSIM: 0.152 H_L1: 0.224 H_SSIM: 0.466 D_real: 0.016 D_fake: 0.015 att_A: 0.530 L_hall: 0.055 L_inter: 0.000 L_intra: 0.000 L_fsp: 0.620 fsp_3_4: 0.137 fsp_4_5: 0.169 fsp_5_6: 0.188 fsp_6_7: 0.125 
(epoch: 4, iters: 7619, time: 0.055) G_GAN: 0.851 G_L1: 0.236 G_SSIM: 0.115 H_L1: 0.160 H_SSIM: 0.333 D_real: 0.051 D_fake: 0.027 att_A: 0.889 L_hall: 0.060 L_inter: 0.000 L_intra: 0.000 L_fsp: 0.639 fsp_3_4: 0.114 fsp_4_5: 0.156 fsp_5_6: 0.164 fsp_6_7: 0.205 
saving the latest model (epoch 4, total_steps 35000)
(epoch: 4, iters: 7719, time: 0.034) G_GAN: 1.043 G_L1: 0.510 G_SSIM: 0.171 H_L1: 0.148 H_SSIM: 0.395 D_real: 0.231 D_fake: 0.062 att_A: 0.524 L_hall: 0.060 L_inter: 0.000 L_intra: 0.000 L_fsp: 0.873 fsp_3_4: 0.113 fsp_4_5: 0.157 fsp_5_6: 0.251 fsp_6_7: 0.351 
(epoch: 4, iters: 7819, time: 0.034) G_GAN: 0.947 G_L1: 0.473 G_SSIM: 0.222 H_L1: 0.182 H_SSIM: 0.432 D_real: 0.045 D_fake: 0.007 att_A: 0.798 L_hall: 0.055 L_inter: 0.000 L_intra: 0.000 L_fsp: 0.628 fsp_3_4: 0.133 fsp_4_5: 0.168 fsp_5_6: 0.238 fsp_6_7: 0.089 
(epoch: 4, iters: 7919, time: 0.034) G_GAN: 0.854 G_L1: 0.045 G_SSIM: 0.016 H_L1: 0.167 H_SSIM: 0.338 D_real: 0.116 D_fake: 0.023 att_A: 0.370 L_hall: 0.052 L_inter: 0.000 L_intra: 0.000 L_fsp: 0.664 fsp_3_4: 0.101 fsp_4_5: 0.169 fsp_5_6: 0.157 fsp_6_7: 0.238 
(epoch: 4, iters: 8019, time: 0.035) G_GAN: 0.868 G_L1: 0.949 G_SSIM: 0.182 H_L1: 0.150 H_SSIM: 0.409 D_real: 0.013 D_fake: 0.007 att_A: 0.616 L_hall: 0.062 L_inter: 0.000 L_intra: 0.000 L_fsp: 0.706 fsp_3_4: 0.182 fsp_4_5: 0.158 fsp_5_6: 0.211 fsp_6_7: 0.156 
(epoch: 4, iters: 8119, time: 0.067) G_GAN: 0.711 G_L1: 0.349 G_SSIM: 0.173 H_L1: 0.258 H_SSIM: 0.611 D_real: 0.018 D_fake: 0.041 att_A: 0.395 L_hall: 0.057 L_inter: 0.000 L_intra: 0.000 L_fsp: 0.629 fsp_3_4: 0.103 fsp_4_5: 0.163 fsp_5_6: 0.269 fsp_6_7: 0.093 
(epoch: 4, iters: 8219, time: 0.034) G_GAN: 0.872 G_L1: 0.400 G_SSIM: 0.335 H_L1: 0.207 H_SSIM: 0.649 D_real: 0.011 D_fake: 0.049 att_A: 0.636 L_hall: 0.054 L_inter: 0.000 L_intra: 0.000 L_fsp: 0.569 fsp_3_4: 0.101 fsp_4_5: 0.144 fsp_5_6: 0.166 fsp_6_7: 0.158 
(epoch: 4, iters: 8319, time: 0.033) G_GAN: 1.025 G_L1: 0.539 G_SSIM: 0.218 H_L1: 0.206 H_SSIM: 0.394 D_real: 0.007 D_fake: 0.007 att_A: 0.576 L_hall: 0.058 L_inter: 0.000 L_intra: 0.000 L_fsp: 0.636 fsp_3_4: 0.153 fsp_4_5: 0.171 fsp_5_6: 0.206 fsp_6_7: 0.105 
(epoch: 4, iters: 8419, time: 0.035) G_GAN: 0.968 G_L1: 0.259 G_SSIM: 0.165 H_L1: 0.257 H_SSIM: 0.592 D_real: 0.017 D_fake: 0.014 att_A: 0.539 L_hall: 0.050 L_inter: 0.000 L_intra: 0.000 L_fsp: 0.658 fsp_3_4: 0.136 fsp_4_5: 0.223 fsp_5_6: 0.179 fsp_6_7: 0.120 
(epoch: 4, iters: 8519, time: 0.034) G_GAN: 0.947 G_L1: 0.595 G_SSIM: 0.349 H_L1: 0.179 H_SSIM: 0.505 D_real: 0.036 D_fake: 0.295 att_A: 0.784 L_hall: 0.052 L_inter: 0.000 L_intra: 0.000 L_fsp: 0.683 fsp_3_4: 0.125 fsp_4_5: 0.157 fsp_5_6: 0.188 fsp_6_7: 0.213 
(epoch: 4, iters: 8619, time: 0.059) G_GAN: 1.010 G_L1: 0.436 G_SSIM: 0.322 H_L1: 0.228 H_SSIM: 0.569 D_real: 0.008 D_fake: 0.061 att_A: 0.695 L_hall: 0.061 L_inter: 0.000 L_intra: 0.000 L_fsp: 0.729 fsp_3_4: 0.135 fsp_4_5: 0.203 fsp_5_6: 0.217 fsp_6_7: 0.174 
(epoch: 4, iters: 8719, time: 0.035) G_GAN: 0.284 G_L1: 0.331 G_SSIM: 0.116 H_L1: 0.173 H_SSIM: 0.380 D_real: 0.017 D_fake: 0.248 att_A: 0.766 L_hall: 0.048 L_inter: 0.000 L_intra: 0.000 L_fsp: 0.679 fsp_3_4: 0.080 fsp_4_5: 0.131 fsp_5_6: 0.228 fsp_6_7: 0.240 
(epoch: 4, iters: 8819, time: 0.034) G_GAN: 1.296 G_L1: 0.517 G_SSIM: 0.284 H_L1: 0.186 H_SSIM: 0.363 D_real: 0.072 D_fake: 0.048 att_A: 0.946 L_hall: 0.065 L_inter: 0.000 L_intra: 0.000 L_fsp: 0.722 fsp_3_4: 0.141 fsp_4_5: 0.157 fsp_5_6: 0.204 fsp_6_7: 0.221 
(epoch: 4, iters: 8919, time: 0.035) G_GAN: 1.231 G_L1: 0.622 G_SSIM: 0.138 H_L1: 0.164 H_SSIM: 0.445 D_real: 0.032 D_fake: 0.021 att_A: 0.790 L_hall: 0.055 L_inter: 0.000 L_intra: 0.000 L_fsp: 0.546 fsp_3_4: 0.114 fsp_4_5: 0.159 fsp_5_6: 0.154 fsp_6_7: 0.118 
(epoch: 4, iters: 9019, time: 0.035) G_GAN: 1.066 G_L1: 0.491 G_SSIM: 0.239 H_L1: 0.161 H_SSIM: 0.382 D_real: 0.012 D_fake: 0.007 att_A: 0.554 L_hall: 0.055 L_inter: 0.000 L_intra: 0.000 L_fsp: 0.736 fsp_3_4: 0.230 fsp_4_5: 0.183 fsp_5_6: 0.193 fsp_6_7: 0.130 
(epoch: 4, iters: 9119, time: 0.071) G_GAN: 0.958 G_L1: 0.851 G_SSIM: 0.505 H_L1: 0.221 H_SSIM: 0.615 D_real: 0.026 D_fake: 0.008 att_A: 0.836 L_hall: 0.057 L_inter: 0.000 L_intra: 0.000 L_fsp: 0.594 fsp_3_4: 0.108 fsp_4_5: 0.172 fsp_5_6: 0.202 fsp_6_7: 0.112 
epoch 4  fsp_3_4:0.126469  fsp_3_4_degen:0.000000  fsp_4_5:0.165509  fsp_4_5_degen:0.000000  fsp_5_6:0.181771  fsp_5_6_degen:0.000000  fsp_6_7:0.167266  fsp_6_7_degen:0.000000
End of epoch 4 / 30 	 Time Taken: 475 sec
learning rate = 0.0002000
(epoch: 5, iters: 92, time: 0.034) G_GAN: 0.816 G_L1: 0.776 G_SSIM: 0.320 H_L1: 0.202 H_SSIM: 0.419 D_real: 0.016 D_fake: 0.011 att_A: 0.803 L_hall: 0.055 L_inter: 0.000 L_intra: 0.000 L_fsp: 0.795 fsp_3_4: 0.150 fsp_4_5: 0.190 fsp_5_6: 0.208 fsp_6_7: 0.246 
(epoch: 5, iters: 192, time: 0.034) G_GAN: 0.921 G_L1: 0.288 G_SSIM: 0.138 H_L1: 0.210 H_SSIM: 0.449 D_real: 0.437 D_fake: 0.017 att_A: 0.642 L_hall: 0.054 L_inter: 0.000 L_intra: 0.000 L_fsp: 0.696 fsp_3_4: 0.108 fsp_4_5: 0.172 fsp_5_6: 0.240 fsp_6_7: 0.177 
(epoch: 5, iters: 292, time: 0.039) G_GAN: 0.891 G_L1: 0.257 G_SSIM: 0.178 H_L1: 0.163 H_SSIM: 0.432 D_real: 0.018 D_fake: 0.326 att_A: 0.586 L_hall: 0.054 L_inter: 0.000 L_intra: 0.000 L_fsp: 0.589 fsp_3_4: 0.126 fsp_4_5: 0.168 fsp_5_6: 0.172 fsp_6_7: 0.123 
(epoch: 5, iters: 392, time: 0.034) G_GAN: 1.116 G_L1: 0.374 G_SSIM: 0.314 H_L1: 0.177 H_SSIM: 0.532 D_real: 0.018 D_fake: 0.007 att_A: 0.777 L_hall: 0.055 L_inter: 0.000 L_intra: 0.000 L_fsp: 0.570 fsp_3_4: 0.104 fsp_4_5: 0.148 fsp_5_6: 0.204 fsp_6_7: 0.113 
(epoch: 5, iters: 492, time: 0.060) G_GAN: 1.021 G_L1: 0.409 G_SSIM: 0.193 H_L1: 0.170 H_SSIM: 0.342 D_real: 0.016 D_fake: 0.009 att_A: 0.813 L_hall: 0.057 L_inter: 0.000 L_intra: 0.000 L_fsp: 0.624 fsp_3_4: 0.106 fsp_4_5: 0.167 fsp_5_6: 0.196 fsp_6_7: 0.155 
(epoch: 5, iters: 592, time: 0.034) G_GAN: 0.817 G_L1: 0.332 G_SSIM: 0.174 H_L1: 0.179 H_SSIM: 0.456 D_real: 0.070 D_fake: 0.539 att_A: 0.532 L_hall: 0.045 L_inter: 0.000 L_intra: 0.000 L_fsp: 0.482 fsp_3_4: 0.092 fsp_4_5: 0.103 fsp_5_6: 0.113 fsp_6_7: 0.173 
(epoch: 5, iters: 692, time: 0.034) G_GAN: 0.985 G_L1: 0.315 G_SSIM: 0.241 H_L1: 0.190 H_SSIM: 0.593 D_real: 0.008 D_fake: 0.023 att_A: 0.549 L_hall: 0.049 L_inter: 0.000 L_intra: 0.000 L_fsp: 0.502 fsp_3_4: 0.077 fsp_4_5: 0.130 fsp_5_6: 0.189 fsp_6_7: 0.106 
(epoch: 5, iters: 792, time: 0.033) G_GAN: 0.314 G_L1: 0.226 G_SSIM: 0.062 H_L1: 0.208 H_SSIM: 0.480 D_real: 0.029 D_fake: 0.251 att_A: 0.606 L_hall: 0.044 L_inter: 0.000 L_intra: 0.000 L_fsp: 0.606 fsp_3_4: 0.262 fsp_4_5: 0.148 fsp_5_6: 0.151 fsp_6_7: 0.045 
(epoch: 5, iters: 892, time: 0.033) G_GAN: 1.008 G_L1: 0.388 G_SSIM: 0.269 H_L1: 0.164 H_SSIM: 0.476 D_real: 0.051 D_fake: 0.011 att_A: 0.707 L_hall: 0.055 L_inter: 0.000 L_intra: 0.000 L_fsp: 0.582 fsp_3_4: 0.153 fsp_4_5: 0.146 fsp_5_6: 0.189 fsp_6_7: 0.095 
(epoch: 5, iters: 992, time: 0.061) G_GAN: 0.310 G_L1: 0.284 G_SSIM: 0.131 H_L1: 0.178 H_SSIM: 0.469 D_real: 0.043 D_fake: 0.011 att_A: 0.402 L_hall: 0.050 L_inter: 0.000 L_intra: 0.000 L_fsp: 0.390 fsp_3_4: 0.106 fsp_4_5: 0.125 fsp_5_6: 0.130 fsp_6_7: 0.029 
(epoch: 5, iters: 1092, time: 0.035) G_GAN: 0.984 G_L1: 0.763 G_SSIM: 0.517 H_L1: 0.248 H_SSIM: 0.656 D_real: 0.018 D_fake: 0.006 att_A: 0.777 L_hall: 0.060 L_inter: 0.000 L_intra: 0.000 L_fsp: 0.687 fsp_3_4: 0.095 fsp_4_5: 0.163 fsp_5_6: 0.271 fsp_6_7: 0.159 
(epoch: 5, iters: 1192, time: 0.034) G_GAN: 0.425 G_L1: 0.158 G_SSIM: 0.060 H_L1: 0.251 H_SSIM: 0.569 D_real: 0.257 D_fake: 0.059 att_A: 0.357 L_hall: 0.049 L_inter: 0.000 L_intra: 0.000 L_fsp: 0.521 fsp_3_4: 0.113 fsp_4_5: 0.174 fsp_5_6: 0.173 fsp_6_7: 0.062 
(epoch: 5, iters: 1292, time: 0.034) G_GAN: 0.350 G_L1: 0.255 G_SSIM: 0.195 H_L1: 0.233 H_SSIM: 0.527 D_real: 0.020 D_fake: 0.188 att_A: 0.394 L_hall: 0.055 L_inter: 0.000 L_intra: 0.000 L_fsp: 0.530 fsp_3_4: 0.081 fsp_4_5: 0.137 fsp_5_6: 0.209 fsp_6_7: 0.103 
(epoch: 5, iters: 1392, time: 0.034) G_GAN: 1.211 G_L1: 0.567 G_SSIM: 0.289 H_L1: 0.185 H_SSIM: 0.509 D_real: 0.105 D_fake: 0.017 att_A: 0.596 L_hall: 0.052 L_inter: 0.000 L_intra: 0.000 L_fsp: 0.614 fsp_3_4: 0.132 fsp_4_5: 0.151 fsp_5_6: 0.167 fsp_6_7: 0.164 
(epoch: 5, iters: 1492, time: 0.089) G_GAN: 0.833 G_L1: 0.719 G_SSIM: 0.574 H_L1: 0.239 H_SSIM: 0.658 D_real: 0.039 D_fake: 0.048 att_A: 0.954 L_hall: 0.062 L_inter: 0.000 L_intra: 0.000 L_fsp: 0.553 fsp_3_4: 0.101 fsp_4_5: 0.153 fsp_5_6: 0.164 fsp_6_7: 0.135 
(epoch: 5, iters: 1592, time: 0.033) G_GAN: 0.883 G_L1: 0.524 G_SSIM: 0.457 H_L1: 0.217 H_SSIM: 0.631 D_real: 0.012 D_fake: 0.012 att_A: 0.854 L_hall: 0.060 L_inter: 0.000 L_intra: 0.000 L_fsp: 0.683 fsp_3_4: 0.106 fsp_4_5: 0.146 fsp_5_6: 0.277 fsp_6_7: 0.155 
(epoch: 5, iters: 1692, time: 0.040) G_GAN: 0.621 G_L1: 0.066 G_SSIM: 0.015 H_L1: 0.150 H_SSIM: 0.353 D_real: 0.394 D_fake: 0.018 att_A: 0.716 L_hall: 0.032 L_inter: 0.000 L_intra: 0.000 L_fsp: 0.511 fsp_3_4: 0.132 fsp_4_5: 0.154 fsp_5_6: 0.136 fsp_6_7: 0.089 
(epoch: 5, iters: 1792, time: 0.034) G_GAN: 0.644 G_L1: 0.254 G_SSIM: 0.194 H_L1: 0.221 H_SSIM: 0.547 D_real: 0.025 D_fake: 0.006 att_A: 0.404 L_hall: 0.054 L_inter: 0.000 L_intra: 0.000 L_fsp: 0.491 fsp_3_4: 0.111 fsp_4_5: 0.188 fsp_5_6: 0.138 fsp_6_7: 0.054 
(epoch: 5, iters: 1892, time: 0.034) G_GAN: 1.067 G_L1: 0.356 G_SSIM: 0.246 H_L1: 0.196 H_SSIM: 0.480 D_real: 0.035 D_fake: 0.025 att_A: 0.486 L_hall: 0.054 L_inter: 0.000 L_intra: 0.000 L_fsp: 0.514 fsp_3_4: 0.122 fsp_4_5: 0.169 fsp_5_6: 0.183 fsp_6_7: 0.040 
(epoch: 5, iters: 1992, time: 0.069) G_GAN: 1.336 G_L1: 0.325 G_SSIM: 0.217 H_L1: 0.179 H_SSIM: 0.434 D_real: 0.078 D_fake: 0.047 att_A: 0.652 L_hall: 0.058 L_inter: 0.000 L_intra: 0.000 L_fsp: 0.630 fsp_3_4: 0.144 fsp_4_5: 0.188 fsp_5_6: 0.175 fsp_6_7: 0.123 
(epoch: 5, iters: 2092, time: 0.034) G_GAN: 0.448 G_L1: 0.310 G_SSIM: 0.231 H_L1: 0.207 H_SSIM: 0.530 D_real: 0.012 D_fake: 0.014 att_A: 0.440 L_hall: 0.050 L_inter: 0.000 L_intra: 0.000 L_fsp: 0.552 fsp_3_4: 0.102 fsp_4_5: 0.175 fsp_5_6: 0.136 fsp_6_7: 0.139 
(epoch: 5, iters: 2192, time: 0.034) G_GAN: 1.190 G_L1: 0.565 G_SSIM: 0.450 H_L1: 0.228 H_SSIM: 0.626 D_real: 0.010 D_fake: 0.016 att_A: 0.721 L_hall: 0.056 L_inter: 0.000 L_intra: 0.000 L_fsp: 0.733 fsp_3_4: 0.115 fsp_4_5: 0.145 fsp_5_6: 0.171 fsp_6_7: 0.301 
(epoch: 5, iters: 2292, time: 0.034) G_GAN: 1.034 G_L1: 0.630 G_SSIM: 0.368 H_L1: 0.257 H_SSIM: 0.581 D_real: 0.026 D_fake: 0.013 att_A: 0.434 L_hall: 0.050 L_inter: 0.000 L_intra: 0.000 L_fsp: 0.540 fsp_3_4: 0.163 fsp_4_5: 0.156 fsp_5_6: 0.132 fsp_6_7: 0.088 
(epoch: 5, iters: 2392, time: 0.033) G_GAN: 0.983 G_L1: 0.543 G_SSIM: 0.371 H_L1: 0.214 H_SSIM: 0.661 D_real: 0.018 D_fake: 0.218 att_A: 0.718 L_hall: 0.050 L_inter: 0.000 L_intra: 0.000 L_fsp: 0.577 fsp_3_4: 0.090 fsp_4_5: 0.151 fsp_5_6: 0.146 fsp_6_7: 0.190 
(epoch: 5, iters: 2492, time: 0.060) G_GAN: 1.111 G_L1: 0.358 G_SSIM: 0.332 H_L1: 0.181 H_SSIM: 0.537 D_real: 0.016 D_fake: 0.009 att_A: 0.717 L_hall: 0.054 L_inter: 0.000 L_intra: 0.000 L_fsp: 0.570 fsp_3_4: 0.151 fsp_4_5: 0.158 fsp_5_6: 0.160 fsp_6_7: 0.101 
(epoch: 5, iters: 2592, time: 0.034) G_GAN: 0.831 G_L1: 0.287 G_SSIM: 0.142 H_L1: 0.216 H_SSIM: 0.439 D_real: 0.025 D_fake: 0.011 att_A: 0.666 L_hall: 0.055 L_inter: 0.000 L_intra: 0.000 L_fsp: 0.633 fsp_3_4: 0.186 fsp_4_5: 0.171 fsp_5_6: 0.170 fsp_6_7: 0.106 
(epoch: 5, iters: 2692, time: 0.034) G_GAN: 1.157 G_L1: 0.318 G_SSIM: 0.155 H_L1: 0.198 H_SSIM: 0.460 D_real: 0.031 D_fake: 0.025 att_A: 0.679 L_hall: 0.055 L_inter: 0.000 L_intra: 0.000 L_fsp: 0.670 fsp_3_4: 0.137 fsp_4_5: 0.161 fsp_5_6: 0.168 fsp_6_7: 0.204 
(epoch: 5, iters: 2792, time: 0.034) G_GAN: 0.935 G_L1: 0.609 G_SSIM: 0.461 H_L1: 0.213 H_SSIM: 0.572 D_real: 0.018 D_fake: 0.013 att_A: 0.731 L_hall: 0.055 L_inter: 0.000 L_intra: 0.000 L_fsp: 0.632 fsp_3_4: 0.120 fsp_4_5: 0.174 fsp_5_6: 0.183 fsp_6_7: 0.155 
(epoch: 5, iters: 2892, time: 0.035) G_GAN: 0.903 G_L1: 0.350 G_SSIM: 0.216 H_L1: 0.226 H_SSIM: 0.586 D_real: 0.011 D_fake: 0.397 att_A: 0.667 L_hall: 0.055 L_inter: 0.000 L_intra: 0.000 L_fsp: 0.704 fsp_3_4: 0.112 fsp_4_5: 0.187 fsp_5_6: 0.241 fsp_6_7: 0.163 
(epoch: 5, iters: 2992, time: 0.058) G_GAN: 0.949 G_L1: 0.611 G_SSIM: 0.418 H_L1: 0.222 H_SSIM: 0.538 D_real: 0.023 D_fake: 0.146 att_A: 0.922 L_hall: 0.059 L_inter: 0.000 L_intra: 0.000 L_fsp: 0.651 fsp_3_4: 0.138 fsp_4_5: 0.173 fsp_5_6: 0.172 fsp_6_7: 0.168 
(epoch: 5, iters: 3092, time: 0.034) G_GAN: 0.858 G_L1: 0.290 G_SSIM: 0.214 H_L1: 0.160 H_SSIM: 0.430 D_real: 0.048 D_fake: 0.083 att_A: 0.667 L_hall: 0.052 L_inter: 0.000 L_intra: 0.000 L_fsp: 0.598 fsp_3_4: 0.163 fsp_4_5: 0.176 fsp_5_6: 0.138 fsp_6_7: 0.121 
(epoch: 5, iters: 3192, time: 0.034) G_GAN: 0.939 G_L1: 0.287 G_SSIM: 0.178 H_L1: 0.215 H_SSIM: 0.517 D_real: 0.049 D_fake: 0.044 att_A: 0.463 L_hall: 0.043 L_inter: 0.000 L_intra: 0.000 L_fsp: 0.362 fsp_3_4: 0.116 fsp_4_5: 0.112 fsp_5_6: 0.099 fsp_6_7: 0.035 
(epoch: 5, iters: 3292, time: 0.034) G_GAN: 0.980 G_L1: 0.422 G_SSIM: 0.255 H_L1: 0.169 H_SSIM: 0.411 D_real: 0.010 D_fake: 0.006 att_A: 0.633 L_hall: 0.061 L_inter: 0.000 L_intra: 0.000 L_fsp: 0.795 fsp_3_4: 0.193 fsp_4_5: 0.185 fsp_5_6: 0.223 fsp_6_7: 0.194 
(epoch: 5, iters: 3392, time: 0.035) G_GAN: 1.087 G_L1: 0.795 G_SSIM: 0.487 H_L1: 0.286 H_SSIM: 0.545 D_real: 0.030 D_fake: 0.006 att_A: 0.966 L_hall: 0.065 L_inter: 0.000 L_intra: 0.000 L_fsp: 0.570 fsp_3_4: 0.123 fsp_4_5: 0.174 fsp_5_6: 0.126 fsp_6_7: 0.146 
(epoch: 5, iters: 3492, time: 0.067) G_GAN: 0.368 G_L1: 0.438 G_SSIM: 0.299 H_L1: 0.188 H_SSIM: 0.446 D_real: 0.009 D_fake: 0.584 att_A: 0.526 L_hall: 0.051 L_inter: 0.000 L_intra: 0.000 L_fsp: 0.522 fsp_3_4: 0.087 fsp_4_5: 0.148 fsp_5_6: 0.200 fsp_6_7: 0.087 
saving the latest model (epoch 5, total_steps 40000)
(epoch: 5, iters: 3592, time: 0.034) G_GAN: 1.153 G_L1: 0.333 G_SSIM: 0.202 H_L1: 0.178 H_SSIM: 0.486 D_real: 0.057 D_fake: 0.012 att_A: 0.536 L_hall: 0.053 L_inter: 0.000 L_intra: 0.000 L_fsp: 0.659 fsp_3_4: 0.121 fsp_4_5: 0.150 fsp_5_6: 0.183 fsp_6_7: 0.205 
(epoch: 5, iters: 3692, time: 0.034) G_GAN: 1.119 G_L1: 0.360 G_SSIM: 0.241 H_L1: 0.156 H_SSIM: 0.450 D_real: 0.008 D_fake: 0.007 att_A: 0.702 L_hall: 0.052 L_inter: 0.000 L_intra: 0.000 L_fsp: 0.747 fsp_3_4: 0.146 fsp_4_5: 0.173 fsp_5_6: 0.243 fsp_6_7: 0.185 
(epoch: 5, iters: 3792, time: 0.034) G_GAN: 0.411 G_L1: 0.206 G_SSIM: 0.084 H_L1: 0.193 H_SSIM: 0.454 D_real: 0.081 D_fake: 0.056 att_A: 0.542 L_hall: 0.055 L_inter: 0.000 L_intra: 0.000 L_fsp: 0.630 fsp_3_4: 0.121 fsp_4_5: 0.154 fsp_5_6: 0.148 fsp_6_7: 0.206 
(epoch: 5, iters: 3892, time: 0.034) G_GAN: 1.559 G_L1: 0.058 G_SSIM: 0.034 H_L1: 0.158 H_SSIM: 0.338 D_real: 0.221 D_fake: 0.071 att_A: 0.368 L_hall: 0.051 L_inter: 0.000 L_intra: 0.000 L_fsp: 0.567 fsp_3_4: 0.087 fsp_4_5: 0.127 fsp_5_6: 0.183 fsp_6_7: 0.170 
(epoch: 5, iters: 3992, time: 0.057) G_GAN: 0.741 G_L1: 0.324 G_SSIM: 0.035 H_L1: 0.167 H_SSIM: 0.350 D_real: 0.013 D_fake: 0.007 att_A: 0.676 L_hall: 0.057 L_inter: 0.000 L_intra: 0.000 L_fsp: 0.571 fsp_3_4: 0.067 fsp_4_5: 0.122 fsp_5_6: 0.172 fsp_6_7: 0.210 
(epoch: 5, iters: 4092, time: 0.035) G_GAN: 0.760 G_L1: 0.281 G_SSIM: 0.174 H_L1: 0.187 H_SSIM: 0.465 D_real: 0.201 D_fake: 0.066 att_A: 0.745 L_hall: 0.052 L_inter: 0.000 L_intra: 0.000 L_fsp: 0.649 fsp_3_4: 0.160 fsp_4_5: 0.204 fsp_5_6: 0.161 fsp_6_7: 0.125 
(epoch: 5, iters: 4192, time: 0.034) G_GAN: 0.801 G_L1: 0.597 G_SSIM: 0.260 H_L1: 0.218 H_SSIM: 0.431 D_real: 0.019 D_fake: 0.666 att_A: 0.907 L_hall: 0.058 L_inter: 0.000 L_intra: 0.000 L_fsp: 0.595 fsp_3_4: 0.112 fsp_4_5: 0.149 fsp_5_6: 0.187 fsp_6_7: 0.148 
(epoch: 5, iters: 4292, time: 0.034) G_GAN: 0.764 G_L1: 1.059 G_SSIM: 0.407 H_L1: 0.198 H_SSIM: 0.518 D_real: 0.029 D_fake: 0.006 att_A: 0.902 L_hall: 0.058 L_inter: 0.000 L_intra: 0.000 L_fsp: 0.705 fsp_3_4: 0.114 fsp_4_5: 0.160 fsp_5_6: 0.215 fsp_6_7: 0.215 
(epoch: 5, iters: 4392, time: 0.034) G_GAN: 1.078 G_L1: 0.187 G_SSIM: 0.066 H_L1: 0.172 H_SSIM: 0.353 D_real: 0.122 D_fake: 0.019 att_A: 0.804 L_hall: 0.050 L_inter: 0.000 L_intra: 0.000 L_fsp: 0.627 fsp_3_4: 0.174 fsp_4_5: 0.140 fsp_5_6: 0.190 fsp_6_7: 0.123 
(epoch: 5, iters: 4492, time: 0.055) G_GAN: 1.109 G_L1: 0.558 G_SSIM: 0.239 H_L1: 0.212 H_SSIM: 0.493 D_real: 0.036 D_fake: 0.016 att_A: 0.562 L_hall: 0.052 L_inter: 0.000 L_intra: 0.000 L_fsp: 0.487 fsp_3_4: 0.123 fsp_4_5: 0.124 fsp_5_6: 0.192 fsp_6_7: 0.047 
(epoch: 5, iters: 4592, time: 0.034) G_GAN: 0.524 G_L1: 0.233 G_SSIM: 0.163 H_L1: 0.240 H_SSIM: 0.552 D_real: 0.089 D_fake: 0.091 att_A: 0.320 L_hall: 0.052 L_inter: 0.000 L_intra: 0.000 L_fsp: 0.467 fsp_3_4: 0.096 fsp_4_5: 0.164 fsp_5_6: 0.125 fsp_6_7: 0.082 
(epoch: 5, iters: 4692, time: 0.034) G_GAN: 0.896 G_L1: 0.557 G_SSIM: 0.338 H_L1: 0.218 H_SSIM: 0.503 D_real: 0.066 D_fake: 0.043 att_A: 0.936 L_hall: 0.065 L_inter: 0.000 L_intra: 0.000 L_fsp: 0.648 fsp_3_4: 0.118 fsp_4_5: 0.182 fsp_5_6: 0.164 fsp_6_7: 0.184 
(epoch: 5, iters: 4792, time: 0.034) G_GAN: 0.159 G_L1: 0.648 G_SSIM: 0.298 H_L1: 0.220 H_SSIM: 0.474 D_real: 0.007 D_fake: 0.009 att_A: 0.491 L_hall: 0.052 L_inter: 0.000 L_intra: 0.000 L_fsp: 0.532 fsp_3_4: 0.129 fsp_4_5: 0.152 fsp_5_6: 0.189 fsp_6_7: 0.062 
(epoch: 5, iters: 4892, time: 0.033) G_GAN: 0.998 G_L1: 0.128 G_SSIM: 0.030 H_L1: 0.192 H_SSIM: 0.352 D_real: 0.071 D_fake: 0.014 att_A: 0.527 L_hall: 0.050 L_inter: 0.000 L_intra: 0.000 L_fsp: 0.548 fsp_3_4: 0.087 fsp_4_5: 0.142 fsp_5_6: 0.123 fsp_6_7: 0.195 
(epoch: 5, iters: 4992, time: 0.067) G_GAN: 1.056 G_L1: 0.336 G_SSIM: 0.206 H_L1: 0.163 H_SSIM: 0.373 D_real: 0.007 D_fake: 0.010 att_A: 0.923 L_hall: 0.060 L_inter: 0.000 L_intra: 0.000 L_fsp: 0.481 fsp_3_4: 0.109 fsp_4_5: 0.163 fsp_5_6: 0.118 fsp_6_7: 0.091 
(epoch: 5, iters: 5092, time: 0.034) G_GAN: 0.216 G_L1: 0.553 G_SSIM: 0.372 H_L1: 0.197 H_SSIM: 0.496 D_real: 0.057 D_fake: 0.032 att_A: 0.456 L_hall: 0.053 L_inter: 0.000 L_intra: 0.000 L_fsp: 0.562 fsp_3_4: 0.145 fsp_4_5: 0.222 fsp_5_6: 0.144 fsp_6_7: 0.050 
(epoch: 5, iters: 5192, time: 0.034) G_GAN: 0.892 G_L1: 0.375 G_SSIM: 0.291 H_L1: 0.237 H_SSIM: 0.516 D_real: 0.034 D_fake: 0.012 att_A: 0.552 L_hall: 0.055 L_inter: 0.000 L_intra: 0.000 L_fsp: 0.833 fsp_3_4: 0.125 fsp_4_5: 0.180 fsp_5_6: 0.226 fsp_6_7: 0.302 
(epoch: 5, iters: 5292, time: 0.035) G_GAN: 1.217 G_L1: 0.060 G_SSIM: 0.017 H_L1: 0.166 H_SSIM: 0.336 D_real: 0.265 D_fake: 0.007 att_A: 0.375 L_hall: 0.055 L_inter: 0.000 L_intra: 0.000 L_fsp: 0.650 fsp_3_4: 0.063 fsp_4_5: 0.151 fsp_5_6: 0.247 fsp_6_7: 0.189 
(epoch: 5, iters: 5392, time: 0.033) G_GAN: 0.956 G_L1: 0.432 G_SSIM: 0.266 H_L1: 0.195 H_SSIM: 0.450 D_real: 0.007 D_fake: 0.005 att_A: 0.702 L_hall: 0.057 L_inter: 0.000 L_intra: 0.000 L_fsp: 0.858 fsp_3_4: 0.082 fsp_4_5: 0.172 fsp_5_6: 0.259 fsp_6_7: 0.345 
(epoch: 5, iters: 5492, time: 0.067) G_GAN: 0.663 G_L1: 0.405 G_SSIM: 0.209 H_L1: 0.163 H_SSIM: 0.379 D_real: 0.014 D_fake: 0.015 att_A: 0.560 L_hall: 0.055 L_inter: 0.000 L_intra: 0.000 L_fsp: 0.626 fsp_3_4: 0.201 fsp_4_5: 0.164 fsp_5_6: 0.155 fsp_6_7: 0.106 
(epoch: 5, iters: 5592, time: 0.034) G_GAN: 1.031 G_L1: 0.673 G_SSIM: 0.396 H_L1: 0.193 H_SSIM: 0.536 D_real: 0.023 D_fake: 0.018 att_A: 0.833 L_hall: 0.056 L_inter: 0.000 L_intra: 0.000 L_fsp: 0.602 fsp_3_4: 0.118 fsp_4_5: 0.167 fsp_5_6: 0.159 fsp_6_7: 0.159 
(epoch: 5, iters: 5692, time: 0.034) G_GAN: 1.200 G_L1: 0.456 G_SSIM: 0.226 H_L1: 0.185 H_SSIM: 0.514 D_real: 0.043 D_fake: 0.014 att_A: 0.571 L_hall: 0.048 L_inter: 0.000 L_intra: 0.000 L_fsp: 0.505 fsp_3_4: 0.129 fsp_4_5: 0.145 fsp_5_6: 0.125 fsp_6_7: 0.106 
(epoch: 5, iters: 5792, time: 0.034) G_GAN: 0.898 G_L1: 0.509 G_SSIM: 0.242 H_L1: 0.169 H_SSIM: 0.393 D_real: 0.034 D_fake: 0.013 att_A: 0.848 L_hall: 0.060 L_inter: 0.000 L_intra: 0.000 L_fsp: 0.908 fsp_3_4: 0.123 fsp_4_5: 0.226 fsp_5_6: 0.201 fsp_6_7: 0.358 
(epoch: 5, iters: 5892, time: 0.034) G_GAN: 0.137 G_L1: 0.223 G_SSIM: 0.139 H_L1: 0.181 H_SSIM: 0.512 D_real: 0.021 D_fake: 0.012 att_A: 0.364 L_hall: 0.046 L_inter: 0.000 L_intra: 0.000 L_fsp: 0.346 fsp_3_4: 0.084 fsp_4_5: 0.095 fsp_5_6: 0.121 fsp_6_7: 0.046 
(epoch: 5, iters: 5992, time: 0.067) G_GAN: 0.857 G_L1: 0.254 G_SSIM: 0.179 H_L1: 0.161 H_SSIM: 0.451 D_real: 0.024 D_fake: 0.005 att_A: 0.541 L_hall: 0.054 L_inter: 0.000 L_intra: 0.000 L_fsp: 0.687 fsp_3_4: 0.110 fsp_4_5: 0.184 fsp_5_6: 0.210 fsp_6_7: 0.184 
(epoch: 5, iters: 6092, time: 0.034) G_GAN: 1.075 G_L1: 0.316 G_SSIM: 0.217 H_L1: 0.172 H_SSIM: 0.451 D_real: 0.008 D_fake: 0.413 att_A: 0.624 L_hall: 0.060 L_inter: 0.000 L_intra: 0.000 L_fsp: 0.708 fsp_3_4: 0.102 fsp_4_5: 0.169 fsp_5_6: 0.182 fsp_6_7: 0.255 
(epoch: 5, iters: 6192, time: 0.036) G_GAN: 1.034 G_L1: 0.377 G_SSIM: 0.235 H_L1: 0.177 H_SSIM: 0.496 D_real: 0.011 D_fake: 0.006 att_A: 0.709 L_hall: 0.047 L_inter: 0.000 L_intra: 0.000 L_fsp: 0.510 fsp_3_4: 0.120 fsp_4_5: 0.126 fsp_5_6: 0.139 fsp_6_7: 0.125 
(epoch: 5, iters: 6292, time: 0.038) G_GAN: 1.316 G_L1: 0.329 G_SSIM: 0.162 H_L1: 0.179 H_SSIM: 0.444 D_real: 0.018 D_fake: 0.033 att_A: 0.763 L_hall: 0.061 L_inter: 0.000 L_intra: 0.000 L_fsp: 0.780 fsp_3_4: 0.149 fsp_4_5: 0.163 fsp_5_6: 0.264 fsp_6_7: 0.204 
(epoch: 5, iters: 6392, time: 0.034) G_GAN: 0.637 G_L1: 0.263 G_SSIM: 0.088 H_L1: 0.229 H_SSIM: 0.536 D_real: 0.169 D_fake: 0.010 att_A: 0.423 L_hall: 0.053 L_inter: 0.000 L_intra: 0.000 L_fsp: 0.700 fsp_3_4: 0.130 fsp_4_5: 0.177 fsp_5_6: 0.186 fsp_6_7: 0.207 
(epoch: 5, iters: 6492, time: 0.095) G_GAN: 0.487 G_L1: 0.421 G_SSIM: 0.302 H_L1: 0.199 H_SSIM: 0.603 D_real: 0.008 D_fake: 0.009 att_A: 0.575 L_hall: 0.055 L_inter: 0.000 L_intra: 0.000 L_fsp: 0.635 fsp_3_4: 0.100 fsp_4_5: 0.156 fsp_5_6: 0.226 fsp_6_7: 0.153 
(epoch: 5, iters: 6592, time: 0.034) G_GAN: 0.887 G_L1: 0.452 G_SSIM: 0.276 H_L1: 0.177 H_SSIM: 0.431 D_real: 0.010 D_fake: 0.008 att_A: 0.616 L_hall: 0.052 L_inter: 0.000 L_intra: 0.000 L_fsp: 0.672 fsp_3_4: 0.165 fsp_4_5: 0.184 fsp_5_6: 0.215 fsp_6_7: 0.109 
(epoch: 5, iters: 6692, time: 0.034) G_GAN: 1.067 G_L1: 0.295 G_SSIM: 0.209 H_L1: 0.193 H_SSIM: 0.442 D_real: 0.045 D_fake: 0.028 att_A: 0.662 L_hall: 0.056 L_inter: 0.000 L_intra: 0.000 L_fsp: 0.589 fsp_3_4: 0.127 fsp_4_5: 0.151 fsp_5_6: 0.177 fsp_6_7: 0.133 
(epoch: 5, iters: 6792, time: 0.034) G_GAN: 0.863 G_L1: 0.773 G_SSIM: 0.398 H_L1: 0.219 H_SSIM: 0.533 D_real: 0.031 D_fake: 0.022 att_A: 0.929 L_hall: 0.059 L_inter: 0.000 L_intra: 0.000 L_fsp: 0.802 fsp_3_4: 0.185 fsp_4_5: 0.168 fsp_5_6: 0.226 fsp_6_7: 0.223 
(epoch: 5, iters: 6892, time: 0.034) G_GAN: 1.122 G_L1: 0.428 G_SSIM: 0.274 H_L1: 0.245 H_SSIM: 0.627 D_real: 0.018 D_fake: 0.008 att_A: 0.617 L_hall: 0.058 L_inter: 0.000 L_intra: 0.000 L_fsp: 0.549 fsp_3_4: 0.096 fsp_4_5: 0.132 fsp_5_6: 0.171 fsp_6_7: 0.149 
(epoch: 5, iters: 6992, time: 0.061) G_GAN: 1.064 G_L1: 0.294 G_SSIM: 0.147 H_L1: 0.175 H_SSIM: 0.466 D_real: 0.013 D_fake: 0.005 att_A: 0.767 L_hall: 0.058 L_inter: 0.000 L_intra: 0.000 L_fsp: 0.617 fsp_3_4: 0.113 fsp_4_5: 0.184 fsp_5_6: 0.179 fsp_6_7: 0.141 
(epoch: 5, iters: 7092, time: 0.034) G_GAN: 1.275 G_L1: 0.444 G_SSIM: 0.401 H_L1: 0.212 H_SSIM: 0.620 D_real: 0.034 D_fake: 0.033 att_A: 0.768 L_hall: 0.058 L_inter: 0.000 L_intra: 0.000 L_fsp: 0.632 fsp_3_4: 0.119 fsp_4_5: 0.146 fsp_5_6: 0.165 fsp_6_7: 0.201 
(epoch: 5, iters: 7192, time: 0.034) G_GAN: 0.094 G_L1: 0.267 G_SSIM: 0.011 H_L1: 0.257 H_SSIM: 0.362 D_real: 0.072 D_fake: 0.432 att_A: 0.460 L_hall: 0.045 L_inter: 0.000 L_intra: 0.000 L_fsp: 0.868 fsp_3_4: 0.185 fsp_4_5: 0.197 fsp_5_6: 0.290 fsp_6_7: 0.196 
(epoch: 5, iters: 7292, time: 0.034) G_GAN: 0.938 G_L1: 0.228 G_SSIM: 0.137 H_L1: 0.223 H_SSIM: 0.508 D_real: 0.028 D_fake: 0.014 att_A: 0.576 L_hall: 0.058 L_inter: 0.000 L_intra: 0.000 L_fsp: 0.799 fsp_3_4: 0.090 fsp_4_5: 0.166 fsp_5_6: 0.178 fsp_6_7: 0.366 
(epoch: 5, iters: 7392, time: 0.033) G_GAN: 1.328 G_L1: 0.394 G_SSIM: 0.337 H_L1: 0.181 H_SSIM: 0.624 D_real: 0.030 D_fake: 0.012 att_A: 0.642 L_hall: 0.051 L_inter: 0.000 L_intra: 0.000 L_fsp: 0.431 fsp_3_4: 0.088 fsp_4_5: 0.159 fsp_5_6: 0.118 fsp_6_7: 0.066 
(epoch: 5, iters: 7492, time: 0.058) G_GAN: 0.387 G_L1: 0.313 G_SSIM: 0.181 H_L1: 0.163 H_SSIM: 0.546 D_real: 0.011 D_fake: 0.027 att_A: 0.441 L_hall: 0.044 L_inter: 0.000 L_intra: 0.000 L_fsp: 0.563 fsp_3_4: 0.097 fsp_4_5: 0.179 fsp_5_6: 0.150 fsp_6_7: 0.138 
(epoch: 5, iters: 7592, time: 0.035) G_GAN: 0.988 G_L1: 0.364 G_SSIM: 0.191 H_L1: 0.159 H_SSIM: 0.413 D_real: 0.062 D_fake: 0.009 att_A: 0.763 L_hall: 0.051 L_inter: 0.000 L_intra: 0.000 L_fsp: 0.579 fsp_3_4: 0.118 fsp_4_5: 0.162 fsp_5_6: 0.181 fsp_6_7: 0.119 
(epoch: 5, iters: 7692, time: 0.034) G_GAN: 0.765 G_L1: 0.369 G_SSIM: 0.161 H_L1: 0.143 H_SSIM: 0.397 D_real: 0.010 D_fake: 0.022 att_A: 0.720 L_hall: 0.056 L_inter: 0.000 L_intra: 0.000 L_fsp: 0.783 fsp_3_4: 0.188 fsp_4_5: 0.176 fsp_5_6: 0.233 fsp_6_7: 0.185 
(epoch: 5, iters: 7792, time: 0.034) G_GAN: 0.438 G_L1: 0.139 G_SSIM: 0.057 H_L1: 0.252 H_SSIM: 0.567 D_real: 0.271 D_fake: 0.391 att_A: 0.295 L_hall: 0.045 L_inter: 0.000 L_intra: 0.000 L_fsp: 0.373 fsp_3_4: 0.095 fsp_4_5: 0.113 fsp_5_6: 0.107 fsp_6_7: 0.058 
(epoch: 5, iters: 7892, time: 0.034) G_GAN: 0.540 G_L1: 0.241 G_SSIM: 0.174 H_L1: 0.234 H_SSIM: 0.520 D_real: 0.027 D_fake: 0.089 att_A: 0.337 L_hall: 0.051 L_inter: 0.000 L_intra: 0.000 L_fsp: 0.457 fsp_3_4: 0.086 fsp_4_5: 0.140 fsp_5_6: 0.141 fsp_6_7: 0.091 
(epoch: 5, iters: 7992, time: 0.057) G_GAN: 1.037 G_L1: 0.307 G_SSIM: 0.175 H_L1: 0.205 H_SSIM: 0.481 D_real: 0.101 D_fake: 0.008 att_A: 0.460 L_hall: 0.044 L_inter: 0.000 L_intra: 0.000 L_fsp: 0.518 fsp_3_4: 0.110 fsp_4_5: 0.220 fsp_5_6: 0.116 fsp_6_7: 0.071 
(epoch: 5, iters: 8092, time: 0.034) G_GAN: 1.150 G_L1: 0.870 G_SSIM: 0.529 H_L1: 0.226 H_SSIM: 0.613 D_real: 0.010 D_fake: 0.011 att_A: 0.887 L_hall: 0.061 L_inter: 0.000 L_intra: 0.000 L_fsp: 0.769 fsp_3_4: 0.118 fsp_4_5: 0.150 fsp_5_6: 0.238 fsp_6_7: 0.262 
(epoch: 5, iters: 8192, time: 0.035) G_GAN: 1.122 G_L1: 0.425 G_SSIM: 0.332 H_L1: 0.221 H_SSIM: 0.519 D_real: 0.010 D_fake: 0.017 att_A: 0.729 L_hall: 0.056 L_inter: 0.000 L_intra: 0.000 L_fsp: 0.802 fsp_3_4: 0.095 fsp_4_5: 0.136 fsp_5_6: 0.210 fsp_6_7: 0.361 
(epoch: 5, iters: 8292, time: 0.034) G_GAN: 1.014 G_L1: 0.594 G_SSIM: 0.302 H_L1: 0.198 H_SSIM: 0.440 D_real: 0.011 D_fake: 0.008 att_A: 0.696 L_hall: 0.057 L_inter: 0.000 L_intra: 0.000 L_fsp: 0.597 fsp_3_4: 0.128 fsp_4_5: 0.169 fsp_5_6: 0.173 fsp_6_7: 0.127 
(epoch: 5, iters: 8392, time: 0.034) G_GAN: 1.056 G_L1: 0.419 G_SSIM: 0.380 H_L1: 0.213 H_SSIM: 0.580 D_real: 0.006 D_fake: 0.332 att_A: 0.762 L_hall: 0.058 L_inter: 0.000 L_intra: 0.000 L_fsp: 0.856 fsp_3_4: 0.116 fsp_4_5: 0.147 fsp_5_6: 0.213 fsp_6_7: 0.380 
(epoch: 5, iters: 8492, time: 0.053) G_GAN: 1.034 G_L1: 0.424 G_SSIM: 0.316 H_L1: 0.156 H_SSIM: 0.405 D_real: 0.015 D_fake: 0.010 att_A: 0.945 L_hall: 0.062 L_inter: 0.000 L_intra: 0.000 L_fsp: 0.648 fsp_3_4: 0.219 fsp_4_5: 0.204 fsp_5_6: 0.152 fsp_6_7: 0.074 
saving the latest model (epoch 5, total_steps 45000)
(epoch: 5, iters: 8592, time: 0.034) G_GAN: 0.592 G_L1: 0.247 G_SSIM: 0.149 H_L1: 0.199 H_SSIM: 0.499 D_real: 0.052 D_fake: 0.974 att_A: 0.453 L_hall: 0.054 L_inter: 0.000 L_intra: 0.000 L_fsp: 0.479 fsp_3_4: 0.064 fsp_4_5: 0.111 fsp_5_6: 0.148 fsp_6_7: 0.156 
(epoch: 5, iters: 8692, time: 0.034) G_GAN: 1.004 G_L1: 0.425 G_SSIM: 0.144 H_L1: 0.165 H_SSIM: 0.418 D_real: 0.030 D_fake: 0.012 att_A: 0.570 L_hall: 0.045 L_inter: 0.000 L_intra: 0.000 L_fsp: 0.472 fsp_3_4: 0.107 fsp_4_5: 0.134 fsp_5_6: 0.183 fsp_6_7: 0.049 
(epoch: 5, iters: 8792, time: 0.034) G_GAN: 0.889 G_L1: 0.276 G_SSIM: 0.164 H_L1: 0.149 H_SSIM: 0.347 D_real: 0.228 D_fake: 0.179 att_A: 0.897 L_hall: 0.061 L_inter: 0.000 L_intra: 0.000 L_fsp: 0.709 fsp_3_4: 0.159 fsp_4_5: 0.212 fsp_5_6: 0.192 fsp_6_7: 0.146 
(epoch: 5, iters: 8892, time: 0.034) G_GAN: 0.907 G_L1: 0.559 G_SSIM: 0.358 H_L1: 0.206 H_SSIM: 0.561 D_real: 0.005 D_fake: 0.006 att_A: 0.828 L_hall: 0.057 L_inter: 0.000 L_intra: 0.000 L_fsp: 0.938 fsp_3_4: 0.173 fsp_4_5: 0.176 fsp_5_6: 0.211 fsp_6_7: 0.379 
(epoch: 5, iters: 8992, time: 0.057) G_GAN: 1.024 G_L1: 0.381 G_SSIM: 0.194 H_L1: 0.178 H_SSIM: 0.438 D_real: 0.171 D_fake: 0.049 att_A: 0.486 L_hall: 0.051 L_inter: 0.000 L_intra: 0.000 L_fsp: 0.644 fsp_3_4: 0.146 fsp_4_5: 0.187 fsp_5_6: 0.204 fsp_6_7: 0.107 
(epoch: 5, iters: 9092, time: 0.033) G_GAN: 1.052 G_L1: 0.394 G_SSIM: 0.299 H_L1: 0.173 H_SSIM: 0.506 D_real: 0.024 D_fake: 0.007 att_A: 0.667 L_hall: 0.049 L_inter: 0.000 L_intra: 0.000 L_fsp: 0.582 fsp_3_4: 0.110 fsp_4_5: 0.157 fsp_5_6: 0.161 fsp_6_7: 0.154 
saving the model at the end of epoch 5, iters 45635
epoch 5  fsp_3_4:0.124669  fsp_3_4_degen:0.000000  fsp_4_5:0.163410  fsp_4_5_degen:0.000000  fsp_5_6:0.177069  fsp_5_6_degen:0.000000  fsp_6_7:0.154875  fsp_6_7_degen:0.000000
End of epoch 5 / 30 	 Time Taken: 475 sec
learning rate = 0.0002000
(epoch: 6, iters: 65, time: 0.033) G_GAN: 0.529 G_L1: 0.281 G_SSIM: 0.191 H_L1: 0.161 H_SSIM: 0.482 D_real: 0.014 D_fake: 0.094 att_A: 0.539 L_hall: 0.045 L_inter: 0.000 L_intra: 0.000 L_fsp: 0.434 fsp_3_4: 0.105 fsp_4_5: 0.161 fsp_5_6: 0.123 fsp_6_7: 0.045 
(epoch: 6, iters: 165, time: 0.033) G_GAN: 0.864 G_L1: 0.196 G_SSIM: 0.108 H_L1: 0.226 H_SSIM: 0.501 D_real: 0.070 D_fake: 0.017 att_A: 0.487 L_hall: 0.048 L_inter: 0.000 L_intra: 0.000 L_fsp: 0.585 fsp_3_4: 0.141 fsp_4_5: 0.142 fsp_5_6: 0.135 fsp_6_7: 0.168 
(epoch: 6, iters: 265, time: 0.033) G_GAN: 1.239 G_L1: 0.483 G_SSIM: 0.251 H_L1: 0.266 H_SSIM: 0.616 D_real: 0.027 D_fake: 0.039 att_A: 0.673 L_hall: 0.057 L_inter: 0.000 L_intra: 0.000 L_fsp: 0.638 fsp_3_4: 0.112 fsp_4_5: 0.179 fsp_5_6: 0.195 fsp_6_7: 0.152 
(epoch: 6, iters: 365, time: 0.050) G_GAN: 1.034 G_L1: 0.611 G_SSIM: 0.319 H_L1: 0.196 H_SSIM: 0.456 D_real: 0.010 D_fake: 0.052 att_A: 0.868 L_hall: 0.061 L_inter: 0.000 L_intra: 0.000 L_fsp: 0.627 fsp_3_4: 0.159 fsp_4_5: 0.164 fsp_5_6: 0.214 fsp_6_7: 0.090 
(epoch: 6, iters: 465, time: 0.033) G_GAN: 0.298 G_L1: 0.287 G_SSIM: 0.101 H_L1: 0.213 H_SSIM: 0.471 D_real: 0.011 D_fake: 0.005 att_A: 0.461 L_hall: 0.049 L_inter: 0.000 L_intra: 0.000 L_fsp: 0.423 fsp_3_4: 0.104 fsp_4_5: 0.146 fsp_5_6: 0.135 fsp_6_7: 0.039 
(epoch: 6, iters: 565, time: 0.034) G_GAN: 1.124 G_L1: 0.456 G_SSIM: 0.237 H_L1: 0.158 H_SSIM: 0.446 D_real: 0.015 D_fake: 0.012 att_A: 0.753 L_hall: 0.052 L_inter: 0.000 L_intra: 0.000 L_fsp: 0.861 fsp_3_4: 0.144 fsp_4_5: 0.183 fsp_5_6: 0.344 fsp_6_7: 0.190 
(epoch: 6, iters: 665, time: 0.037) G_GAN: 1.001 G_L1: 0.297 G_SSIM: 0.179 H_L1: 0.274 H_SSIM: 0.574 D_real: 0.044 D_fake: 0.028 att_A: 0.548 L_hall: 0.052 L_inter: 0.000 L_intra: 0.000 L_fsp: 0.684 fsp_3_4: 0.155 fsp_4_5: 0.162 fsp_5_6: 0.225 fsp_6_7: 0.143 
(epoch: 6, iters: 765, time: 0.034) G_GAN: 0.817 G_L1: 0.410 G_SSIM: 0.387 H_L1: 0.212 H_SSIM: 0.641 D_real: 0.011 D_fake: 0.054 att_A: 0.739 L_hall: 0.056 L_inter: 0.000 L_intra: 0.000 L_fsp: 0.568 fsp_3_4: 0.081 fsp_4_5: 0.144 fsp_5_6: 0.200 fsp_6_7: 0.142 
(epoch: 6, iters: 865, time: 0.062) G_GAN: 0.829 G_L1: 0.395 G_SSIM: 0.313 H_L1: 0.168 H_SSIM: 0.443 D_real: 0.010 D_fake: 0.006 att_A: 0.662 L_hall: 0.046 L_inter: 0.000 L_intra: 0.000 L_fsp: 0.528 fsp_3_4: 0.117 fsp_4_5: 0.187 fsp_5_6: 0.129 fsp_6_7: 0.094 
(epoch: 6, iters: 965, time: 0.033) G_GAN: 0.894 G_L1: 0.437 G_SSIM: 0.204 H_L1: 0.157 H_SSIM: 0.362 D_real: 0.037 D_fake: 0.031 att_A: 0.852 L_hall: 0.055 L_inter: 0.000 L_intra: 0.000 L_fsp: 0.893 fsp_3_4: 0.166 fsp_4_5: 0.192 fsp_5_6: 0.213 fsp_6_7: 0.323 
(epoch: 6, iters: 1065, time: 0.036) G_GAN: 0.830 G_L1: 0.298 G_SSIM: 0.094 H_L1: 0.165 H_SSIM: 0.362 D_real: 0.038 D_fake: 0.017 att_A: 0.784 L_hall: 0.051 L_inter: 0.000 L_intra: 0.000 L_fsp: 0.735 fsp_3_4: 0.203 fsp_4_5: 0.178 fsp_5_6: 0.178 fsp_6_7: 0.175 
(epoch: 6, iters: 1165, time: 0.034) G_GAN: 0.406 G_L1: 0.330 G_SSIM: 0.239 H_L1: 0.176 H_SSIM: 0.558 D_real: 0.021 D_fake: 0.139 att_A: 0.534 L_hall: 0.045 L_inter: 0.000 L_intra: 0.000 L_fsp: 0.540 fsp_3_4: 0.140 fsp_4_5: 0.149 fsp_5_6: 0.167 fsp_6_7: 0.084 
(epoch: 6, iters: 1265, time: 0.033) G_GAN: 1.069 G_L1: 0.637 G_SSIM: 0.419 H_L1: 0.212 H_SSIM: 0.530 D_real: 0.011 D_fake: 0.010 att_A: 0.669 L_hall: 0.051 L_inter: 0.000 L_intra: 0.000 L_fsp: 0.592 fsp_3_4: 0.094 fsp_4_5: 0.117 fsp_5_6: 0.228 fsp_6_7: 0.153 
(epoch: 6, iters: 1365, time: 0.057) G_GAN: 0.826 G_L1: 0.361 G_SSIM: 0.181 H_L1: 0.169 H_SSIM: 0.498 D_real: 0.009 D_fake: 0.018 att_A: 0.560 L_hall: 0.045 L_inter: 0.000 L_intra: 0.000 L_fsp: 0.524 fsp_3_4: 0.117 fsp_4_5: 0.159 fsp_5_6: 0.138 fsp_6_7: 0.110 
(epoch: 6, iters: 1465, time: 0.034) G_GAN: 0.472 G_L1: 0.285 G_SSIM: 0.213 H_L1: 0.221 H_SSIM: 0.550 D_real: 0.011 D_fake: 0.113 att_A: 0.370 L_hall: 0.052 L_inter: 0.000 L_intra: 0.000 L_fsp: 0.399 fsp_3_4: 0.062 fsp_4_5: 0.115 fsp_5_6: 0.178 fsp_6_7: 0.043 
(epoch: 6, iters: 1565, time: 0.033) G_GAN: 1.101 G_L1: 0.981 G_SSIM: 0.479 H_L1: 0.245 H_SSIM: 0.595 D_real: 0.014 D_fake: 0.030 att_A: 0.937 L_hall: 0.064 L_inter: 0.000 L_intra: 0.000 L_fsp: 0.604 fsp_3_4: 0.106 fsp_4_5: 0.158 fsp_5_6: 0.174 fsp_6_7: 0.166 
(epoch: 6, iters: 1665, time: 0.034) G_GAN: 0.865 G_L1: 0.552 G_SSIM: 0.601 H_L1: 0.216 H_SSIM: 0.643 D_real: 0.056 D_fake: 0.021 att_A: 0.487 L_hall: 0.058 L_inter: 0.000 L_intra: 0.000 L_fsp: 0.570 fsp_3_4: 0.148 fsp_4_5: 0.167 fsp_5_6: 0.144 fsp_6_7: 0.111 
(epoch: 6, iters: 1765, time: 0.035) G_GAN: 1.221 G_L1: 0.342 G_SSIM: 0.242 H_L1: 0.166 H_SSIM: 0.448 D_real: 0.110 D_fake: 0.024 att_A: 0.876 L_hall: 0.061 L_inter: 0.000 L_intra: 0.000 L_fsp: 0.705 fsp_3_4: 0.144 fsp_4_5: 0.167 fsp_5_6: 0.251 fsp_6_7: 0.143 
(epoch: 6, iters: 1865, time: 0.058) G_GAN: 1.089 G_L1: 0.307 G_SSIM: 0.187 H_L1: 0.258 H_SSIM: 0.652 D_real: 0.045 D_fake: 0.005 att_A: 0.432 L_hall: 0.054 L_inter: 0.000 L_intra: 0.000 L_fsp: 0.540 fsp_3_4: 0.098 fsp_4_5: 0.173 fsp_5_6: 0.183 fsp_6_7: 0.085 
(epoch: 6, iters: 1965, time: 0.034) G_GAN: 0.233 G_L1: 0.301 G_SSIM: 0.113 H_L1: 0.200 H_SSIM: 0.418 D_real: 0.010 D_fake: 0.290 att_A: 0.591 L_hall: 0.057 L_inter: 0.000 L_intra: 0.000 L_fsp: 0.541 fsp_3_4: 0.116 fsp_4_5: 0.154 fsp_5_6: 0.181 fsp_6_7: 0.090 
(epoch: 6, iters: 2065, time: 0.035) G_GAN: 0.358 G_L1: 0.142 G_SSIM: 0.056 H_L1: 0.238 H_SSIM: 0.566 D_real: 0.271 D_fake: 0.176 att_A: 0.350 L_hall: 0.050 L_inter: 0.000 L_intra: 0.000 L_fsp: 0.485 fsp_3_4: 0.103 fsp_4_5: 0.182 fsp_5_6: 0.105 fsp_6_7: 0.094 
(epoch: 6, iters: 2165, time: 0.034) G_GAN: 0.853 G_L1: 0.282 G_SSIM: 0.142 H_L1: 0.208 H_SSIM: 0.438 D_real: 0.011 D_fake: 0.015 att_A: 0.658 L_hall: 0.048 L_inter: 0.000 L_intra: 0.000 L_fsp: 0.401 fsp_3_4: 0.079 fsp_4_5: 0.087 fsp_5_6: 0.145 fsp_6_7: 0.090 
(epoch: 6, iters: 2265, time: 0.034) G_GAN: 1.038 G_L1: 0.240 G_SSIM: 0.129 H_L1: 0.175 H_SSIM: 0.443 D_real: 0.036 D_fake: 0.003 att_A: 0.656 L_hall: 0.051 L_inter: 0.000 L_intra: 0.000 L_fsp: 0.512 fsp_3_4: 0.125 fsp_4_5: 0.155 fsp_5_6: 0.169 fsp_6_7: 0.063 
(epoch: 6, iters: 2365, time: 0.053) G_GAN: 0.508 G_L1: 0.236 G_SSIM: 0.080 H_L1: 0.159 H_SSIM: 0.369 D_real: 0.031 D_fake: 0.025 att_A: 0.753 L_hall: 0.057 L_inter: 0.000 L_intra: 0.000 L_fsp: 0.579 fsp_3_4: 0.160 fsp_4_5: 0.175 fsp_5_6: 0.125 fsp_6_7: 0.118 
(epoch: 6, iters: 2465, time: 0.035) G_GAN: 0.964 G_L1: 0.481 G_SSIM: 0.361 H_L1: 0.211 H_SSIM: 0.622 D_real: 0.013 D_fake: 0.012 att_A: 0.635 L_hall: 0.056 L_inter: 0.000 L_intra: 0.000 L_fsp: 0.642 fsp_3_4: 0.135 fsp_4_5: 0.135 fsp_5_6: 0.192 fsp_6_7: 0.181 
(epoch: 6, iters: 2565, time: 0.034) G_GAN: 0.993 G_L1: 0.407 G_SSIM: 0.295 H_L1: 0.137 H_SSIM: 0.402 D_real: 0.011 D_fake: 0.010 att_A: 0.784 L_hall: 0.058 L_inter: 0.000 L_intra: 0.000 L_fsp: 0.965 fsp_3_4: 0.212 fsp_4_5: 0.192 fsp_5_6: 0.169 fsp_6_7: 0.392 
(epoch: 6, iters: 2665, time: 0.034) G_GAN: 1.546 G_L1: 0.066 G_SSIM: 0.014 H_L1: 0.150 H_SSIM: 0.336 D_real: 0.105 D_fake: 0.095 att_A: 0.456 L_hall: 0.056 L_inter: 0.000 L_intra: 0.000 L_fsp: 0.790 fsp_3_4: 0.131 fsp_4_5: 0.157 fsp_5_6: 0.266 fsp_6_7: 0.236 
(epoch: 6, iters: 2765, time: 0.035) G_GAN: 1.216 G_L1: 0.586 G_SSIM: 0.218 H_L1: 0.159 H_SSIM: 0.402 D_real: 0.022 D_fake: 0.033 att_A: 0.774 L_hall: 0.054 L_inter: 0.000 L_intra: 0.000 L_fsp: 0.595 fsp_3_4: 0.167 fsp_4_5: 0.145 fsp_5_6: 0.168 fsp_6_7: 0.116 
(epoch: 6, iters: 2865, time: 0.049) G_GAN: 1.438 G_L1: 0.478 G_SSIM: 0.325 H_L1: 0.196 H_SSIM: 0.517 D_real: 0.039 D_fake: 0.031 att_A: 0.775 L_hall: 0.055 L_inter: 0.000 L_intra: 0.000 L_fsp: 0.683 fsp_3_4: 0.107 fsp_4_5: 0.169 fsp_5_6: 0.256 fsp_6_7: 0.150 
(epoch: 6, iters: 2965, time: 0.034) G_GAN: 1.316 G_L1: 0.269 G_SSIM: 0.159 H_L1: 0.211 H_SSIM: 0.586 D_real: 0.042 D_fake: 0.032 att_A: 0.419 L_hall: 0.051 L_inter: 0.000 L_intra: 0.000 L_fsp: 0.424 fsp_3_4: 0.100 fsp_4_5: 0.136 fsp_5_6: 0.135 fsp_6_7: 0.053 
(epoch: 6, iters: 3065, time: 0.034) G_GAN: 0.624 G_L1: 0.240 G_SSIM: 0.116 H_L1: 0.200 H_SSIM: 0.399 D_real: 0.541 D_fake: 0.070 att_A: 0.395 L_hall: 0.039 L_inter: 0.000 L_intra: 0.000 L_fsp: 0.458 fsp_3_4: 0.107 fsp_4_5: 0.166 fsp_5_6: 0.121 fsp_6_7: 0.064 
(epoch: 6, iters: 3165, time: 0.037) G_GAN: 1.225 G_L1: 0.123 G_SSIM: 0.035 H_L1: 0.111 H_SSIM: 0.336 D_real: 0.298 D_fake: 0.049 att_A: 0.759 L_hall: 0.059 L_inter: 0.000 L_intra: 0.000 L_fsp: 0.683 fsp_3_4: 0.115 fsp_4_5: 0.160 fsp_5_6: 0.200 fsp_6_7: 0.208 
(epoch: 6, iters: 3265, time: 0.034) G_GAN: 0.673 G_L1: 0.400 G_SSIM: 0.266 H_L1: 0.198 H_SSIM: 0.455 D_real: 0.043 D_fake: 0.076 att_A: 0.673 L_hall: 0.049 L_inter: 0.000 L_intra: 0.000 L_fsp: 0.495 fsp_3_4: 0.115 fsp_4_5: 0.159 fsp_5_6: 0.125 fsp_6_7: 0.096 
(epoch: 6, iters: 3365, time: 0.052) G_GAN: 0.794 G_L1: 0.364 G_SSIM: 0.324 H_L1: 0.189 H_SSIM: 0.597 D_real: 0.023 D_fake: 0.018 att_A: 0.687 L_hall: 0.055 L_inter: 0.000 L_intra: 0.000 L_fsp: 0.551 fsp_3_4: 0.105 fsp_4_5: 0.168 fsp_5_6: 0.175 fsp_6_7: 0.103 
(epoch: 6, iters: 3465, time: 0.033) G_GAN: 1.014 G_L1: 0.346 G_SSIM: 0.284 H_L1: 0.141 H_SSIM: 0.397 D_real: 0.015 D_fake: 0.007 att_A: 0.942 L_hall: 0.060 L_inter: 0.000 L_intra: 0.000 L_fsp: 0.635 fsp_3_4: 0.151 fsp_4_5: 0.143 fsp_5_6: 0.154 fsp_6_7: 0.187 
(epoch: 6, iters: 3565, time: 0.033) G_GAN: 0.885 G_L1: 0.282 G_SSIM: 0.126 H_L1: 0.170 H_SSIM: 0.437 D_real: 0.117 D_fake: 0.009 att_A: 0.741 L_hall: 0.058 L_inter: 0.000 L_intra: 0.000 L_fsp: 0.574 fsp_3_4: 0.140 fsp_4_5: 0.181 fsp_5_6: 0.142 fsp_6_7: 0.111 
(epoch: 6, iters: 3665, time: 0.034) G_GAN: 0.754 G_L1: 0.237 G_SSIM: 0.133 H_L1: 0.205 H_SSIM: 0.480 D_real: 0.034 D_fake: 0.041 att_A: 0.577 L_hall: 0.049 L_inter: 0.000 L_intra: 0.000 L_fsp: 0.493 fsp_3_4: 0.093 fsp_4_5: 0.159 fsp_5_6: 0.182 fsp_6_7: 0.058 
(epoch: 6, iters: 3765, time: 0.036) G_GAN: 1.101 G_L1: 0.359 G_SSIM: 0.304 H_L1: 0.195 H_SSIM: 0.589 D_real: 0.006 D_fake: 0.002 att_A: 0.679 L_hall: 0.057 L_inter: 0.000 L_intra: 0.000 L_fsp: 0.641 fsp_3_4: 0.085 fsp_4_5: 0.133 fsp_5_6: 0.167 fsp_6_7: 0.256 
(epoch: 6, iters: 3865, time: 0.052) G_GAN: 0.091 G_L1: 0.095 G_SSIM: 0.019 H_L1: 0.150 H_SSIM: 0.340 D_real: 0.010 D_fake: 0.524 att_A: 0.445 L_hall: 0.043 L_inter: 0.000 L_intra: 0.000 L_fsp: 0.622 fsp_3_4: 0.110 fsp_4_5: 0.177 fsp_5_6: 0.176 fsp_6_7: 0.160 
(epoch: 6, iters: 3965, time: 0.033) G_GAN: 0.486 G_L1: 0.178 G_SSIM: 0.007 H_L1: 0.142 H_SSIM: 0.329 D_real: 0.099 D_fake: 0.009 att_A: 0.774 L_hall: 0.050 L_inter: 0.000 L_intra: 0.000 L_fsp: 0.757 fsp_3_4: 0.135 fsp_4_5: 0.140 fsp_5_6: 0.223 fsp_6_7: 0.260 
(epoch: 6, iters: 4065, time: 0.034) G_GAN: 1.207 G_L1: 0.344 G_SSIM: 0.230 H_L1: 0.169 H_SSIM: 0.523 D_real: 0.318 D_fake: 0.009 att_A: 0.528 L_hall: 0.042 L_inter: 0.000 L_intra: 0.000 L_fsp: 0.425 fsp_3_4: 0.088 fsp_4_5: 0.134 fsp_5_6: 0.129 fsp_6_7: 0.073 
(epoch: 6, iters: 4165, time: 0.035) G_GAN: 0.915 G_L1: 0.341 G_SSIM: 0.256 H_L1: 0.208 H_SSIM: 0.553 D_real: 0.240 D_fake: 0.012 att_A: 0.594 L_hall: 0.052 L_inter: 0.000 L_intra: 0.000 L_fsp: 0.532 fsp_3_4: 0.121 fsp_4_5: 0.172 fsp_5_6: 0.156 fsp_6_7: 0.083 
(epoch: 6, iters: 4265, time: 0.035) G_GAN: 0.187 G_L1: 0.242 G_SSIM: 0.105 H_L1: 0.181 H_SSIM: 0.476 D_real: 0.026 D_fake: 0.340 att_A: 0.309 L_hall: 0.049 L_inter: 0.000 L_intra: 0.000 L_fsp: 0.518 fsp_3_4: 0.133 fsp_4_5: 0.181 fsp_5_6: 0.148 fsp_6_7: 0.055 
(epoch: 6, iters: 4365, time: 0.053) G_GAN: 1.226 G_L1: 0.344 G_SSIM: 0.209 H_L1: 0.192 H_SSIM: 0.478 D_real: 0.198 D_fake: 0.023 att_A: 0.742 L_hall: 0.053 L_inter: 0.000 L_intra: 0.000 L_fsp: 0.530 fsp_3_4: 0.127 fsp_4_5: 0.157 fsp_5_6: 0.175 fsp_6_7: 0.071 
saving the latest model (epoch 6, total_steps 50000)
(epoch: 6, iters: 4465, time: 0.033) G_GAN: 1.107 G_L1: 0.539 G_SSIM: 0.374 H_L1: 0.175 H_SSIM: 0.516 D_real: 0.026 D_fake: 0.009 att_A: 0.659 L_hall: 0.050 L_inter: 0.000 L_intra: 0.000 L_fsp: 0.560 fsp_3_4: 0.091 fsp_4_5: 0.150 fsp_5_6: 0.230 fsp_6_7: 0.089 
(epoch: 6, iters: 4565, time: 0.034) G_GAN: 0.486 G_L1: 0.282 G_SSIM: 0.194 H_L1: 0.166 H_SSIM: 0.473 D_real: 0.010 D_fake: 0.023 att_A: 0.493 L_hall: 0.052 L_inter: 0.000 L_intra: 0.000 L_fsp: 0.550 fsp_3_4: 0.099 fsp_4_5: 0.157 fsp_5_6: 0.179 fsp_6_7: 0.116 
(epoch: 6, iters: 4665, time: 0.034) G_GAN: 0.736 G_L1: 0.655 G_SSIM: 0.292 H_L1: 0.212 H_SSIM: 0.512 D_real: 0.007 D_fake: 0.028 att_A: 0.636 L_hall: 0.052 L_inter: 0.000 L_intra: 0.000 L_fsp: 0.642 fsp_3_4: 0.145 fsp_4_5: 0.176 fsp_5_6: 0.138 fsp_6_7: 0.184 
(epoch: 6, iters: 4765, time: 0.034) G_GAN: 0.943 G_L1: 0.377 G_SSIM: 0.344 H_L1: 0.179 H_SSIM: 0.598 D_real: 0.008 D_fake: 0.006 att_A: 0.658 L_hall: 0.054 L_inter: 0.000 L_intra: 0.000 L_fsp: 0.503 fsp_3_4: 0.123 fsp_4_5: 0.156 fsp_5_6: 0.160 fsp_6_7: 0.064 
(epoch: 6, iters: 4865, time: 0.053) G_GAN: 0.990 G_L1: 0.454 G_SSIM: 0.355 H_L1: 0.176 H_SSIM: 0.493 D_real: 0.039 D_fake: 0.010 att_A: 0.709 L_hall: 0.053 L_inter: 0.000 L_intra: 0.000 L_fsp: 0.619 fsp_3_4: 0.129 fsp_4_5: 0.140 fsp_5_6: 0.178 fsp_6_7: 0.171 
(epoch: 6, iters: 4965, time: 0.034) G_GAN: 0.654 G_L1: 0.104 G_SSIM: 0.039 H_L1: 0.174 H_SSIM: 0.351 D_real: 0.028 D_fake: 0.051 att_A: 0.532 L_hall: 0.046 L_inter: 0.000 L_intra: 0.000 L_fsp: 0.674 fsp_3_4: 0.195 fsp_4_5: 0.188 fsp_5_6: 0.165 fsp_6_7: 0.126 
(epoch: 6, iters: 5065, time: 0.034) G_GAN: 0.687 G_L1: 0.139 G_SSIM: 0.011 H_L1: 0.229 H_SSIM: 0.353 D_real: 0.088 D_fake: 0.013 att_A: 0.423 L_hall: 0.047 L_inter: 0.000 L_intra: 0.000 L_fsp: 0.839 fsp_3_4: 0.185 fsp_4_5: 0.149 fsp_5_6: 0.244 fsp_6_7: 0.261 
(epoch: 6, iters: 5165, time: 0.034) G_GAN: 0.860 G_L1: 0.330 G_SSIM: 0.076 H_L1: 0.156 H_SSIM: 0.426 D_real: 0.014 D_fake: 0.020 att_A: 0.553 L_hall: 0.059 L_inter: 0.000 L_intra: 0.000 L_fsp: 0.635 fsp_3_4: 0.110 fsp_4_5: 0.153 fsp_5_6: 0.184 fsp_6_7: 0.187 
(epoch: 6, iters: 5265, time: 0.034) G_GAN: 0.744 G_L1: 0.167 G_SSIM: 0.080 H_L1: 0.157 H_SSIM: 0.354 D_real: 0.096 D_fake: 0.045 att_A: 0.685 L_hall: 0.057 L_inter: 0.000 L_intra: 0.000 L_fsp: 0.708 fsp_3_4: 0.154 fsp_4_5: 0.166 fsp_5_6: 0.166 fsp_6_7: 0.222 
(epoch: 6, iters: 5365, time: 0.052) G_GAN: 1.090 G_L1: 0.887 G_SSIM: 0.556 H_L1: 0.233 H_SSIM: 0.662 D_real: 0.023 D_fake: 0.008 att_A: 0.887 L_hall: 0.062 L_inter: 0.000 L_intra: 0.000 L_fsp: 0.706 fsp_3_4: 0.129 fsp_4_5: 0.157 fsp_5_6: 0.283 fsp_6_7: 0.137 
(epoch: 6, iters: 5465, time: 0.034) G_GAN: 1.074 G_L1: 0.371 G_SSIM: 0.197 H_L1: 0.205 H_SSIM: 0.544 D_real: 0.018 D_fake: 0.016 att_A: 0.599 L_hall: 0.058 L_inter: 0.000 L_intra: 0.000 L_fsp: 0.553 fsp_3_4: 0.102 fsp_4_5: 0.181 fsp_5_6: 0.154 fsp_6_7: 0.115 
(epoch: 6, iters: 5565, time: 0.034) G_GAN: 1.206 G_L1: 0.122 G_SSIM: 0.013 H_L1: 0.144 H_SSIM: 0.331 D_real: 0.036 D_fake: 0.019 att_A: 0.777 L_hall: 0.051 L_inter: 0.000 L_intra: 0.000 L_fsp: 0.679 fsp_3_4: 0.092 fsp_4_5: 0.127 fsp_5_6: 0.163 fsp_6_7: 0.296 
(epoch: 6, iters: 5665, time: 0.034) G_GAN: 1.043 G_L1: 0.593 G_SSIM: 0.290 H_L1: 0.152 H_SSIM: 0.400 D_real: 0.013 D_fake: 0.005 att_A: 0.958 L_hall: 0.067 L_inter: 0.000 L_intra: 0.000 L_fsp: 0.627 fsp_3_4: 0.143 fsp_4_5: 0.175 fsp_5_6: 0.180 fsp_6_7: 0.129 
(epoch: 6, iters: 5765, time: 0.035) G_GAN: 1.084 G_L1: 0.678 G_SSIM: 0.438 H_L1: 0.236 H_SSIM: 0.605 D_real: 0.024 D_fake: 0.050 att_A: 0.656 L_hall: 0.065 L_inter: 0.000 L_intra: 0.000 L_fsp: 0.951 fsp_3_4: 0.092 fsp_4_5: 0.175 fsp_5_6: 0.247 fsp_6_7: 0.438 
(epoch: 6, iters: 5865, time: 0.050) G_GAN: 0.519 G_L1: 0.190 G_SSIM: 0.057 H_L1: 0.152 H_SSIM: 0.367 D_real: 0.137 D_fake: 0.011 att_A: 0.598 L_hall: 0.040 L_inter: 0.000 L_intra: 0.000 L_fsp: 0.438 fsp_3_4: 0.121 fsp_4_5: 0.127 fsp_5_6: 0.113 fsp_6_7: 0.077 
(epoch: 6, iters: 5965, time: 0.033) G_GAN: 0.982 G_L1: 0.235 G_SSIM: 0.076 H_L1: 0.141 H_SSIM: 0.346 D_real: 0.053 D_fake: 0.050 att_A: 0.745 L_hall: 0.059 L_inter: 0.000 L_intra: 0.000 L_fsp: 0.689 fsp_3_4: 0.134 fsp_4_5: 0.184 fsp_5_6: 0.255 fsp_6_7: 0.116 
(epoch: 6, iters: 6065, time: 0.034) G_GAN: 1.367 G_L1: 0.574 G_SSIM: 0.561 H_L1: 0.205 H_SSIM: 0.619 D_real: 0.079 D_fake: 0.040 att_A: 0.554 L_hall: 0.055 L_inter: 0.000 L_intra: 0.000 L_fsp: 0.663 fsp_3_4: 0.124 fsp_4_5: 0.174 fsp_5_6: 0.225 fsp_6_7: 0.140 
(epoch: 6, iters: 6165, time: 0.033) G_GAN: 0.426 G_L1: 0.326 G_SSIM: 0.126 H_L1: 0.218 H_SSIM: 0.559 D_real: 0.108 D_fake: 0.066 att_A: 0.331 L_hall: 0.045 L_inter: 0.000 L_intra: 0.000 L_fsp: 0.391 fsp_3_4: 0.101 fsp_4_5: 0.144 fsp_5_6: 0.098 fsp_6_7: 0.046 
(epoch: 6, iters: 6265, time: 0.034) G_GAN: 0.294 G_L1: 0.115 G_SSIM: 0.028 H_L1: 0.141 H_SSIM: 0.345 D_real: 0.218 D_fake: 0.132 att_A: 0.350 L_hall: 0.042 L_inter: 0.000 L_intra: 0.000 L_fsp: 0.547 fsp_3_4: 0.120 fsp_4_5: 0.138 fsp_5_6: 0.189 fsp_6_7: 0.100 
(epoch: 6, iters: 6365, time: 0.058) G_GAN: 1.180 G_L1: 0.404 G_SSIM: 0.198 H_L1: 0.190 H_SSIM: 0.476 D_real: 0.051 D_fake: 0.036 att_A: 0.617 L_hall: 0.053 L_inter: 0.000 L_intra: 0.000 L_fsp: 0.588 fsp_3_4: 0.134 fsp_4_5: 0.183 fsp_5_6: 0.167 fsp_6_7: 0.104 
(epoch: 6, iters: 6465, time: 0.035) G_GAN: 0.891 G_L1: 0.246 G_SSIM: 0.152 H_L1: 0.155 H_SSIM: 0.453 D_real: 0.099 D_fake: 0.027 att_A: 0.447 L_hall: 0.048 L_inter: 0.000 L_intra: 0.000 L_fsp: 0.482 fsp_3_4: 0.121 fsp_4_5: 0.150 fsp_5_6: 0.167 fsp_6_7: 0.044 
(epoch: 6, iters: 6565, time: 0.035) G_GAN: 0.931 G_L1: 0.522 G_SSIM: 0.264 H_L1: 0.166 H_SSIM: 0.375 D_real: 0.015 D_fake: 0.013 att_A: 0.703 L_hall: 0.059 L_inter: 0.000 L_intra: 0.000 L_fsp: 0.701 fsp_3_4: 0.131 fsp_4_5: 0.180 fsp_5_6: 0.192 fsp_6_7: 0.198 
(epoch: 6, iters: 6665, time: 0.034) G_GAN: 0.364 G_L1: 0.437 G_SSIM: 0.152 H_L1: 0.166 H_SSIM: 0.407 D_real: 0.006 D_fake: 0.006 att_A: 0.358 L_hall: 0.053 L_inter: 0.000 L_intra: 0.000 L_fsp: 0.672 fsp_3_4: 0.136 fsp_4_5: 0.177 fsp_5_6: 0.237 fsp_6_7: 0.121 
(epoch: 6, iters: 6765, time: 0.034) G_GAN: 0.341 G_L1: 0.304 G_SSIM: 0.187 H_L1: 0.162 H_SSIM: 0.414 D_real: 0.032 D_fake: 0.182 att_A: 0.541 L_hall: 0.050 L_inter: 0.000 L_intra: 0.000 L_fsp: 0.709 fsp_3_4: 0.090 fsp_4_5: 0.144 fsp_5_6: 0.231 fsp_6_7: 0.245 
(epoch: 6, iters: 6865, time: 0.066) G_GAN: 0.246 G_L1: 0.263 G_SSIM: 0.103 H_L1: 0.220 H_SSIM: 0.525 D_real: 0.139 D_fake: 0.272 att_A: 0.323 L_hall: 0.049 L_inter: 0.000 L_intra: 0.000 L_fsp: 0.419 fsp_3_4: 0.104 fsp_4_5: 0.120 fsp_5_6: 0.149 fsp_6_7: 0.046 
(epoch: 6, iters: 6965, time: 0.034) G_GAN: 0.168 G_L1: 0.157 G_SSIM: 0.042 H_L1: 0.139 H_SSIM: 0.363 D_real: 0.022 D_fake: 0.016 att_A: 0.729 L_hall: 0.043 L_inter: 0.000 L_intra: 0.000 L_fsp: 0.585 fsp_3_4: 0.108 fsp_4_5: 0.153 fsp_5_6: 0.140 fsp_6_7: 0.184 
(epoch: 6, iters: 7065, time: 0.034) G_GAN: 0.282 G_L1: 0.180 G_SSIM: 0.019 H_L1: 0.153 H_SSIM: 0.336 D_real: 0.078 D_fake: 0.240 att_A: 0.697 L_hall: 0.052 L_inter: 0.000 L_intra: 0.000 L_fsp: 0.618 fsp_3_4: 0.117 fsp_4_5: 0.161 fsp_5_6: 0.170 fsp_6_7: 0.170 
(epoch: 6, iters: 7165, time: 0.034) G_GAN: 0.714 G_L1: 0.095 G_SSIM: 0.029 H_L1: 0.164 H_SSIM: 0.342 D_real: 0.170 D_fake: 0.008 att_A: 0.601 L_hall: 0.056 L_inter: 0.000 L_intra: 0.000 L_fsp: 0.808 fsp_3_4: 0.081 fsp_4_5: 0.181 fsp_5_6: 0.174 fsp_6_7: 0.371 
(epoch: 6, iters: 7265, time: 0.035) G_GAN: 0.517 G_L1: 0.157 G_SSIM: 0.069 H_L1: 0.246 H_SSIM: 0.600 D_real: 0.346 D_fake: 0.455 att_A: 0.267 L_hall: 0.048 L_inter: 0.000 L_intra: 0.000 L_fsp: 0.465 fsp_3_4: 0.082 fsp_4_5: 0.138 fsp_5_6: 0.172 fsp_6_7: 0.073 
(epoch: 6, iters: 7365, time: 0.063) G_GAN: 1.310 G_L1: 0.360 G_SSIM: 0.304 H_L1: 0.206 H_SSIM: 0.550 D_real: 0.066 D_fake: 0.031 att_A: 0.625 L_hall: 0.054 L_inter: 0.000 L_intra: 0.000 L_fsp: 0.648 fsp_3_4: 0.121 fsp_4_5: 0.163 fsp_5_6: 0.186 fsp_6_7: 0.177 
(epoch: 6, iters: 7465, time: 0.034) G_GAN: 0.471 G_L1: 0.214 G_SSIM: 0.072 H_L1: 0.133 H_SSIM: 0.342 D_real: 0.191 D_fake: 0.126 att_A: 0.526 L_hall: 0.040 L_inter: 0.000 L_intra: 0.000 L_fsp: 0.380 fsp_3_4: 0.105 fsp_4_5: 0.135 fsp_5_6: 0.089 fsp_6_7: 0.051 
(epoch: 6, iters: 7565, time: 0.034) G_GAN: 0.932 G_L1: 0.580 G_SSIM: 0.221 H_L1: 0.167 H_SSIM: 0.425 D_real: 0.028 D_fake: 0.132 att_A: 0.614 L_hall: 0.046 L_inter: 0.000 L_intra: 0.000 L_fsp: 0.550 fsp_3_4: 0.160 fsp_4_5: 0.201 fsp_5_6: 0.120 fsp_6_7: 0.069 
(epoch: 6, iters: 7665, time: 0.033) G_GAN: 1.034 G_L1: 0.300 G_SSIM: 0.191 H_L1: 0.175 H_SSIM: 0.412 D_real: 0.010 D_fake: 0.005 att_A: 0.605 L_hall: 0.054 L_inter: 0.000 L_intra: 0.000 L_fsp: 0.547 fsp_3_4: 0.088 fsp_4_5: 0.143 fsp_5_6: 0.152 fsp_6_7: 0.165 
(epoch: 6, iters: 7765, time: 0.034) G_GAN: 0.417 G_L1: 0.192 G_SSIM: 0.048 H_L1: 0.171 H_SSIM: 0.360 D_real: 0.033 D_fake: 0.031 att_A: 0.534 L_hall: 0.049 L_inter: 0.000 L_intra: 0.000 L_fsp: 0.804 fsp_3_4: 0.202 fsp_4_5: 0.169 fsp_5_6: 0.210 fsp_6_7: 0.223 
(epoch: 6, iters: 7865, time: 0.057) G_GAN: 0.879 G_L1: 0.761 G_SSIM: 0.394 H_L1: 0.211 H_SSIM: 0.493 D_real: 0.016 D_fake: 0.007 att_A: 0.842 L_hall: 0.059 L_inter: 0.000 L_intra: 0.000 L_fsp: 0.704 fsp_3_4: 0.173 fsp_4_5: 0.193 fsp_5_6: 0.248 fsp_6_7: 0.090 
(epoch: 6, iters: 7965, time: 0.036) G_GAN: 1.083 G_L1: 0.423 G_SSIM: 0.282 H_L1: 0.147 H_SSIM: 0.398 D_real: 0.021 D_fake: 0.014 att_A: 0.833 L_hall: 0.055 L_inter: 0.000 L_intra: 0.000 L_fsp: 0.694 fsp_3_4: 0.125 fsp_4_5: 0.144 fsp_5_6: 0.215 fsp_6_7: 0.210 
(epoch: 6, iters: 8065, time: 0.034) G_GAN: 0.390 G_L1: 0.219 G_SSIM: 0.132 H_L1: 0.143 H_SSIM: 0.374 D_real: 0.073 D_fake: 0.151 att_A: 0.471 L_hall: 0.055 L_inter: 0.000 L_intra: 0.000 L_fsp: 0.747 fsp_3_4: 0.121 fsp_4_5: 0.184 fsp_5_6: 0.243 fsp_6_7: 0.199 
(epoch: 6, iters: 8165, time: 0.034) G_GAN: 0.552 G_L1: 0.171 G_SSIM: 0.056 H_L1: 0.147 H_SSIM: 0.359 D_real: 0.016 D_fake: 0.080 att_A: 0.838 L_hall: 0.051 L_inter: 0.000 L_intra: 0.000 L_fsp: 0.606 fsp_3_4: 0.174 fsp_4_5: 0.146 fsp_5_6: 0.193 fsp_6_7: 0.093 
(epoch: 6, iters: 8265, time: 0.033) G_GAN: 0.867 G_L1: 0.252 G_SSIM: 0.187 H_L1: 0.206 H_SSIM: 0.511 D_real: 0.005 D_fake: 0.011 att_A: 0.464 L_hall: 0.052 L_inter: 0.000 L_intra: 0.000 L_fsp: 0.503 fsp_3_4: 0.107 fsp_4_5: 0.120 fsp_5_6: 0.186 fsp_6_7: 0.090 
(epoch: 6, iters: 8365, time: 0.064) G_GAN: 1.097 G_L1: 0.243 G_SSIM: 0.108 H_L1: 0.166 H_SSIM: 0.388 D_real: 0.037 D_fake: 0.021 att_A: 0.529 L_hall: 0.048 L_inter: 0.000 L_intra: 0.000 L_fsp: 0.565 fsp_3_4: 0.131 fsp_4_5: 0.151 fsp_5_6: 0.178 fsp_6_7: 0.105 
(epoch: 6, iters: 8465, time: 0.034) G_GAN: 1.166 G_L1: 0.237 G_SSIM: 0.155 H_L1: 0.163 H_SSIM: 0.372 D_real: 0.141 D_fake: 0.009 att_A: 0.879 L_hall: 0.056 L_inter: 0.000 L_intra: 0.000 L_fsp: 0.621 fsp_3_4: 0.144 fsp_4_5: 0.159 fsp_5_6: 0.166 fsp_6_7: 0.151 
(epoch: 6, iters: 8565, time: 0.033) G_GAN: 0.972 G_L1: 0.429 G_SSIM: 0.272 H_L1: 0.229 H_SSIM: 0.529 D_real: 0.010 D_fake: 0.003 att_A: 0.450 L_hall: 0.054 L_inter: 0.000 L_intra: 0.000 L_fsp: 0.461 fsp_3_4: 0.112 fsp_4_5: 0.139 fsp_5_6: 0.166 fsp_6_7: 0.044 
(epoch: 6, iters: 8665, time: 0.034) G_GAN: 1.129 G_L1: 0.247 G_SSIM: 0.140 H_L1: 0.198 H_SSIM: 0.421 D_real: 0.034 D_fake: 0.028 att_A: 0.623 L_hall: 0.059 L_inter: 0.000 L_intra: 0.000 L_fsp: 0.730 fsp_3_4: 0.137 fsp_4_5: 0.194 fsp_5_6: 0.208 fsp_6_7: 0.191 
(epoch: 6, iters: 8765, time: 0.034) G_GAN: 1.638 G_L1: 0.375 G_SSIM: 0.287 H_L1: 0.163 H_SSIM: 0.527 D_real: 0.130 D_fake: 0.097 att_A: 0.682 L_hall: 0.055 L_inter: 0.000 L_intra: 0.000 L_fsp: 0.764 fsp_3_4: 0.103 fsp_4_5: 0.133 fsp_5_6: 0.200 fsp_6_7: 0.328 
(epoch: 6, iters: 8865, time: 0.051) G_GAN: 0.815 G_L1: 0.840 G_SSIM: 0.123 H_L1: 0.117 H_SSIM: 0.188 D_real: 0.027 D_fake: 0.030 att_A: 0.970 L_hall: 0.062 L_inter: 0.000 L_intra: 0.000 L_fsp: 0.888 fsp_3_4: 0.372 fsp_4_5: 0.190 fsp_5_6: 0.201 fsp_6_7: 0.125 
(epoch: 6, iters: 8965, time: 0.034) G_GAN: 1.023 G_L1: 0.738 G_SSIM: 0.400 H_L1: 0.241 H_SSIM: 0.477 D_real: 0.014 D_fake: 0.011 att_A: 0.873 L_hall: 0.060 L_inter: 0.000 L_intra: 0.000 L_fsp: 0.671 fsp_3_4: 0.115 fsp_4_5: 0.177 fsp_5_6: 0.225 fsp_6_7: 0.154 
(epoch: 6, iters: 9065, time: 0.034) G_GAN: 0.826 G_L1: 0.428 G_SSIM: 0.189 H_L1: 0.208 H_SSIM: 0.471 D_real: 0.021 D_fake: 0.014 att_A: 0.382 L_hall: 0.053 L_inter: 0.000 L_intra: 0.000 L_fsp: 0.608 fsp_3_4: 0.151 fsp_4_5: 0.170 fsp_5_6: 0.183 fsp_6_7: 0.105 
epoch 6  fsp_3_4:0.123015  fsp_3_4_degen:0.000000  fsp_4_5:0.161264  fsp_4_5_degen:0.000000  fsp_5_6:0.171845  fsp_5_6_degen:0.000000  fsp_6_7:0.141897  fsp_6_7_degen:0.000000
End of epoch 6 / 30 	 Time Taken: 435 sec
learning rate = 0.0002000
(epoch: 7, iters: 38, time: 0.034) G_GAN: 0.874 G_L1: 0.255 G_SSIM: 0.087 H_L1: 0.142 H_SSIM: 0.388 D_real: 0.045 D_fake: 0.085 att_A: 0.666 L_hall: 0.035 L_inter: 0.000 L_intra: 0.000 L_fsp: 0.439 fsp_3_4: 0.102 fsp_4_5: 0.121 fsp_5_6: 0.123 fsp_6_7: 0.094 
(epoch: 7, iters: 138, time: 0.035) G_GAN: 0.243 G_L1: 0.293 G_SSIM: 0.216 H_L1: 0.191 H_SSIM: 0.421 D_real: 0.034 D_fake: 0.007 att_A: 0.455 L_hall: 0.048 L_inter: 0.000 L_intra: 0.000 L_fsp: 0.533 fsp_3_4: 0.095 fsp_4_5: 0.156 fsp_5_6: 0.175 fsp_6_7: 0.106 
(epoch: 7, iters: 238, time: 0.057) G_GAN: 1.061 G_L1: 0.296 G_SSIM: 0.267 H_L1: 0.236 H_SSIM: 0.523 D_real: 0.011 D_fake: 0.054 att_A: 0.546 L_hall: 0.052 L_inter: 0.000 L_intra: 0.000 L_fsp: 0.449 fsp_3_4: 0.120 fsp_4_5: 0.133 fsp_5_6: 0.138 fsp_6_7: 0.058 
saving the latest model (epoch 7, total_steps 55000)
(epoch: 7, iters: 338, time: 0.034) G_GAN: 1.081 G_L1: 0.388 G_SSIM: 0.233 H_L1: 0.161 H_SSIM: 0.481 D_real: 0.014 D_fake: 0.009 att_A: 0.705 L_hall: 0.047 L_inter: 0.000 L_intra: 0.000 L_fsp: 0.502 fsp_3_4: 0.127 fsp_4_5: 0.121 fsp_5_6: 0.132 fsp_6_7: 0.122 
(epoch: 7, iters: 438, time: 0.034) G_GAN: 0.134 G_L1: 0.233 G_SSIM: 0.081 H_L1: 0.197 H_SSIM: 0.473 D_real: 0.025 D_fake: 0.415 att_A: 0.395 L_hall: 0.047 L_inter: 0.000 L_intra: 0.000 L_fsp: 0.402 fsp_3_4: 0.101 fsp_4_5: 0.153 fsp_5_6: 0.115 fsp_6_7: 0.032 
(epoch: 7, iters: 538, time: 0.034) G_GAN: 1.317 G_L1: 0.380 G_SSIM: 0.299 H_L1: 0.157 H_SSIM: 0.407 D_real: 0.092 D_fake: 0.055 att_A: 0.957 L_hall: 0.062 L_inter: 0.000 L_intra: 0.000 L_fsp: 0.640 fsp_3_4: 0.152 fsp_4_5: 0.197 fsp_5_6: 0.153 fsp_6_7: 0.139 
(epoch: 7, iters: 638, time: 0.035) G_GAN: 0.799 G_L1: 0.466 G_SSIM: 0.365 H_L1: 0.235 H_SSIM: 0.605 D_real: 0.012 D_fake: 0.031 att_A: 0.468 L_hall: 0.062 L_inter: 0.000 L_intra: 0.000 L_fsp: 0.561 fsp_3_4: 0.133 fsp_4_5: 0.187 fsp_5_6: 0.141 fsp_6_7: 0.101 
(epoch: 7, iters: 738, time: 0.060) G_GAN: 1.431 G_L1: 0.372 G_SSIM: 0.260 H_L1: 0.170 H_SSIM: 0.526 D_real: 0.088 D_fake: 0.059 att_A: 0.582 L_hall: 0.048 L_inter: 0.000 L_intra: 0.000 L_fsp: 0.488 fsp_3_4: 0.105 fsp_4_5: 0.156 fsp_5_6: 0.151 fsp_6_7: 0.076 
(epoch: 7, iters: 838, time: 0.033) G_GAN: 0.829 G_L1: 0.385 G_SSIM: 0.252 H_L1: 0.179 H_SSIM: 0.499 D_real: 0.022 D_fake: 0.604 att_A: 0.822 L_hall: 0.060 L_inter: 0.000 L_intra: 0.000 L_fsp: 0.650 fsp_3_4: 0.150 fsp_4_5: 0.206 fsp_5_6: 0.178 fsp_6_7: 0.115 
(epoch: 7, iters: 938, time: 0.034) G_GAN: 1.043 G_L1: 0.373 G_SSIM: 0.289 H_L1: 0.195 H_SSIM: 0.632 D_real: 0.024 D_fake: 0.268 att_A: 0.602 L_hall: 0.046 L_inter: 0.000 L_intra: 0.000 L_fsp: 0.380 fsp_3_4: 0.098 fsp_4_5: 0.109 fsp_5_6: 0.128 fsp_6_7: 0.045 
(epoch: 7, iters: 1038, time: 0.034) G_GAN: 0.757 G_L1: 0.271 G_SSIM: 0.194 H_L1: 0.200 H_SSIM: 0.442 D_real: 0.042 D_fake: 0.014 att_A: 0.444 L_hall: 0.041 L_inter: 0.000 L_intra: 0.000 L_fsp: 0.404 fsp_3_4: 0.084 fsp_4_5: 0.134 fsp_5_6: 0.129 fsp_6_7: 0.057 
(epoch: 7, iters: 1138, time: 0.034) G_GAN: 1.195 G_L1: 0.508 G_SSIM: 0.235 H_L1: 0.171 H_SSIM: 0.404 D_real: 0.031 D_fake: 0.013 att_A: 0.855 L_hall: 0.062 L_inter: 0.000 L_intra: 0.000 L_fsp: 0.748 fsp_3_4: 0.151 fsp_4_5: 0.156 fsp_5_6: 0.223 fsp_6_7: 0.218 
(epoch: 7, iters: 1238, time: 0.069) G_GAN: 1.178 G_L1: 0.311 G_SSIM: 0.225 H_L1: 0.222 H_SSIM: 0.529 D_real: 0.020 D_fake: 0.013 att_A: 0.417 L_hall: 0.043 L_inter: 0.000 L_intra: 0.000 L_fsp: 0.428 fsp_3_4: 0.090 fsp_4_5: 0.138 fsp_5_6: 0.128 fsp_6_7: 0.071 
(epoch: 7, iters: 1338, time: 0.033) G_GAN: 0.494 G_L1: 0.308 G_SSIM: 0.219 H_L1: 0.205 H_SSIM: 0.445 D_real: 0.105 D_fake: 0.101 att_A: 0.457 L_hall: 0.048 L_inter: 0.000 L_intra: 0.000 L_fsp: 0.532 fsp_3_4: 0.076 fsp_4_5: 0.127 fsp_5_6: 0.169 fsp_6_7: 0.159 
(epoch: 7, iters: 1438, time: 0.034) G_GAN: 0.984 G_L1: 0.406 G_SSIM: 0.301 H_L1: 0.194 H_SSIM: 0.508 D_real: 0.012 D_fake: 0.004 att_A: 0.896 L_hall: 0.059 L_inter: 0.000 L_intra: 0.000 L_fsp: 0.647 fsp_3_4: 0.134 fsp_4_5: 0.166 fsp_5_6: 0.220 fsp_6_7: 0.126 
(epoch: 7, iters: 1538, time: 0.035) G_GAN: 0.926 G_L1: 0.480 G_SSIM: 0.343 H_L1: 0.196 H_SSIM: 0.528 D_real: 0.020 D_fake: 0.011 att_A: 0.800 L_hall: 0.053 L_inter: 0.000 L_intra: 0.000 L_fsp: 0.579 fsp_3_4: 0.139 fsp_4_5: 0.189 fsp_5_6: 0.149 fsp_6_7: 0.101 
(epoch: 7, iters: 1638, time: 0.034) G_GAN: 0.492 G_L1: 0.339 G_SSIM: 0.035 H_L1: 0.182 H_SSIM: 0.356 D_real: 0.059 D_fake: 0.099 att_A: 0.429 L_hall: 0.057 L_inter: 0.000 L_intra: 0.000 L_fsp: 0.949 fsp_3_4: 0.187 fsp_4_5: 0.202 fsp_5_6: 0.249 fsp_6_7: 0.310 
(epoch: 7, iters: 1738, time: 0.057) G_GAN: 0.942 G_L1: 0.546 G_SSIM: 0.312 H_L1: 0.199 H_SSIM: 0.478 D_real: 0.016 D_fake: 0.012 att_A: 0.846 L_hall: 0.056 L_inter: 0.000 L_intra: 0.000 L_fsp: 0.648 fsp_3_4: 0.131 fsp_4_5: 0.172 fsp_5_6: 0.151 fsp_6_7: 0.193 
(epoch: 7, iters: 1838, time: 0.034) G_GAN: 1.045 G_L1: 0.353 G_SSIM: 0.255 H_L1: 0.160 H_SSIM: 0.465 D_real: 0.009 D_fake: 0.005 att_A: 0.606 L_hall: 0.053 L_inter: 0.000 L_intra: 0.000 L_fsp: 0.679 fsp_3_4: 0.124 fsp_4_5: 0.177 fsp_5_6: 0.218 fsp_6_7: 0.161 
(epoch: 7, iters: 1938, time: 0.034) G_GAN: 1.040 G_L1: 0.386 G_SSIM: 0.241 H_L1: 0.174 H_SSIM: 0.441 D_real: 0.027 D_fake: 0.027 att_A: 0.770 L_hall: 0.054 L_inter: 0.000 L_intra: 0.000 L_fsp: 0.517 fsp_3_4: 0.094 fsp_4_5: 0.158 fsp_5_6: 0.136 fsp_6_7: 0.129 
(epoch: 7, iters: 2038, time: 0.033) G_GAN: 0.863 G_L1: 0.585 G_SSIM: 0.307 H_L1: 0.179 H_SSIM: 0.427 D_real: 0.008 D_fake: 0.028 att_A: 0.842 L_hall: 0.061 L_inter: 0.000 L_intra: 0.000 L_fsp: 0.757 fsp_3_4: 0.148 fsp_4_5: 0.157 fsp_5_6: 0.170 fsp_6_7: 0.282 
(epoch: 7, iters: 2138, time: 0.033) G_GAN: 1.056 G_L1: 0.465 G_SSIM: 0.264 H_L1: 0.174 H_SSIM: 0.341 D_real: 0.007 D_fake: 0.009 att_A: 0.927 L_hall: 0.061 L_inter: 0.000 L_intra: 0.000 L_fsp: 0.610 fsp_3_4: 0.170 fsp_4_5: 0.147 fsp_5_6: 0.148 fsp_6_7: 0.145 
(epoch: 7, iters: 2238, time: 0.059) G_GAN: 0.224 G_L1: 0.351 G_SSIM: 0.183 H_L1: 0.189 H_SSIM: 0.373 D_real: 0.038 D_fake: 0.295 att_A: 0.395 L_hall: 0.043 L_inter: 0.000 L_intra: 0.000 L_fsp: 0.355 fsp_3_4: 0.089 fsp_4_5: 0.111 fsp_5_6: 0.130 fsp_6_7: 0.026 
(epoch: 7, iters: 2338, time: 0.033) G_GAN: 1.383 G_L1: 0.263 G_SSIM: 0.215 H_L1: 0.166 H_SSIM: 0.471 D_real: 0.064 D_fake: 0.037 att_A: 0.541 L_hall: 0.049 L_inter: 0.000 L_intra: 0.000 L_fsp: 0.447 fsp_3_4: 0.120 fsp_4_5: 0.147 fsp_5_6: 0.103 fsp_6_7: 0.077 
(epoch: 7, iters: 2438, time: 0.034) G_GAN: 1.251 G_L1: 0.413 G_SSIM: 0.299 H_L1: 0.198 H_SSIM: 0.519 D_real: 0.347 D_fake: 0.029 att_A: 0.722 L_hall: 0.052 L_inter: 0.000 L_intra: 0.000 L_fsp: 0.557 fsp_3_4: 0.109 fsp_4_5: 0.165 fsp_5_6: 0.178 fsp_6_7: 0.105 
(epoch: 7, iters: 2538, time: 0.034) G_GAN: 1.104 G_L1: 0.302 G_SSIM: 0.252 H_L1: 0.211 H_SSIM: 0.517 D_real: 0.051 D_fake: 0.027 att_A: 0.619 L_hall: 0.052 L_inter: 0.000 L_intra: 0.000 L_fsp: 0.504 fsp_3_4: 0.091 fsp_4_5: 0.159 fsp_5_6: 0.163 fsp_6_7: 0.091 
(epoch: 7, iters: 2638, time: 0.034) G_GAN: 0.713 G_L1: 0.064 G_SSIM: 0.023 H_L1: 0.157 H_SSIM: 0.339 D_real: 0.096 D_fake: 0.069 att_A: 0.377 L_hall: 0.052 L_inter: 0.000 L_intra: 0.000 L_fsp: 0.565 fsp_3_4: 0.100 fsp_4_5: 0.176 fsp_5_6: 0.163 fsp_6_7: 0.127 
(epoch: 7, iters: 2738, time: 0.059) G_GAN: 1.023 G_L1: 0.380 G_SSIM: 0.171 H_L1: 0.187 H_SSIM: 0.445 D_real: 0.014 D_fake: 0.008 att_A: 0.517 L_hall: 0.050 L_inter: 0.000 L_intra: 0.000 L_fsp: 0.524 fsp_3_4: 0.122 fsp_4_5: 0.167 fsp_5_6: 0.138 fsp_6_7: 0.098 
(epoch: 7, iters: 2838, time: 0.034) G_GAN: 0.900 G_L1: 0.486 G_SSIM: 0.178 H_L1: 0.199 H_SSIM: 0.490 D_real: 0.051 D_fake: 0.015 att_A: 0.566 L_hall: 0.054 L_inter: 0.000 L_intra: 0.000 L_fsp: 0.784 fsp_3_4: 0.119 fsp_4_5: 0.175 fsp_5_6: 0.223 fsp_6_7: 0.266 
(epoch: 7, iters: 2938, time: 0.034) G_GAN: 0.985 G_L1: 0.674 G_SSIM: 0.311 H_L1: 0.192 H_SSIM: 0.468 D_real: 0.052 D_fake: 0.003 att_A: 0.834 L_hall: 0.057 L_inter: 0.000 L_intra: 0.000 L_fsp: 0.730 fsp_3_4: 0.129 fsp_4_5: 0.205 fsp_5_6: 0.210 fsp_6_7: 0.185 
(epoch: 7, iters: 3038, time: 0.035) G_GAN: 0.667 G_L1: 0.326 G_SSIM: 0.147 H_L1: 0.170 H_SSIM: 0.424 D_real: 0.013 D_fake: 0.045 att_A: 0.449 L_hall: 0.048 L_inter: 0.000 L_intra: 0.000 L_fsp: 0.495 fsp_3_4: 0.089 fsp_4_5: 0.125 fsp_5_6: 0.155 fsp_6_7: 0.124 
(epoch: 7, iters: 3138, time: 0.035) G_GAN: 1.142 G_L1: 0.418 G_SSIM: 0.226 H_L1: 0.173 H_SSIM: 0.482 D_real: 0.018 D_fake: 0.034 att_A: 0.477 L_hall: 0.048 L_inter: 0.000 L_intra: 0.000 L_fsp: 0.481 fsp_3_4: 0.113 fsp_4_5: 0.116 fsp_5_6: 0.136 fsp_6_7: 0.116 
(epoch: 7, iters: 3238, time: 0.054) G_GAN: 0.857 G_L1: 0.443 G_SSIM: 0.452 H_L1: 0.204 H_SSIM: 0.657 D_real: 0.006 D_fake: 0.010 att_A: 0.810 L_hall: 0.057 L_inter: 0.000 L_intra: 0.000 L_fsp: 0.652 fsp_3_4: 0.119 fsp_4_5: 0.170 fsp_5_6: 0.185 fsp_6_7: 0.178 
(epoch: 7, iters: 3338, time: 0.034) G_GAN: 0.909 G_L1: 0.363 G_SSIM: 0.230 H_L1: 0.156 H_SSIM: 0.449 D_real: 0.023 D_fake: 0.007 att_A: 0.743 L_hall: 0.051 L_inter: 0.000 L_intra: 0.000 L_fsp: 0.502 fsp_3_4: 0.124 fsp_4_5: 0.168 fsp_5_6: 0.163 fsp_6_7: 0.047 
(epoch: 7, iters: 3438, time: 0.034) G_GAN: 0.344 G_L1: 0.110 G_SSIM: 0.025 H_L1: 0.142 H_SSIM: 0.333 D_real: 0.133 D_fake: 0.016 att_A: 0.759 L_hall: 0.052 L_inter: 0.000 L_intra: 0.000 L_fsp: 0.762 fsp_3_4: 0.143 fsp_4_5: 0.221 fsp_5_6: 0.208 fsp_6_7: 0.190 
(epoch: 7, iters: 3538, time: 0.035) G_GAN: 0.396 G_L1: 0.092 G_SSIM: 0.026 H_L1: 0.159 H_SSIM: 0.338 D_real: 0.015 D_fake: 0.154 att_A: 0.624 L_hall: 0.056 L_inter: 0.000 L_intra: 0.000 L_fsp: 0.782 fsp_3_4: 0.094 fsp_4_5: 0.165 fsp_5_6: 0.245 fsp_6_7: 0.278 
(epoch: 7, iters: 3638, time: 0.034) G_GAN: 0.352 G_L1: 0.112 G_SSIM: 0.042 H_L1: 0.140 H_SSIM: 0.349 D_real: 0.023 D_fake: 0.030 att_A: 0.566 L_hall: 0.046 L_inter: 0.000 L_intra: 0.000 L_fsp: 0.574 fsp_3_4: 0.074 fsp_4_5: 0.141 fsp_5_6: 0.169 fsp_6_7: 0.190 
(epoch: 7, iters: 3738, time: 0.057) G_GAN: 0.693 G_L1: 0.236 G_SSIM: 0.146 H_L1: 0.174 H_SSIM: 0.437 D_real: 0.022 D_fake: 0.053 att_A: 0.663 L_hall: 0.054 L_inter: 0.000 L_intra: 0.000 L_fsp: 0.581 fsp_3_4: 0.158 fsp_4_5: 0.192 fsp_5_6: 0.171 fsp_6_7: 0.060 
(epoch: 7, iters: 3838, time: 0.035) G_GAN: 1.020 G_L1: 0.127 G_SSIM: 0.052 H_L1: 0.158 H_SSIM: 0.357 D_real: 0.015 D_fake: 0.006 att_A: 0.599 L_hall: 0.052 L_inter: 0.000 L_intra: 0.000 L_fsp: 0.551 fsp_3_4: 0.085 fsp_4_5: 0.159 fsp_5_6: 0.213 fsp_6_7: 0.093 
(epoch: 7, iters: 3938, time: 0.035) G_GAN: 0.672 G_L1: 0.396 G_SSIM: 0.093 H_L1: 0.184 H_SSIM: 0.360 D_real: 0.043 D_fake: 0.008 att_A: 0.407 L_hall: 0.038 L_inter: 0.000 L_intra: 0.000 L_fsp: 0.572 fsp_3_4: 0.102 fsp_4_5: 0.159 fsp_5_6: 0.186 fsp_6_7: 0.126 
(epoch: 7, iters: 4038, time: 0.035) G_GAN: 0.895 G_L1: 0.385 G_SSIM: 0.218 H_L1: 0.141 H_SSIM: 0.447 D_real: 0.013 D_fake: 0.057 att_A: 0.662 L_hall: 0.047 L_inter: 0.000 L_intra: 0.000 L_fsp: 0.607 fsp_3_4: 0.182 fsp_4_5: 0.187 fsp_5_6: 0.138 fsp_6_7: 0.100 
(epoch: 7, iters: 4138, time: 0.034) G_GAN: 0.942 G_L1: 0.664 G_SSIM: 0.394 H_L1: 0.222 H_SSIM: 0.493 D_real: 0.011 D_fake: 0.007 att_A: 0.959 L_hall: 0.064 L_inter: 0.000 L_intra: 0.000 L_fsp: 0.792 fsp_3_4: 0.160 fsp_4_5: 0.228 fsp_5_6: 0.192 fsp_6_7: 0.213 
(epoch: 7, iters: 4238, time: 0.054) G_GAN: 1.007 G_L1: 0.577 G_SSIM: 0.461 H_L1: 0.228 H_SSIM: 0.617 D_real: 0.010 D_fake: 0.006 att_A: 0.710 L_hall: 0.054 L_inter: 0.000 L_intra: 0.000 L_fsp: 0.559 fsp_3_4: 0.098 fsp_4_5: 0.167 fsp_5_6: 0.167 fsp_6_7: 0.128 
(epoch: 7, iters: 4338, time: 0.034) G_GAN: 0.821 G_L1: 0.388 G_SSIM: 0.270 H_L1: 0.190 H_SSIM: 0.547 D_real: 0.042 D_fake: 0.013 att_A: 0.688 L_hall: 0.055 L_inter: 0.000 L_intra: 0.000 L_fsp: 0.573 fsp_3_4: 0.147 fsp_4_5: 0.166 fsp_5_6: 0.157 fsp_6_7: 0.103 
(epoch: 7, iters: 4438, time: 0.035) G_GAN: 0.940 G_L1: 0.395 G_SSIM: 0.214 H_L1: 0.180 H_SSIM: 0.485 D_real: 0.081 D_fake: 0.008 att_A: 0.593 L_hall: 0.050 L_inter: 0.000 L_intra: 0.000 L_fsp: 0.526 fsp_3_4: 0.110 fsp_4_5: 0.146 fsp_5_6: 0.129 fsp_6_7: 0.141 
(epoch: 7, iters: 4538, time: 0.033) G_GAN: 1.046 G_L1: 0.241 G_SSIM: 0.191 H_L1: 0.225 H_SSIM: 0.510 D_real: 0.081 D_fake: 0.026 att_A: 0.399 L_hall: 0.052 L_inter: 0.000 L_intra: 0.000 L_fsp: 0.442 fsp_3_4: 0.081 fsp_4_5: 0.141 fsp_5_6: 0.166 fsp_6_7: 0.055 
(epoch: 7, iters: 4638, time: 0.034) G_GAN: 0.986 G_L1: 0.225 G_SSIM: 0.131 H_L1: 0.247 H_SSIM: 0.551 D_real: 0.133 D_fake: 0.012 att_A: 0.474 L_hall: 0.053 L_inter: 0.000 L_intra: 0.000 L_fsp: 0.561 fsp_3_4: 0.131 fsp_4_5: 0.155 fsp_5_6: 0.185 fsp_6_7: 0.091 
(epoch: 7, iters: 4738, time: 0.065) G_GAN: 0.801 G_L1: 0.351 G_SSIM: 0.234 H_L1: 0.149 H_SSIM: 0.439 D_real: 0.008 D_fake: 0.072 att_A: 0.729 L_hall: 0.051 L_inter: 0.000 L_intra: 0.000 L_fsp: 0.681 fsp_3_4: 0.165 fsp_4_5: 0.184 fsp_5_6: 0.138 fsp_6_7: 0.193 
(epoch: 7, iters: 4838, time: 0.034) G_GAN: 0.972 G_L1: 0.391 G_SSIM: 0.206 H_L1: 0.161 H_SSIM: 0.416 D_real: 0.012 D_fake: 0.006 att_A: 0.681 L_hall: 0.054 L_inter: 0.000 L_intra: 0.000 L_fsp: 0.596 fsp_3_4: 0.128 fsp_4_5: 0.187 fsp_5_6: 0.192 fsp_6_7: 0.090 
(epoch: 7, iters: 4938, time: 0.034) G_GAN: 0.889 G_L1: 0.341 G_SSIM: 0.218 H_L1: 0.222 H_SSIM: 0.525 D_real: 0.135 D_fake: 0.008 att_A: 0.379 L_hall: 0.049 L_inter: 0.000 L_intra: 0.000 L_fsp: 0.385 fsp_3_4: 0.083 fsp_4_5: 0.134 fsp_5_6: 0.119 fsp_6_7: 0.049 
(epoch: 7, iters: 5038, time: 0.034) G_GAN: 0.846 G_L1: 0.214 G_SSIM: 0.145 H_L1: 0.209 H_SSIM: 0.526 D_real: 0.014 D_fake: 0.009 att_A: 0.420 L_hall: 0.049 L_inter: 0.000 L_intra: 0.000 L_fsp: 0.372 fsp_3_4: 0.108 fsp_4_5: 0.113 fsp_5_6: 0.105 fsp_6_7: 0.045 
(epoch: 7, iters: 5138, time: 0.035) G_GAN: 1.161 G_L1: 0.369 G_SSIM: 0.204 H_L1: 0.155 H_SSIM: 0.430 D_real: 0.012 D_fake: 0.013 att_A: 0.627 L_hall: 0.046 L_inter: 0.000 L_intra: 0.000 L_fsp: 0.443 fsp_3_4: 0.101 fsp_4_5: 0.126 fsp_5_6: 0.155 fsp_6_7: 0.062 
(epoch: 7, iters: 5238, time: 0.064) G_GAN: 1.096 G_L1: 0.313 G_SSIM: 0.215 H_L1: 0.170 H_SSIM: 0.443 D_real: 0.027 D_fake: 0.028 att_A: 0.623 L_hall: 0.057 L_inter: 0.000 L_intra: 0.000 L_fsp: 0.674 fsp_3_4: 0.101 fsp_4_5: 0.201 fsp_5_6: 0.204 fsp_6_7: 0.168 
saving the latest model (epoch 7, total_steps 60000)
(epoch: 7, iters: 5338, time: 0.034) G_GAN: 0.996 G_L1: 0.459 G_SSIM: 0.397 H_L1: 0.193 H_SSIM: 0.633 D_real: 0.018 D_fake: 0.024 att_A: 0.707 L_hall: 0.052 L_inter: 0.000 L_intra: 0.000 L_fsp: 0.515 fsp_3_4: 0.116 fsp_4_5: 0.157 fsp_5_6: 0.166 fsp_6_7: 0.076 
(epoch: 7, iters: 5438, time: 0.034) G_GAN: 0.926 G_L1: 0.382 G_SSIM: 0.217 H_L1: 0.173 H_SSIM: 0.456 D_real: 0.014 D_fake: 0.479 att_A: 0.679 L_hall: 0.054 L_inter: 0.000 L_intra: 0.000 L_fsp: 0.501 fsp_3_4: 0.095 fsp_4_5: 0.152 fsp_5_6: 0.162 fsp_6_7: 0.092 
(epoch: 7, iters: 5538, time: 0.034) G_GAN: 0.927 G_L1: 0.648 G_SSIM: 0.461 H_L1: 0.212 H_SSIM: 0.595 D_real: 0.024 D_fake: 0.713 att_A: 0.734 L_hall: 0.055 L_inter: 0.000 L_intra: 0.000 L_fsp: 0.746 fsp_3_4: 0.182 fsp_4_5: 0.219 fsp_5_6: 0.150 fsp_6_7: 0.194 
(epoch: 7, iters: 5638, time: 0.034) G_GAN: 0.907 G_L1: 0.428 G_SSIM: 0.225 H_L1: 0.175 H_SSIM: 0.496 D_real: 0.008 D_fake: 0.010 att_A: 0.486 L_hall: 0.046 L_inter: 0.000 L_intra: 0.000 L_fsp: 0.438 fsp_3_4: 0.114 fsp_4_5: 0.128 fsp_5_6: 0.110 fsp_6_7: 0.086 
(epoch: 7, iters: 5738, time: 0.054) G_GAN: 1.281 G_L1: 0.368 G_SSIM: 0.183 H_L1: 0.147 H_SSIM: 0.410 D_real: 0.150 D_fake: 0.017 att_A: 0.581 L_hall: 0.052 L_inter: 0.000 L_intra: 0.000 L_fsp: 0.678 fsp_3_4: 0.149 fsp_4_5: 0.210 fsp_5_6: 0.255 fsp_6_7: 0.065 
(epoch: 7, iters: 5838, time: 0.033) G_GAN: 0.958 G_L1: 0.470 G_SSIM: 0.273 H_L1: 0.167 H_SSIM: 0.436 D_real: 0.010 D_fake: 0.393 att_A: 0.726 L_hall: 0.052 L_inter: 0.000 L_intra: 0.000 L_fsp: 0.460 fsp_3_4: 0.185 fsp_4_5: 0.128 fsp_5_6: 0.106 fsp_6_7: 0.041 
(epoch: 7, iters: 5938, time: 0.034) G_GAN: 0.931 G_L1: 0.177 G_SSIM: 0.075 H_L1: 0.179 H_SSIM: 0.473 D_real: 0.209 D_fake: 0.060 att_A: 0.590 L_hall: 0.054 L_inter: 0.000 L_intra: 0.000 L_fsp: 0.583 fsp_3_4: 0.116 fsp_4_5: 0.186 fsp_5_6: 0.158 fsp_6_7: 0.123 
(epoch: 7, iters: 6038, time: 0.034) G_GAN: 1.067 G_L1: 0.251 G_SSIM: 0.156 H_L1: 0.159 H_SSIM: 0.456 D_real: 0.008 D_fake: 0.007 att_A: 0.771 L_hall: 0.054 L_inter: 0.000 L_intra: 0.000 L_fsp: 0.574 fsp_3_4: 0.136 fsp_4_5: 0.176 fsp_5_6: 0.180 fsp_6_7: 0.082 
(epoch: 7, iters: 6138, time: 0.034) G_GAN: 0.614 G_L1: 0.230 G_SSIM: 0.098 H_L1: 0.158 H_SSIM: 0.497 D_real: 0.043 D_fake: 0.056 att_A: 0.353 L_hall: 0.056 L_inter: 0.000 L_intra: 0.000 L_fsp: 0.859 fsp_3_4: 0.163 fsp_4_5: 0.186 fsp_5_6: 0.263 fsp_6_7: 0.247 
(epoch: 7, iters: 6238, time: 0.062) G_GAN: 1.114 G_L1: 0.423 G_SSIM: 0.369 H_L1: 0.221 H_SSIM: 0.638 D_real: 0.017 D_fake: 0.012 att_A: 0.690 L_hall: 0.057 L_inter: 0.000 L_intra: 0.000 L_fsp: 0.761 fsp_3_4: 0.112 fsp_4_5: 0.150 fsp_5_6: 0.201 fsp_6_7: 0.298 
(epoch: 7, iters: 6338, time: 0.034) G_GAN: 0.646 G_L1: 0.289 G_SSIM: 0.239 H_L1: 0.216 H_SSIM: 0.499 D_real: 0.007 D_fake: 0.047 att_A: 0.483 L_hall: 0.048 L_inter: 0.000 L_intra: 0.000 L_fsp: 0.438 fsp_3_4: 0.072 fsp_4_5: 0.120 fsp_5_6: 0.102 fsp_6_7: 0.144 
(epoch: 7, iters: 6438, time: 0.033) G_GAN: 0.898 G_L1: 0.184 G_SSIM: 0.052 H_L1: 0.170 H_SSIM: 0.358 D_real: 0.008 D_fake: 0.008 att_A: 0.629 L_hall: 0.051 L_inter: 0.000 L_intra: 0.000 L_fsp: 0.425 fsp_3_4: 0.093 fsp_4_5: 0.120 fsp_5_6: 0.150 fsp_6_7: 0.061 
(epoch: 7, iters: 6538, time: 0.033) G_GAN: 0.657 G_L1: 0.065 G_SSIM: 0.025 H_L1: 0.152 H_SSIM: 0.337 D_real: 0.007 D_fake: 0.006 att_A: 0.365 L_hall: 0.056 L_inter: 0.000 L_intra: 0.000 L_fsp: 0.886 fsp_3_4: 0.076 fsp_4_5: 0.171 fsp_5_6: 0.275 fsp_6_7: 0.364 
(epoch: 7, iters: 6638, time: 0.035) G_GAN: 0.974 G_L1: 0.518 G_SSIM: 0.502 H_L1: 0.199 H_SSIM: 0.608 D_real: 0.011 D_fake: 0.009 att_A: 0.801 L_hall: 0.057 L_inter: 0.000 L_intra: 0.000 L_fsp: 0.634 fsp_3_4: 0.090 fsp_4_5: 0.165 fsp_5_6: 0.280 fsp_6_7: 0.098 
(epoch: 7, iters: 6738, time: 0.064) G_GAN: 0.811 G_L1: 0.055 G_SSIM: 0.012 H_L1: 0.142 H_SSIM: 0.334 D_real: 0.034 D_fake: 0.042 att_A: 0.439 L_hall: 0.053 L_inter: 0.000 L_intra: 0.000 L_fsp: 0.740 fsp_3_4: 0.099 fsp_4_5: 0.168 fsp_5_6: 0.294 fsp_6_7: 0.178 
(epoch: 7, iters: 6838, time: 0.035) G_GAN: 0.692 G_L1: 0.056 G_SSIM: 0.004 H_L1: 0.136 H_SSIM: 0.331 D_real: 0.238 D_fake: 0.032 att_A: 0.652 L_hall: 0.035 L_inter: 0.000 L_intra: 0.000 L_fsp: 0.528 fsp_3_4: 0.208 fsp_4_5: 0.138 fsp_5_6: 0.127 fsp_6_7: 0.055 
(epoch: 7, iters: 6938, time: 0.035) G_GAN: 0.967 G_L1: 0.525 G_SSIM: 0.211 H_L1: 0.164 H_SSIM: 0.422 D_real: 0.019 D_fake: 0.007 att_A: 0.789 L_hall: 0.056 L_inter: 0.000 L_intra: 0.000 L_fsp: 0.660 fsp_3_4: 0.134 fsp_4_5: 0.161 fsp_5_6: 0.275 fsp_6_7: 0.091 
(epoch: 7, iters: 7038, time: 0.034) G_GAN: 0.232 G_L1: 0.225 G_SSIM: 0.104 H_L1: 0.238 H_SSIM: 0.575 D_real: 0.067 D_fake: 0.299 att_A: 0.323 L_hall: 0.048 L_inter: 0.000 L_intra: 0.000 L_fsp: 0.428 fsp_3_4: 0.094 fsp_4_5: 0.170 fsp_5_6: 0.114 fsp_6_7: 0.049 
(epoch: 7, iters: 7138, time: 0.034) G_GAN: 1.200 G_L1: 0.370 G_SSIM: 0.284 H_L1: 0.173 H_SSIM: 0.491 D_real: 0.049 D_fake: 0.017 att_A: 0.726 L_hall: 0.053 L_inter: 0.000 L_intra: 0.000 L_fsp: 0.515 fsp_3_4: 0.095 fsp_4_5: 0.164 fsp_5_6: 0.120 fsp_6_7: 0.135 
(epoch: 7, iters: 7238, time: 0.060) G_GAN: 1.460 G_L1: 0.303 G_SSIM: 0.183 H_L1: 0.190 H_SSIM: 0.421 D_real: 0.092 D_fake: 0.066 att_A: 0.690 L_hall: 0.052 L_inter: 0.000 L_intra: 0.000 L_fsp: 0.592 fsp_3_4: 0.134 fsp_4_5: 0.175 fsp_5_6: 0.146 fsp_6_7: 0.137 
(epoch: 7, iters: 7338, time: 0.035) G_GAN: 1.269 G_L1: 0.231 G_SSIM: 0.139 H_L1: 0.166 H_SSIM: 0.445 D_real: 0.042 D_fake: 0.012 att_A: 0.674 L_hall: 0.053 L_inter: 0.000 L_intra: 0.000 L_fsp: 0.592 fsp_3_4: 0.115 fsp_4_5: 0.175 fsp_5_6: 0.179 fsp_6_7: 0.122 
(epoch: 7, iters: 7438, time: 0.034) G_GAN: 0.483 G_L1: 0.325 G_SSIM: 0.021 H_L1: 0.150 H_SSIM: 0.343 D_real: 0.090 D_fake: 0.008 att_A: 0.455 L_hall: 0.051 L_inter: 0.000 L_intra: 0.000 L_fsp: 0.644 fsp_3_4: 0.132 fsp_4_5: 0.181 fsp_5_6: 0.210 fsp_6_7: 0.121 
(epoch: 7, iters: 7538, time: 0.034) G_GAN: 0.628 G_L1: 0.239 G_SSIM: 0.162 H_L1: 0.207 H_SSIM: 0.536 D_real: 0.008 D_fake: 0.055 att_A: 0.477 L_hall: 0.048 L_inter: 0.000 L_intra: 0.000 L_fsp: 0.364 fsp_3_4: 0.113 fsp_4_5: 0.105 fsp_5_6: 0.093 fsp_6_7: 0.054 
(epoch: 7, iters: 7638, time: 0.034) G_GAN: 0.116 G_L1: 0.261 G_SSIM: 0.201 H_L1: 0.168 H_SSIM: 0.437 D_real: 0.014 D_fake: 0.578 att_A: 0.511 L_hall: 0.051 L_inter: 0.000 L_intra: 0.000 L_fsp: 0.527 fsp_3_4: 0.103 fsp_4_5: 0.171 fsp_5_6: 0.166 fsp_6_7: 0.087 
(epoch: 7, iters: 7738, time: 0.058) G_GAN: 0.880 G_L1: 0.524 G_SSIM: 0.457 H_L1: 0.194 H_SSIM: 0.569 D_real: 0.015 D_fake: 0.010 att_A: 0.632 L_hall: 0.047 L_inter: 0.000 L_intra: 0.000 L_fsp: 0.424 fsp_3_4: 0.109 fsp_4_5: 0.153 fsp_5_6: 0.118 fsp_6_7: 0.043 
(epoch: 7, iters: 7838, time: 0.034) G_GAN: 0.991 G_L1: 0.279 G_SSIM: 0.114 H_L1: 0.159 H_SSIM: 0.397 D_real: 0.022 D_fake: 0.016 att_A: 0.710 L_hall: 0.045 L_inter: 0.000 L_intra: 0.000 L_fsp: 0.729 fsp_3_4: 0.211 fsp_4_5: 0.226 fsp_5_6: 0.151 fsp_6_7: 0.141 
(epoch: 7, iters: 7938, time: 0.034) G_GAN: 0.922 G_L1: 0.459 G_SSIM: 0.418 H_L1: 0.242 H_SSIM: 0.632 D_real: 0.013 D_fake: 0.015 att_A: 0.805 L_hall: 0.054 L_inter: 0.000 L_intra: 0.000 L_fsp: 0.497 fsp_3_4: 0.094 fsp_4_5: 0.177 fsp_5_6: 0.128 fsp_6_7: 0.098 
(epoch: 7, iters: 8038, time: 0.035) G_GAN: 0.191 G_L1: 0.164 G_SSIM: 0.086 H_L1: 0.117 H_SSIM: 0.364 D_real: 0.019 D_fake: 0.013 att_A: 0.654 L_hall: 0.034 L_inter: 0.000 L_intra: 0.000 L_fsp: 0.371 fsp_3_4: 0.130 fsp_4_5: 0.141 fsp_5_6: 0.079 fsp_6_7: 0.021 
(epoch: 7, iters: 8138, time: 0.034) G_GAN: 0.632 G_L1: 0.104 G_SSIM: 0.008 H_L1: 0.112 H_SSIM: 0.329 D_real: 0.121 D_fake: 0.003 att_A: 0.744 L_hall: 0.042 L_inter: 0.000 L_intra: 0.000 L_fsp: 0.692 fsp_3_4: 0.150 fsp_4_5: 0.144 fsp_5_6: 0.207 fsp_6_7: 0.192 
(epoch: 7, iters: 8238, time: 0.049) G_GAN: 0.428 G_L1: 0.113 G_SSIM: 0.024 H_L1: 0.144 H_SSIM: 0.346 D_real: 0.022 D_fake: 0.137 att_A: 0.622 L_hall: 0.051 L_inter: 0.000 L_intra: 0.000 L_fsp: 0.658 fsp_3_4: 0.107 fsp_4_5: 0.181 fsp_5_6: 0.176 fsp_6_7: 0.194 
(epoch: 7, iters: 8338, time: 0.034) G_GAN: 0.987 G_L1: 0.419 G_SSIM: 0.222 H_L1: 0.178 H_SSIM: 0.387 D_real: 0.154 D_fake: 0.064 att_A: 0.789 L_hall: 0.055 L_inter: 0.000 L_intra: 0.000 L_fsp: 0.614 fsp_3_4: 0.121 fsp_4_5: 0.152 fsp_5_6: 0.124 fsp_6_7: 0.216 
(epoch: 7, iters: 8438, time: 0.034) G_GAN: 1.006 G_L1: 0.276 G_SSIM: 0.216 H_L1: 0.149 H_SSIM: 0.437 D_real: 0.008 D_fake: 0.009 att_A: 0.694 L_hall: 0.049 L_inter: 0.000 L_intra: 0.000 L_fsp: 0.576 fsp_3_4: 0.119 fsp_4_5: 0.162 fsp_5_6: 0.156 fsp_6_7: 0.140 
(epoch: 7, iters: 8538, time: 0.035) G_GAN: 0.819 G_L1: 0.425 G_SSIM: 0.301 H_L1: 0.139 H_SSIM: 0.391 D_real: 0.022 D_fake: 0.018 att_A: 0.956 L_hall: 0.059 L_inter: 0.000 L_intra: 0.000 L_fsp: 0.752 fsp_3_4: 0.149 fsp_4_5: 0.164 fsp_5_6: 0.248 fsp_6_7: 0.191 
(epoch: 7, iters: 8638, time: 0.033) G_GAN: 0.987 G_L1: 0.046 G_SSIM: 0.018 H_L1: 0.144 H_SSIM: 0.341 D_real: 0.086 D_fake: 0.010 att_A: 0.347 L_hall: 0.052 L_inter: 0.000 L_intra: 0.000 L_fsp: 0.597 fsp_3_4: 0.080 fsp_4_5: 0.155 fsp_5_6: 0.155 fsp_6_7: 0.206 
(epoch: 7, iters: 8738, time: 0.081) G_GAN: 1.045 G_L1: 0.279 G_SSIM: 0.201 H_L1: 0.190 H_SSIM: 0.500 D_real: 0.077 D_fake: 0.006 att_A: 0.492 L_hall: 0.048 L_inter: 0.000 L_intra: 0.000 L_fsp: 0.504 fsp_3_4: 0.127 fsp_4_5: 0.131 fsp_5_6: 0.151 fsp_6_7: 0.095 
(epoch: 7, iters: 8838, time: 0.034) G_GAN: 0.983 G_L1: 0.292 G_SSIM: 0.204 H_L1: 0.172 H_SSIM: 0.409 D_real: 0.012 D_fake: 0.008 att_A: 0.763 L_hall: 0.062 L_inter: 0.000 L_intra: 0.000 L_fsp: 0.822 fsp_3_4: 0.112 fsp_4_5: 0.162 fsp_5_6: 0.198 fsp_6_7: 0.350 
(epoch: 7, iters: 8938, time: 0.034) G_GAN: 0.153 G_L1: 0.061 G_SSIM: 0.016 H_L1: 0.143 H_SSIM: 0.337 D_real: 0.008 D_fake: 0.387 att_A: 0.362 L_hall: 0.053 L_inter: 0.000 L_intra: 0.000 L_fsp: 0.756 fsp_3_4: 0.078 fsp_4_5: 0.164 fsp_5_6: 0.184 fsp_6_7: 0.330 
(epoch: 7, iters: 9038, time: 0.036) G_GAN: 0.893 G_L1: 0.284 G_SSIM: 0.143 H_L1: 0.249 H_SSIM: 0.571 D_real: 0.038 D_fake: 0.011 att_A: 0.509 L_hall: 0.055 L_inter: 0.000 L_intra: 0.000 L_fsp: 0.630 fsp_3_4: 0.093 fsp_4_5: 0.144 fsp_5_6: 0.301 fsp_6_7: 0.091 
epoch 7  fsp_3_4:0.121671  fsp_3_4_degen:0.000000  fsp_4_5:0.159274  fsp_4_5_degen:0.000000  fsp_5_6:0.166437  fsp_5_6_degen:0.000000  fsp_6_7:0.128167  fsp_6_7_degen:0.000000
End of epoch 7 / 30 	 Time Taken: 431 sec
learning rate = 0.0002000
(epoch: 8, iters: 11, time: 0.034) G_GAN: 0.468 G_L1: 0.115 G_SSIM: 0.030 H_L1: 0.145 H_SSIM: 0.345 D_real: 0.151 D_fake: 0.125 att_A: 0.441 L_hall: 0.041 L_inter: 0.000 L_intra: 0.000 L_fsp: 0.399 fsp_3_4: 0.099 fsp_4_5: 0.115 fsp_5_6: 0.119 fsp_6_7: 0.066 
(epoch: 8, iters: 111, time: 0.052) G_GAN: 0.762 G_L1: 0.268 G_SSIM: 0.187 H_L1: 0.200 H_SSIM: 0.514 D_real: 0.010 D_fake: 0.010 att_A: 0.511 L_hall: 0.043 L_inter: 0.000 L_intra: 0.000 L_fsp: 0.356 fsp_3_4: 0.094 fsp_4_5: 0.116 fsp_5_6: 0.117 fsp_6_7: 0.029 
(epoch: 8, iters: 211, time: 0.035) G_GAN: 0.994 G_L1: 0.423 G_SSIM: 0.178 H_L1: 0.141 H_SSIM: 0.388 D_real: 0.009 D_fake: 0.020 att_A: 0.637 L_hall: 0.058 L_inter: 0.000 L_intra: 0.000 L_fsp: 0.658 fsp_3_4: 0.125 fsp_4_5: 0.171 fsp_5_6: 0.252 fsp_6_7: 0.109 
(epoch: 8, iters: 311, time: 0.041) G_GAN: 0.214 G_L1: 0.386 G_SSIM: 0.262 H_L1: 0.190 H_SSIM: 0.402 D_real: 0.005 D_fake: 0.312 att_A: 0.422 L_hall: 0.045 L_inter: 0.000 L_intra: 0.000 L_fsp: 0.393 fsp_3_4: 0.086 fsp_4_5: 0.127 fsp_5_6: 0.123 fsp_6_7: 0.057 
(epoch: 8, iters: 411, time: 0.034) G_GAN: 1.041 G_L1: 0.316 G_SSIM: 0.239 H_L1: 0.229 H_SSIM: 0.523 D_real: 0.006 D_fake: 0.004 att_A: 0.690 L_hall: 0.056 L_inter: 0.000 L_intra: 0.000 L_fsp: 0.516 fsp_3_4: 0.094 fsp_4_5: 0.127 fsp_5_6: 0.122 fsp_6_7: 0.173 
(epoch: 8, iters: 511, time: 0.034) G_GAN: 0.288 G_L1: 0.317 G_SSIM: 0.164 H_L1: 0.157 H_SSIM: 0.421 D_real: 0.028 D_fake: 0.231 att_A: 0.485 L_hall: 0.050 L_inter: 0.000 L_intra: 0.000 L_fsp: 0.492 fsp_3_4: 0.150 fsp_4_5: 0.121 fsp_5_6: 0.151 fsp_6_7: 0.071 
(epoch: 8, iters: 611, time: 0.060) G_GAN: 0.965 G_L1: 0.338 G_SSIM: 0.270 H_L1: 0.211 H_SSIM: 0.534 D_real: 0.066 D_fake: 0.005 att_A: 0.515 L_hall: 0.051 L_inter: 0.000 L_intra: 0.000 L_fsp: 0.425 fsp_3_4: 0.105 fsp_4_5: 0.129 fsp_5_6: 0.111 fsp_6_7: 0.079 
(epoch: 8, iters: 711, time: 0.034) G_GAN: 0.760 G_L1: 0.231 G_SSIM: 0.147 H_L1: 0.192 H_SSIM: 0.527 D_real: 0.023 D_fake: 0.024 att_A: 0.552 L_hall: 0.047 L_inter: 0.000 L_intra: 0.000 L_fsp: 0.476 fsp_3_4: 0.122 fsp_4_5: 0.157 fsp_5_6: 0.117 fsp_6_7: 0.080 
(epoch: 8, iters: 811, time: 0.034) G_GAN: 0.841 G_L1: 0.348 G_SSIM: 0.195 H_L1: 0.166 H_SSIM: 0.442 D_real: 0.012 D_fake: 0.022 att_A: 0.495 L_hall: 0.052 L_inter: 0.000 L_intra: 0.000 L_fsp: 0.456 fsp_3_4: 0.119 fsp_4_5: 0.167 fsp_5_6: 0.107 fsp_6_7: 0.063 
(epoch: 8, iters: 911, time: 0.034) G_GAN: 1.190 G_L1: 0.050 G_SSIM: 0.013 H_L1: 0.144 H_SSIM: 0.337 D_real: 0.079 D_fake: 0.034 att_A: 0.404 L_hall: 0.053 L_inter: 0.000 L_intra: 0.000 L_fsp: 0.632 fsp_3_4: 0.105 fsp_4_5: 0.141 fsp_5_6: 0.172 fsp_6_7: 0.215 
(epoch: 8, iters: 1011, time: 0.039) G_GAN: 0.873 G_L1: 0.832 G_SSIM: 0.336 H_L1: 0.241 H_SSIM: 0.379 D_real: 0.008 D_fake: 0.009 att_A: 0.953 L_hall: 0.063 L_inter: 0.000 L_intra: 0.000 L_fsp: 0.713 fsp_3_4: 0.158 fsp_4_5: 0.219 fsp_5_6: 0.191 fsp_6_7: 0.145 
(epoch: 8, iters: 1111, time: 0.052) G_GAN: 0.879 G_L1: 0.281 G_SSIM: 0.129 H_L1: 0.170 H_SSIM: 0.391 D_real: 0.034 D_fake: 0.015 att_A: 0.746 L_hall: 0.054 L_inter: 0.000 L_intra: 0.000 L_fsp: 0.534 fsp_3_4: 0.124 fsp_4_5: 0.144 fsp_5_6: 0.150 fsp_6_7: 0.116 
saving the latest model (epoch 8, total_steps 65000)
(epoch: 8, iters: 1211, time: 0.034) G_GAN: 1.263 G_L1: 0.567 G_SSIM: 0.522 H_L1: 0.198 H_SSIM: 0.616 D_real: 0.013 D_fake: 0.458 att_A: 0.637 L_hall: 0.053 L_inter: 0.000 L_intra: 0.000 L_fsp: 0.709 fsp_3_4: 0.122 fsp_4_5: 0.173 fsp_5_6: 0.185 fsp_6_7: 0.229 
(epoch: 8, iters: 1311, time: 0.034) G_GAN: 1.051 G_L1: 0.349 G_SSIM: 0.250 H_L1: 0.183 H_SSIM: 0.396 D_real: 0.004 D_fake: 0.011 att_A: 0.901 L_hall: 0.057 L_inter: 0.000 L_intra: 0.000 L_fsp: 0.660 fsp_3_4: 0.129 fsp_4_5: 0.187 fsp_5_6: 0.194 fsp_6_7: 0.149 
(epoch: 8, iters: 1411, time: 0.033) G_GAN: 0.637 G_L1: 0.305 G_SSIM: 0.040 H_L1: 0.169 H_SSIM: 0.350 D_real: 0.046 D_fake: 0.052 att_A: 0.598 L_hall: 0.048 L_inter: 0.000 L_intra: 0.000 L_fsp: 0.599 fsp_3_4: 0.157 fsp_4_5: 0.175 fsp_5_6: 0.135 fsp_6_7: 0.132 
(epoch: 8, iters: 1511, time: 0.035) G_GAN: 0.703 G_L1: 0.198 G_SSIM: 0.109 H_L1: 0.175 H_SSIM: 0.413 D_real: 0.024 D_fake: 0.017 att_A: 0.630 L_hall: 0.059 L_inter: 0.000 L_intra: 0.000 L_fsp: 0.758 fsp_3_4: 0.105 fsp_4_5: 0.196 fsp_5_6: 0.227 fsp_6_7: 0.230 
(epoch: 8, iters: 1611, time: 0.069) G_GAN: 0.582 G_L1: 0.228 G_SSIM: 0.151 H_L1: 0.168 H_SSIM: 0.476 D_real: 0.038 D_fake: 0.072 att_A: 0.477 L_hall: 0.045 L_inter: 0.000 L_intra: 0.000 L_fsp: 0.535 fsp_3_4: 0.120 fsp_4_5: 0.142 fsp_5_6: 0.130 fsp_6_7: 0.143 
(epoch: 8, iters: 1711, time: 0.034) G_GAN: 1.112 G_L1: 0.656 G_SSIM: 0.506 H_L1: 0.230 H_SSIM: 0.623 D_real: 0.019 D_fake: 0.014 att_A: 0.892 L_hall: 0.059 L_inter: 0.000 L_intra: 0.000 L_fsp: 0.634 fsp_3_4: 0.115 fsp_4_5: 0.194 fsp_5_6: 0.218 fsp_6_7: 0.107 
(epoch: 8, iters: 1811, time: 0.034) G_GAN: 0.691 G_L1: 0.358 G_SSIM: 0.238 H_L1: 0.144 H_SSIM: 0.465 D_real: 0.091 D_fake: 0.306 att_A: 0.748 L_hall: 0.049 L_inter: 0.000 L_intra: 0.000 L_fsp: 0.593 fsp_3_4: 0.203 fsp_4_5: 0.202 fsp_5_6: 0.129 fsp_6_7: 0.058 
(epoch: 8, iters: 1911, time: 0.034) G_GAN: 0.406 G_L1: 0.210 G_SSIM: 0.086 H_L1: 0.159 H_SSIM: 0.369 D_real: 0.103 D_fake: 0.041 att_A: 0.527 L_hall: 0.058 L_inter: 0.000 L_intra: 0.000 L_fsp: 0.731 fsp_3_4: 0.152 fsp_4_5: 0.220 fsp_5_6: 0.168 fsp_6_7: 0.190 
(epoch: 8, iters: 2011, time: 0.034) G_GAN: 0.985 G_L1: 0.392 G_SSIM: 0.239 H_L1: 0.157 H_SSIM: 0.425 D_real: 0.012 D_fake: 0.016 att_A: 0.722 L_hall: 0.054 L_inter: 0.000 L_intra: 0.000 L_fsp: 0.487 fsp_3_4: 0.113 fsp_4_5: 0.148 fsp_5_6: 0.160 fsp_6_7: 0.065 
(epoch: 8, iters: 2111, time: 0.071) G_GAN: 0.081 G_L1: 0.221 G_SSIM: 0.117 H_L1: 0.158 H_SSIM: 0.393 D_real: 0.006 D_fake: 0.522 att_A: 0.609 L_hall: 0.060 L_inter: 0.000 L_intra: 0.000 L_fsp: 0.667 fsp_3_4: 0.120 fsp_4_5: 0.185 fsp_5_6: 0.263 fsp_6_7: 0.099 
(epoch: 8, iters: 2211, time: 0.034) G_GAN: 0.705 G_L1: 0.263 G_SSIM: 0.132 H_L1: 0.181 H_SSIM: 0.463 D_real: 0.025 D_fake: 0.048 att_A: 0.613 L_hall: 0.049 L_inter: 0.000 L_intra: 0.000 L_fsp: 0.496 fsp_3_4: 0.098 fsp_4_5: 0.162 fsp_5_6: 0.167 fsp_6_7: 0.070 
(epoch: 8, iters: 2311, time: 0.034) G_GAN: 0.988 G_L1: 0.617 G_SSIM: 0.413 H_L1: 0.211 H_SSIM: 0.574 D_real: 0.022 D_fake: 0.015 att_A: 0.838 L_hall: 0.055 L_inter: 0.000 L_intra: 0.000 L_fsp: 0.681 fsp_3_4: 0.136 fsp_4_5: 0.169 fsp_5_6: 0.210 fsp_6_7: 0.167 
(epoch: 8, iters: 2411, time: 0.034) G_GAN: 0.686 G_L1: 0.252 G_SSIM: 0.145 H_L1: 0.189 H_SSIM: 0.485 D_real: 0.029 D_fake: 0.035 att_A: 0.642 L_hall: 0.050 L_inter: 0.000 L_intra: 0.000 L_fsp: 0.466 fsp_3_4: 0.099 fsp_4_5: 0.152 fsp_5_6: 0.124 fsp_6_7: 0.091 
(epoch: 8, iters: 2511, time: 0.034) G_GAN: 1.033 G_L1: 0.411 G_SSIM: 0.257 H_L1: 0.173 H_SSIM: 0.443 D_real: 0.008 D_fake: 0.021 att_A: 0.838 L_hall: 0.056 L_inter: 0.000 L_intra: 0.000 L_fsp: 0.748 fsp_3_4: 0.158 fsp_4_5: 0.192 fsp_5_6: 0.178 fsp_6_7: 0.221 
(epoch: 8, iters: 2611, time: 0.050) G_GAN: 0.954 G_L1: 0.341 G_SSIM: 0.250 H_L1: 0.180 H_SSIM: 0.525 D_real: 0.010 D_fake: 0.007 att_A: 0.550 L_hall: 0.048 L_inter: 0.000 L_intra: 0.000 L_fsp: 0.385 fsp_3_4: 0.099 fsp_4_5: 0.134 fsp_5_6: 0.109 fsp_6_7: 0.042 
(epoch: 8, iters: 2711, time: 0.034) G_GAN: 0.559 G_L1: 0.319 G_SSIM: 0.154 H_L1: 0.172 H_SSIM: 0.482 D_real: 0.024 D_fake: 0.078 att_A: 0.422 L_hall: 0.044 L_inter: 0.000 L_intra: 0.000 L_fsp: 0.362 fsp_3_4: 0.087 fsp_4_5: 0.139 fsp_5_6: 0.095 fsp_6_7: 0.042 
(epoch: 8, iters: 2811, time: 0.035) G_GAN: 0.911 G_L1: 0.425 G_SSIM: 0.272 H_L1: 0.198 H_SSIM: 0.520 D_real: 0.070 D_fake: 0.007 att_A: 0.605 L_hall: 0.053 L_inter: 0.000 L_intra: 0.000 L_fsp: 0.690 fsp_3_4: 0.152 fsp_4_5: 0.154 fsp_5_6: 0.161 fsp_6_7: 0.223 
(epoch: 8, iters: 2911, time: 0.036) G_GAN: 0.746 G_L1: 0.043 G_SSIM: 0.015 H_L1: 0.136 H_SSIM: 0.336 D_real: 0.010 D_fake: 0.033 att_A: 0.409 L_hall: 0.053 L_inter: 0.000 L_intra: 0.000 L_fsp: 0.583 fsp_3_4: 0.119 fsp_4_5: 0.145 fsp_5_6: 0.161 fsp_6_7: 0.157 
(epoch: 8, iters: 3011, time: 0.034) G_GAN: 0.339 G_L1: 0.387 G_SSIM: 0.171 H_L1: 0.206 H_SSIM: 0.503 D_real: 0.019 D_fake: 0.201 att_A: 0.427 L_hall: 0.044 L_inter: 0.000 L_intra: 0.000 L_fsp: 0.325 fsp_3_4: 0.097 fsp_4_5: 0.122 fsp_5_6: 0.092 fsp_6_7: 0.013 
(epoch: 8, iters: 3111, time: 0.057) G_GAN: 1.340 G_L1: 0.442 G_SSIM: 0.444 H_L1: 0.178 H_SSIM: 0.564 D_real: 0.036 D_fake: 0.423 att_A: 0.592 L_hall: 0.043 L_inter: 0.000 L_intra: 0.000 L_fsp: 0.368 fsp_3_4: 0.103 fsp_4_5: 0.118 fsp_5_6: 0.083 fsp_6_7: 0.063 
(epoch: 8, iters: 3211, time: 0.034) G_GAN: 0.969 G_L1: 0.291 G_SSIM: 0.215 H_L1: 0.211 H_SSIM: 0.527 D_real: 0.009 D_fake: 0.005 att_A: 0.429 L_hall: 0.051 L_inter: 0.000 L_intra: 0.000 L_fsp: 0.519 fsp_3_4: 0.137 fsp_4_5: 0.153 fsp_5_6: 0.158 fsp_6_7: 0.070 
(epoch: 8, iters: 3311, time: 0.035) G_GAN: 1.004 G_L1: 0.446 G_SSIM: 0.220 H_L1: 0.193 H_SSIM: 0.515 D_real: 0.032 D_fake: 0.006 att_A: 0.703 L_hall: 0.051 L_inter: 0.000 L_intra: 0.000 L_fsp: 0.460 fsp_3_4: 0.116 fsp_4_5: 0.149 fsp_5_6: 0.118 fsp_6_7: 0.077 
(epoch: 8, iters: 3411, time: 0.034) G_GAN: 0.948 G_L1: 0.361 G_SSIM: 0.290 H_L1: 0.145 H_SSIM: 0.490 D_real: 0.005 D_fake: 0.005 att_A: 0.767 L_hall: 0.049 L_inter: 0.000 L_intra: 0.000 L_fsp: 0.621 fsp_3_4: 0.112 fsp_4_5: 0.158 fsp_5_6: 0.153 fsp_6_7: 0.198 
(epoch: 8, iters: 3511, time: 0.034) G_GAN: 1.078 G_L1: 0.534 G_SSIM: 0.269 H_L1: 0.188 H_SSIM: 0.397 D_real: 0.397 D_fake: 0.008 att_A: 0.906 L_hall: 0.063 L_inter: 0.000 L_intra: 0.000 L_fsp: 0.721 fsp_3_4: 0.127 fsp_4_5: 0.171 fsp_5_6: 0.247 fsp_6_7: 0.177 
(epoch: 8, iters: 3611, time: 0.054) G_GAN: 0.879 G_L1: 0.453 G_SSIM: 0.263 H_L1: 0.193 H_SSIM: 0.496 D_real: 0.020 D_fake: 0.011 att_A: 0.495 L_hall: 0.050 L_inter: 0.000 L_intra: 0.000 L_fsp: 0.433 fsp_3_4: 0.101 fsp_4_5: 0.137 fsp_5_6: 0.129 fsp_6_7: 0.066 
(epoch: 8, iters: 3711, time: 0.035) G_GAN: 0.995 G_L1: 0.340 G_SSIM: 0.180 H_L1: 0.177 H_SSIM: 0.538 D_real: 0.042 D_fake: 0.022 att_A: 0.492 L_hall: 0.055 L_inter: 0.000 L_intra: 0.000 L_fsp: 0.506 fsp_3_4: 0.098 fsp_4_5: 0.183 fsp_5_6: 0.181 fsp_6_7: 0.044 
(epoch: 8, iters: 3811, time: 0.034) G_GAN: 0.316 G_L1: 0.252 G_SSIM: 0.198 H_L1: 0.161 H_SSIM: 0.421 D_real: 0.012 D_fake: 0.019 att_A: 0.530 L_hall: 0.054 L_inter: 0.000 L_intra: 0.000 L_fsp: 0.464 fsp_3_4: 0.096 fsp_4_5: 0.158 fsp_5_6: 0.139 fsp_6_7: 0.071 
(epoch: 8, iters: 3911, time: 0.033) G_GAN: 1.176 G_L1: 0.354 G_SSIM: 0.311 H_L1: 0.220 H_SSIM: 0.555 D_real: 0.106 D_fake: 0.012 att_A: 0.630 L_hall: 0.056 L_inter: 0.000 L_intra: 0.000 L_fsp: 0.512 fsp_3_4: 0.112 fsp_4_5: 0.165 fsp_5_6: 0.154 fsp_6_7: 0.081 
(epoch: 8, iters: 4011, time: 0.034) G_GAN: 1.053 G_L1: 0.320 G_SSIM: 0.240 H_L1: 0.165 H_SSIM: 0.468 D_real: 0.016 D_fake: 0.058 att_A: 0.726 L_hall: 0.057 L_inter: 0.000 L_intra: 0.000 L_fsp: 0.471 fsp_3_4: 0.100 fsp_4_5: 0.142 fsp_5_6: 0.169 fsp_6_7: 0.062 
(epoch: 8, iters: 4111, time: 0.060) G_GAN: 0.840 G_L1: 0.366 G_SSIM: 0.140 H_L1: 0.110 H_SSIM: 0.323 D_real: 0.015 D_fake: 0.006 att_A: 0.724 L_hall: 0.043 L_inter: 0.000 L_intra: 0.000 L_fsp: 0.454 fsp_3_4: 0.104 fsp_4_5: 0.147 fsp_5_6: 0.133 fsp_6_7: 0.070 
(epoch: 8, iters: 4211, time: 0.034) G_GAN: 0.994 G_L1: 0.614 G_SSIM: 0.380 H_L1: 0.189 H_SSIM: 0.550 D_real: 0.012 D_fake: 0.008 att_A: 0.674 L_hall: 0.054 L_inter: 0.000 L_intra: 0.000 L_fsp: 0.620 fsp_3_4: 0.123 fsp_4_5: 0.185 fsp_5_6: 0.192 fsp_6_7: 0.120 
(epoch: 8, iters: 4311, time: 0.034) G_GAN: 0.680 G_L1: 0.209 G_SSIM: 0.105 H_L1: 0.228 H_SSIM: 0.513 D_real: 0.018 D_fake: 0.015 att_A: 0.381 L_hall: 0.050 L_inter: 0.000 L_intra: 0.000 L_fsp: 0.465 fsp_3_4: 0.088 fsp_4_5: 0.153 fsp_5_6: 0.150 fsp_6_7: 0.074 
(epoch: 8, iters: 4411, time: 0.034) G_GAN: 1.380 G_L1: 0.374 G_SSIM: 0.177 H_L1: 0.137 H_SSIM: 0.378 D_real: 0.056 D_fake: 0.036 att_A: 0.557 L_hall: 0.050 L_inter: 0.000 L_intra: 0.000 L_fsp: 0.709 fsp_3_4: 0.137 fsp_4_5: 0.171 fsp_5_6: 0.165 fsp_6_7: 0.235 
(epoch: 8, iters: 4511, time: 0.035) G_GAN: 0.219 G_L1: 0.291 G_SSIM: 0.226 H_L1: 0.175 H_SSIM: 0.406 D_real: 0.098 D_fake: 0.307 att_A: 0.493 L_hall: 0.043 L_inter: 0.000 L_intra: 0.000 L_fsp: 0.399 fsp_3_4: 0.067 fsp_4_5: 0.123 fsp_5_6: 0.101 fsp_6_7: 0.108 
(epoch: 8, iters: 4611, time: 0.076) G_GAN: 0.905 G_L1: 0.248 G_SSIM: 0.176 H_L1: 0.191 H_SSIM: 0.458 D_real: 0.110 D_fake: 0.012 att_A: 0.485 L_hall: 0.041 L_inter: 0.000 L_intra: 0.000 L_fsp: 0.374 fsp_3_4: 0.086 fsp_4_5: 0.113 fsp_5_6: 0.134 fsp_6_7: 0.041 
(epoch: 8, iters: 4711, time: 0.034) G_GAN: 1.167 G_L1: 0.386 G_SSIM: 0.453 H_L1: 0.204 H_SSIM: 0.633 D_real: 0.050 D_fake: 0.025 att_A: 0.853 L_hall: 0.056 L_inter: 0.000 L_intra: 0.000 L_fsp: 0.521 fsp_3_4: 0.098 fsp_4_5: 0.148 fsp_5_6: 0.161 fsp_6_7: 0.115 
(epoch: 8, iters: 4811, time: 0.035) G_GAN: 1.012 G_L1: 0.496 G_SSIM: 0.409 H_L1: 0.174 H_SSIM: 0.575 D_real: 0.022 D_fake: 0.016 att_A: 0.859 L_hall: 0.062 L_inter: 0.000 L_intra: 0.000 L_fsp: 0.541 fsp_3_4: 0.097 fsp_4_5: 0.171 fsp_5_6: 0.172 fsp_6_7: 0.101 
(epoch: 8, iters: 4911, time: 0.034) G_GAN: 1.162 G_L1: 0.312 G_SSIM: 0.341 H_L1: 0.168 H_SSIM: 0.551 D_real: 0.020 D_fake: 0.017 att_A: 0.799 L_hall: 0.057 L_inter: 0.000 L_intra: 0.000 L_fsp: 0.660 fsp_3_4: 0.109 fsp_4_5: 0.173 fsp_5_6: 0.188 fsp_6_7: 0.190 
(epoch: 8, iters: 5011, time: 0.034) G_GAN: 1.019 G_L1: 0.527 G_SSIM: 0.332 H_L1: 0.195 H_SSIM: 0.555 D_real: 0.008 D_fake: 0.004 att_A: 0.688 L_hall: 0.054 L_inter: 0.000 L_intra: 0.000 L_fsp: 0.632 fsp_3_4: 0.122 fsp_4_5: 0.146 fsp_5_6: 0.278 fsp_6_7: 0.087 
(epoch: 8, iters: 5111, time: 0.058) G_GAN: 0.313 G_L1: 0.309 G_SSIM: 0.135 H_L1: 0.211 H_SSIM: 0.539 D_real: 0.064 D_fake: 0.030 att_A: 0.379 L_hall: 0.042 L_inter: 0.000 L_intra: 0.000 L_fsp: 0.317 fsp_3_4: 0.092 fsp_4_5: 0.095 fsp_5_6: 0.101 fsp_6_7: 0.030 
(epoch: 8, iters: 5211, time: 0.034) G_GAN: 0.933 G_L1: 0.354 G_SSIM: 0.243 H_L1: 0.164 H_SSIM: 0.539 D_real: 0.028 D_fake: 0.019 att_A: 0.489 L_hall: 0.041 L_inter: 0.000 L_intra: 0.000 L_fsp: 0.304 fsp_3_4: 0.064 fsp_4_5: 0.110 fsp_5_6: 0.110 fsp_6_7: 0.019 
(epoch: 8, iters: 5311, time: 0.034) G_GAN: 0.852 G_L1: 0.432 G_SSIM: 0.254 H_L1: 0.156 H_SSIM: 0.460 D_real: 0.012 D_fake: 0.015 att_A: 0.779 L_hall: 0.052 L_inter: 0.000 L_intra: 0.000 L_fsp: 0.675 fsp_3_4: 0.116 fsp_4_5: 0.182 fsp_5_6: 0.161 fsp_6_7: 0.216 
(epoch: 8, iters: 5411, time: 0.035) G_GAN: 0.679 G_L1: 0.410 G_SSIM: 0.361 H_L1: 0.158 H_SSIM: 0.544 D_real: 0.093 D_fake: 0.055 att_A: 0.785 L_hall: 0.054 L_inter: 0.000 L_intra: 0.000 L_fsp: 0.550 fsp_3_4: 0.146 fsp_4_5: 0.184 fsp_5_6: 0.177 fsp_6_7: 0.042 
(epoch: 8, iters: 5511, time: 0.034) G_GAN: 1.108 G_L1: 0.224 G_SSIM: 0.046 H_L1: 0.144 H_SSIM: 0.355 D_real: 0.048 D_fake: 0.013 att_A: 0.473 L_hall: 0.055 L_inter: 0.000 L_intra: 0.000 L_fsp: 0.509 fsp_3_4: 0.079 fsp_4_5: 0.176 fsp_5_6: 0.149 fsp_6_7: 0.106 
(epoch: 8, iters: 5611, time: 0.066) G_GAN: 1.002 G_L1: 0.311 G_SSIM: 0.259 H_L1: 0.177 H_SSIM: 0.522 D_real: 0.017 D_fake: 0.007 att_A: 0.631 L_hall: 0.049 L_inter: 0.000 L_intra: 0.000 L_fsp: 0.509 fsp_3_4: 0.104 fsp_4_5: 0.152 fsp_5_6: 0.125 fsp_6_7: 0.128 
(epoch: 8, iters: 5711, time: 0.034) G_GAN: 0.970 G_L1: 0.342 G_SSIM: 0.251 H_L1: 0.152 H_SSIM: 0.462 D_real: 0.345 D_fake: 0.042 att_A: 0.631 L_hall: 0.047 L_inter: 0.000 L_intra: 0.000 L_fsp: 0.474 fsp_3_4: 0.090 fsp_4_5: 0.156 fsp_5_6: 0.151 fsp_6_7: 0.077 
(epoch: 8, iters: 5811, time: 0.035) G_GAN: 0.644 G_L1: 0.085 G_SSIM: 0.023 H_L1: 0.146 H_SSIM: 0.339 D_real: 0.054 D_fake: 0.402 att_A: 0.592 L_hall: 0.048 L_inter: 0.000 L_intra: 0.000 L_fsp: 0.920 fsp_3_4: 0.250 fsp_4_5: 0.192 fsp_5_6: 0.273 fsp_6_7: 0.206 
(epoch: 8, iters: 5911, time: 0.035) G_GAN: 0.715 G_L1: 0.219 G_SSIM: 0.130 H_L1: 0.180 H_SSIM: 0.451 D_real: 0.048 D_fake: 0.036 att_A: 0.550 L_hall: 0.050 L_inter: 0.000 L_intra: 0.000 L_fsp: 0.395 fsp_3_4: 0.088 fsp_4_5: 0.132 fsp_5_6: 0.121 fsp_6_7: 0.054 
(epoch: 8, iters: 6011, time: 0.034) G_GAN: 0.902 G_L1: 0.383 G_SSIM: 0.361 H_L1: 0.191 H_SSIM: 0.559 D_real: 0.032 D_fake: 0.020 att_A: 0.760 L_hall: 0.053 L_inter: 0.000 L_intra: 0.000 L_fsp: 0.460 fsp_3_4: 0.098 fsp_4_5: 0.132 fsp_5_6: 0.163 fsp_6_7: 0.068 
(epoch: 8, iters: 6111, time: 0.056) G_GAN: 0.881 G_L1: 0.250 G_SSIM: 0.180 H_L1: 0.175 H_SSIM: 0.505 D_real: 0.011 D_fake: 0.101 att_A: 0.621 L_hall: 0.053 L_inter: 0.000 L_intra: 0.000 L_fsp: 0.467 fsp_3_4: 0.089 fsp_4_5: 0.172 fsp_5_6: 0.121 fsp_6_7: 0.086 
saving the latest model (epoch 8, total_steps 70000)
(epoch: 8, iters: 6211, time: 0.034) G_GAN: 0.257 G_L1: 0.204 G_SSIM: 0.077 H_L1: 0.178 H_SSIM: 0.461 D_real: 0.127 D_fake: 0.006 att_A: 0.326 L_hall: 0.045 L_inter: 0.000 L_intra: 0.000 L_fsp: 0.358 fsp_3_4: 0.104 fsp_4_5: 0.119 fsp_5_6: 0.107 fsp_6_7: 0.027 
(epoch: 8, iters: 6311, time: 0.034) G_GAN: 0.545 G_L1: 0.125 G_SSIM: 0.026 H_L1: 0.138 H_SSIM: 0.340 D_real: 0.060 D_fake: 0.083 att_A: 0.642 L_hall: 0.052 L_inter: 0.000 L_intra: 0.000 L_fsp: 0.649 fsp_3_4: 0.112 fsp_4_5: 0.155 fsp_5_6: 0.194 fsp_6_7: 0.188 
(epoch: 8, iters: 6411, time: 0.034) G_GAN: 0.959 G_L1: 0.374 G_SSIM: 0.372 H_L1: 0.185 H_SSIM: 0.552 D_real: 0.008 D_fake: 0.006 att_A: 0.886 L_hall: 0.060 L_inter: 0.000 L_intra: 0.000 L_fsp: 0.713 fsp_3_4: 0.170 fsp_4_5: 0.171 fsp_5_6: 0.227 fsp_6_7: 0.144 
(epoch: 8, iters: 6511, time: 0.035) G_GAN: 1.146 G_L1: 0.398 G_SSIM: 0.252 H_L1: 0.133 H_SSIM: 0.392 D_real: 0.015 D_fake: 0.013 att_A: 0.709 L_hall: 0.052 L_inter: 0.000 L_intra: 0.000 L_fsp: 0.637 fsp_3_4: 0.213 fsp_4_5: 0.172 fsp_5_6: 0.146 fsp_6_7: 0.107 
(epoch: 8, iters: 6611, time: 0.059) G_GAN: 0.165 G_L1: 0.080 G_SSIM: 0.030 H_L1: 0.112 H_SSIM: 0.348 D_real: 0.085 D_fake: 0.449 att_A: 0.650 L_hall: 0.041 L_inter: 0.000 L_intra: 0.000 L_fsp: 0.349 fsp_3_4: 0.062 fsp_4_5: 0.128 fsp_5_6: 0.108 fsp_6_7: 0.051 
(epoch: 8, iters: 6711, time: 0.033) G_GAN: 0.837 G_L1: 0.350 G_SSIM: 0.248 H_L1: 0.194 H_SSIM: 0.480 D_real: 0.035 D_fake: 0.116 att_A: 0.515 L_hall: 0.049 L_inter: 0.000 L_intra: 0.000 L_fsp: 0.457 fsp_3_4: 0.117 fsp_4_5: 0.150 fsp_5_6: 0.133 fsp_6_7: 0.057 
(epoch: 8, iters: 6811, time: 0.033) G_GAN: 0.999 G_L1: 0.542 G_SSIM: 0.353 H_L1: 0.206 H_SSIM: 0.509 D_real: 0.015 D_fake: 0.010 att_A: 0.576 L_hall: 0.054 L_inter: 0.000 L_intra: 0.000 L_fsp: 0.664 fsp_3_4: 0.189 fsp_4_5: 0.176 fsp_5_6: 0.180 fsp_6_7: 0.119 
(epoch: 8, iters: 6911, time: 0.034) G_GAN: 0.843 G_L1: 0.056 G_SSIM: 0.002 H_L1: 0.113 H_SSIM: 0.326 D_real: 0.076 D_fake: 0.013 att_A: 0.724 L_hall: 0.046 L_inter: 0.000 L_intra: 0.000 L_fsp: 0.847 fsp_3_4: 0.145 fsp_4_5: 0.144 fsp_5_6: 0.205 fsp_6_7: 0.352 
(epoch: 8, iters: 7011, time: 0.034) G_GAN: 1.316 G_L1: 0.275 G_SSIM: 0.199 H_L1: 0.212 H_SSIM: 0.496 D_real: 0.044 D_fake: 0.031 att_A: 0.432 L_hall: 0.048 L_inter: 0.000 L_intra: 0.000 L_fsp: 0.493 fsp_3_4: 0.093 fsp_4_5: 0.155 fsp_5_6: 0.165 fsp_6_7: 0.080 
(epoch: 8, iters: 7111, time: 0.062) G_GAN: 1.245 G_L1: 0.137 G_SSIM: 0.061 H_L1: 0.140 H_SSIM: 0.337 D_real: 0.379 D_fake: 0.022 att_A: 0.625 L_hall: 0.050 L_inter: 0.000 L_intra: 0.000 L_fsp: 0.763 fsp_3_4: 0.201 fsp_4_5: 0.165 fsp_5_6: 0.199 fsp_6_7: 0.198 
(epoch: 8, iters: 7211, time: 0.033) G_GAN: 1.168 G_L1: 0.662 G_SSIM: 0.494 H_L1: 0.194 H_SSIM: 0.603 D_real: 0.011 D_fake: 0.010 att_A: 0.817 L_hall: 0.056 L_inter: 0.000 L_intra: 0.000 L_fsp: 0.614 fsp_3_4: 0.117 fsp_4_5: 0.198 fsp_5_6: 0.166 fsp_6_7: 0.133 
(epoch: 8, iters: 7311, time: 0.034) G_GAN: 1.040 G_L1: 0.291 G_SSIM: 0.177 H_L1: 0.219 H_SSIM: 0.558 D_real: 0.053 D_fake: 0.005 att_A: 0.615 L_hall: 0.050 L_inter: 0.000 L_intra: 0.000 L_fsp: 0.530 fsp_3_4: 0.111 fsp_4_5: 0.155 fsp_5_6: 0.176 fsp_6_7: 0.087 
(epoch: 8, iters: 7411, time: 0.034) G_GAN: 0.951 G_L1: 0.334 G_SSIM: 0.291 H_L1: 0.104 H_SSIM: 0.412 D_real: 0.005 D_fake: 0.006 att_A: 0.942 L_hall: 0.061 L_inter: 0.000 L_intra: 0.000 L_fsp: 0.741 fsp_3_4: 0.159 fsp_4_5: 0.172 fsp_5_6: 0.223 fsp_6_7: 0.187 
(epoch: 8, iters: 7511, time: 0.036) G_GAN: 1.020 G_L1: 0.354 G_SSIM: 0.178 H_L1: 0.162 H_SSIM: 0.455 D_real: 0.031 D_fake: 0.023 att_A: 0.485 L_hall: 0.050 L_inter: 0.000 L_intra: 0.000 L_fsp: 0.562 fsp_3_4: 0.109 fsp_4_5: 0.138 fsp_5_6: 0.208 fsp_6_7: 0.107 
(epoch: 8, iters: 7611, time: 0.061) G_GAN: 0.903 G_L1: 0.413 G_SSIM: 0.257 H_L1: 0.193 H_SSIM: 0.527 D_real: 0.040 D_fake: 0.008 att_A: 0.555 L_hall: 0.048 L_inter: 0.000 L_intra: 0.000 L_fsp: 0.515 fsp_3_4: 0.125 fsp_4_5: 0.137 fsp_5_6: 0.155 fsp_6_7: 0.097 
(epoch: 8, iters: 7711, time: 0.034) G_GAN: 1.070 G_L1: 0.267 G_SSIM: 0.201 H_L1: 0.202 H_SSIM: 0.463 D_real: 0.229 D_fake: 0.008 att_A: 0.541 L_hall: 0.049 L_inter: 0.000 L_intra: 0.000 L_fsp: 0.442 fsp_3_4: 0.094 fsp_4_5: 0.144 fsp_5_6: 0.146 fsp_6_7: 0.058 
(epoch: 8, iters: 7811, time: 0.034) G_GAN: 0.952 G_L1: 0.374 G_SSIM: 0.364 H_L1: 0.182 H_SSIM: 0.564 D_real: 0.006 D_fake: 0.004 att_A: 0.840 L_hall: 0.056 L_inter: 0.000 L_intra: 0.000 L_fsp: 0.405 fsp_3_4: 0.090 fsp_4_5: 0.129 fsp_5_6: 0.148 fsp_6_7: 0.037 
(epoch: 8, iters: 7911, time: 0.034) G_GAN: 1.226 G_L1: 0.669 G_SSIM: 0.509 H_L1: 0.256 H_SSIM: 0.595 D_real: 0.038 D_fake: 0.045 att_A: 0.889 L_hall: 0.062 L_inter: 0.000 L_intra: 0.000 L_fsp: 0.861 fsp_3_4: 0.135 fsp_4_5: 0.189 fsp_5_6: 0.243 fsp_6_7: 0.295 
(epoch: 8, iters: 8011, time: 0.034) G_GAN: 1.303 G_L1: 0.340 G_SSIM: 0.176 H_L1: 0.172 H_SSIM: 0.423 D_real: 0.020 D_fake: 0.032 att_A: 0.734 L_hall: 0.052 L_inter: 0.000 L_intra: 0.000 L_fsp: 0.507 fsp_3_4: 0.162 fsp_4_5: 0.169 fsp_5_6: 0.140 fsp_6_7: 0.036 
(epoch: 8, iters: 8111, time: 0.071) G_GAN: 1.122 G_L1: 0.249 G_SSIM: 0.124 H_L1: 0.184 H_SSIM: 0.474 D_real: 0.203 D_fake: 0.009 att_A: 0.451 L_hall: 0.051 L_inter: 0.000 L_intra: 0.000 L_fsp: 0.418 fsp_3_4: 0.094 fsp_4_5: 0.112 fsp_5_6: 0.127 fsp_6_7: 0.085 
(epoch: 8, iters: 8211, time: 0.036) G_GAN: 0.139 G_L1: 0.260 G_SSIM: 0.137 H_L1: 0.152 H_SSIM: 0.416 D_real: 0.005 D_fake: 0.414 att_A: 0.477 L_hall: 0.052 L_inter: 0.000 L_intra: 0.000 L_fsp: 0.420 fsp_3_4: 0.098 fsp_4_5: 0.156 fsp_5_6: 0.121 fsp_6_7: 0.045 
(epoch: 8, iters: 8311, time: 0.033) G_GAN: 0.840 G_L1: 0.411 G_SSIM: 0.342 H_L1: 0.184 H_SSIM: 0.517 D_real: 0.022 D_fake: 0.018 att_A: 0.775 L_hall: 0.055 L_inter: 0.000 L_intra: 0.000 L_fsp: 0.692 fsp_3_4: 0.191 fsp_4_5: 0.189 fsp_5_6: 0.206 fsp_6_7: 0.106 
(epoch: 8, iters: 8411, time: 0.034) G_GAN: 1.540 G_L1: 0.324 G_SSIM: 0.130 H_L1: 0.148 H_SSIM: 0.382 D_real: 0.032 D_fake: 0.007 att_A: 0.766 L_hall: 0.043 L_inter: 0.000 L_intra: 0.000 L_fsp: 0.557 fsp_3_4: 0.118 fsp_4_5: 0.136 fsp_5_6: 0.137 fsp_6_7: 0.166 
(epoch: 8, iters: 8511, time: 0.034) G_GAN: 1.004 G_L1: 0.380 G_SSIM: 0.218 H_L1: 0.145 H_SSIM: 0.360 D_real: 0.040 D_fake: 0.031 att_A: 0.925 L_hall: 0.061 L_inter: 0.000 L_intra: 0.000 L_fsp: 0.691 fsp_3_4: 0.133 fsp_4_5: 0.223 fsp_5_6: 0.189 fsp_6_7: 0.146 
(epoch: 8, iters: 8611, time: 0.067) G_GAN: 1.208 G_L1: 0.563 G_SSIM: 0.444 H_L1: 0.262 H_SSIM: 0.569 D_real: 0.023 D_fake: 0.010 att_A: 0.947 L_hall: 0.062 L_inter: 0.000 L_intra: 0.000 L_fsp: 0.721 fsp_3_4: 0.131 fsp_4_5: 0.156 fsp_5_6: 0.205 fsp_6_7: 0.229 
(epoch: 8, iters: 8711, time: 0.033) G_GAN: 0.602 G_L1: 0.259 G_SSIM: 0.164 H_L1: 0.141 H_SSIM: 0.430 D_real: 0.021 D_fake: 0.009 att_A: 0.501 L_hall: 0.045 L_inter: 0.000 L_intra: 0.000 L_fsp: 0.470 fsp_3_4: 0.093 fsp_4_5: 0.137 fsp_5_6: 0.150 fsp_6_7: 0.090 
(epoch: 8, iters: 8811, time: 0.033) G_GAN: 0.819 G_L1: 0.323 G_SSIM: 0.164 H_L1: 0.139 H_SSIM: 0.446 D_real: 0.026 D_fake: 0.038 att_A: 0.798 L_hall: 0.056 L_inter: 0.000 L_intra: 0.000 L_fsp: 0.608 fsp_3_4: 0.162 fsp_4_5: 0.196 fsp_5_6: 0.179 fsp_6_7: 0.072 
(epoch: 8, iters: 8911, time: 0.034) G_GAN: 0.875 G_L1: 0.238 G_SSIM: 0.113 H_L1: 0.139 H_SSIM: 0.347 D_real: 0.017 D_fake: 0.018 att_A: 0.870 L_hall: 0.056 L_inter: 0.000 L_intra: 0.000 L_fsp: 0.510 fsp_3_4: 0.135 fsp_4_5: 0.152 fsp_5_6: 0.125 fsp_6_7: 0.098 
(epoch: 8, iters: 9011, time: 0.034) G_GAN: 0.984 G_L1: 0.419 G_SSIM: 0.339 H_L1: 0.179 H_SSIM: 0.546 D_real: 0.007 D_fake: 0.006 att_A: 0.811 L_hall: 0.053 L_inter: 0.000 L_intra: 0.000 L_fsp: 0.629 fsp_3_4: 0.125 fsp_4_5: 0.147 fsp_5_6: 0.212 fsp_6_7: 0.145 
(epoch: 8, iters: 9111, time: 0.127) G_GAN: 1.311 G_L1: 0.453 G_SSIM: 0.323 H_L1: 0.157 H_SSIM: 0.511 D_real: 0.027 D_fake: 0.035 att_A: 0.823 L_hall: 0.049 L_inter: 0.000 L_intra: 0.000 L_fsp: 0.592 fsp_3_4: 0.117 fsp_4_5: 0.145 fsp_5_6: 0.140 fsp_6_7: 0.190 
epoch 8  fsp_3_4:0.120030  fsp_3_4_degen:0.000000  fsp_4_5:0.156758  fsp_4_5_degen:0.000000  fsp_5_6:0.160627  fsp_5_6_degen:0.000000  fsp_6_7:0.115575  fsp_6_7_degen:0.000000
End of epoch 8 / 30 	 Time Taken: 522 sec
learning rate = 0.0002000
(epoch: 9, iters: 84, time: 0.033) G_GAN: 0.488 G_L1: 0.177 G_SSIM: 0.069 H_L1: 0.111 H_SSIM: 0.354 D_real: 0.099 D_fake: 0.110 att_A: 0.413 L_hall: 0.058 L_inter: 0.000 L_intra: 0.000 L_fsp: 0.548 fsp_3_4: 0.102 fsp_4_5: 0.155 fsp_5_6: 0.202 fsp_6_7: 0.089 
(epoch: 9, iters: 184, time: 0.035) G_GAN: 1.058 G_L1: 0.288 G_SSIM: 0.133 H_L1: 0.151 H_SSIM: 0.384 D_real: 0.014 D_fake: 0.011 att_A: 0.725 L_hall: 0.054 L_inter: 0.000 L_intra: 0.000 L_fsp: 0.528 fsp_3_4: 0.124 fsp_4_5: 0.138 fsp_5_6: 0.123 fsp_6_7: 0.144 
(epoch: 9, iters: 284, time: 0.034) G_GAN: 1.047 G_L1: 0.314 G_SSIM: 0.239 H_L1: 0.184 H_SSIM: 0.579 D_real: 0.025 D_fake: 0.015 att_A: 0.565 L_hall: 0.044 L_inter: 0.000 L_intra: 0.000 L_fsp: 0.410 fsp_3_4: 0.134 fsp_4_5: 0.119 fsp_5_6: 0.121 fsp_6_7: 0.036 
(epoch: 9, iters: 384, time: 0.034) G_GAN: 0.980 G_L1: 0.478 G_SSIM: 0.283 H_L1: 0.200 H_SSIM: 0.461 D_real: 0.009 D_fake: 0.006 att_A: 0.788 L_hall: 0.054 L_inter: 0.000 L_intra: 0.000 L_fsp: 0.645 fsp_3_4: 0.109 fsp_4_5: 0.145 fsp_5_6: 0.210 fsp_6_7: 0.181 
(epoch: 9, iters: 484, time: 0.056) G_GAN: 1.392 G_L1: 0.093 G_SSIM: 0.024 H_L1: 0.138 H_SSIM: 0.337 D_real: 0.152 D_fake: 0.012 att_A: 0.563 L_hall: 0.051 L_inter: 0.000 L_intra: 0.000 L_fsp: 0.460 fsp_3_4: 0.082 fsp_4_5: 0.115 fsp_5_6: 0.133 fsp_6_7: 0.130 
(epoch: 9, iters: 584, time: 0.036) G_GAN: 0.771 G_L1: 0.646 G_SSIM: 0.074 H_L1: 0.114 H_SSIM: 0.266 D_real: 0.009 D_fake: 0.025 att_A: 0.967 L_hall: 0.064 L_inter: 0.000 L_intra: 0.000 L_fsp: 0.775 fsp_3_4: 0.135 fsp_4_5: 0.168 fsp_5_6: 0.241 fsp_6_7: 0.231 
(epoch: 9, iters: 684, time: 0.035) G_GAN: 0.907 G_L1: 0.409 G_SSIM: 0.284 H_L1: 0.192 H_SSIM: 0.499 D_real: 0.011 D_fake: 0.009 att_A: 0.568 L_hall: 0.044 L_inter: 0.000 L_intra: 0.000 L_fsp: 0.344 fsp_3_4: 0.091 fsp_4_5: 0.125 fsp_5_6: 0.080 fsp_6_7: 0.049 
(epoch: 9, iters: 784, time: 0.033) G_GAN: 1.025 G_L1: 0.431 G_SSIM: 0.344 H_L1: 0.182 H_SSIM: 0.528 D_real: 0.011 D_fake: 0.006 att_A: 0.820 L_hall: 0.055 L_inter: 0.000 L_intra: 0.000 L_fsp: 0.530 fsp_3_4: 0.137 fsp_4_5: 0.154 fsp_5_6: 0.156 fsp_6_7: 0.084 
(epoch: 9, iters: 884, time: 0.034) G_GAN: 0.178 G_L1: 0.428 G_SSIM: 0.157 H_L1: 0.174 H_SSIM: 0.412 D_real: 0.028 D_fake: 0.116 att_A: 0.686 L_hall: 0.056 L_inter: 0.000 L_intra: 0.000 L_fsp: 0.641 fsp_3_4: 0.180 fsp_4_5: 0.164 fsp_5_6: 0.169 fsp_6_7: 0.129 
(epoch: 9, iters: 984, time: 0.074) G_GAN: 0.731 G_L1: 0.310 G_SSIM: 0.179 H_L1: 0.148 H_SSIM: 0.426 D_real: 0.010 D_fake: 0.004 att_A: 0.590 L_hall: 0.049 L_inter: 0.000 L_intra: 0.000 L_fsp: 0.544 fsp_3_4: 0.129 fsp_4_5: 0.136 fsp_5_6: 0.139 fsp_6_7: 0.139 
(epoch: 9, iters: 1084, time: 0.034) G_GAN: 1.130 G_L1: 0.424 G_SSIM: 0.342 H_L1: 0.188 H_SSIM: 0.599 D_real: 0.010 D_fake: 0.029 att_A: 0.701 L_hall: 0.049 L_inter: 0.000 L_intra: 0.000 L_fsp: 0.478 fsp_3_4: 0.119 fsp_4_5: 0.158 fsp_5_6: 0.149 fsp_6_7: 0.053 
(epoch: 9, iters: 1184, time: 0.034) G_GAN: 1.061 G_L1: 0.317 G_SSIM: 0.159 H_L1: 0.118 H_SSIM: 0.350 D_real: 0.012 D_fake: 0.008 att_A: 0.687 L_hall: 0.052 L_inter: 0.000 L_intra: 0.000 L_fsp: 0.752 fsp_3_4: 0.154 fsp_4_5: 0.205 fsp_5_6: 0.270 fsp_6_7: 0.124 
(epoch: 9, iters: 1284, time: 0.034) G_GAN: 1.341 G_L1: 0.296 G_SSIM: 0.193 H_L1: 0.154 H_SSIM: 0.360 D_real: 0.086 D_fake: 0.041 att_A: 0.701 L_hall: 0.045 L_inter: 0.000 L_intra: 0.000 L_fsp: 0.480 fsp_3_4: 0.095 fsp_4_5: 0.139 fsp_5_6: 0.134 fsp_6_7: 0.113 
(epoch: 9, iters: 1384, time: 0.034) G_GAN: 1.069 G_L1: 0.332 G_SSIM: 0.264 H_L1: 0.143 H_SSIM: 0.441 D_real: 0.014 D_fake: 0.007 att_A: 0.671 L_hall: 0.039 L_inter: 0.000 L_intra: 0.000 L_fsp: 0.453 fsp_3_4: 0.119 fsp_4_5: 0.163 fsp_5_6: 0.087 fsp_6_7: 0.084 
(epoch: 9, iters: 1484, time: 0.056) G_GAN: 1.146 G_L1: 0.581 G_SSIM: 0.380 H_L1: 0.203 H_SSIM: 0.503 D_real: 0.009 D_fake: 0.009 att_A: 0.907 L_hall: 0.055 L_inter: 0.000 L_intra: 0.000 L_fsp: 0.644 fsp_3_4: 0.167 fsp_4_5: 0.208 fsp_5_6: 0.210 fsp_6_7: 0.058 
(epoch: 9, iters: 1584, time: 0.034) G_GAN: 1.180 G_L1: 0.385 G_SSIM: 0.209 H_L1: 0.130 H_SSIM: 0.380 D_real: 0.034 D_fake: 0.031 att_A: 0.810 L_hall: 0.053 L_inter: 0.000 L_intra: 0.000 L_fsp: 0.517 fsp_3_4: 0.106 fsp_4_5: 0.190 fsp_5_6: 0.156 fsp_6_7: 0.065 
(epoch: 9, iters: 1684, time: 0.034) G_GAN: 1.070 G_L1: 0.254 G_SSIM: 0.171 H_L1: 0.178 H_SSIM: 0.462 D_real: 0.011 D_fake: 0.012 att_A: 0.474 L_hall: 0.050 L_inter: 0.000 L_intra: 0.000 L_fsp: 0.448 fsp_3_4: 0.117 fsp_4_5: 0.149 fsp_5_6: 0.132 fsp_6_7: 0.051 
(epoch: 9, iters: 1784, time: 0.034) G_GAN: 0.940 G_L1: 0.276 G_SSIM: 0.137 H_L1: 0.116 H_SSIM: 0.328 D_real: 0.017 D_fake: 0.653 att_A: 0.721 L_hall: 0.051 L_inter: 0.000 L_intra: 0.000 L_fsp: 0.529 fsp_3_4: 0.134 fsp_4_5: 0.147 fsp_5_6: 0.128 fsp_6_7: 0.121 
(epoch: 9, iters: 1884, time: 0.034) G_GAN: 0.733 G_L1: 0.263 G_SSIM: 0.116 H_L1: 0.208 H_SSIM: 0.489 D_real: 0.158 D_fake: 0.074 att_A: 0.274 L_hall: 0.043 L_inter: 0.000 L_intra: 0.000 L_fsp: 0.293 fsp_3_4: 0.080 fsp_4_5: 0.106 fsp_5_6: 0.086 fsp_6_7: 0.020 
(epoch: 9, iters: 1984, time: 0.074) G_GAN: 1.172 G_L1: 0.291 G_SSIM: 0.240 H_L1: 0.163 H_SSIM: 0.468 D_real: 0.013 D_fake: 0.036 att_A: 0.649 L_hall: 0.052 L_inter: 0.000 L_intra: 0.000 L_fsp: 0.488 fsp_3_4: 0.129 fsp_4_5: 0.155 fsp_5_6: 0.121 fsp_6_7: 0.083 
saving the latest model (epoch 9, total_steps 75000)
(epoch: 9, iters: 2084, time: 0.033) G_GAN: 0.862 G_L1: 0.559 G_SSIM: 0.310 H_L1: 0.169 H_SSIM: 0.463 D_real: 0.020 D_fake: 0.074 att_A: 0.698 L_hall: 0.055 L_inter: 0.000 L_intra: 0.000 L_fsp: 0.562 fsp_3_4: 0.153 fsp_4_5: 0.165 fsp_5_6: 0.180 fsp_6_7: 0.064 
(epoch: 9, iters: 2184, time: 0.034) G_GAN: 0.782 G_L1: 0.222 G_SSIM: 0.135 H_L1: 0.244 H_SSIM: 0.514 D_real: 0.024 D_fake: 0.026 att_A: 0.406 L_hall: 0.053 L_inter: 0.000 L_intra: 0.000 L_fsp: 0.474 fsp_3_4: 0.099 fsp_4_5: 0.145 fsp_5_6: 0.125 fsp_6_7: 0.105 
(epoch: 9, iters: 2284, time: 0.034) G_GAN: 0.414 G_L1: 0.206 G_SSIM: 0.070 H_L1: 0.270 H_SSIM: 0.530 D_real: 0.234 D_fake: 0.015 att_A: 0.298 L_hall: 0.047 L_inter: 0.000 L_intra: 0.000 L_fsp: 0.368 fsp_3_4: 0.095 fsp_4_5: 0.115 fsp_5_6: 0.133 fsp_6_7: 0.025 
(epoch: 9, iters: 2384, time: 0.036) G_GAN: 0.851 G_L1: 0.232 G_SSIM: 0.147 H_L1: 0.197 H_SSIM: 0.506 D_real: 0.011 D_fake: 0.012 att_A: 0.378 L_hall: 0.047 L_inter: 0.000 L_intra: 0.000 L_fsp: 0.356 fsp_3_4: 0.115 fsp_4_5: 0.135 fsp_5_6: 0.087 fsp_6_7: 0.019 
(epoch: 9, iters: 2484, time: 0.067) G_GAN: 1.277 G_L1: 0.327 G_SSIM: 0.212 H_L1: 0.160 H_SSIM: 0.424 D_real: 0.045 D_fake: 0.384 att_A: 0.667 L_hall: 0.048 L_inter: 0.000 L_intra: 0.000 L_fsp: 0.693 fsp_3_4: 0.124 fsp_4_5: 0.167 fsp_5_6: 0.286 fsp_6_7: 0.116 
(epoch: 9, iters: 2584, time: 0.033) G_GAN: 0.962 G_L1: 0.344 G_SSIM: 0.240 H_L1: 0.156 H_SSIM: 0.379 D_real: 0.006 D_fake: 0.004 att_A: 0.888 L_hall: 0.058 L_inter: 0.000 L_intra: 0.000 L_fsp: 0.643 fsp_3_4: 0.129 fsp_4_5: 0.157 fsp_5_6: 0.276 fsp_6_7: 0.081 
(epoch: 9, iters: 2684, time: 0.034) G_GAN: 0.534 G_L1: 0.295 G_SSIM: 0.192 H_L1: 0.182 H_SSIM: 0.443 D_real: 0.029 D_fake: 0.012 att_A: 0.489 L_hall: 0.045 L_inter: 0.000 L_intra: 0.000 L_fsp: 0.359 fsp_3_4: 0.092 fsp_4_5: 0.136 fsp_5_6: 0.097 fsp_6_7: 0.035 
(epoch: 9, iters: 2784, time: 0.034) G_GAN: 1.028 G_L1: 0.493 G_SSIM: 0.291 H_L1: 0.156 H_SSIM: 0.455 D_real: 0.009 D_fake: 0.004 att_A: 0.683 L_hall: 0.052 L_inter: 0.000 L_intra: 0.000 L_fsp: 0.506 fsp_3_4: 0.102 fsp_4_5: 0.124 fsp_5_6: 0.197 fsp_6_7: 0.084 
(epoch: 9, iters: 2884, time: 0.034) G_GAN: 1.146 G_L1: 0.375 G_SSIM: 0.193 H_L1: 0.159 H_SSIM: 0.432 D_real: 0.017 D_fake: 0.020 att_A: 0.505 L_hall: 0.045 L_inter: 0.000 L_intra: 0.000 L_fsp: 0.446 fsp_3_4: 0.169 fsp_4_5: 0.152 fsp_5_6: 0.106 fsp_6_7: 0.019 
(epoch: 9, iters: 2984, time: 0.070) G_GAN: 0.263 G_L1: 0.296 G_SSIM: 0.141 H_L1: 0.165 H_SSIM: 0.454 D_real: 0.024 D_fake: 0.325 att_A: 0.405 L_hall: 0.051 L_inter: 0.000 L_intra: 0.000 L_fsp: 0.501 fsp_3_4: 0.118 fsp_4_5: 0.173 fsp_5_6: 0.134 fsp_6_7: 0.077 
(epoch: 9, iters: 3084, time: 0.035) G_GAN: 0.974 G_L1: 0.367 G_SSIM: 0.189 H_L1: 0.180 H_SSIM: 0.420 D_real: 0.021 D_fake: 0.046 att_A: 0.824 L_hall: 0.052 L_inter: 0.000 L_intra: 0.000 L_fsp: 0.642 fsp_3_4: 0.156 fsp_4_5: 0.198 fsp_5_6: 0.165 fsp_6_7: 0.123 
(epoch: 9, iters: 3184, time: 0.035) G_GAN: 0.903 G_L1: 0.183 G_SSIM: 0.113 H_L1: 0.159 H_SSIM: 0.415 D_real: 0.012 D_fake: 0.012 att_A: 0.627 L_hall: 0.054 L_inter: 0.000 L_intra: 0.000 L_fsp: 0.537 fsp_3_4: 0.107 fsp_4_5: 0.190 fsp_5_6: 0.200 fsp_6_7: 0.040 
(epoch: 9, iters: 3284, time: 0.034) G_GAN: 0.959 G_L1: 0.266 G_SSIM: 0.130 H_L1: 0.186 H_SSIM: 0.507 D_real: 0.007 D_fake: 0.006 att_A: 0.586 L_hall: 0.048 L_inter: 0.000 L_intra: 0.000 L_fsp: 0.382 fsp_3_4: 0.099 fsp_4_5: 0.135 fsp_5_6: 0.106 fsp_6_7: 0.042 
(epoch: 9, iters: 3384, time: 0.034) G_GAN: 0.950 G_L1: 0.571 G_SSIM: 0.379 H_L1: 0.207 H_SSIM: 0.498 D_real: 0.006 D_fake: 0.007 att_A: 0.729 L_hall: 0.052 L_inter: 0.000 L_intra: 0.000 L_fsp: 0.559 fsp_3_4: 0.155 fsp_4_5: 0.164 fsp_5_6: 0.151 fsp_6_7: 0.088 
(epoch: 9, iters: 3484, time: 0.056) G_GAN: 0.945 G_L1: 0.250 G_SSIM: 0.170 H_L1: 0.138 H_SSIM: 0.333 D_real: 0.009 D_fake: 0.410 att_A: 0.944 L_hall: 0.059 L_inter: 0.000 L_intra: 0.000 L_fsp: 0.500 fsp_3_4: 0.109 fsp_4_5: 0.136 fsp_5_6: 0.155 fsp_6_7: 0.100 
(epoch: 9, iters: 3584, time: 0.034) G_GAN: 1.028 G_L1: 0.507 G_SSIM: 0.311 H_L1: 0.190 H_SSIM: 0.467 D_real: 0.022 D_fake: 0.041 att_A: 0.680 L_hall: 0.052 L_inter: 0.000 L_intra: 0.000 L_fsp: 0.651 fsp_3_4: 0.138 fsp_4_5: 0.251 fsp_5_6: 0.178 fsp_6_7: 0.085 
(epoch: 9, iters: 3684, time: 0.034) G_GAN: 0.957 G_L1: 0.375 G_SSIM: 0.275 H_L1: 0.117 H_SSIM: 0.395 D_real: 0.008 D_fake: 0.004 att_A: 0.926 L_hall: 0.059 L_inter: 0.000 L_intra: 0.000 L_fsp: 0.854 fsp_3_4: 0.248 fsp_4_5: 0.208 fsp_5_6: 0.196 fsp_6_7: 0.202 
(epoch: 9, iters: 3784, time: 0.035) G_GAN: 0.561 G_L1: 0.095 G_SSIM: 0.016 H_L1: 0.104 H_SSIM: 0.332 D_real: 0.305 D_fake: 0.079 att_A: 0.446 L_hall: 0.042 L_inter: 0.000 L_intra: 0.000 L_fsp: 0.535 fsp_3_4: 0.093 fsp_4_5: 0.137 fsp_5_6: 0.183 fsp_6_7: 0.122 
(epoch: 9, iters: 3884, time: 0.034) G_GAN: 0.944 G_L1: 0.263 G_SSIM: 0.149 H_L1: 0.154 H_SSIM: 0.397 D_real: 0.035 D_fake: 0.021 att_A: 0.644 L_hall: 0.051 L_inter: 0.000 L_intra: 0.000 L_fsp: 0.647 fsp_3_4: 0.092 fsp_4_5: 0.152 fsp_5_6: 0.146 fsp_6_7: 0.257 
(epoch: 9, iters: 3984, time: 0.086) G_GAN: 0.921 G_L1: 0.413 G_SSIM: 0.297 H_L1: 0.118 H_SSIM: 0.402 D_real: 0.004 D_fake: 0.045 att_A: 0.897 L_hall: 0.058 L_inter: 0.000 L_intra: 0.000 L_fsp: 0.600 fsp_3_4: 0.161 fsp_4_5: 0.157 fsp_5_6: 0.177 fsp_6_7: 0.105 
(epoch: 9, iters: 4084, time: 0.035) G_GAN: 0.869 G_L1: 0.449 G_SSIM: 0.235 H_L1: 0.169 H_SSIM: 0.423 D_real: 0.497 D_fake: 0.036 att_A: 0.815 L_hall: 0.052 L_inter: 0.000 L_intra: 0.000 L_fsp: 0.599 fsp_3_4: 0.123 fsp_4_5: 0.200 fsp_5_6: 0.157 fsp_6_7: 0.120 
(epoch: 9, iters: 4184, time: 0.033) G_GAN: 0.589 G_L1: 0.453 G_SSIM: 0.275 H_L1: 0.183 H_SSIM: 0.442 D_real: 0.124 D_fake: 0.069 att_A: 0.812 L_hall: 0.053 L_inter: 0.000 L_intra: 0.000 L_fsp: 0.616 fsp_3_4: 0.199 fsp_4_5: 0.177 fsp_5_6: 0.168 fsp_6_7: 0.072 
(epoch: 9, iters: 4284, time: 0.035) G_GAN: 0.289 G_L1: 0.189 G_SSIM: 0.051 H_L1: 0.133 H_SSIM: 0.324 D_real: 0.133 D_fake: 0.173 att_A: 0.442 L_hall: 0.039 L_inter: 0.000 L_intra: 0.000 L_fsp: 0.490 fsp_3_4: 0.105 fsp_4_5: 0.126 fsp_5_6: 0.125 fsp_6_7: 0.134 
(epoch: 9, iters: 4384, time: 0.034) G_GAN: 0.911 G_L1: 0.477 G_SSIM: 0.321 H_L1: 0.195 H_SSIM: 0.503 D_real: 0.011 D_fake: 0.008 att_A: 0.712 L_hall: 0.050 L_inter: 0.000 L_intra: 0.000 L_fsp: 0.407 fsp_3_4: 0.079 fsp_4_5: 0.115 fsp_5_6: 0.143 fsp_6_7: 0.070 
(epoch: 9, iters: 4484, time: 0.067) G_GAN: 0.878 G_L1: 0.301 G_SSIM: 0.241 H_L1: 0.178 H_SSIM: 0.407 D_real: 0.064 D_fake: 0.011 att_A: 0.515 L_hall: 0.044 L_inter: 0.000 L_intra: 0.000 L_fsp: 0.385 fsp_3_4: 0.083 fsp_4_5: 0.135 fsp_5_6: 0.114 fsp_6_7: 0.054 
(epoch: 9, iters: 4584, time: 0.035) G_GAN: 1.644 G_L1: 0.309 G_SSIM: 0.148 H_L1: 0.151 H_SSIM: 0.374 D_real: 0.303 D_fake: 0.043 att_A: 0.756 L_hall: 0.051 L_inter: 0.000 L_intra: 0.000 L_fsp: 0.503 fsp_3_4: 0.123 fsp_4_5: 0.145 fsp_5_6: 0.177 fsp_6_7: 0.058 
(epoch: 9, iters: 4684, time: 0.034) G_GAN: 0.934 G_L1: 0.260 G_SSIM: 0.186 H_L1: 0.215 H_SSIM: 0.559 D_real: 0.008 D_fake: 0.008 att_A: 0.627 L_hall: 0.052 L_inter: 0.000 L_intra: 0.000 L_fsp: 0.523 fsp_3_4: 0.110 fsp_4_5: 0.172 fsp_5_6: 0.174 fsp_6_7: 0.068 
(epoch: 9, iters: 4784, time: 0.034) G_GAN: 0.741 G_L1: 0.242 G_SSIM: 0.114 H_L1: 0.146 H_SSIM: 0.364 D_real: 0.045 D_fake: 0.033 att_A: 0.699 L_hall: 0.058 L_inter: 0.000 L_intra: 0.000 L_fsp: 0.557 fsp_3_4: 0.123 fsp_4_5: 0.165 fsp_5_6: 0.198 fsp_6_7: 0.071 
(epoch: 9, iters: 4884, time: 0.035) G_GAN: 1.046 G_L1: 0.413 G_SSIM: 0.248 H_L1: 0.146 H_SSIM: 0.512 D_real: 0.015 D_fake: 0.021 att_A: 0.605 L_hall: 0.053 L_inter: 0.000 L_intra: 0.000 L_fsp: 0.891 fsp_3_4: 0.144 fsp_4_5: 0.212 fsp_5_6: 0.251 fsp_6_7: 0.285 
(epoch: 9, iters: 4984, time: 0.054) G_GAN: 0.530 G_L1: 0.095 G_SSIM: 0.009 H_L1: 0.123 H_SSIM: 0.327 D_real: 0.062 D_fake: 0.139 att_A: 0.403 L_hall: 0.049 L_inter: 0.000 L_intra: 0.000 L_fsp: 0.559 fsp_3_4: 0.076 fsp_4_5: 0.145 fsp_5_6: 0.218 fsp_6_7: 0.120 
(epoch: 9, iters: 5084, time: 0.034) G_GAN: 0.759 G_L1: 0.045 G_SSIM: 0.018 H_L1: 0.132 H_SSIM: 0.332 D_real: 0.126 D_fake: 0.037 att_A: 0.369 L_hall: 0.051 L_inter: 0.000 L_intra: 0.000 L_fsp: 0.625 fsp_3_4: 0.094 fsp_4_5: 0.148 fsp_5_6: 0.225 fsp_6_7: 0.158 
(epoch: 9, iters: 5184, time: 0.034) G_GAN: 1.055 G_L1: 0.237 G_SSIM: 0.126 H_L1: 0.157 H_SSIM: 0.423 D_real: 0.175 D_fake: 0.006 att_A: 0.700 L_hall: 0.047 L_inter: 0.000 L_intra: 0.000 L_fsp: 0.319 fsp_3_4: 0.064 fsp_4_5: 0.090 fsp_5_6: 0.093 fsp_6_7: 0.072 
(epoch: 9, iters: 5284, time: 0.033) G_GAN: 0.900 G_L1: 0.313 G_SSIM: 0.228 H_L1: 0.194 H_SSIM: 0.488 D_real: 0.014 D_fake: 0.012 att_A: 0.689 L_hall: 0.057 L_inter: 0.000 L_intra: 0.000 L_fsp: 0.539 fsp_3_4: 0.125 fsp_4_5: 0.174 fsp_5_6: 0.170 fsp_6_7: 0.070 
(epoch: 9, iters: 5384, time: 0.034) G_GAN: 0.909 G_L1: 0.411 G_SSIM: 0.273 H_L1: 0.172 H_SSIM: 0.460 D_real: 0.016 D_fake: 0.006 att_A: 0.864 L_hall: 0.055 L_inter: 0.000 L_intra: 0.000 L_fsp: 0.631 fsp_3_4: 0.178 fsp_4_5: 0.192 fsp_5_6: 0.140 fsp_6_7: 0.121 
(epoch: 9, iters: 5484, time: 0.059) G_GAN: 0.866 G_L1: 0.254 G_SSIM: 0.148 H_L1: 0.151 H_SSIM: 0.418 D_real: 0.009 D_fake: 0.017 att_A: 0.527 L_hall: 0.047 L_inter: 0.000 L_intra: 0.000 L_fsp: 0.462 fsp_3_4: 0.100 fsp_4_5: 0.139 fsp_5_6: 0.188 fsp_6_7: 0.036 
(epoch: 9, iters: 5584, time: 0.034) G_GAN: 1.143 G_L1: 0.374 G_SSIM: 0.222 H_L1: 0.237 H_SSIM: 0.570 D_real: 0.011 D_fake: 0.016 att_A: 0.689 L_hall: 0.054 L_inter: 0.000 L_intra: 0.000 L_fsp: 0.559 fsp_3_4: 0.121 fsp_4_5: 0.209 fsp_5_6: 0.196 fsp_6_7: 0.033 
(epoch: 9, iters: 5684, time: 0.034) G_GAN: 1.394 G_L1: 0.401 G_SSIM: 0.240 H_L1: 0.180 H_SSIM: 0.451 D_real: 0.144 D_fake: 0.052 att_A: 0.765 L_hall: 0.049 L_inter: 0.000 L_intra: 0.000 L_fsp: 0.457 fsp_3_4: 0.111 fsp_4_5: 0.127 fsp_5_6: 0.141 fsp_6_7: 0.077 
(epoch: 9, iters: 5784, time: 0.033) G_GAN: 0.944 G_L1: 0.410 G_SSIM: 0.256 H_L1: 0.204 H_SSIM: 0.568 D_real: 0.014 D_fake: 0.013 att_A: 0.584 L_hall: 0.047 L_inter: 0.000 L_intra: 0.000 L_fsp: 0.404 fsp_3_4: 0.105 fsp_4_5: 0.148 fsp_5_6: 0.111 fsp_6_7: 0.039 
(epoch: 9, iters: 5884, time: 0.034) G_GAN: 0.994 G_L1: 0.526 G_SSIM: 0.274 H_L1: 0.159 H_SSIM: 0.442 D_real: 0.011 D_fake: 0.029 att_A: 0.605 L_hall: 0.053 L_inter: 0.000 L_intra: 0.000 L_fsp: 0.630 fsp_3_4: 0.157 fsp_4_5: 0.181 fsp_5_6: 0.151 fsp_6_7: 0.140 
(epoch: 9, iters: 5984, time: 0.055) G_GAN: 1.216 G_L1: 0.312 G_SSIM: 0.262 H_L1: 0.209 H_SSIM: 0.514 D_real: 0.087 D_fake: 0.034 att_A: 0.599 L_hall: 0.052 L_inter: 0.000 L_intra: 0.000 L_fsp: 0.477 fsp_3_4: 0.103 fsp_4_5: 0.185 fsp_5_6: 0.137 fsp_6_7: 0.052 
(epoch: 9, iters: 6084, time: 0.034) G_GAN: 1.146 G_L1: 0.368 G_SSIM: 0.204 H_L1: 0.158 H_SSIM: 0.438 D_real: 0.019 D_fake: 0.012 att_A: 0.553 L_hall: 0.051 L_inter: 0.000 L_intra: 0.000 L_fsp: 0.467 fsp_3_4: 0.105 fsp_4_5: 0.165 fsp_5_6: 0.116 fsp_6_7: 0.081 
(epoch: 9, iters: 6184, time: 0.034) G_GAN: 0.106 G_L1: 0.061 G_SSIM: 0.019 H_L1: 0.123 H_SSIM: 0.340 D_real: 0.012 D_fake: 0.482 att_A: 0.423 L_hall: 0.050 L_inter: 0.000 L_intra: 0.000 L_fsp: 0.438 fsp_3_4: 0.101 fsp_4_5: 0.131 fsp_5_6: 0.125 fsp_6_7: 0.081 
(epoch: 9, iters: 6284, time: 0.033) G_GAN: 0.961 G_L1: 0.709 G_SSIM: 0.576 H_L1: 0.222 H_SSIM: 0.672 D_real: 0.022 D_fake: 0.007 att_A: 0.918 L_hall: 0.057 L_inter: 0.000 L_intra: 0.000 L_fsp: 0.562 fsp_3_4: 0.115 fsp_4_5: 0.137 fsp_5_6: 0.171 fsp_6_7: 0.139 
(epoch: 9, iters: 6384, time: 0.034) G_GAN: 0.528 G_L1: 0.202 G_SSIM: 0.141 H_L1: 0.195 H_SSIM: 0.478 D_real: 0.008 D_fake: 0.016 att_A: 0.429 L_hall: 0.047 L_inter: 0.000 L_intra: 0.000 L_fsp: 0.319 fsp_3_4: 0.102 fsp_4_5: 0.104 fsp_5_6: 0.078 fsp_6_7: 0.034 
(epoch: 9, iters: 6484, time: 0.051) G_GAN: 0.855 G_L1: 0.466 G_SSIM: 0.308 H_L1: 0.161 H_SSIM: 0.486 D_real: 0.074 D_fake: 0.030 att_A: 0.745 L_hall: 0.052 L_inter: 0.000 L_intra: 0.000 L_fsp: 0.665 fsp_3_4: 0.129 fsp_4_5: 0.154 fsp_5_6: 0.168 fsp_6_7: 0.215 
(epoch: 9, iters: 6584, time: 0.034) G_GAN: 1.023 G_L1: 0.196 G_SSIM: 0.046 H_L1: 0.108 H_SSIM: 0.321 D_real: 0.113 D_fake: 0.011 att_A: 0.764 L_hall: 0.028 L_inter: 0.000 L_intra: 0.000 L_fsp: 0.316 fsp_3_4: 0.077 fsp_4_5: 0.080 fsp_5_6: 0.087 fsp_6_7: 0.072 
(epoch: 9, iters: 6684, time: 0.034) G_GAN: 0.909 G_L1: 0.440 G_SSIM: 0.265 H_L1: 0.194 H_SSIM: 0.433 D_real: 0.007 D_fake: 0.006 att_A: 0.848 L_hall: 0.054 L_inter: 0.000 L_intra: 0.000 L_fsp: 0.559 fsp_3_4: 0.130 fsp_4_5: 0.181 fsp_5_6: 0.144 fsp_6_7: 0.104 
(epoch: 9, iters: 6784, time: 0.034) G_GAN: 0.314 G_L1: 0.194 G_SSIM: 0.074 H_L1: 0.140 H_SSIM: 0.368 D_real: 0.112 D_fake: 0.213 att_A: 0.625 L_hall: 0.039 L_inter: 0.000 L_intra: 0.000 L_fsp: 0.529 fsp_3_4: 0.167 fsp_4_5: 0.109 fsp_5_6: 0.133 fsp_6_7: 0.120 
(epoch: 9, iters: 6884, time: 0.034) G_GAN: 0.755 G_L1: 0.096 G_SSIM: 0.026 H_L1: 0.111 H_SSIM: 0.334 D_real: 0.131 D_fake: 0.028 att_A: 0.776 L_hall: 0.054 L_inter: 0.000 L_intra: 0.000 L_fsp: 0.547 fsp_3_4: 0.095 fsp_4_5: 0.163 fsp_5_6: 0.177 fsp_6_7: 0.111 
(epoch: 9, iters: 6984, time: 0.057) G_GAN: 0.875 G_L1: 0.374 G_SSIM: 0.246 H_L1: 0.147 H_SSIM: 0.444 D_real: 0.010 D_fake: 0.072 att_A: 0.785 L_hall: 0.055 L_inter: 0.000 L_intra: 0.000 L_fsp: 0.539 fsp_3_4: 0.120 fsp_4_5: 0.165 fsp_5_6: 0.154 fsp_6_7: 0.100 
saving the latest model (epoch 9, total_steps 80000)
(epoch: 9, iters: 7084, time: 0.034) G_GAN: 0.950 G_L1: 0.437 G_SSIM: 0.322 H_L1: 0.181 H_SSIM: 0.549 D_real: 0.009 D_fake: 0.042 att_A: 0.709 L_hall: 0.053 L_inter: 0.000 L_intra: 0.000 L_fsp: 0.637 fsp_3_4: 0.154 fsp_4_5: 0.197 fsp_5_6: 0.187 fsp_6_7: 0.099 
(epoch: 9, iters: 7184, time: 0.034) G_GAN: 0.232 G_L1: 0.303 G_SSIM: 0.237 H_L1: 0.176 H_SSIM: 0.398 D_real: 0.018 D_fake: 0.291 att_A: 0.455 L_hall: 0.047 L_inter: 0.000 L_intra: 0.000 L_fsp: 0.490 fsp_3_4: 0.097 fsp_4_5: 0.151 fsp_5_6: 0.142 fsp_6_7: 0.100 
(epoch: 9, iters: 7284, time: 0.035) G_GAN: 0.905 G_L1: 0.452 G_SSIM: 0.328 H_L1: 0.168 H_SSIM: 0.510 D_real: 0.019 D_fake: 0.017 att_A: 0.772 L_hall: 0.052 L_inter: 0.000 L_intra: 0.000 L_fsp: 0.598 fsp_3_4: 0.099 fsp_4_5: 0.156 fsp_5_6: 0.130 fsp_6_7: 0.212 
(epoch: 9, iters: 7384, time: 0.034) G_GAN: 0.938 G_L1: 0.649 G_SSIM: 0.483 H_L1: 0.215 H_SSIM: 0.572 D_real: 0.017 D_fake: 0.005 att_A: 0.917 L_hall: 0.059 L_inter: 0.000 L_intra: 0.000 L_fsp: 0.562 fsp_3_4: 0.138 fsp_4_5: 0.178 fsp_5_6: 0.172 fsp_6_7: 0.073 
(epoch: 9, iters: 7484, time: 0.056) G_GAN: 0.837 G_L1: 0.125 G_SSIM: 0.011 H_L1: 0.207 H_SSIM: 0.348 D_real: 0.011 D_fake: 0.006 att_A: 0.395 L_hall: 0.050 L_inter: 0.000 L_intra: 0.000 L_fsp: 0.989 fsp_3_4: 0.148 fsp_4_5: 0.191 fsp_5_6: 0.261 fsp_6_7: 0.389 
(epoch: 9, iters: 7584, time: 0.033) G_GAN: 1.056 G_L1: 0.284 G_SSIM: 0.240 H_L1: 0.187 H_SSIM: 0.477 D_real: 0.012 D_fake: 0.008 att_A: 0.498 L_hall: 0.051 L_inter: 0.000 L_intra: 0.000 L_fsp: 0.406 fsp_3_4: 0.103 fsp_4_5: 0.108 fsp_5_6: 0.145 fsp_6_7: 0.049 
(epoch: 9, iters: 7684, time: 0.033) G_GAN: 0.826 G_L1: 0.353 G_SSIM: 0.272 H_L1: 0.167 H_SSIM: 0.553 D_real: 0.049 D_fake: 0.161 att_A: 0.579 L_hall: 0.046 L_inter: 0.000 L_intra: 0.000 L_fsp: 0.428 fsp_3_4: 0.090 fsp_4_5: 0.138 fsp_5_6: 0.135 fsp_6_7: 0.066 
(epoch: 9, iters: 7784, time: 0.033) G_GAN: 1.160 G_L1: 0.413 G_SSIM: 0.276 H_L1: 0.194 H_SSIM: 0.457 D_real: 0.010 D_fake: 0.010 att_A: 0.837 L_hall: 0.055 L_inter: 0.000 L_intra: 0.000 L_fsp: 0.645 fsp_3_4: 0.192 fsp_4_5: 0.204 fsp_5_6: 0.155 fsp_6_7: 0.093 
(epoch: 9, iters: 7884, time: 0.033) G_GAN: 0.858 G_L1: 0.532 G_SSIM: 0.273 H_L1: 0.176 H_SSIM: 0.435 D_real: 0.009 D_fake: 0.013 att_A: 0.909 L_hall: 0.056 L_inter: 0.000 L_intra: 0.000 L_fsp: 0.556 fsp_3_4: 0.182 fsp_4_5: 0.188 fsp_5_6: 0.138 fsp_6_7: 0.047 
(epoch: 9, iters: 7984, time: 0.057) G_GAN: 0.879 G_L1: 0.835 G_SSIM: 0.540 H_L1: 0.217 H_SSIM: 0.623 D_real: 0.030 D_fake: 0.015 att_A: 0.917 L_hall: 0.057 L_inter: 0.000 L_intra: 0.000 L_fsp: 0.669 fsp_3_4: 0.105 fsp_4_5: 0.153 fsp_5_6: 0.179 fsp_6_7: 0.232 
(epoch: 9, iters: 8084, time: 0.034) G_GAN: 0.912 G_L1: 0.561 G_SSIM: 0.371 H_L1: 0.159 H_SSIM: 0.475 D_real: 0.015 D_fake: 0.004 att_A: 0.846 L_hall: 0.054 L_inter: 0.000 L_intra: 0.000 L_fsp: 0.524 fsp_3_4: 0.110 fsp_4_5: 0.159 fsp_5_6: 0.133 fsp_6_7: 0.122 
(epoch: 9, iters: 8184, time: 0.034) G_GAN: 0.951 G_L1: 0.325 G_SSIM: 0.212 H_L1: 0.167 H_SSIM: 0.410 D_real: 0.068 D_fake: 0.014 att_A: 0.774 L_hall: 0.055 L_inter: 0.000 L_intra: 0.000 L_fsp: 0.409 fsp_3_4: 0.089 fsp_4_5: 0.126 fsp_5_6: 0.142 fsp_6_7: 0.052 
(epoch: 9, iters: 8284, time: 0.034) G_GAN: 0.779 G_L1: 0.113 G_SSIM: 0.024 H_L1: 0.139 H_SSIM: 0.338 D_real: 0.050 D_fake: 0.003 att_A: 0.734 L_hall: 0.054 L_inter: 0.000 L_intra: 0.000 L_fsp: 0.716 fsp_3_4: 0.114 fsp_4_5: 0.174 fsp_5_6: 0.203 fsp_6_7: 0.225 
(epoch: 9, iters: 8384, time: 0.034) G_GAN: 0.847 G_L1: 0.455 G_SSIM: 0.260 H_L1: 0.161 H_SSIM: 0.460 D_real: 0.013 D_fake: 0.011 att_A: 0.616 L_hall: 0.051 L_inter: 0.000 L_intra: 0.000 L_fsp: 0.567 fsp_3_4: 0.193 fsp_4_5: 0.170 fsp_5_6: 0.163 fsp_6_7: 0.041 
(epoch: 9, iters: 8484, time: 0.052) G_GAN: 1.055 G_L1: 0.303 G_SSIM: 0.229 H_L1: 0.155 H_SSIM: 0.419 D_real: 0.397 D_fake: 0.033 att_A: 0.545 L_hall: 0.054 L_inter: 0.000 L_intra: 0.000 L_fsp: 0.496 fsp_3_4: 0.112 fsp_4_5: 0.151 fsp_5_6: 0.138 fsp_6_7: 0.095 
(epoch: 9, iters: 8584, time: 0.034) G_GAN: 1.045 G_L1: 0.426 G_SSIM: 0.315 H_L1: 0.156 H_SSIM: 0.501 D_real: 0.013 D_fake: 0.007 att_A: 0.707 L_hall: 0.051 L_inter: 0.000 L_intra: 0.000 L_fsp: 0.680 fsp_3_4: 0.105 fsp_4_5: 0.157 fsp_5_6: 0.189 fsp_6_7: 0.229 
(epoch: 9, iters: 8684, time: 0.034) G_GAN: 0.840 G_L1: 0.446 G_SSIM: 0.286 H_L1: 0.147 H_SSIM: 0.396 D_real: 0.035 D_fake: 0.024 att_A: 0.852 L_hall: 0.057 L_inter: 0.000 L_intra: 0.000 L_fsp: 0.740 fsp_3_4: 0.179 fsp_4_5: 0.189 fsp_5_6: 0.188 fsp_6_7: 0.184 
(epoch: 9, iters: 8784, time: 0.034) G_GAN: 1.266 G_L1: 0.319 G_SSIM: 0.245 H_L1: 0.143 H_SSIM: 0.484 D_real: 0.017 D_fake: 0.026 att_A: 0.621 L_hall: 0.046 L_inter: 0.000 L_intra: 0.000 L_fsp: 0.476 fsp_3_4: 0.107 fsp_4_5: 0.153 fsp_5_6: 0.119 fsp_6_7: 0.098 
(epoch: 9, iters: 8884, time: 0.035) G_GAN: 1.054 G_L1: 0.352 G_SSIM: 0.207 H_L1: 0.145 H_SSIM: 0.455 D_real: 0.008 D_fake: 0.007 att_A: 0.604 L_hall: 0.055 L_inter: 0.000 L_intra: 0.000 L_fsp: 0.772 fsp_3_4: 0.143 fsp_4_5: 0.165 fsp_5_6: 0.159 fsp_6_7: 0.305 
(epoch: 9, iters: 8984, time: 0.055) G_GAN: 1.126 G_L1: 0.306 G_SSIM: 0.209 H_L1: 0.150 H_SSIM: 0.479 D_real: 0.054 D_fake: 0.017 att_A: 0.611 L_hall: 0.054 L_inter: 0.000 L_intra: 0.000 L_fsp: 0.536 fsp_3_4: 0.101 fsp_4_5: 0.178 fsp_5_6: 0.162 fsp_6_7: 0.095 
(epoch: 9, iters: 9084, time: 0.034) G_GAN: 0.152 G_L1: 0.119 G_SSIM: 0.036 H_L1: 0.144 H_SSIM: 0.320 D_real: 0.030 D_fake: 0.004 att_A: 0.524 L_hall: 0.039 L_inter: 0.000 L_intra: 0.000 L_fsp: 0.381 fsp_3_4: 0.073 fsp_4_5: 0.116 fsp_5_6: 0.115 fsp_6_7: 0.076 
epoch 9  fsp_3_4:0.118665  fsp_3_4_degen:0.000000  fsp_4_5:0.154572  fsp_4_5_degen:0.000000  fsp_5_6:0.154431  fsp_5_6_degen:0.000000  fsp_6_7:0.102974  fsp_6_7_degen:0.000000
End of epoch 9 / 30 	 Time Taken: 495 sec
learning rate = 0.0002000
(epoch: 10, iters: 57, time: 0.034) G_GAN: 0.978 G_L1: 0.266 G_SSIM: 0.213 H_L1: 0.140 H_SSIM: 0.420 D_real: 0.007 D_fake: 0.004 att_A: 0.698 L_hall: 0.048 L_inter: 0.000 L_intra: 0.000 L_fsp: 0.489 fsp_3_4: 0.111 fsp_4_5: 0.163 fsp_5_6: 0.151 fsp_6_7: 0.064 
(epoch: 10, iters: 157, time: 0.034) G_GAN: 0.129 G_L1: 0.285 G_SSIM: 0.182 H_L1: 0.182 H_SSIM: 0.439 D_real: 0.026 D_fake: 0.489 att_A: 0.412 L_hall: 0.037 L_inter: 0.000 L_intra: 0.000 L_fsp: 0.278 fsp_3_4: 0.077 fsp_4_5: 0.111 fsp_5_6: 0.076 fsp_6_7: 0.014 
(epoch: 10, iters: 257, time: 0.034) G_GAN: 1.607 G_L1: 0.259 G_SSIM: 0.160 H_L1: 0.214 H_SSIM: 0.402 D_real: 0.221 D_fake: 0.084 att_A: 0.753 L_hall: 0.052 L_inter: 0.000 L_intra: 0.000 L_fsp: 0.758 fsp_3_4: 0.233 fsp_4_5: 0.319 fsp_5_6: 0.104 fsp_6_7: 0.101 
(epoch: 10, iters: 357, time: 0.065) G_GAN: 0.837 G_L1: 0.385 G_SSIM: 0.302 H_L1: 0.150 H_SSIM: 0.530 D_real: 0.023 D_fake: 0.229 att_A: 0.662 L_hall: 0.046 L_inter: 0.000 L_intra: 0.000 L_fsp: 0.380 fsp_3_4: 0.096 fsp_4_5: 0.125 fsp_5_6: 0.086 fsp_6_7: 0.072 
(epoch: 10, iters: 457, time: 0.034) G_GAN: 0.878 G_L1: 0.281 G_SSIM: 0.194 H_L1: 0.208 H_SSIM: 0.498 D_real: 0.029 D_fake: 0.122 att_A: 0.466 L_hall: 0.048 L_inter: 0.000 L_intra: 0.000 L_fsp: 0.416 fsp_3_4: 0.115 fsp_4_5: 0.148 fsp_5_6: 0.107 fsp_6_7: 0.046 
(epoch: 10, iters: 557, time: 0.034) G_GAN: 0.846 G_L1: 0.212 G_SSIM: 0.108 H_L1: 0.157 H_SSIM: 0.430 D_real: 0.018 D_fake: 0.019 att_A: 0.584 L_hall: 0.054 L_inter: 0.000 L_intra: 0.000 L_fsp: 0.473 fsp_3_4: 0.106 fsp_4_5: 0.175 fsp_5_6: 0.112 fsp_6_7: 0.080 
(epoch: 10, iters: 657, time: 0.033) G_GAN: 0.996 G_L1: 0.456 G_SSIM: 0.276 H_L1: 0.173 H_SSIM: 0.457 D_real: 0.011 D_fake: 0.430 att_A: 0.836 L_hall: 0.049 L_inter: 0.000 L_intra: 0.000 L_fsp: 0.485 fsp_3_4: 0.141 fsp_4_5: 0.144 fsp_5_6: 0.144 fsp_6_7: 0.057 
(epoch: 10, iters: 757, time: 0.033) G_GAN: 0.758 G_L1: 0.233 G_SSIM: 0.161 H_L1: 0.141 H_SSIM: 0.403 D_real: 0.010 D_fake: 0.007 att_A: 0.499 L_hall: 0.049 L_inter: 0.000 L_intra: 0.000 L_fsp: 0.312 fsp_3_4: 0.081 fsp_4_5: 0.107 fsp_5_6: 0.082 fsp_6_7: 0.042 
(epoch: 10, iters: 857, time: 0.055) G_GAN: 1.038 G_L1: 0.323 G_SSIM: 0.265 H_L1: 0.194 H_SSIM: 0.510 D_real: 0.009 D_fake: 0.004 att_A: 0.517 L_hall: 0.049 L_inter: 0.000 L_intra: 0.000 L_fsp: 0.362 fsp_3_4: 0.104 fsp_4_5: 0.131 fsp_5_6: 0.098 fsp_6_7: 0.029 
(epoch: 10, iters: 957, time: 0.033) G_GAN: 1.208 G_L1: 0.297 G_SSIM: 0.204 H_L1: 0.218 H_SSIM: 0.503 D_real: 0.041 D_fake: 0.023 att_A: 0.450 L_hall: 0.049 L_inter: 0.000 L_intra: 0.000 L_fsp: 0.337 fsp_3_4: 0.101 fsp_4_5: 0.116 fsp_5_6: 0.091 fsp_6_7: 0.029 
(epoch: 10, iters: 1057, time: 0.034) G_GAN: 0.253 G_L1: 0.310 G_SSIM: 0.222 H_L1: 0.162 H_SSIM: 0.504 D_real: 0.018 D_fake: 0.008 att_A: 0.510 L_hall: 0.043 L_inter: 0.000 L_intra: 0.000 L_fsp: 0.424 fsp_3_4: 0.092 fsp_4_5: 0.141 fsp_5_6: 0.126 fsp_6_7: 0.064 
(epoch: 10, iters: 1157, time: 0.034) G_GAN: 0.967 G_L1: 0.362 G_SSIM: 0.284 H_L1: 0.139 H_SSIM: 0.477 D_real: 0.023 D_fake: 0.020 att_A: 0.789 L_hall: 0.047 L_inter: 0.000 L_intra: 0.000 L_fsp: 0.425 fsp_3_4: 0.142 fsp_4_5: 0.126 fsp_5_6: 0.103 fsp_6_7: 0.054 
(epoch: 10, iters: 1257, time: 0.034) G_GAN: 0.913 G_L1: 0.385 G_SSIM: 0.236 H_L1: 0.183 H_SSIM: 0.506 D_real: 0.047 D_fake: 0.019 att_A: 0.689 L_hall: 0.046 L_inter: 0.000 L_intra: 0.000 L_fsp: 0.352 fsp_3_4: 0.113 fsp_4_5: 0.131 fsp_5_6: 0.074 fsp_6_7: 0.034 
(epoch: 10, iters: 1357, time: 0.072) G_GAN: 1.285 G_L1: 0.487 G_SSIM: 0.385 H_L1: 0.205 H_SSIM: 0.624 D_real: 0.042 D_fake: 0.010 att_A: 0.705 L_hall: 0.055 L_inter: 0.000 L_intra: 0.000 L_fsp: 0.666 fsp_3_4: 0.147 fsp_4_5: 0.172 fsp_5_6: 0.137 fsp_6_7: 0.209 
(epoch: 10, iters: 1457, time: 0.033) G_GAN: 0.986 G_L1: 0.568 G_SSIM: 0.615 H_L1: 0.285 H_SSIM: 0.653 D_real: 0.025 D_fake: 0.009 att_A: 0.974 L_hall: 0.063 L_inter: 0.000 L_intra: 0.000 L_fsp: 0.568 fsp_3_4: 0.130 fsp_4_5: 0.145 fsp_5_6: 0.198 fsp_6_7: 0.095 
(epoch: 10, iters: 1557, time: 0.035) G_GAN: 1.007 G_L1: 0.385 G_SSIM: 0.350 H_L1: 0.151 H_SSIM: 0.522 D_real: 0.008 D_fake: 0.005 att_A: 0.806 L_hall: 0.055 L_inter: 0.000 L_intra: 0.000 L_fsp: 0.567 fsp_3_4: 0.104 fsp_4_5: 0.170 fsp_5_6: 0.202 fsp_6_7: 0.090 
(epoch: 10, iters: 1657, time: 0.035) G_GAN: 1.057 G_L1: 0.437 G_SSIM: 0.308 H_L1: 0.182 H_SSIM: 0.374 D_real: 0.008 D_fake: 0.007 att_A: 0.946 L_hall: 0.064 L_inter: 0.000 L_intra: 0.000 L_fsp: 0.837 fsp_3_4: 0.190 fsp_4_5: 0.218 fsp_5_6: 0.249 fsp_6_7: 0.179 
(epoch: 10, iters: 1757, time: 0.034) G_GAN: 0.999 G_L1: 0.334 G_SSIM: 0.213 H_L1: 0.175 H_SSIM: 0.527 D_real: 0.006 D_fake: 0.012 att_A: 0.677 L_hall: 0.054 L_inter: 0.000 L_intra: 0.000 L_fsp: 0.582 fsp_3_4: 0.097 fsp_4_5: 0.128 fsp_5_6: 0.168 fsp_6_7: 0.189 
(epoch: 10, iters: 1857, time: 0.062) G_GAN: 0.635 G_L1: 0.118 G_SSIM: 0.055 H_L1: 0.092 H_SSIM: 0.286 D_real: 0.199 D_fake: 0.028 att_A: 0.772 L_hall: 0.033 L_inter: 0.000 L_intra: 0.000 L_fsp: 0.239 fsp_3_4: 0.055 fsp_4_5: 0.075 fsp_5_6: 0.064 fsp_6_7: 0.045 
(epoch: 10, iters: 1957, time: 0.034) G_GAN: 1.021 G_L1: 0.377 G_SSIM: 0.227 H_L1: 0.165 H_SSIM: 0.420 D_real: 0.018 D_fake: 0.015 att_A: 0.660 L_hall: 0.050 L_inter: 0.000 L_intra: 0.000 L_fsp: 0.523 fsp_3_4: 0.143 fsp_4_5: 0.168 fsp_5_6: 0.133 fsp_6_7: 0.079 
(epoch: 10, iters: 2057, time: 0.036) G_GAN: 1.319 G_L1: 0.485 G_SSIM: 0.298 H_L1: 0.140 H_SSIM: 0.397 D_real: 0.058 D_fake: 0.068 att_A: 0.836 L_hall: 0.061 L_inter: 0.000 L_intra: 0.000 L_fsp: 0.800 fsp_3_4: 0.218 fsp_4_5: 0.203 fsp_5_6: 0.252 fsp_6_7: 0.127 
(epoch: 10, iters: 2157, time: 0.034) G_GAN: 1.071 G_L1: 0.365 G_SSIM: 0.247 H_L1: 0.105 H_SSIM: 0.407 D_real: 0.020 D_fake: 0.017 att_A: 0.802 L_hall: 0.055 L_inter: 0.000 L_intra: 0.000 L_fsp: 0.741 fsp_3_4: 0.269 fsp_4_5: 0.233 fsp_5_6: 0.177 fsp_6_7: 0.062 
(epoch: 10, iters: 2257, time: 0.033) G_GAN: 0.743 G_L1: 0.071 G_SSIM: 0.024 H_L1: 0.102 H_SSIM: 0.318 D_real: 0.103 D_fake: 0.005 att_A: 0.781 L_hall: 0.057 L_inter: 0.000 L_intra: 0.000 L_fsp: 0.548 fsp_3_4: 0.126 fsp_4_5: 0.192 fsp_5_6: 0.155 fsp_6_7: 0.075 
(epoch: 10, iters: 2357, time: 0.055) G_GAN: 1.161 G_L1: 0.378 G_SSIM: 0.148 H_L1: 0.121 H_SSIM: 0.358 D_real: 0.013 D_fake: 0.622 att_A: 0.780 L_hall: 0.052 L_inter: 0.000 L_intra: 0.000 L_fsp: 0.578 fsp_3_4: 0.123 fsp_4_5: 0.128 fsp_5_6: 0.172 fsp_6_7: 0.156 
(epoch: 10, iters: 2457, time: 0.034) G_GAN: 0.918 G_L1: 0.274 G_SSIM: 0.159 H_L1: 0.166 H_SSIM: 0.406 D_real: 0.030 D_fake: 0.015 att_A: 0.499 L_hall: 0.044 L_inter: 0.000 L_intra: 0.000 L_fsp: 0.367 fsp_3_4: 0.118 fsp_4_5: 0.095 fsp_5_6: 0.110 fsp_6_7: 0.044 
(epoch: 10, iters: 2557, time: 0.034) G_GAN: 1.012 G_L1: 0.352 G_SSIM: 0.206 H_L1: 0.130 H_SSIM: 0.398 D_real: 0.019 D_fake: 0.401 att_A: 0.634 L_hall: 0.046 L_inter: 0.000 L_intra: 0.000 L_fsp: 0.443 fsp_3_4: 0.100 fsp_4_5: 0.113 fsp_5_6: 0.139 fsp_6_7: 0.091 
(epoch: 10, iters: 2657, time: 0.034) G_GAN: 1.040 G_L1: 0.255 G_SSIM: 0.132 H_L1: 0.213 H_SSIM: 0.486 D_real: 0.049 D_fake: 0.009 att_A: 0.469 L_hall: 0.051 L_inter: 0.000 L_intra: 0.000 L_fsp: 0.623 fsp_3_4: 0.097 fsp_4_5: 0.128 fsp_5_6: 0.214 fsp_6_7: 0.183 
(epoch: 10, iters: 2757, time: 0.035) G_GAN: 1.388 G_L1: 0.688 G_SSIM: 0.444 H_L1: 0.232 H_SSIM: 0.633 D_real: 0.069 D_fake: 0.061 att_A: 0.774 L_hall: 0.057 L_inter: 0.000 L_intra: 0.000 L_fsp: 0.794 fsp_3_4: 0.109 fsp_4_5: 0.223 fsp_5_6: 0.397 fsp_6_7: 0.066 
(epoch: 10, iters: 2857, time: 0.069) G_GAN: 0.410 G_L1: 0.288 G_SSIM: 0.160 H_L1: 0.127 H_SSIM: 0.359 D_real: 0.017 D_fake: 0.149 att_A: 0.489 L_hall: 0.056 L_inter: 0.000 L_intra: 0.000 L_fsp: 0.612 fsp_3_4: 0.152 fsp_4_5: 0.178 fsp_5_6: 0.166 fsp_6_7: 0.115 
saving the latest model (epoch 10, total_steps 85000)
(epoch: 10, iters: 2957, time: 0.034) G_GAN: 0.972 G_L1: 0.281 G_SSIM: 0.228 H_L1: 0.145 H_SSIM: 0.446 D_real: 0.022 D_fake: 0.013 att_A: 0.690 L_hall: 0.051 L_inter: 0.000 L_intra: 0.000 L_fsp: 0.498 fsp_3_4: 0.100 fsp_4_5: 0.141 fsp_5_6: 0.156 fsp_6_7: 0.101 
(epoch: 10, iters: 3057, time: 0.033) G_GAN: 0.902 G_L1: 0.147 G_SSIM: 0.086 H_L1: 0.152 H_SSIM: 0.353 D_real: 0.478 D_fake: 0.013 att_A: 0.585 L_hall: 0.057 L_inter: 0.000 L_intra: 0.000 L_fsp: 0.666 fsp_3_4: 0.150 fsp_4_5: 0.201 fsp_5_6: 0.156 fsp_6_7: 0.160 
(epoch: 10, iters: 3157, time: 0.034) G_GAN: 1.160 G_L1: 0.493 G_SSIM: 0.262 H_L1: 0.134 H_SSIM: 0.382 D_real: 0.010 D_fake: 0.017 att_A: 0.780 L_hall: 0.055 L_inter: 0.000 L_intra: 0.000 L_fsp: 0.674 fsp_3_4: 0.211 fsp_4_5: 0.196 fsp_5_6: 0.146 fsp_6_7: 0.121 
(epoch: 10, iters: 3257, time: 0.034) G_GAN: 1.135 G_L1: 0.465 G_SSIM: 0.243 H_L1: 0.135 H_SSIM: 0.369 D_real: 0.074 D_fake: 0.008 att_A: 0.924 L_hall: 0.066 L_inter: 0.000 L_intra: 0.000 L_fsp: 0.722 fsp_3_4: 0.150 fsp_4_5: 0.163 fsp_5_6: 0.244 fsp_6_7: 0.166 
(epoch: 10, iters: 3357, time: 0.067) G_GAN: 0.867 G_L1: 0.275 G_SSIM: 0.162 H_L1: 0.216 H_SSIM: 0.407 D_real: 0.051 D_fake: 0.013 att_A: 0.723 L_hall: 0.057 L_inter: 0.000 L_intra: 0.000 L_fsp: 0.613 fsp_3_4: 0.171 fsp_4_5: 0.191 fsp_5_6: 0.198 fsp_6_7: 0.053 
(epoch: 10, iters: 3457, time: 0.034) G_GAN: 0.629 G_L1: 0.292 G_SSIM: 0.223 H_L1: 0.164 H_SSIM: 0.394 D_real: 0.011 D_fake: 0.010 att_A: 0.569 L_hall: 0.044 L_inter: 0.000 L_intra: 0.000 L_fsp: 0.333 fsp_3_4: 0.078 fsp_4_5: 0.115 fsp_5_6: 0.102 fsp_6_7: 0.038 
(epoch: 10, iters: 3557, time: 0.035) G_GAN: 1.105 G_L1: 0.269 G_SSIM: 0.235 H_L1: 0.196 H_SSIM: 0.472 D_real: 0.014 D_fake: 0.146 att_A: 0.525 L_hall: 0.050 L_inter: 0.000 L_intra: 0.000 L_fsp: 0.451 fsp_3_4: 0.107 fsp_4_5: 0.151 fsp_5_6: 0.133 fsp_6_7: 0.060 
(epoch: 10, iters: 3657, time: 0.033) G_GAN: 0.926 G_L1: 0.206 G_SSIM: 0.129 H_L1: 0.132 H_SSIM: 0.374 D_real: 0.270 D_fake: 0.011 att_A: 0.453 L_hall: 0.046 L_inter: 0.000 L_intra: 0.000 L_fsp: 0.356 fsp_3_4: 0.101 fsp_4_5: 0.109 fsp_5_6: 0.098 fsp_6_7: 0.047 
(epoch: 10, iters: 3757, time: 0.033) G_GAN: 1.031 G_L1: 0.230 G_SSIM: 0.134 H_L1: 0.114 H_SSIM: 0.369 D_real: 0.221 D_fake: 0.011 att_A: 0.644 L_hall: 0.049 L_inter: 0.000 L_intra: 0.000 L_fsp: 0.456 fsp_3_4: 0.104 fsp_4_5: 0.140 fsp_5_6: 0.187 fsp_6_7: 0.024 
(epoch: 10, iters: 3857, time: 0.073) G_GAN: 1.064 G_L1: 0.543 G_SSIM: 0.408 H_L1: 0.187 H_SSIM: 0.534 D_real: 0.022 D_fake: 0.008 att_A: 0.790 L_hall: 0.051 L_inter: 0.000 L_intra: 0.000 L_fsp: 0.514 fsp_3_4: 0.104 fsp_4_5: 0.136 fsp_5_6: 0.156 fsp_6_7: 0.117 
(epoch: 10, iters: 3957, time: 0.034) G_GAN: 0.893 G_L1: 0.417 G_SSIM: 0.199 H_L1: 0.136 H_SSIM: 0.332 D_real: 0.008 D_fake: 0.004 att_A: 0.952 L_hall: 0.062 L_inter: 0.000 L_intra: 0.000 L_fsp: 0.633 fsp_3_4: 0.130 fsp_4_5: 0.132 fsp_5_6: 0.173 fsp_6_7: 0.198 
(epoch: 10, iters: 4057, time: 0.034) G_GAN: 0.936 G_L1: 0.368 G_SSIM: 0.354 H_L1: 0.161 H_SSIM: 0.549 D_real: 0.009 D_fake: 0.028 att_A: 0.839 L_hall: 0.053 L_inter: 0.000 L_intra: 0.000 L_fsp: 0.453 fsp_3_4: 0.115 fsp_4_5: 0.141 fsp_5_6: 0.107 fsp_6_7: 0.089 
(epoch: 10, iters: 4157, time: 0.035) G_GAN: 0.933 G_L1: 0.303 G_SSIM: 0.336 H_L1: 0.156 H_SSIM: 0.548 D_real: 0.008 D_fake: 0.005 att_A: 0.800 L_hall: 0.054 L_inter: 0.000 L_intra: 0.000 L_fsp: 0.522 fsp_3_4: 0.108 fsp_4_5: 0.154 fsp_5_6: 0.130 fsp_6_7: 0.130 
(epoch: 10, iters: 4257, time: 0.034) G_GAN: 1.013 G_L1: 0.266 G_SSIM: 0.151 H_L1: 0.170 H_SSIM: 0.458 D_real: 0.033 D_fake: 0.012 att_A: 0.521 L_hall: 0.050 L_inter: 0.000 L_intra: 0.000 L_fsp: 0.316 fsp_3_4: 0.071 fsp_4_5: 0.102 fsp_5_6: 0.115 fsp_6_7: 0.028 
(epoch: 10, iters: 4357, time: 0.056) G_GAN: 1.287 G_L1: 0.513 G_SSIM: 0.295 H_L1: 0.255 H_SSIM: 0.582 D_real: 0.025 D_fake: 0.012 att_A: 0.409 L_hall: 0.057 L_inter: 0.000 L_intra: 0.000 L_fsp: 0.668 fsp_3_4: 0.116 fsp_4_5: 0.159 fsp_5_6: 0.231 fsp_6_7: 0.163 
(epoch: 10, iters: 4457, time: 0.035) G_GAN: 0.905 G_L1: 0.547 G_SSIM: 0.377 H_L1: 0.195 H_SSIM: 0.445 D_real: 0.009 D_fake: 0.008 att_A: 0.925 L_hall: 0.058 L_inter: 0.000 L_intra: 0.000 L_fsp: 0.693 fsp_3_4: 0.160 fsp_4_5: 0.203 fsp_5_6: 0.188 fsp_6_7: 0.142 
(epoch: 10, iters: 4557, time: 0.036) G_GAN: 0.883 G_L1: 0.426 G_SSIM: 0.315 H_L1: 0.150 H_SSIM: 0.473 D_real: 0.008 D_fake: 0.009 att_A: 0.571 L_hall: 0.045 L_inter: 0.000 L_intra: 0.000 L_fsp: 0.305 fsp_3_4: 0.080 fsp_4_5: 0.091 fsp_5_6: 0.109 fsp_6_7: 0.025 
(epoch: 10, iters: 4657, time: 0.035) G_GAN: 0.671 G_L1: 0.156 G_SSIM: 0.061 H_L1: 0.124 H_SSIM: 0.353 D_real: 0.203 D_fake: 0.052 att_A: 0.666 L_hall: 0.040 L_inter: 0.000 L_intra: 0.000 L_fsp: 0.427 fsp_3_4: 0.078 fsp_4_5: 0.115 fsp_5_6: 0.132 fsp_6_7: 0.103 
(epoch: 10, iters: 4757, time: 0.034) G_GAN: 0.436 G_L1: 0.810 G_SSIM: 0.457 H_L1: 0.238 H_SSIM: 0.657 D_real: 0.039 D_fake: 0.136 att_A: 0.610 L_hall: 0.059 L_inter: 0.000 L_intra: 0.000 L_fsp: 0.907 fsp_3_4: 0.171 fsp_4_5: 0.216 fsp_5_6: 0.340 fsp_6_7: 0.180 
(epoch: 10, iters: 4857, time: 0.082) G_GAN: 0.876 G_L1: 0.366 G_SSIM: 0.223 H_L1: 0.159 H_SSIM: 0.393 D_real: 0.011 D_fake: 0.399 att_A: 0.722 L_hall: 0.052 L_inter: 0.000 L_intra: 0.000 L_fsp: 0.629 fsp_3_4: 0.164 fsp_4_5: 0.172 fsp_5_6: 0.160 fsp_6_7: 0.133 
(epoch: 10, iters: 4957, time: 0.035) G_GAN: 1.213 G_L1: 0.767 G_SSIM: 0.413 H_L1: 0.267 H_SSIM: 0.509 D_real: 0.020 D_fake: 0.018 att_A: 0.821 L_hall: 0.062 L_inter: 0.000 L_intra: 0.000 L_fsp: 0.747 fsp_3_4: 0.124 fsp_4_5: 0.150 fsp_5_6: 0.204 fsp_6_7: 0.269 
(epoch: 10, iters: 5057, time: 0.034) G_GAN: 0.971 G_L1: 0.260 G_SSIM: 0.170 H_L1: 0.197 H_SSIM: 0.492 D_real: 0.058 D_fake: 0.062 att_A: 0.545 L_hall: 0.046 L_inter: 0.000 L_intra: 0.000 L_fsp: 0.464 fsp_3_4: 0.105 fsp_4_5: 0.176 fsp_5_6: 0.132 fsp_6_7: 0.051 
(epoch: 10, iters: 5157, time: 0.036) G_GAN: 1.001 G_L1: 0.490 G_SSIM: 0.182 H_L1: 0.143 H_SSIM: 0.359 D_real: 0.036 D_fake: 0.006 att_A: 0.876 L_hall: 0.057 L_inter: 0.000 L_intra: 0.000 L_fsp: 1.025 fsp_3_4: 0.313 fsp_4_5: 0.221 fsp_5_6: 0.204 fsp_6_7: 0.288 
(epoch: 10, iters: 5257, time: 0.033) G_GAN: 1.039 G_L1: 0.245 G_SSIM: 0.167 H_L1: 0.177 H_SSIM: 0.446 D_real: 0.011 D_fake: 0.009 att_A: 0.490 L_hall: 0.048 L_inter: 0.000 L_intra: 0.000 L_fsp: 0.357 fsp_3_4: 0.098 fsp_4_5: 0.141 fsp_5_6: 0.085 fsp_6_7: 0.032 
(epoch: 10, iters: 5357, time: 0.069) G_GAN: 1.021 G_L1: 0.295 G_SSIM: 0.160 H_L1: 0.244 H_SSIM: 0.400 D_real: 0.014 D_fake: 0.008 att_A: 0.841 L_hall: 0.055 L_inter: 0.000 L_intra: 0.000 L_fsp: 0.699 fsp_3_4: 0.211 fsp_4_5: 0.232 fsp_5_6: 0.156 fsp_6_7: 0.100 
(epoch: 10, iters: 5457, time: 0.034) G_GAN: 0.611 G_L1: 0.264 G_SSIM: 0.139 H_L1: 0.222 H_SSIM: 0.521 D_real: 0.051 D_fake: 0.007 att_A: 0.328 L_hall: 0.046 L_inter: 0.000 L_intra: 0.000 L_fsp: 0.279 fsp_3_4: 0.065 fsp_4_5: 0.111 fsp_5_6: 0.090 fsp_6_7: 0.014 
(epoch: 10, iters: 5557, time: 0.035) G_GAN: 1.109 G_L1: 0.138 G_SSIM: 0.011 H_L1: 0.192 H_SSIM: 0.356 D_real: 0.020 D_fake: 0.009 att_A: 0.502 L_hall: 0.044 L_inter: 0.000 L_intra: 0.000 L_fsp: 0.749 fsp_3_4: 0.130 fsp_4_5: 0.184 fsp_5_6: 0.211 fsp_6_7: 0.224 
(epoch: 10, iters: 5657, time: 0.034) G_GAN: 0.962 G_L1: 0.272 G_SSIM: 0.187 H_L1: 0.181 H_SSIM: 0.425 D_real: 0.032 D_fake: 0.007 att_A: 0.471 L_hall: 0.044 L_inter: 0.000 L_intra: 0.000 L_fsp: 0.340 fsp_3_4: 0.085 fsp_4_5: 0.105 fsp_5_6: 0.094 fsp_6_7: 0.055 
(epoch: 10, iters: 5757, time: 0.034) G_GAN: 0.980 G_L1: 0.416 G_SSIM: 0.317 H_L1: 0.131 H_SSIM: 0.442 D_real: 0.011 D_fake: 0.292 att_A: 0.825 L_hall: 0.055 L_inter: 0.000 L_intra: 0.000 L_fsp: 0.633 fsp_3_4: 0.176 fsp_4_5: 0.166 fsp_5_6: 0.186 fsp_6_7: 0.105 
(epoch: 10, iters: 5857, time: 0.053) G_GAN: 1.019 G_L1: 0.325 G_SSIM: 0.203 H_L1: 0.134 H_SSIM: 0.385 D_real: 0.011 D_fake: 0.003 att_A: 0.599 L_hall: 0.052 L_inter: 0.000 L_intra: 0.000 L_fsp: 0.527 fsp_3_4: 0.121 fsp_4_5: 0.171 fsp_5_6: 0.161 fsp_6_7: 0.075 
(epoch: 10, iters: 5957, time: 0.034) G_GAN: 0.033 G_L1: 0.235 G_SSIM: 0.137 H_L1: 0.139 H_SSIM: 0.399 D_real: 0.008 D_fake: 0.011 att_A: 0.394 L_hall: 0.045 L_inter: 0.000 L_intra: 0.000 L_fsp: 0.423 fsp_3_4: 0.101 fsp_4_5: 0.138 fsp_5_6: 0.124 fsp_6_7: 0.060 
(epoch: 10, iters: 6057, time: 0.034) G_GAN: 0.247 G_L1: 0.161 G_SSIM: 0.062 H_L1: 0.118 H_SSIM: 0.336 D_real: 0.151 D_fake: 0.257 att_A: 0.489 L_hall: 0.057 L_inter: 0.000 L_intra: 0.000 L_fsp: 0.772 fsp_3_4: 0.170 fsp_4_5: 0.210 fsp_5_6: 0.229 fsp_6_7: 0.163 
(epoch: 10, iters: 6157, time: 0.034) G_GAN: 0.993 G_L1: 0.463 G_SSIM: 0.297 H_L1: 0.190 H_SSIM: 0.469 D_real: 0.011 D_fake: 0.014 att_A: 0.833 L_hall: 0.052 L_inter: 0.000 L_intra: 0.000 L_fsp: 0.705 fsp_3_4: 0.241 fsp_4_5: 0.206 fsp_5_6: 0.164 fsp_6_7: 0.093 
(epoch: 10, iters: 6257, time: 0.034) G_GAN: 1.081 G_L1: 0.339 G_SSIM: 0.241 H_L1: 0.195 H_SSIM: 0.423 D_real: 0.009 D_fake: 0.010 att_A: 0.830 L_hall: 0.055 L_inter: 0.000 L_intra: 0.000 L_fsp: 0.630 fsp_3_4: 0.150 fsp_4_5: 0.164 fsp_5_6: 0.133 fsp_6_7: 0.182 
(epoch: 10, iters: 6357, time: 0.062) G_GAN: 1.061 G_L1: 0.402 G_SSIM: 0.335 H_L1: 0.146 H_SSIM: 0.490 D_real: 0.013 D_fake: 0.176 att_A: 0.767 L_hall: 0.052 L_inter: 0.000 L_intra: 0.000 L_fsp: 0.554 fsp_3_4: 0.123 fsp_4_5: 0.179 fsp_5_6: 0.170 fsp_6_7: 0.082 
(epoch: 10, iters: 6457, time: 0.034) G_GAN: 0.913 G_L1: 0.341 G_SSIM: 0.257 H_L1: 0.161 H_SSIM: 0.467 D_real: 0.013 D_fake: 0.006 att_A: 0.713 L_hall: 0.052 L_inter: 0.000 L_intra: 0.000 L_fsp: 0.460 fsp_3_4: 0.094 fsp_4_5: 0.133 fsp_5_6: 0.191 fsp_6_7: 0.042 
(epoch: 10, iters: 6557, time: 0.034) G_GAN: 0.432 G_L1: 0.343 G_SSIM: 0.213 H_L1: 0.111 H_SSIM: 0.358 D_real: 0.018 D_fake: 0.367 att_A: 0.763 L_hall: 0.055 L_inter: 0.000 L_intra: 0.000 L_fsp: 0.602 fsp_3_4: 0.126 fsp_4_5: 0.194 fsp_5_6: 0.168 fsp_6_7: 0.114 
(epoch: 10, iters: 6657, time: 0.034) G_GAN: 1.429 G_L1: 0.259 G_SSIM: 0.172 H_L1: 0.168 H_SSIM: 0.432 D_real: 0.214 D_fake: 0.193 att_A: 0.485 L_hall: 0.052 L_inter: 0.000 L_intra: 0.000 L_fsp: 0.403 fsp_3_4: 0.097 fsp_4_5: 0.127 fsp_5_6: 0.142 fsp_6_7: 0.037 
(epoch: 10, iters: 6757, time: 0.034) G_GAN: 0.842 G_L1: 0.212 G_SSIM: 0.143 H_L1: 0.173 H_SSIM: 0.446 D_real: 0.012 D_fake: 0.018 att_A: 0.449 L_hall: 0.043 L_inter: 0.000 L_intra: 0.000 L_fsp: 0.261 fsp_3_4: 0.073 fsp_4_5: 0.083 fsp_5_6: 0.080 fsp_6_7: 0.026 
(epoch: 10, iters: 6857, time: 0.068) G_GAN: 0.625 G_L1: 0.357 G_SSIM: 0.100 H_L1: 0.127 H_SSIM: 0.351 D_real: 0.025 D_fake: 0.108 att_A: 0.741 L_hall: 0.051 L_inter: 0.000 L_intra: 0.000 L_fsp: 0.699 fsp_3_4: 0.116 fsp_4_5: 0.155 fsp_5_6: 0.294 fsp_6_7: 0.135 
(epoch: 10, iters: 6957, time: 0.034) G_GAN: 0.695 G_L1: 0.259 G_SSIM: 0.176 H_L1: 0.125 H_SSIM: 0.422 D_real: 0.039 D_fake: 0.052 att_A: 0.836 L_hall: 0.061 L_inter: 0.000 L_intra: 0.000 L_fsp: 0.538 fsp_3_4: 0.118 fsp_4_5: 0.172 fsp_5_6: 0.180 fsp_6_7: 0.068 
(epoch: 10, iters: 7057, time: 0.034) G_GAN: 1.130 G_L1: 0.267 G_SSIM: 0.175 H_L1: 0.152 H_SSIM: 0.395 D_real: 0.243 D_fake: 0.028 att_A: 0.678 L_hall: 0.049 L_inter: 0.000 L_intra: 0.000 L_fsp: 0.401 fsp_3_4: 0.114 fsp_4_5: 0.132 fsp_5_6: 0.118 fsp_6_7: 0.037 
(epoch: 10, iters: 7157, time: 0.034) G_GAN: 1.214 G_L1: 0.468 G_SSIM: 0.371 H_L1: 0.176 H_SSIM: 0.542 D_real: 0.020 D_fake: 0.024 att_A: 0.700 L_hall: 0.051 L_inter: 0.000 L_intra: 0.000 L_fsp: 0.598 fsp_3_4: 0.136 fsp_4_5: 0.169 fsp_5_6: 0.143 fsp_6_7: 0.151 
(epoch: 10, iters: 7257, time: 0.034) G_GAN: 1.099 G_L1: 0.270 G_SSIM: 0.171 H_L1: 0.170 H_SSIM: 0.392 D_real: 0.013 D_fake: 0.017 att_A: 0.754 L_hall: 0.053 L_inter: 0.000 L_intra: 0.000 L_fsp: 0.533 fsp_3_4: 0.133 fsp_4_5: 0.181 fsp_5_6: 0.135 fsp_6_7: 0.084 
(epoch: 10, iters: 7357, time: 0.052) G_GAN: 0.254 G_L1: 0.382 G_SSIM: 0.198 H_L1: 0.216 H_SSIM: 0.538 D_real: 0.015 D_fake: 0.282 att_A: 0.387 L_hall: 0.047 L_inter: 0.000 L_intra: 0.000 L_fsp: 0.436 fsp_3_4: 0.126 fsp_4_5: 0.189 fsp_5_6: 0.114 fsp_6_7: 0.007 
(epoch: 10, iters: 7457, time: 0.034) G_GAN: 1.118 G_L1: 0.243 G_SSIM: 0.173 H_L1: 0.157 H_SSIM: 0.476 D_real: 0.018 D_fake: 0.011 att_A: 0.649 L_hall: 0.054 L_inter: 0.000 L_intra: 0.000 L_fsp: 0.480 fsp_3_4: 0.118 fsp_4_5: 0.189 fsp_5_6: 0.133 fsp_6_7: 0.040 
(epoch: 10, iters: 7557, time: 0.034) G_GAN: 1.190 G_L1: 0.268 G_SSIM: 0.189 H_L1: 0.156 H_SSIM: 0.410 D_real: 0.029 D_fake: 0.016 att_A: 0.631 L_hall: 0.047 L_inter: 0.000 L_intra: 0.000 L_fsp: 0.483 fsp_3_4: 0.101 fsp_4_5: 0.188 fsp_5_6: 0.137 fsp_6_7: 0.056 
(epoch: 10, iters: 7657, time: 0.033) G_GAN: 1.139 G_L1: 0.314 G_SSIM: 0.250 H_L1: 0.137 H_SSIM: 0.463 D_real: 0.038 D_fake: 0.014 att_A: 0.751 L_hall: 0.054 L_inter: 0.000 L_intra: 0.000 L_fsp: 0.593 fsp_3_4: 0.153 fsp_4_5: 0.180 fsp_5_6: 0.161 fsp_6_7: 0.100 
(epoch: 10, iters: 7757, time: 0.034) G_GAN: 1.213 G_L1: 0.383 G_SSIM: 0.244 H_L1: 0.128 H_SSIM: 0.412 D_real: 0.041 D_fake: 0.025 att_A: 0.721 L_hall: 0.056 L_inter: 0.000 L_intra: 0.000 L_fsp: 0.709 fsp_3_4: 0.203 fsp_4_5: 0.210 fsp_5_6: 0.247 fsp_6_7: 0.050 
(epoch: 10, iters: 7857, time: 0.052) G_GAN: 0.140 G_L1: 0.247 G_SSIM: 0.195 H_L1: 0.159 H_SSIM: 0.418 D_real: 0.046 D_fake: 0.428 att_A: 0.484 L_hall: 0.048 L_inter: 0.000 L_intra: 0.000 L_fsp: 0.435 fsp_3_4: 0.087 fsp_4_5: 0.134 fsp_5_6: 0.190 fsp_6_7: 0.025 
saving the latest model (epoch 10, total_steps 90000)
(epoch: 10, iters: 7957, time: 0.035) G_GAN: 0.060 G_L1: 0.199 G_SSIM: 0.052 H_L1: 0.154 H_SSIM: 0.365 D_real: 0.026 D_fake: 0.611 att_A: 0.388 L_hall: 0.039 L_inter: 0.000 L_intra: 0.000 L_fsp: 0.332 fsp_3_4: 0.068 fsp_4_5: 0.116 fsp_5_6: 0.126 fsp_6_7: 0.024 
(epoch: 10, iters: 8057, time: 0.036) G_GAN: 0.900 G_L1: 0.322 G_SSIM: 0.201 H_L1: 0.201 H_SSIM: 0.466 D_real: 0.015 D_fake: 0.033 att_A: 0.501 L_hall: 0.046 L_inter: 0.000 L_intra: 0.000 L_fsp: 0.377 fsp_3_4: 0.098 fsp_4_5: 0.118 fsp_5_6: 0.114 fsp_6_7: 0.046 
(epoch: 10, iters: 8157, time: 0.034) G_GAN: 1.132 G_L1: 0.275 G_SSIM: 0.252 H_L1: 0.125 H_SSIM: 0.466 D_real: 0.193 D_fake: 0.008 att_A: 0.783 L_hall: 0.058 L_inter: 0.000 L_intra: 0.000 L_fsp: 0.606 fsp_3_4: 0.119 fsp_4_5: 0.167 fsp_5_6: 0.224 fsp_6_7: 0.096 
(epoch: 10, iters: 8257, time: 0.034) G_GAN: 1.049 G_L1: 0.321 G_SSIM: 0.250 H_L1: 0.138 H_SSIM: 0.451 D_real: 0.006 D_fake: 0.008 att_A: 0.642 L_hall: 0.048 L_inter: 0.000 L_intra: 0.000 L_fsp: 0.446 fsp_3_4: 0.106 fsp_4_5: 0.136 fsp_5_6: 0.118 fsp_6_7: 0.086 
(epoch: 10, iters: 8357, time: 0.057) G_GAN: 1.088 G_L1: 0.299 G_SSIM: 0.223 H_L1: 0.204 H_SSIM: 0.505 D_real: 0.031 D_fake: 0.184 att_A: 0.577 L_hall: 0.049 L_inter: 0.000 L_intra: 0.000 L_fsp: 0.340 fsp_3_4: 0.089 fsp_4_5: 0.118 fsp_5_6: 0.093 fsp_6_7: 0.040 
(epoch: 10, iters: 8457, time: 0.033) G_GAN: 1.100 G_L1: 0.356 G_SSIM: 0.298 H_L1: 0.165 H_SSIM: 0.469 D_real: 0.035 D_fake: 0.012 att_A: 0.685 L_hall: 0.049 L_inter: 0.000 L_intra: 0.000 L_fsp: 0.494 fsp_3_4: 0.104 fsp_4_5: 0.139 fsp_5_6: 0.178 fsp_6_7: 0.074 
(epoch: 10, iters: 8557, time: 0.034) G_GAN: 0.937 G_L1: 0.404 G_SSIM: 0.325 H_L1: 0.108 H_SSIM: 0.415 D_real: 0.009 D_fake: 0.008 att_A: 0.930 L_hall: 0.056 L_inter: 0.000 L_intra: 0.000 L_fsp: 0.557 fsp_3_4: 0.146 fsp_4_5: 0.178 fsp_5_6: 0.147 fsp_6_7: 0.085 
(epoch: 10, iters: 8657, time: 0.034) G_GAN: 0.882 G_L1: 0.340 G_SSIM: 0.222 H_L1: 0.148 H_SSIM: 0.404 D_real: 0.025 D_fake: 0.089 att_A: 0.706 L_hall: 0.053 L_inter: 0.000 L_intra: 0.000 L_fsp: 0.522 fsp_3_4: 0.108 fsp_4_5: 0.138 fsp_5_6: 0.175 fsp_6_7: 0.102 
(epoch: 10, iters: 8757, time: 0.033) G_GAN: 0.947 G_L1: 0.476 G_SSIM: 0.319 H_L1: 0.170 H_SSIM: 0.384 D_real: 0.007 D_fake: 0.004 att_A: 0.952 L_hall: 0.063 L_inter: 0.000 L_intra: 0.000 L_fsp: 0.678 fsp_3_4: 0.145 fsp_4_5: 0.155 fsp_5_6: 0.269 fsp_6_7: 0.109 
(epoch: 10, iters: 8857, time: 0.060) G_GAN: 1.178 G_L1: 0.350 G_SSIM: 0.219 H_L1: 0.134 H_SSIM: 0.354 D_real: 0.011 D_fake: 0.024 att_A: 0.714 L_hall: 0.054 L_inter: 0.000 L_intra: 0.000 L_fsp: 0.507 fsp_3_4: 0.120 fsp_4_5: 0.194 fsp_5_6: 0.141 fsp_6_7: 0.053 
(epoch: 10, iters: 8957, time: 0.033) G_GAN: 0.905 G_L1: 0.271 G_SSIM: 0.201 H_L1: 0.124 H_SSIM: 0.372 D_real: 0.020 D_fake: 0.013 att_A: 0.893 L_hall: 0.058 L_inter: 0.000 L_intra: 0.000 L_fsp: 0.501 fsp_3_4: 0.114 fsp_4_5: 0.147 fsp_5_6: 0.168 fsp_6_7: 0.073 
(epoch: 10, iters: 9057, time: 0.034) G_GAN: 0.964 G_L1: 0.280 G_SSIM: 0.191 H_L1: 0.190 H_SSIM: 0.428 D_real: 0.021 D_fake: 0.015 att_A: 0.546 L_hall: 0.044 L_inter: 0.000 L_intra: 0.000 L_fsp: 0.417 fsp_3_4: 0.105 fsp_4_5: 0.137 fsp_5_6: 0.125 fsp_6_7: 0.050 
saving the model at the end of epoch 10, iters 91270
epoch 10  fsp_3_4:0.117382  fsp_3_4_degen:0.000000  fsp_4_5:0.152240  fsp_4_5_degen:0.000000  fsp_5_6:0.148668  fsp_5_6_degen:0.000000  fsp_6_7:0.092058  fsp_6_7_degen:0.000000
End of epoch 10 / 30 	 Time Taken: 461 sec
learning rate = 0.0002000
(epoch: 11, iters: 30, time: 0.034) G_GAN: 1.050 G_L1: 0.223 G_SSIM: 0.157 H_L1: 0.170 H_SSIM: 0.437 D_real: 0.020 D_fake: 0.010 att_A: 0.440 L_hall: 0.047 L_inter: 0.000 L_intra: 0.000 L_fsp: 0.266 fsp_3_4: 0.071 fsp_4_5: 0.103 fsp_5_6: 0.076 fsp_6_7: 0.015 
(epoch: 11, iters: 130, time: 0.035) G_GAN: 1.008 G_L1: 0.269 G_SSIM: 0.226 H_L1: 0.139 H_SSIM: 0.450 D_real: 0.012 D_fake: 0.008 att_A: 0.620 L_hall: 0.052 L_inter: 0.000 L_intra: 0.000 L_fsp: 0.449 fsp_3_4: 0.118 fsp_4_5: 0.137 fsp_5_6: 0.142 fsp_6_7: 0.053 
(epoch: 11, iters: 230, time: 0.054) G_GAN: 0.952 G_L1: 0.330 G_SSIM: 0.217 H_L1: 0.152 H_SSIM: 0.423 D_real: 0.016 D_fake: 0.015 att_A: 0.503 L_hall: 0.050 L_inter: 0.000 L_intra: 0.000 L_fsp: 0.373 fsp_3_4: 0.096 fsp_4_5: 0.136 fsp_5_6: 0.107 fsp_6_7: 0.033 
(epoch: 11, iters: 330, time: 0.034) G_GAN: 0.977 G_L1: 0.426 G_SSIM: 0.271 H_L1: 0.154 H_SSIM: 0.425 D_real: 0.015 D_fake: 0.015 att_A: 0.873 L_hall: 0.059 L_inter: 0.000 L_intra: 0.000 L_fsp: 0.721 fsp_3_4: 0.164 fsp_4_5: 0.177 fsp_5_6: 0.216 fsp_6_7: 0.164 
(epoch: 11, iters: 430, time: 0.033) G_GAN: 0.958 G_L1: 0.435 G_SSIM: 0.283 H_L1: 0.175 H_SSIM: 0.487 D_real: 0.013 D_fake: 0.015 att_A: 0.661 L_hall: 0.051 L_inter: 0.000 L_intra: 0.000 L_fsp: 0.499 fsp_3_4: 0.115 fsp_4_5: 0.140 fsp_5_6: 0.119 fsp_6_7: 0.125 
(epoch: 11, iters: 530, time: 0.037) G_GAN: 0.894 G_L1: 0.224 G_SSIM: 0.182 H_L1: 0.195 H_SSIM: 0.435 D_real: 0.028 D_fake: 0.016 att_A: 0.430 L_hall: 0.048 L_inter: 0.000 L_intra: 0.000 L_fsp: 0.301 fsp_3_4: 0.065 fsp_4_5: 0.103 fsp_5_6: 0.097 fsp_6_7: 0.036 
(epoch: 11, iters: 630, time: 0.033) G_GAN: 0.793 G_L1: 0.264 G_SSIM: 0.151 H_L1: 0.184 H_SSIM: 0.361 D_real: 0.022 D_fake: 0.011 att_A: 0.750 L_hall: 0.048 L_inter: 0.000 L_intra: 0.000 L_fsp: 0.478 fsp_3_4: 0.168 fsp_4_5: 0.146 fsp_5_6: 0.128 fsp_6_7: 0.036 
(epoch: 11, iters: 730, time: 0.060) G_GAN: 1.119 G_L1: 0.255 G_SSIM: 0.206 H_L1: 0.136 H_SSIM: 0.423 D_real: 0.014 D_fake: 0.010 att_A: 0.669 L_hall: 0.048 L_inter: 0.000 L_intra: 0.000 L_fsp: 0.406 fsp_3_4: 0.113 fsp_4_5: 0.115 fsp_5_6: 0.150 fsp_6_7: 0.028 
(epoch: 11, iters: 830, time: 0.035) G_GAN: 1.654 G_L1: 0.109 G_SSIM: 0.016 H_L1: 0.136 H_SSIM: 0.333 D_real: 0.245 D_fake: 0.099 att_A: 0.534 L_hall: 0.056 L_inter: 0.000 L_intra: 0.000 L_fsp: 0.642 fsp_3_4: 0.116 fsp_4_5: 0.146 fsp_5_6: 0.230 fsp_6_7: 0.150 
(epoch: 11, iters: 930, time: 0.033) G_GAN: 0.872 G_L1: 0.260 G_SSIM: 0.166 H_L1: 0.181 H_SSIM: 0.391 D_real: 0.034 D_fake: 0.026 att_A: 0.732 L_hall: 0.051 L_inter: 0.000 L_intra: 0.000 L_fsp: 0.439 fsp_3_4: 0.125 fsp_4_5: 0.163 fsp_5_6: 0.100 fsp_6_7: 0.050 
(epoch: 11, iters: 1030, time: 0.034) G_GAN: 1.121 G_L1: 0.309 G_SSIM: 0.179 H_L1: 0.135 H_SSIM: 0.394 D_real: 0.011 D_fake: 0.014 att_A: 0.533 L_hall: 0.047 L_inter: 0.000 L_intra: 0.000 L_fsp: 0.371 fsp_3_4: 0.090 fsp_4_5: 0.106 fsp_5_6: 0.149 fsp_6_7: 0.025 
(epoch: 11, iters: 1130, time: 0.034) G_GAN: 1.001 G_L1: 0.215 G_SSIM: 0.118 H_L1: 0.219 H_SSIM: 0.511 D_real: 0.078 D_fake: 0.012 att_A: 0.431 L_hall: 0.048 L_inter: 0.000 L_intra: 0.000 L_fsp: 0.439 fsp_3_4: 0.098 fsp_4_5: 0.164 fsp_5_6: 0.149 fsp_6_7: 0.027 
(epoch: 11, iters: 1230, time: 0.050) G_GAN: 1.853 G_L1: 0.112 G_SSIM: 0.009 H_L1: 0.085 H_SSIM: 0.318 D_real: 0.126 D_fake: 0.138 att_A: 0.869 L_hall: 0.052 L_inter: 0.000 L_intra: 0.000 L_fsp: 0.475 fsp_3_4: 0.099 fsp_4_5: 0.126 fsp_5_6: 0.144 fsp_6_7: 0.106 
(epoch: 11, iters: 1330, time: 0.034) G_GAN: 1.015 G_L1: 0.108 G_SSIM: 0.029 H_L1: 0.130 H_SSIM: 0.334 D_real: 0.020 D_fake: 0.228 att_A: 0.639 L_hall: 0.050 L_inter: 0.000 L_intra: 0.000 L_fsp: 0.463 fsp_3_4: 0.098 fsp_4_5: 0.115 fsp_5_6: 0.158 fsp_6_7: 0.092 
(epoch: 11, iters: 1430, time: 0.034) G_GAN: 1.102 G_L1: 0.418 G_SSIM: 0.265 H_L1: 0.134 H_SSIM: 0.383 D_real: 0.007 D_fake: 0.010 att_A: 0.748 L_hall: 0.054 L_inter: 0.000 L_intra: 0.000 L_fsp: 0.549 fsp_3_4: 0.137 fsp_4_5: 0.138 fsp_5_6: 0.161 fsp_6_7: 0.113 
(epoch: 11, iters: 1530, time: 0.034) G_GAN: 1.043 G_L1: 0.312 G_SSIM: 0.263 H_L1: 0.145 H_SSIM: 0.498 D_real: 0.028 D_fake: 0.016 att_A: 0.671 L_hall: 0.051 L_inter: 0.000 L_intra: 0.000 L_fsp: 0.469 fsp_3_4: 0.107 fsp_4_5: 0.149 fsp_5_6: 0.144 fsp_6_7: 0.068 
(epoch: 11, iters: 1630, time: 0.035) G_GAN: 1.018 G_L1: 0.350 G_SSIM: 0.325 H_L1: 0.139 H_SSIM: 0.494 D_real: 0.017 D_fake: 0.005 att_A: 0.705 L_hall: 0.049 L_inter: 0.000 L_intra: 0.000 L_fsp: 0.571 fsp_3_4: 0.116 fsp_4_5: 0.158 fsp_5_6: 0.161 fsp_6_7: 0.136 
(epoch: 11, iters: 1730, time: 0.072) G_GAN: 0.894 G_L1: 0.543 G_SSIM: 0.365 H_L1: 0.182 H_SSIM: 0.475 D_real: 0.024 D_fake: 0.012 att_A: 0.831 L_hall: 0.053 L_inter: 0.000 L_intra: 0.000 L_fsp: 0.457 fsp_3_4: 0.120 fsp_4_5: 0.127 fsp_5_6: 0.122 fsp_6_7: 0.089 
(epoch: 11, iters: 1830, time: 0.034) G_GAN: 1.121 G_L1: 0.426 G_SSIM: 0.264 H_L1: 0.177 H_SSIM: 0.477 D_real: 0.010 D_fake: 0.010 att_A: 0.649 L_hall: 0.051 L_inter: 0.000 L_intra: 0.000 L_fsp: 0.439 fsp_3_4: 0.102 fsp_4_5: 0.160 fsp_5_6: 0.148 fsp_6_7: 0.029 
(epoch: 11, iters: 1930, time: 0.034) G_GAN: 1.125 G_L1: 0.297 G_SSIM: 0.193 H_L1: 0.148 H_SSIM: 0.421 D_real: 0.023 D_fake: 0.027 att_A: 0.563 L_hall: 0.047 L_inter: 0.000 L_intra: 0.000 L_fsp: 0.404 fsp_3_4: 0.111 fsp_4_5: 0.134 fsp_5_6: 0.110 fsp_6_7: 0.048 
(epoch: 11, iters: 2030, time: 0.034) G_GAN: 1.081 G_L1: 0.240 G_SSIM: 0.123 H_L1: 0.162 H_SSIM: 0.324 D_real: 0.294 D_fake: 0.015 att_A: 0.836 L_hall: 0.060 L_inter: 0.000 L_intra: 0.000 L_fsp: 0.743 fsp_3_4: 0.162 fsp_4_5: 0.196 fsp_5_6: 0.205 fsp_6_7: 0.180 
(epoch: 11, iters: 2130, time: 0.035) G_GAN: 1.074 G_L1: 0.595 G_SSIM: 0.409 H_L1: 0.220 H_SSIM: 0.480 D_real: 0.008 D_fake: 0.005 att_A: 0.949 L_hall: 0.057 L_inter: 0.000 L_intra: 0.000 L_fsp: 0.606 fsp_3_4: 0.126 fsp_4_5: 0.204 fsp_5_6: 0.192 fsp_6_7: 0.083 
(epoch: 11, iters: 2230, time: 0.060) G_GAN: 1.024 G_L1: 0.476 G_SSIM: 0.320 H_L1: 0.169 H_SSIM: 0.463 D_real: 0.007 D_fake: 0.003 att_A: 0.862 L_hall: 0.056 L_inter: 0.000 L_intra: 0.000 L_fsp: 0.521 fsp_3_4: 0.118 fsp_4_5: 0.178 fsp_5_6: 0.142 fsp_6_7: 0.083 
(epoch: 11, iters: 2330, time: 0.033) G_GAN: 0.901 G_L1: 0.192 G_SSIM: 0.115 H_L1: 0.118 H_SSIM: 0.347 D_real: 0.009 D_fake: 0.016 att_A: 0.926 L_hall: 0.058 L_inter: 0.000 L_intra: 0.000 L_fsp: 0.642 fsp_3_4: 0.109 fsp_4_5: 0.180 fsp_5_6: 0.232 fsp_6_7: 0.121 
(epoch: 11, iters: 2430, time: 0.034) G_GAN: 1.289 G_L1: 0.358 G_SSIM: 0.056 H_L1: 0.084 H_SSIM: 0.205 D_real: 0.016 D_fake: 0.028 att_A: 0.960 L_hall: 0.067 L_inter: 0.000 L_intra: 0.000 L_fsp: 0.777 fsp_3_4: 0.112 fsp_4_5: 0.149 fsp_5_6: 0.258 fsp_6_7: 0.258 
(epoch: 11, iters: 2530, time: 0.034) G_GAN: 1.163 G_L1: 0.337 G_SSIM: 0.218 H_L1: 0.111 H_SSIM: 0.383 D_real: 0.009 D_fake: 0.016 att_A: 0.677 L_hall: 0.053 L_inter: 0.000 L_intra: 0.000 L_fsp: 0.701 fsp_3_4: 0.187 fsp_4_5: 0.231 fsp_5_6: 0.161 fsp_6_7: 0.121 
(epoch: 11, iters: 2630, time: 0.034) G_GAN: 0.956 G_L1: 0.389 G_SSIM: 0.257 H_L1: 0.130 H_SSIM: 0.412 D_real: 0.010 D_fake: 0.009 att_A: 0.757 L_hall: 0.059 L_inter: 0.000 L_intra: 0.000 L_fsp: 0.741 fsp_3_4: 0.130 fsp_4_5: 0.207 fsp_5_6: 0.221 fsp_6_7: 0.183 
(epoch: 11, iters: 2730, time: 0.069) G_GAN: 0.299 G_L1: 0.173 G_SSIM: 0.077 H_L1: 0.207 H_SSIM: 0.448 D_real: 0.142 D_fake: 0.222 att_A: 0.305 L_hall: 0.041 L_inter: 0.000 L_intra: 0.000 L_fsp: 0.274 fsp_3_4: 0.079 fsp_4_5: 0.106 fsp_5_6: 0.067 fsp_6_7: 0.021 
(epoch: 11, iters: 2830, time: 0.034) G_GAN: 0.830 G_L1: 0.219 G_SSIM: 0.090 H_L1: 0.119 H_SSIM: 0.306 D_real: 0.015 D_fake: 0.027 att_A: 0.772 L_hall: 0.052 L_inter: 0.000 L_intra: 0.000 L_fsp: 0.654 fsp_3_4: 0.108 fsp_4_5: 0.153 fsp_5_6: 0.238 fsp_6_7: 0.156 
(epoch: 11, iters: 2930, time: 0.033) G_GAN: 0.956 G_L1: 0.267 G_SSIM: 0.185 H_L1: 0.147 H_SSIM: 0.389 D_real: 0.011 D_fake: 0.006 att_A: 0.512 L_hall: 0.046 L_inter: 0.000 L_intra: 0.000 L_fsp: 0.406 fsp_3_4: 0.093 fsp_4_5: 0.133 fsp_5_6: 0.145 fsp_6_7: 0.035 
(epoch: 11, iters: 3030, time: 0.033) G_GAN: 0.719 G_L1: 0.234 G_SSIM: 0.133 H_L1: 0.111 H_SSIM: 0.364 D_real: 0.046 D_fake: 0.072 att_A: 0.561 L_hall: 0.038 L_inter: 0.000 L_intra: 0.000 L_fsp: 0.413 fsp_3_4: 0.086 fsp_4_5: 0.118 fsp_5_6: 0.121 fsp_6_7: 0.087 
(epoch: 11, iters: 3130, time: 0.033) G_GAN: 1.197 G_L1: 0.394 G_SSIM: 0.278 H_L1: 0.152 H_SSIM: 0.466 D_real: 0.039 D_fake: 0.034 att_A: 0.617 L_hall: 0.049 L_inter: 0.000 L_intra: 0.000 L_fsp: 0.445 fsp_3_4: 0.118 fsp_4_5: 0.141 fsp_5_6: 0.133 fsp_6_7: 0.053 
(epoch: 11, iters: 3230, time: 0.063) G_GAN: 0.864 G_L1: 0.674 G_SSIM: 0.263 H_L1: 0.218 H_SSIM: 0.534 D_real: 0.037 D_fake: 0.267 att_A: 0.485 L_hall: 0.045 L_inter: 0.000 L_intra: 0.000 L_fsp: 0.463 fsp_3_4: 0.135 fsp_4_5: 0.127 fsp_5_6: 0.128 fsp_6_7: 0.073 
(epoch: 11, iters: 3330, time: 0.033) G_GAN: 0.658 G_L1: 0.036 G_SSIM: 0.012 H_L1: 0.111 H_SSIM: 0.322 D_real: 0.193 D_fake: 0.045 att_A: 0.441 L_hall: 0.054 L_inter: 0.000 L_intra: 0.000 L_fsp: 0.800 fsp_3_4: 0.106 fsp_4_5: 0.177 fsp_5_6: 0.179 fsp_6_7: 0.338 
(epoch: 11, iters: 3430, time: 0.033) G_GAN: 0.329 G_L1: 0.035 G_SSIM: 0.008 H_L1: 0.080 H_SSIM: 0.308 D_real: 0.060 D_fake: 0.012 att_A: 0.667 L_hall: 0.033 L_inter: 0.000 L_intra: 0.000 L_fsp: 0.313 fsp_3_4: 0.062 fsp_4_5: 0.107 fsp_5_6: 0.110 fsp_6_7: 0.034 
(epoch: 11, iters: 3530, time: 0.034) G_GAN: 1.022 G_L1: 0.272 G_SSIM: 0.198 H_L1: 0.188 H_SSIM: 0.434 D_real: 0.013 D_fake: 0.557 att_A: 0.445 L_hall: 0.045 L_inter: 0.000 L_intra: 0.000 L_fsp: 0.315 fsp_3_4: 0.075 fsp_4_5: 0.118 fsp_5_6: 0.093 fsp_6_7: 0.030 
(epoch: 11, iters: 3630, time: 0.034) G_GAN: 1.588 G_L1: 0.106 G_SSIM: 0.047 H_L1: 0.128 H_SSIM: 0.345 D_real: 0.193 D_fake: 0.036 att_A: 0.504 L_hall: 0.049 L_inter: 0.000 L_intra: 0.000 L_fsp: 0.902 fsp_3_4: 0.275 fsp_4_5: 0.237 fsp_5_6: 0.272 fsp_6_7: 0.119 
(epoch: 11, iters: 3730, time: 0.057) G_GAN: 1.119 G_L1: 0.353 G_SSIM: 0.251 H_L1: 0.134 H_SSIM: 0.454 D_real: 0.040 D_fake: 0.013 att_A: 0.715 L_hall: 0.050 L_inter: 0.000 L_intra: 0.000 L_fsp: 0.532 fsp_3_4: 0.120 fsp_4_5: 0.145 fsp_5_6: 0.154 fsp_6_7: 0.113 
saving the latest model (epoch 11, total_steps 95000)
(epoch: 11, iters: 3830, time: 0.034) G_GAN: 0.546 G_L1: 0.238 G_SSIM: 0.125 H_L1: 0.136 H_SSIM: 0.376 D_real: 0.011 D_fake: 0.061 att_A: 0.419 L_hall: 0.050 L_inter: 0.000 L_intra: 0.000 L_fsp: 0.411 fsp_3_4: 0.107 fsp_4_5: 0.144 fsp_5_6: 0.093 fsp_6_7: 0.067 
(epoch: 11, iters: 3930, time: 0.034) G_GAN: 0.946 G_L1: 0.238 G_SSIM: 0.117 H_L1: 0.169 H_SSIM: 0.420 D_real: 0.024 D_fake: 0.037 att_A: 0.487 L_hall: 0.047 L_inter: 0.000 L_intra: 0.000 L_fsp: 0.457 fsp_3_4: 0.111 fsp_4_5: 0.185 fsp_5_6: 0.137 fsp_6_7: 0.023 
(epoch: 11, iters: 4030, time: 0.033) G_GAN: 0.661 G_L1: 0.158 G_SSIM: 0.018 H_L1: 0.101 H_SSIM: 0.338 D_real: 0.016 D_fake: 0.011 att_A: 0.778 L_hall: 0.058 L_inter: 0.000 L_intra: 0.000 L_fsp: 0.806 fsp_3_4: 0.168 fsp_4_5: 0.174 fsp_5_6: 0.251 fsp_6_7: 0.213 
(epoch: 11, iters: 4130, time: 0.034) G_GAN: 1.117 G_L1: 0.381 G_SSIM: 0.272 H_L1: 0.146 H_SSIM: 0.354 D_real: 0.006 D_fake: 0.007 att_A: 0.938 L_hall: 0.062 L_inter: 0.000 L_intra: 0.000 L_fsp: 0.789 fsp_3_4: 0.171 fsp_4_5: 0.181 fsp_5_6: 0.166 fsp_6_7: 0.271 
(epoch: 11, iters: 4230, time: 0.067) G_GAN: 1.103 G_L1: 0.496 G_SSIM: 0.256 H_L1: 0.152 H_SSIM: 0.398 D_real: 0.010 D_fake: 0.010 att_A: 0.828 L_hall: 0.055 L_inter: 0.000 L_intra: 0.000 L_fsp: 0.521 fsp_3_4: 0.145 fsp_4_5: 0.207 fsp_5_6: 0.118 fsp_6_7: 0.051 
(epoch: 11, iters: 4330, time: 0.035) G_GAN: 0.887 G_L1: 0.431 G_SSIM: 0.276 H_L1: 0.111 H_SSIM: 0.410 D_real: 0.010 D_fake: 0.004 att_A: 0.890 L_hall: 0.058 L_inter: 0.000 L_intra: 0.000 L_fsp: 0.823 fsp_3_4: 0.261 fsp_4_5: 0.207 fsp_5_6: 0.202 fsp_6_7: 0.154 
(epoch: 11, iters: 4430, time: 0.033) G_GAN: 1.022 G_L1: 0.291 G_SSIM: 0.230 H_L1: 0.170 H_SSIM: 0.441 D_real: 0.010 D_fake: 0.008 att_A: 0.476 L_hall: 0.051 L_inter: 0.000 L_intra: 0.000 L_fsp: 0.370 fsp_3_4: 0.085 fsp_4_5: 0.157 fsp_5_6: 0.105 fsp_6_7: 0.022 
(epoch: 11, iters: 4530, time: 0.033) G_GAN: 0.125 G_L1: 0.151 G_SSIM: 0.049 H_L1: 0.130 H_SSIM: 0.291 D_real: 0.013 D_fake: 0.038 att_A: 0.475 L_hall: 0.039 L_inter: 0.000 L_intra: 0.000 L_fsp: 0.485 fsp_3_4: 0.145 fsp_4_5: 0.141 fsp_5_6: 0.156 fsp_6_7: 0.043 
(epoch: 11, iters: 4630, time: 0.034) G_GAN: 0.980 G_L1: 0.486 G_SSIM: 0.511 H_L1: 0.258 H_SSIM: 0.632 D_real: 0.019 D_fake: 0.009 att_A: 0.912 L_hall: 0.063 L_inter: 0.000 L_intra: 0.000 L_fsp: 0.606 fsp_3_4: 0.104 fsp_4_5: 0.169 fsp_5_6: 0.177 fsp_6_7: 0.155 
(epoch: 11, iters: 4730, time: 0.053) G_GAN: 1.982 G_L1: 0.069 G_SSIM: 0.019 H_L1: 0.082 H_SSIM: 0.287 D_real: 0.299 D_fake: 0.379 att_A: 0.811 L_hall: 0.059 L_inter: 0.000 L_intra: 0.000 L_fsp: 0.722 fsp_3_4: 0.241 fsp_4_5: 0.187 fsp_5_6: 0.158 fsp_6_7: 0.137 
(epoch: 11, iters: 4830, time: 0.034) G_GAN: 1.141 G_L1: 0.430 G_SSIM: 0.325 H_L1: 0.188 H_SSIM: 0.527 D_real: 0.011 D_fake: 0.015 att_A: 0.635 L_hall: 0.053 L_inter: 0.000 L_intra: 0.000 L_fsp: 0.602 fsp_3_4: 0.116 fsp_4_5: 0.184 fsp_5_6: 0.184 fsp_6_7: 0.117 
(epoch: 11, iters: 4930, time: 0.034) G_GAN: 0.883 G_L1: 0.407 G_SSIM: 0.296 H_L1: 0.157 H_SSIM: 0.516 D_real: 0.017 D_fake: 0.019 att_A: 0.711 L_hall: 0.046 L_inter: 0.000 L_intra: 0.000 L_fsp: 0.404 fsp_3_4: 0.098 fsp_4_5: 0.137 fsp_5_6: 0.113 fsp_6_7: 0.055 
(epoch: 11, iters: 5030, time: 0.034) G_GAN: 0.974 G_L1: 0.339 G_SSIM: 0.325 H_L1: 0.176 H_SSIM: 0.565 D_real: 0.007 D_fake: 0.006 att_A: 0.677 L_hall: 0.051 L_inter: 0.000 L_intra: 0.000 L_fsp: 0.509 fsp_3_4: 0.086 fsp_4_5: 0.127 fsp_5_6: 0.142 fsp_6_7: 0.153 
(epoch: 11, iters: 5130, time: 0.034) G_GAN: 0.797 G_L1: 0.297 G_SSIM: 0.155 H_L1: 0.126 H_SSIM: 0.356 D_real: 0.138 D_fake: 0.023 att_A: 0.884 L_hall: 0.058 L_inter: 0.000 L_intra: 0.000 L_fsp: 0.594 fsp_3_4: 0.093 fsp_4_5: 0.154 fsp_5_6: 0.207 fsp_6_7: 0.140 
(epoch: 11, iters: 5230, time: 0.059) G_GAN: 0.803 G_L1: 0.121 G_SSIM: 0.039 H_L1: 0.092 H_SSIM: 0.298 D_real: 0.023 D_fake: 0.017 att_A: 0.742 L_hall: 0.055 L_inter: 0.000 L_intra: 0.000 L_fsp: 0.565 fsp_3_4: 0.173 fsp_4_5: 0.169 fsp_5_6: 0.170 fsp_6_7: 0.053 
(epoch: 11, iters: 5330, time: 0.033) G_GAN: 0.269 G_L1: 0.193 G_SSIM: 0.075 H_L1: 0.219 H_SSIM: 0.443 D_real: 0.165 D_fake: 0.288 att_A: 0.275 L_hall: 0.047 L_inter: 0.000 L_intra: 0.000 L_fsp: 0.339 fsp_3_4: 0.097 fsp_4_5: 0.134 fsp_5_6: 0.090 fsp_6_7: 0.019 
(epoch: 11, iters: 5430, time: 0.034) G_GAN: 0.081 G_L1: 0.230 G_SSIM: 0.131 H_L1: 0.092 H_SSIM: 0.308 D_real: 0.064 D_fake: 0.054 att_A: 0.662 L_hall: 0.051 L_inter: 0.000 L_intra: 0.000 L_fsp: 0.564 fsp_3_4: 0.100 fsp_4_5: 0.194 fsp_5_6: 0.207 fsp_6_7: 0.063 
(epoch: 11, iters: 5530, time: 0.033) G_GAN: 0.845 G_L1: 0.432 G_SSIM: 0.296 H_L1: 0.132 H_SSIM: 0.396 D_real: 0.007 D_fake: 0.006 att_A: 0.919 L_hall: 0.057 L_inter: 0.000 L_intra: 0.000 L_fsp: 0.720 fsp_3_4: 0.275 fsp_4_5: 0.230 fsp_5_6: 0.162 fsp_6_7: 0.053 
(epoch: 11, iters: 5630, time: 0.034) G_GAN: 0.279 G_L1: 0.219 G_SSIM: 0.121 H_L1: 0.146 H_SSIM: 0.311 D_real: 0.090 D_fake: 0.009 att_A: 0.422 L_hall: 0.035 L_inter: 0.000 L_intra: 0.000 L_fsp: 0.327 fsp_3_4: 0.066 fsp_4_5: 0.145 fsp_5_6: 0.087 fsp_6_7: 0.029 
(epoch: 11, iters: 5730, time: 0.057) G_GAN: 1.731 G_L1: 0.098 G_SSIM: 0.026 H_L1: 0.112 H_SSIM: 0.332 D_real: 0.017 D_fake: 0.108 att_A: 0.638 L_hall: 0.053 L_inter: 0.000 L_intra: 0.000 L_fsp: 0.618 fsp_3_4: 0.064 fsp_4_5: 0.183 fsp_5_6: 0.243 fsp_6_7: 0.127 
(epoch: 11, iters: 5830, time: 0.034) G_GAN: 0.806 G_L1: 0.380 G_SSIM: 0.279 H_L1: 0.154 H_SSIM: 0.453 D_real: 0.042 D_fake: 0.086 att_A: 0.459 L_hall: 0.054 L_inter: 0.000 L_intra: 0.000 L_fsp: 0.455 fsp_3_4: 0.123 fsp_4_5: 0.149 fsp_5_6: 0.105 fsp_6_7: 0.078 
(epoch: 11, iters: 5930, time: 0.034) G_GAN: 1.024 G_L1: 0.233 G_SSIM: 0.128 H_L1: 0.162 H_SSIM: 0.421 D_real: 0.076 D_fake: 0.013 att_A: 0.683 L_hall: 0.058 L_inter: 0.000 L_intra: 0.000 L_fsp: 0.548 fsp_3_4: 0.105 fsp_4_5: 0.146 fsp_5_6: 0.164 fsp_6_7: 0.134 
(epoch: 11, iters: 6030, time: 0.033) G_GAN: 0.983 G_L1: 0.569 G_SSIM: 0.392 H_L1: 0.223 H_SSIM: 0.444 D_real: 0.005 D_fake: 0.499 att_A: 0.971 L_hall: 0.060 L_inter: 0.000 L_intra: 0.000 L_fsp: 0.663 fsp_3_4: 0.161 fsp_4_5: 0.172 fsp_5_6: 0.192 fsp_6_7: 0.138 
(epoch: 11, iters: 6130, time: 0.034) G_GAN: 1.224 G_L1: 0.398 G_SSIM: 0.292 H_L1: 0.192 H_SSIM: 0.503 D_real: 0.044 D_fake: 0.027 att_A: 0.665 L_hall: 0.053 L_inter: 0.000 L_intra: 0.000 L_fsp: 0.446 fsp_3_4: 0.094 fsp_4_5: 0.132 fsp_5_6: 0.158 fsp_6_7: 0.062 
(epoch: 11, iters: 6230, time: 0.052) G_GAN: 0.707 G_L1: 0.225 G_SSIM: 0.113 H_L1: 0.115 H_SSIM: 0.355 D_real: 0.035 D_fake: 0.072 att_A: 0.749 L_hall: 0.058 L_inter: 0.000 L_intra: 0.000 L_fsp: 0.623 fsp_3_4: 0.131 fsp_4_5: 0.206 fsp_5_6: 0.151 fsp_6_7: 0.135 
(epoch: 11, iters: 6330, time: 0.034) G_GAN: 0.851 G_L1: 0.404 G_SSIM: 0.191 H_L1: 0.108 H_SSIM: 0.345 D_real: 0.010 D_fake: 0.007 att_A: 0.607 L_hall: 0.052 L_inter: 0.000 L_intra: 0.000 L_fsp: 0.651 fsp_3_4: 0.174 fsp_4_5: 0.186 fsp_5_6: 0.199 fsp_6_7: 0.092 
(epoch: 11, iters: 6430, time: 0.034) G_GAN: 1.183 G_L1: 0.401 G_SSIM: 0.382 H_L1: 0.174 H_SSIM: 0.611 D_real: 0.012 D_fake: 0.012 att_A: 0.744 L_hall: 0.057 L_inter: 0.000 L_intra: 0.000 L_fsp: 0.798 fsp_3_4: 0.124 fsp_4_5: 0.211 fsp_5_6: 0.260 fsp_6_7: 0.203 
(epoch: 11, iters: 6530, time: 0.033) G_GAN: 0.694 G_L1: 0.383 G_SSIM: 0.231 H_L1: 0.142 H_SSIM: 0.428 D_real: 0.008 D_fake: 0.035 att_A: 0.467 L_hall: 0.045 L_inter: 0.000 L_intra: 0.000 L_fsp: 0.428 fsp_3_4: 0.094 fsp_4_5: 0.117 fsp_5_6: 0.132 fsp_6_7: 0.086 
(epoch: 11, iters: 6630, time: 0.033) G_GAN: 0.940 G_L1: 0.376 G_SSIM: 0.217 H_L1: 0.133 H_SSIM: 0.451 D_real: 0.006 D_fake: 0.003 att_A: 0.827 L_hall: 0.052 L_inter: 0.000 L_intra: 0.000 L_fsp: 0.471 fsp_3_4: 0.116 fsp_4_5: 0.164 fsp_5_6: 0.147 fsp_6_7: 0.044 
(epoch: 11, iters: 6730, time: 0.048) G_GAN: 0.984 G_L1: 0.319 G_SSIM: 0.251 H_L1: 0.138 H_SSIM: 0.464 D_real: 0.007 D_fake: 0.005 att_A: 0.638 L_hall: 0.055 L_inter: 0.000 L_intra: 0.000 L_fsp: 0.420 fsp_3_4: 0.104 fsp_4_5: 0.152 fsp_5_6: 0.131 fsp_6_7: 0.033 
(epoch: 11, iters: 6830, time: 0.034) G_GAN: 0.639 G_L1: 0.063 G_SSIM: 0.003 H_L1: 0.074 H_SSIM: 0.313 D_real: 0.010 D_fake: 0.052 att_A: 0.626 L_hall: 0.047 L_inter: 0.000 L_intra: 0.000 L_fsp: 0.817 fsp_3_4: 0.145 fsp_4_5: 0.219 fsp_5_6: 0.168 fsp_6_7: 0.285 
(epoch: 11, iters: 6930, time: 0.034) G_GAN: 0.766 G_L1: 0.435 G_SSIM: 0.376 H_L1: 0.168 H_SSIM: 0.597 D_real: 0.030 D_fake: 0.034 att_A: 0.652 L_hall: 0.043 L_inter: 0.000 L_intra: 0.000 L_fsp: 0.362 fsp_3_4: 0.081 fsp_4_5: 0.119 fsp_5_6: 0.131 fsp_6_7: 0.032 
(epoch: 11, iters: 7030, time: 0.034) G_GAN: 0.465 G_L1: 0.094 G_SSIM: 0.031 H_L1: 0.104 H_SSIM: 0.327 D_real: 0.135 D_fake: 0.018 att_A: 0.769 L_hall: 0.052 L_inter: 0.000 L_intra: 0.000 L_fsp: 0.575 fsp_3_4: 0.083 fsp_4_5: 0.138 fsp_5_6: 0.177 fsp_6_7: 0.177 
(epoch: 11, iters: 7130, time: 0.034) G_GAN: 1.338 G_L1: 0.758 G_SSIM: 0.295 H_L1: 0.224 H_SSIM: 0.512 D_real: 0.039 D_fake: 0.015 att_A: 0.591 L_hall: 0.045 L_inter: 0.000 L_intra: 0.000 L_fsp: 0.459 fsp_3_4: 0.097 fsp_4_5: 0.137 fsp_5_6: 0.154 fsp_6_7: 0.070 
(epoch: 11, iters: 7230, time: 0.077) G_GAN: 1.019 G_L1: 0.310 G_SSIM: 0.215 H_L1: 0.134 H_SSIM: 0.426 D_real: 0.007 D_fake: 0.108 att_A: 0.681 L_hall: 0.056 L_inter: 0.000 L_intra: 0.000 L_fsp: 0.536 fsp_3_4: 0.159 fsp_4_5: 0.163 fsp_5_6: 0.136 fsp_6_7: 0.078 
(epoch: 11, iters: 7330, time: 0.034) G_GAN: 1.120 G_L1: 0.365 G_SSIM: 0.293 H_L1: 0.153 H_SSIM: 0.527 D_real: 0.012 D_fake: 0.006 att_A: 0.710 L_hall: 0.053 L_inter: 0.000 L_intra: 0.000 L_fsp: 0.650 fsp_3_4: 0.114 fsp_4_5: 0.161 fsp_5_6: 0.154 fsp_6_7: 0.221 
(epoch: 11, iters: 7430, time: 0.034) G_GAN: 0.978 G_L1: 0.511 G_SSIM: 0.262 H_L1: 0.161 H_SSIM: 0.430 D_real: 0.015 D_fake: 0.006 att_A: 0.814 L_hall: 0.056 L_inter: 0.000 L_intra: 0.000 L_fsp: 0.600 fsp_3_4: 0.136 fsp_4_5: 0.218 fsp_5_6: 0.162 fsp_6_7: 0.083 
(epoch: 11, iters: 7530, time: 0.034) G_GAN: 0.196 G_L1: 0.554 G_SSIM: 0.291 H_L1: 0.207 H_SSIM: 0.499 D_real: 0.025 D_fake: 0.333 att_A: 0.544 L_hall: 0.054 L_inter: 0.000 L_intra: 0.000 L_fsp: 0.671 fsp_3_4: 0.101 fsp_4_5: 0.142 fsp_5_6: 0.167 fsp_6_7: 0.262 
(epoch: 11, iters: 7630, time: 0.034) G_GAN: 0.398 G_L1: 0.108 G_SSIM: 0.009 H_L1: 0.182 H_SSIM: 0.324 D_real: 0.010 D_fake: 0.006 att_A: 0.389 L_hall: 0.049 L_inter: 0.000 L_intra: 0.000 L_fsp: 0.800 fsp_3_4: 0.205 fsp_4_5: 0.230 fsp_5_6: 0.250 fsp_6_7: 0.114 
(epoch: 11, iters: 7730, time: 0.057) G_GAN: 1.300 G_L1: 0.264 G_SSIM: 0.110 H_L1: 0.136 H_SSIM: 0.385 D_real: 0.428 D_fake: 0.029 att_A: 0.419 L_hall: 0.047 L_inter: 0.000 L_intra: 0.000 L_fsp: 0.377 fsp_3_4: 0.123 fsp_4_5: 0.142 fsp_5_6: 0.091 fsp_6_7: 0.022 
(epoch: 11, iters: 7830, time: 0.034) G_GAN: 1.055 G_L1: 0.355 G_SSIM: 0.353 H_L1: 0.175 H_SSIM: 0.586 D_real: 0.010 D_fake: 0.008 att_A: 0.684 L_hall: 0.053 L_inter: 0.000 L_intra: 0.000 L_fsp: 0.578 fsp_3_4: 0.114 fsp_4_5: 0.202 fsp_5_6: 0.197 fsp_6_7: 0.066 
(epoch: 11, iters: 7930, time: 0.034) G_GAN: 1.076 G_L1: 0.259 G_SSIM: 0.127 H_L1: 0.126 H_SSIM: 0.353 D_real: 0.113 D_fake: 0.005 att_A: 0.716 L_hall: 0.052 L_inter: 0.000 L_intra: 0.000 L_fsp: 0.492 fsp_3_4: 0.115 fsp_4_5: 0.154 fsp_5_6: 0.171 fsp_6_7: 0.053 
(epoch: 11, iters: 8030, time: 0.034) G_GAN: 0.235 G_L1: 0.331 G_SSIM: 0.128 H_L1: 0.231 H_SSIM: 0.456 D_real: 0.091 D_fake: 0.030 att_A: 0.312 L_hall: 0.040 L_inter: 0.000 L_intra: 0.000 L_fsp: 0.377 fsp_3_4: 0.118 fsp_4_5: 0.138 fsp_5_6: 0.089 fsp_6_7: 0.032 
(epoch: 11, iters: 8130, time: 0.033) G_GAN: 0.961 G_L1: 0.775 G_SSIM: 0.395 H_L1: 0.209 H_SSIM: 0.537 D_real: 0.009 D_fake: 0.035 att_A: 0.915 L_hall: 0.061 L_inter: 0.000 L_intra: 0.000 L_fsp: 0.824 fsp_3_4: 0.163 fsp_4_5: 0.184 fsp_5_6: 0.241 fsp_6_7: 0.236 
(epoch: 11, iters: 8230, time: 0.056) G_GAN: 0.728 G_L1: 0.250 G_SSIM: 0.194 H_L1: 0.165 H_SSIM: 0.374 D_real: 0.014 D_fake: 0.006 att_A: 0.552 L_hall: 0.043 L_inter: 0.000 L_intra: 0.000 L_fsp: 0.282 fsp_3_4: 0.069 fsp_4_5: 0.086 fsp_5_6: 0.101 fsp_6_7: 0.026 
(epoch: 11, iters: 8330, time: 0.034) G_GAN: 1.067 G_L1: 0.306 G_SSIM: 0.115 H_L1: 0.095 H_SSIM: 0.345 D_real: 0.020 D_fake: 0.012 att_A: 0.684 L_hall: 0.057 L_inter: 0.000 L_intra: 0.000 L_fsp: 0.709 fsp_3_4: 0.143 fsp_4_5: 0.186 fsp_5_6: 0.213 fsp_6_7: 0.165 
(epoch: 11, iters: 8430, time: 0.035) G_GAN: 1.164 G_L1: 0.485 G_SSIM: 0.337 H_L1: 0.225 H_SSIM: 0.588 D_real: 0.019 D_fake: 0.026 att_A: 0.776 L_hall: 0.059 L_inter: 0.000 L_intra: 0.000 L_fsp: 0.521 fsp_3_4: 0.095 fsp_4_5: 0.147 fsp_5_6: 0.166 fsp_6_7: 0.113 
(epoch: 11, iters: 8530, time: 0.035) G_GAN: 0.202 G_L1: 0.250 G_SSIM: 0.098 H_L1: 0.205 H_SSIM: 0.427 D_real: 0.075 D_fake: 0.341 att_A: 0.269 L_hall: 0.045 L_inter: 0.000 L_intra: 0.000 L_fsp: 0.358 fsp_3_4: 0.116 fsp_4_5: 0.136 fsp_5_6: 0.071 fsp_6_7: 0.036 
(epoch: 11, iters: 8630, time: 0.034) G_GAN: 1.022 G_L1: 0.702 G_SSIM: 0.368 H_L1: 0.224 H_SSIM: 0.525 D_real: 0.024 D_fake: 0.012 att_A: 0.505 L_hall: 0.060 L_inter: 0.000 L_intra: 0.000 L_fsp: 0.697 fsp_3_4: 0.093 fsp_4_5: 0.165 fsp_5_6: 0.262 fsp_6_7: 0.177 
(epoch: 11, iters: 8730, time: 0.052) G_GAN: 1.028 G_L1: 0.311 G_SSIM: 0.203 H_L1: 0.177 H_SSIM: 0.471 D_real: 0.071 D_fake: 0.009 att_A: 0.697 L_hall: 0.056 L_inter: 0.000 L_intra: 0.000 L_fsp: 0.535 fsp_3_4: 0.135 fsp_4_5: 0.148 fsp_5_6: 0.135 fsp_6_7: 0.118 
saving the latest model (epoch 11, total_steps 100000)
(epoch: 11, iters: 8830, time: 0.034) G_GAN: 0.193 G_L1: 0.283 G_SSIM: 0.011 H_L1: 0.116 H_SSIM: 0.322 D_real: 0.040 D_fake: 0.345 att_A: 0.457 L_hall: 0.050 L_inter: 0.000 L_intra: 0.000 L_fsp: 0.750 fsp_3_4: 0.085 fsp_4_5: 0.195 fsp_5_6: 0.230 fsp_6_7: 0.240 
(epoch: 11, iters: 8930, time: 0.034) G_GAN: 0.905 G_L1: 0.230 G_SSIM: 0.145 H_L1: 0.165 H_SSIM: 0.425 D_real: 0.015 D_fake: 0.006 att_A: 0.483 L_hall: 0.046 L_inter: 0.000 L_intra: 0.000 L_fsp: 0.312 fsp_3_4: 0.081 fsp_4_5: 0.101 fsp_5_6: 0.080 fsp_6_7: 0.050 
(epoch: 11, iters: 9030, time: 0.036) G_GAN: 0.922 G_L1: 0.247 G_SSIM: 0.205 H_L1: 0.181 H_SSIM: 0.413 D_real: 0.021 D_fake: 0.017 att_A: 0.487 L_hall: 0.046 L_inter: 0.000 L_intra: 0.000 L_fsp: 0.331 fsp_3_4: 0.085 fsp_4_5: 0.117 fsp_5_6: 0.097 fsp_6_7: 0.032 
epoch 11  fsp_3_4:0.116023  fsp_3_4_degen:0.000000  fsp_4_5:0.149602  fsp_4_5_degen:0.000000  fsp_5_6:0.142217  fsp_5_6_degen:0.000000  fsp_6_7:0.081843  fsp_6_7_degen:0.000000
End of epoch 11 / 30 	 Time Taken: 453 sec
learning rate = 0.0002000
(epoch: 12, iters: 3, time: 0.033) G_GAN: 1.095 G_L1: 0.436 G_SSIM: 0.395 H_L1: 0.136 H_SSIM: 0.549 D_real: 0.007 D_fake: 0.020 att_A: 0.863 L_hall: 0.058 L_inter: 0.000 L_intra: 0.000 L_fsp: 0.498 fsp_3_4: 0.134 fsp_4_5: 0.161 fsp_5_6: 0.144 fsp_6_7: 0.060 
(epoch: 12, iters: 103, time: 0.052) G_GAN: 0.996 G_L1: 0.418 G_SSIM: 0.307 H_L1: 0.146 H_SSIM: 0.485 D_real: 0.010 D_fake: 0.006 att_A: 0.774 L_hall: 0.047 L_inter: 0.000 L_intra: 0.000 L_fsp: 0.396 fsp_3_4: 0.094 fsp_4_5: 0.122 fsp_5_6: 0.150 fsp_6_7: 0.031 
(epoch: 12, iters: 203, time: 0.035) G_GAN: 1.044 G_L1: 0.283 G_SSIM: 0.238 H_L1: 0.136 H_SSIM: 0.452 D_real: 0.018 D_fake: 0.012 att_A: 0.854 L_hall: 0.057 L_inter: 0.000 L_intra: 0.000 L_fsp: 0.503 fsp_3_4: 0.126 fsp_4_5: 0.169 fsp_5_6: 0.159 fsp_6_7: 0.049 
(epoch: 12, iters: 303, time: 0.035) G_GAN: 1.067 G_L1: 0.261 G_SSIM: 0.186 H_L1: 0.124 H_SSIM: 0.427 D_real: 0.019 D_fake: 0.005 att_A: 0.781 L_hall: 0.051 L_inter: 0.000 L_intra: 0.000 L_fsp: 0.530 fsp_3_4: 0.171 fsp_4_5: 0.162 fsp_5_6: 0.144 fsp_6_7: 0.053 
(epoch: 12, iters: 403, time: 0.033) G_GAN: 0.490 G_L1: 0.267 G_SSIM: 0.120 H_L1: 0.125 H_SSIM: 0.294 D_real: 0.067 D_fake: 0.026 att_A: 0.468 L_hall: 0.039 L_inter: 0.000 L_intra: 0.000 L_fsp: 0.382 fsp_3_4: 0.100 fsp_4_5: 0.142 fsp_5_6: 0.102 fsp_6_7: 0.039 
(epoch: 12, iters: 503, time: 0.033) G_GAN: 0.824 G_L1: 0.346 G_SSIM: 0.216 H_L1: 0.108 H_SSIM: 0.328 D_real: 0.012 D_fake: 0.019 att_A: 0.688 L_hall: 0.054 L_inter: 0.000 L_intra: 0.000 L_fsp: 0.615 fsp_3_4: 0.149 fsp_4_5: 0.181 fsp_5_6: 0.198 fsp_6_7: 0.086 
(epoch: 12, iters: 603, time: 0.061) G_GAN: 1.178 G_L1: 0.384 G_SSIM: 0.231 H_L1: 0.156 H_SSIM: 0.430 D_real: 0.020 D_fake: 0.017 att_A: 0.669 L_hall: 0.047 L_inter: 0.000 L_intra: 0.000 L_fsp: 0.429 fsp_3_4: 0.125 fsp_4_5: 0.165 fsp_5_6: 0.101 fsp_6_7: 0.038 
(epoch: 12, iters: 703, time: 0.034) G_GAN: 0.151 G_L1: 0.056 G_SSIM: 0.008 H_L1: 0.091 H_SSIM: 0.314 D_real: 0.036 D_fake: 0.405 att_A: 0.482 L_hall: 0.045 L_inter: 0.000 L_intra: 0.000 L_fsp: 0.426 fsp_3_4: 0.123 fsp_4_5: 0.117 fsp_5_6: 0.137 fsp_6_7: 0.049 
(epoch: 12, iters: 803, time: 0.034) G_GAN: 1.247 G_L1: 0.329 G_SSIM: 0.215 H_L1: 0.136 H_SSIM: 0.381 D_real: 0.029 D_fake: 0.013 att_A: 0.615 L_hall: 0.048 L_inter: 0.000 L_intra: 0.000 L_fsp: 0.447 fsp_3_4: 0.135 fsp_4_5: 0.135 fsp_5_6: 0.106 fsp_6_7: 0.070 
(epoch: 12, iters: 903, time: 0.040) G_GAN: 0.239 G_L1: 0.282 G_SSIM: 0.120 H_L1: 0.136 H_SSIM: 0.342 D_real: 0.009 D_fake: 0.276 att_A: 0.400 L_hall: 0.048 L_inter: 0.000 L_intra: 0.000 L_fsp: 0.405 fsp_3_4: 0.113 fsp_4_5: 0.154 fsp_5_6: 0.102 fsp_6_7: 0.035 
(epoch: 12, iters: 1003, time: 0.035) G_GAN: 0.781 G_L1: 0.322 G_SSIM: 0.289 H_L1: 0.131 H_SSIM: 0.495 D_real: 0.031 D_fake: 0.021 att_A: 0.757 L_hall: 0.052 L_inter: 0.000 L_intra: 0.000 L_fsp: 0.481 fsp_3_4: 0.118 fsp_4_5: 0.146 fsp_5_6: 0.175 fsp_6_7: 0.042 
(epoch: 12, iters: 1103, time: 0.062) G_GAN: 0.745 G_L1: 0.235 G_SSIM: 0.090 H_L1: 0.250 H_SSIM: 0.512 D_real: 0.192 D_fake: 0.088 att_A: 0.240 L_hall: 0.045 L_inter: 0.000 L_intra: 0.000 L_fsp: 0.380 fsp_3_4: 0.089 fsp_4_5: 0.138 fsp_5_6: 0.094 fsp_6_7: 0.059 
(epoch: 12, iters: 1203, time: 0.034) G_GAN: 1.274 G_L1: 0.336 G_SSIM: 0.254 H_L1: 0.139 H_SSIM: 0.447 D_real: 0.035 D_fake: 0.025 att_A: 0.872 L_hall: 0.057 L_inter: 0.000 L_intra: 0.000 L_fsp: 0.493 fsp_3_4: 0.121 fsp_4_5: 0.178 fsp_5_6: 0.131 fsp_6_7: 0.063 
(epoch: 12, iters: 1303, time: 0.034) G_GAN: 1.016 G_L1: 0.312 G_SSIM: 0.153 H_L1: 0.166 H_SSIM: 0.373 D_real: 0.009 D_fake: 0.107 att_A: 0.698 L_hall: 0.048 L_inter: 0.000 L_intra: 0.000 L_fsp: 0.416 fsp_3_4: 0.094 fsp_4_5: 0.140 fsp_5_6: 0.107 fsp_6_7: 0.076 
(epoch: 12, iters: 1403, time: 0.035) G_GAN: 0.505 G_L1: 0.258 G_SSIM: 0.204 H_L1: 0.170 H_SSIM: 0.379 D_real: 0.009 D_fake: 0.094 att_A: 0.481 L_hall: 0.043 L_inter: 0.000 L_intra: 0.000 L_fsp: 0.312 fsp_3_4: 0.085 fsp_4_5: 0.122 fsp_5_6: 0.089 fsp_6_7: 0.016 
(epoch: 12, iters: 1503, time: 0.038) G_GAN: 0.890 G_L1: 0.322 G_SSIM: 0.209 H_L1: 0.155 H_SSIM: 0.458 D_real: 0.030 D_fake: 0.016 att_A: 0.490 L_hall: 0.044 L_inter: 0.000 L_intra: 0.000 L_fsp: 0.346 fsp_3_4: 0.096 fsp_4_5: 0.126 fsp_5_6: 0.078 fsp_6_7: 0.046 
(epoch: 12, iters: 1603, time: 0.082) G_GAN: 1.433 G_L1: 0.243 G_SSIM: 0.140 H_L1: 0.143 H_SSIM: 0.364 D_real: 0.067 D_fake: 0.200 att_A: 0.663 L_hall: 0.050 L_inter: 0.000 L_intra: 0.000 L_fsp: 0.577 fsp_3_4: 0.089 fsp_4_5: 0.155 fsp_5_6: 0.150 fsp_6_7: 0.183 
(epoch: 12, iters: 1703, time: 0.034) G_GAN: 0.915 G_L1: 0.318 G_SSIM: 0.115 H_L1: 0.118 H_SSIM: 0.309 D_real: 0.007 D_fake: 0.009 att_A: 0.501 L_hall: 0.045 L_inter: 0.000 L_intra: 0.000 L_fsp: 0.338 fsp_3_4: 0.087 fsp_4_5: 0.137 fsp_5_6: 0.084 fsp_6_7: 0.030 
(epoch: 12, iters: 1803, time: 0.034) G_GAN: 0.742 G_L1: 0.267 G_SSIM: 0.266 H_L1: 0.169 H_SSIM: 0.473 D_real: 0.069 D_fake: 0.048 att_A: 0.647 L_hall: 0.051 L_inter: 0.000 L_intra: 0.000 L_fsp: 0.432 fsp_3_4: 0.085 fsp_4_5: 0.124 fsp_5_6: 0.176 fsp_6_7: 0.047 
(epoch: 12, iters: 1903, time: 0.033) G_GAN: 0.781 G_L1: 0.263 G_SSIM: 0.148 H_L1: 0.103 H_SSIM: 0.338 D_real: 0.044 D_fake: 0.040 att_A: 0.514 L_hall: 0.050 L_inter: 0.000 L_intra: 0.000 L_fsp: 0.437 fsp_3_4: 0.139 fsp_4_5: 0.116 fsp_5_6: 0.131 fsp_6_7: 0.051 
(epoch: 12, iters: 2003, time: 0.038) G_GAN: 0.786 G_L1: 0.270 G_SSIM: 0.217 H_L1: 0.151 H_SSIM: 0.393 D_real: 0.008 D_fake: 0.022 att_A: 0.580 L_hall: 0.044 L_inter: 0.000 L_intra: 0.000 L_fsp: 0.260 fsp_3_4: 0.062 fsp_4_5: 0.094 fsp_5_6: 0.089 fsp_6_7: 0.015 
(epoch: 12, iters: 2103, time: 0.056) G_GAN: 1.111 G_L1: 0.707 G_SSIM: 0.349 H_L1: 0.225 H_SSIM: 0.580 D_real: 0.012 D_fake: 0.156 att_A: 0.612 L_hall: 0.048 L_inter: 0.000 L_intra: 0.000 L_fsp: 0.502 fsp_3_4: 0.100 fsp_4_5: 0.150 fsp_5_6: 0.173 fsp_6_7: 0.080 
(epoch: 12, iters: 2203, time: 0.034) G_GAN: 1.030 G_L1: 0.255 G_SSIM: 0.186 H_L1: 0.135 H_SSIM: 0.401 D_real: 0.010 D_fake: 0.218 att_A: 0.551 L_hall: 0.048 L_inter: 0.000 L_intra: 0.000 L_fsp: 0.428 fsp_3_4: 0.113 fsp_4_5: 0.141 fsp_5_6: 0.142 fsp_6_7: 0.032 
(epoch: 12, iters: 2303, time: 0.033) G_GAN: 0.361 G_L1: 0.247 G_SSIM: 0.207 H_L1: 0.160 H_SSIM: 0.376 D_real: 0.009 D_fake: 0.638 att_A: 0.534 L_hall: 0.042 L_inter: 0.000 L_intra: 0.000 L_fsp: 0.341 fsp_3_4: 0.072 fsp_4_5: 0.117 fsp_5_6: 0.120 fsp_6_7: 0.032 
(epoch: 12, iters: 2403, time: 0.034) G_GAN: 0.637 G_L1: 0.195 G_SSIM: 0.070 H_L1: 0.135 H_SSIM: 0.304 D_real: 0.305 D_fake: 0.020 att_A: 0.618 L_hall: 0.039 L_inter: 0.000 L_intra: 0.000 L_fsp: 0.327 fsp_3_4: 0.087 fsp_4_5: 0.121 fsp_5_6: 0.082 fsp_6_7: 0.037 
(epoch: 12, iters: 2503, time: 0.034) G_GAN: 1.067 G_L1: 0.288 G_SSIM: 0.236 H_L1: 0.139 H_SSIM: 0.463 D_real: 0.009 D_fake: 0.008 att_A: 0.616 L_hall: 0.046 L_inter: 0.000 L_intra: 0.000 L_fsp: 0.388 fsp_3_4: 0.110 fsp_4_5: 0.136 fsp_5_6: 0.116 fsp_6_7: 0.026 
(epoch: 12, iters: 2603, time: 0.051) G_GAN: 0.898 G_L1: 0.646 G_SSIM: 0.484 H_L1: 0.206 H_SSIM: 0.591 D_real: 0.031 D_fake: 0.018 att_A: 0.939 L_hall: 0.063 L_inter: 0.000 L_intra: 0.000 L_fsp: 0.797 fsp_3_4: 0.138 fsp_4_5: 0.206 fsp_5_6: 0.207 fsp_6_7: 0.246 
(epoch: 12, iters: 2703, time: 0.033) G_GAN: 0.259 G_L1: 0.244 G_SSIM: 0.184 H_L1: 0.143 H_SSIM: 0.369 D_real: 0.015 D_fake: 0.012 att_A: 0.510 L_hall: 0.049 L_inter: 0.000 L_intra: 0.000 L_fsp: 0.317 fsp_3_4: 0.090 fsp_4_5: 0.104 fsp_5_6: 0.101 fsp_6_7: 0.023 
(epoch: 12, iters: 2803, time: 0.034) G_GAN: 0.166 G_L1: 0.250 G_SSIM: 0.110 H_L1: 0.183 H_SSIM: 0.423 D_real: 0.010 D_fake: 0.175 att_A: 0.334 L_hall: 0.042 L_inter: 0.000 L_intra: 0.000 L_fsp: 0.227 fsp_3_4: 0.069 fsp_4_5: 0.071 fsp_5_6: 0.059 fsp_6_7: 0.028 
(epoch: 12, iters: 2903, time: 0.034) G_GAN: 1.109 G_L1: 0.464 G_SSIM: 0.228 H_L1: 0.155 H_SSIM: 0.444 D_real: 0.011 D_fake: 0.012 att_A: 0.748 L_hall: 0.054 L_inter: 0.000 L_intra: 0.000 L_fsp: 0.681 fsp_3_4: 0.121 fsp_4_5: 0.157 fsp_5_6: 0.204 fsp_6_7: 0.199 
(epoch: 12, iters: 3003, time: 0.035) G_GAN: 1.031 G_L1: 0.572 G_SSIM: 0.410 H_L1: 0.182 H_SSIM: 0.480 D_real: 0.006 D_fake: 0.025 att_A: 0.923 L_hall: 0.062 L_inter: 0.000 L_intra: 0.000 L_fsp: 0.520 fsp_3_4: 0.137 fsp_4_5: 0.139 fsp_5_6: 0.162 fsp_6_7: 0.082 
(epoch: 12, iters: 3103, time: 0.053) G_GAN: 0.983 G_L1: 0.101 G_SSIM: 0.023 H_L1: 0.105 H_SSIM: 0.318 D_real: 0.042 D_fake: 0.451 att_A: 0.586 L_hall: 0.052 L_inter: 0.000 L_intra: 0.000 L_fsp: 0.649 fsp_3_4: 0.119 fsp_4_5: 0.167 fsp_5_6: 0.140 fsp_6_7: 0.222 
(epoch: 12, iters: 3203, time: 0.034) G_GAN: 0.729 G_L1: 0.189 G_SSIM: 0.120 H_L1: 0.166 H_SSIM: 0.390 D_real: 0.008 D_fake: 0.034 att_A: 0.463 L_hall: 0.044 L_inter: 0.000 L_intra: 0.000 L_fsp: 0.366 fsp_3_4: 0.123 fsp_4_5: 0.140 fsp_5_6: 0.081 fsp_6_7: 0.022 
(epoch: 12, iters: 3303, time: 0.034) G_GAN: 0.970 G_L1: 0.223 G_SSIM: 0.139 H_L1: 0.151 H_SSIM: 0.402 D_real: 0.017 D_fake: 0.007 att_A: 0.599 L_hall: 0.050 L_inter: 0.000 L_intra: 0.000 L_fsp: 0.340 fsp_3_4: 0.085 fsp_4_5: 0.128 fsp_5_6: 0.074 fsp_6_7: 0.053 
(epoch: 12, iters: 3403, time: 0.034) G_GAN: 0.974 G_L1: 0.341 G_SSIM: 0.265 H_L1: 0.171 H_SSIM: 0.475 D_real: 0.010 D_fake: 0.007 att_A: 0.634 L_hall: 0.052 L_inter: 0.000 L_intra: 0.000 L_fsp: 0.415 fsp_3_4: 0.100 fsp_4_5: 0.124 fsp_5_6: 0.126 fsp_6_7: 0.065 
(epoch: 12, iters: 3503, time: 0.034) G_GAN: 0.842 G_L1: 0.464 G_SSIM: 0.322 H_L1: 0.125 H_SSIM: 0.420 D_real: 0.027 D_fake: 0.020 att_A: 0.953 L_hall: 0.058 L_inter: 0.000 L_intra: 0.000 L_fsp: 0.616 fsp_3_4: 0.164 fsp_4_5: 0.161 fsp_5_6: 0.145 fsp_6_7: 0.147 
(epoch: 12, iters: 3603, time: 0.077) G_GAN: 1.021 G_L1: 0.356 G_SSIM: 0.184 H_L1: 0.129 H_SSIM: 0.432 D_real: 0.013 D_fake: 0.005 att_A: 0.753 L_hall: 0.058 L_inter: 0.000 L_intra: 0.000 L_fsp: 0.614 fsp_3_4: 0.109 fsp_4_5: 0.155 fsp_5_6: 0.239 fsp_6_7: 0.112 
(epoch: 12, iters: 3703, time: 0.033) G_GAN: 1.198 G_L1: 0.038 G_SSIM: 0.002 H_L1: 0.080 H_SSIM: 0.313 D_real: 0.086 D_fake: 0.013 att_A: 0.781 L_hall: 0.047 L_inter: 0.000 L_intra: 0.000 L_fsp: 0.711 fsp_3_4: 0.141 fsp_4_5: 0.150 fsp_5_6: 0.240 fsp_6_7: 0.180 
(epoch: 12, iters: 3803, time: 0.034) G_GAN: 1.180 G_L1: 0.483 G_SSIM: 0.457 H_L1: 0.189 H_SSIM: 0.572 D_real: 0.041 D_fake: 0.012 att_A: 0.928 L_hall: 0.056 L_inter: 0.000 L_intra: 0.000 L_fsp: 0.529 fsp_3_4: 0.098 fsp_4_5: 0.178 fsp_5_6: 0.173 fsp_6_7: 0.079 
(epoch: 12, iters: 3903, time: 0.035) G_GAN: 0.917 G_L1: 0.194 G_SSIM: 0.128 H_L1: 0.149 H_SSIM: 0.398 D_real: 0.165 D_fake: 0.011 att_A: 0.502 L_hall: 0.049 L_inter: 0.000 L_intra: 0.000 L_fsp: 0.296 fsp_3_4: 0.063 fsp_4_5: 0.094 fsp_5_6: 0.099 fsp_6_7: 0.040 
(epoch: 12, iters: 4003, time: 0.034) G_GAN: 1.401 G_L1: 0.649 G_SSIM: 0.246 H_L1: 0.213 H_SSIM: 0.476 D_real: 0.076 D_fake: 0.071 att_A: 0.516 L_hall: 0.046 L_inter: 0.000 L_intra: 0.000 L_fsp: 0.485 fsp_3_4: 0.162 fsp_4_5: 0.173 fsp_5_6: 0.119 fsp_6_7: 0.031 
(epoch: 12, iters: 4103, time: 0.060) G_GAN: 0.887 G_L1: 0.430 G_SSIM: 0.302 H_L1: 0.108 H_SSIM: 0.404 D_real: 0.008 D_fake: 0.009 att_A: 0.865 L_hall: 0.057 L_inter: 0.000 L_intra: 0.000 L_fsp: 0.638 fsp_3_4: 0.194 fsp_4_5: 0.206 fsp_5_6: 0.173 fsp_6_7: 0.066 
(epoch: 12, iters: 4203, time: 0.033) G_GAN: 1.321 G_L1: 0.379 G_SSIM: 0.220 H_L1: 0.107 H_SSIM: 0.377 D_real: 0.026 D_fake: 0.027 att_A: 0.697 L_hall: 0.051 L_inter: 0.000 L_intra: 0.000 L_fsp: 0.514 fsp_3_4: 0.118 fsp_4_5: 0.173 fsp_5_6: 0.146 fsp_6_7: 0.077 
(epoch: 12, iters: 4303, time: 0.034) G_GAN: 1.183 G_L1: 0.201 G_SSIM: 0.109 H_L1: 0.150 H_SSIM: 0.401 D_real: 0.079 D_fake: 0.016 att_A: 0.509 L_hall: 0.048 L_inter: 0.000 L_intra: 0.000 L_fsp: 0.407 fsp_3_4: 0.089 fsp_4_5: 0.126 fsp_5_6: 0.122 fsp_6_7: 0.069 
(epoch: 12, iters: 4403, time: 0.034) G_GAN: 0.927 G_L1: 0.482 G_SSIM: 0.254 H_L1: 0.179 H_SSIM: 0.429 D_real: 0.009 D_fake: 0.084 att_A: 0.910 L_hall: 0.055 L_inter: 0.000 L_intra: 0.000 L_fsp: 0.450 fsp_3_4: 0.118 fsp_4_5: 0.141 fsp_5_6: 0.122 fsp_6_7: 0.069 
(epoch: 12, iters: 4503, time: 0.034) G_GAN: 0.974 G_L1: 0.260 G_SSIM: 0.254 H_L1: 0.181 H_SSIM: 0.470 D_real: 0.010 D_fake: 0.019 att_A: 0.634 L_hall: 0.050 L_inter: 0.000 L_intra: 0.000 L_fsp: 0.359 fsp_3_4: 0.073 fsp_4_5: 0.105 fsp_5_6: 0.132 fsp_6_7: 0.049 
(epoch: 12, iters: 4603, time: 0.059) G_GAN: 0.478 G_L1: 0.274 G_SSIM: 0.102 H_L1: 0.160 H_SSIM: 0.312 D_real: 0.026 D_fake: 0.268 att_A: 0.498 L_hall: 0.037 L_inter: 0.000 L_intra: 0.000 L_fsp: 0.355 fsp_3_4: 0.095 fsp_4_5: 0.107 fsp_5_6: 0.121 fsp_6_7: 0.032 
saving the latest model (epoch 12, total_steps 105000)
(epoch: 12, iters: 4703, time: 0.034) G_GAN: 0.565 G_L1: 0.332 G_SSIM: 0.228 H_L1: 0.133 H_SSIM: 0.424 D_real: 0.016 D_fake: 0.012 att_A: 0.533 L_hall: 0.045 L_inter: 0.000 L_intra: 0.000 L_fsp: 0.469 fsp_3_4: 0.108 fsp_4_5: 0.194 fsp_5_6: 0.129 fsp_6_7: 0.039 
(epoch: 12, iters: 4803, time: 0.035) G_GAN: 1.120 G_L1: 0.349 G_SSIM: 0.238 H_L1: 0.178 H_SSIM: 0.444 D_real: 0.011 D_fake: 0.363 att_A: 0.562 L_hall: 0.054 L_inter: 0.000 L_intra: 0.000 L_fsp: 0.515 fsp_3_4: 0.119 fsp_4_5: 0.155 fsp_5_6: 0.187 fsp_6_7: 0.054 
(epoch: 12, iters: 4903, time: 0.034) G_GAN: 1.079 G_L1: 0.297 G_SSIM: 0.251 H_L1: 0.175 H_SSIM: 0.416 D_real: 0.032 D_fake: 0.011 att_A: 0.579 L_hall: 0.046 L_inter: 0.000 L_intra: 0.000 L_fsp: 0.384 fsp_3_4: 0.080 fsp_4_5: 0.130 fsp_5_6: 0.147 fsp_6_7: 0.028 
(epoch: 12, iters: 5003, time: 0.035) G_GAN: 0.681 G_L1: 0.125 G_SSIM: 0.035 H_L1: 0.165 H_SSIM: 0.267 D_real: 0.258 D_fake: 0.032 att_A: 0.443 L_hall: 0.033 L_inter: 0.000 L_intra: 0.000 L_fsp: 0.464 fsp_3_4: 0.084 fsp_4_5: 0.163 fsp_5_6: 0.142 fsp_6_7: 0.075 
(epoch: 12, iters: 5103, time: 0.053) G_GAN: 0.491 G_L1: 0.273 G_SSIM: 0.126 H_L1: 0.100 H_SSIM: 0.303 D_real: 0.029 D_fake: 0.114 att_A: 0.458 L_hall: 0.041 L_inter: 0.000 L_intra: 0.000 L_fsp: 0.357 fsp_3_4: 0.112 fsp_4_5: 0.121 fsp_5_6: 0.096 fsp_6_7: 0.028 
(epoch: 12, iters: 5203, time: 0.034) G_GAN: 0.965 G_L1: 0.295 G_SSIM: 0.232 H_L1: 0.091 H_SSIM: 0.390 D_real: 0.013 D_fake: 0.005 att_A: 0.933 L_hall: 0.056 L_inter: 0.000 L_intra: 0.000 L_fsp: 0.616 fsp_3_4: 0.153 fsp_4_5: 0.138 fsp_5_6: 0.196 fsp_6_7: 0.129 
(epoch: 12, iters: 5303, time: 0.034) G_GAN: 0.857 G_L1: 0.432 G_SSIM: 0.291 H_L1: 0.129 H_SSIM: 0.372 D_real: 0.027 D_fake: 0.017 att_A: 0.939 L_hall: 0.059 L_inter: 0.000 L_intra: 0.000 L_fsp: 0.597 fsp_3_4: 0.178 fsp_4_5: 0.169 fsp_5_6: 0.150 fsp_6_7: 0.101 
(epoch: 12, iters: 5403, time: 0.033) G_GAN: 0.995 G_L1: 0.553 G_SSIM: 0.462 H_L1: 0.198 H_SSIM: 0.612 D_real: 0.008 D_fake: 0.547 att_A: 0.832 L_hall: 0.056 L_inter: 0.000 L_intra: 0.000 L_fsp: 0.526 fsp_3_4: 0.119 fsp_4_5: 0.146 fsp_5_6: 0.163 fsp_6_7: 0.099 
(epoch: 12, iters: 5503, time: 0.035) G_GAN: 0.936 G_L1: 0.371 G_SSIM: 0.263 H_L1: 0.131 H_SSIM: 0.442 D_real: 0.026 D_fake: 0.080 att_A: 0.652 L_hall: 0.048 L_inter: 0.000 L_intra: 0.000 L_fsp: 0.476 fsp_3_4: 0.123 fsp_4_5: 0.160 fsp_5_6: 0.134 fsp_6_7: 0.059 
(epoch: 12, iters: 5603, time: 0.057) G_GAN: 0.487 G_L1: 0.298 G_SSIM: 0.206 H_L1: 0.179 H_SSIM: 0.370 D_real: 0.024 D_fake: 0.109 att_A: 0.405 L_hall: 0.043 L_inter: 0.000 L_intra: 0.000 L_fsp: 0.258 fsp_3_4: 0.066 fsp_4_5: 0.113 fsp_5_6: 0.068 fsp_6_7: 0.010 
(epoch: 12, iters: 5703, time: 0.035) G_GAN: 1.012 G_L1: 0.334 G_SSIM: 0.252 H_L1: 0.167 H_SSIM: 0.388 D_real: 0.024 D_fake: 0.008 att_A: 0.886 L_hall: 0.058 L_inter: 0.000 L_intra: 0.000 L_fsp: 0.778 fsp_3_4: 0.188 fsp_4_5: 0.234 fsp_5_6: 0.280 fsp_6_7: 0.077 
(epoch: 12, iters: 5803, time: 0.034) G_GAN: 0.474 G_L1: 0.026 G_SSIM: 0.002 H_L1: 0.072 H_SSIM: 0.297 D_real: 0.019 D_fake: 0.238 att_A: 0.788 L_hall: 0.047 L_inter: 0.000 L_intra: 0.000 L_fsp: 0.836 fsp_3_4: 0.154 fsp_4_5: 0.193 fsp_5_6: 0.240 fsp_6_7: 0.249 
(epoch: 12, iters: 5903, time: 0.034) G_GAN: 1.100 G_L1: 0.390 G_SSIM: 0.231 H_L1: 0.157 H_SSIM: 0.418 D_real: 0.210 D_fake: 0.008 att_A: 0.503 L_hall: 0.047 L_inter: 0.000 L_intra: 0.000 L_fsp: 0.436 fsp_3_4: 0.108 fsp_4_5: 0.116 fsp_5_6: 0.126 fsp_6_7: 0.086 
(epoch: 12, iters: 6003, time: 0.034) G_GAN: 1.233 G_L1: 0.394 G_SSIM: 0.293 H_L1: 0.179 H_SSIM: 0.470 D_real: 0.115 D_fake: 0.021 att_A: 0.601 L_hall: 0.044 L_inter: 0.000 L_intra: 0.000 L_fsp: 0.554 fsp_3_4: 0.129 fsp_4_5: 0.187 fsp_5_6: 0.127 fsp_6_7: 0.112 
(epoch: 12, iters: 6103, time: 0.051) G_GAN: 0.336 G_L1: 0.268 G_SSIM: 0.105 H_L1: 0.128 H_SSIM: 0.354 D_real: 0.015 D_fake: 0.013 att_A: 0.580 L_hall: 0.055 L_inter: 0.000 L_intra: 0.000 L_fsp: 0.517 fsp_3_4: 0.163 fsp_4_5: 0.149 fsp_5_6: 0.124 fsp_6_7: 0.082 
(epoch: 12, iters: 6203, time: 0.035) G_GAN: 0.725 G_L1: 0.268 G_SSIM: 0.167 H_L1: 0.135 H_SSIM: 0.375 D_real: 0.054 D_fake: 0.047 att_A: 0.560 L_hall: 0.048 L_inter: 0.000 L_intra: 0.000 L_fsp: 0.324 fsp_3_4: 0.089 fsp_4_5: 0.109 fsp_5_6: 0.098 fsp_6_7: 0.028 
(epoch: 12, iters: 6303, time: 0.033) G_GAN: 1.074 G_L1: 0.367 G_SSIM: 0.352 H_L1: 0.126 H_SSIM: 0.518 D_real: 0.013 D_fake: 0.011 att_A: 0.782 L_hall: 0.053 L_inter: 0.000 L_intra: 0.000 L_fsp: 0.533 fsp_3_4: 0.135 fsp_4_5: 0.173 fsp_5_6: 0.169 fsp_6_7: 0.056 
(epoch: 12, iters: 6403, time: 0.034) G_GAN: 0.855 G_L1: 0.325 G_SSIM: 0.224 H_L1: 0.199 H_SSIM: 0.529 D_real: 0.009 D_fake: 0.012 att_A: 0.614 L_hall: 0.052 L_inter: 0.000 L_intra: 0.000 L_fsp: 0.476 fsp_3_4: 0.087 fsp_4_5: 0.122 fsp_5_6: 0.208 fsp_6_7: 0.059 
(epoch: 12, iters: 6503, time: 0.033) G_GAN: 0.545 G_L1: 0.170 G_SSIM: 0.038 H_L1: 0.099 H_SSIM: 0.328 D_real: 0.034 D_fake: 0.083 att_A: 0.831 L_hall: 0.049 L_inter: 0.000 L_intra: 0.000 L_fsp: 0.489 fsp_3_4: 0.082 fsp_4_5: 0.137 fsp_5_6: 0.168 fsp_6_7: 0.102 
(epoch: 12, iters: 6603, time: 0.056) G_GAN: 0.435 G_L1: 0.215 G_SSIM: 0.138 H_L1: 0.175 H_SSIM: 0.406 D_real: 0.031 D_fake: 0.131 att_A: 0.441 L_hall: 0.047 L_inter: 0.000 L_intra: 0.000 L_fsp: 0.406 fsp_3_4: 0.104 fsp_4_5: 0.167 fsp_5_6: 0.099 fsp_6_7: 0.036 
(epoch: 12, iters: 6703, time: 0.034) G_GAN: 0.850 G_L1: 0.318 G_SSIM: 0.241 H_L1: 0.148 H_SSIM: 0.479 D_real: 0.029 D_fake: 0.014 att_A: 0.631 L_hall: 0.047 L_inter: 0.000 L_intra: 0.000 L_fsp: 0.414 fsp_3_4: 0.119 fsp_4_5: 0.143 fsp_5_6: 0.108 fsp_6_7: 0.044 
(epoch: 12, iters: 6803, time: 0.033) G_GAN: 0.772 G_L1: 0.254 G_SSIM: 0.154 H_L1: 0.201 H_SSIM: 0.473 D_real: 0.022 D_fake: 0.028 att_A: 0.458 L_hall: 0.051 L_inter: 0.000 L_intra: 0.000 L_fsp: 0.388 fsp_3_4: 0.115 fsp_4_5: 0.145 fsp_5_6: 0.099 fsp_6_7: 0.028 
(epoch: 12, iters: 6903, time: 0.033) G_GAN: 0.993 G_L1: 0.261 G_SSIM: 0.180 H_L1: 0.146 H_SSIM: 0.506 D_real: 0.011 D_fake: 0.005 att_A: 0.676 L_hall: 0.053 L_inter: 0.000 L_intra: 0.000 L_fsp: 0.502 fsp_3_4: 0.124 fsp_4_5: 0.152 fsp_5_6: 0.122 fsp_6_7: 0.104 
(epoch: 12, iters: 7003, time: 0.034) G_GAN: 0.911 G_L1: 0.222 G_SSIM: 0.127 H_L1: 0.135 H_SSIM: 0.416 D_real: 0.009 D_fake: 0.015 att_A: 0.645 L_hall: 0.049 L_inter: 0.000 L_intra: 0.000 L_fsp: 0.457 fsp_3_4: 0.099 fsp_4_5: 0.137 fsp_5_6: 0.129 fsp_6_7: 0.093 
(epoch: 12, iters: 7103, time: 0.064) G_GAN: 1.752 G_L1: 0.088 G_SSIM: 0.015 H_L1: 0.098 H_SSIM: 0.286 D_real: 0.239 D_fake: 0.012 att_A: 0.785 L_hall: 0.055 L_inter: 0.000 L_intra: 0.000 L_fsp: 0.552 fsp_3_4: 0.126 fsp_4_5: 0.165 fsp_5_6: 0.158 fsp_6_7: 0.104 
(epoch: 12, iters: 7203, time: 0.033) G_GAN: 1.100 G_L1: 0.145 G_SSIM: 0.080 H_L1: 0.110 H_SSIM: 0.306 D_real: 0.330 D_fake: 0.048 att_A: 0.780 L_hall: 0.036 L_inter: 0.000 L_intra: 0.000 L_fsp: 0.257 fsp_3_4: 0.056 fsp_4_5: 0.084 fsp_5_6: 0.079 fsp_6_7: 0.039 
(epoch: 12, iters: 7303, time: 0.033) G_GAN: 0.731 G_L1: 0.213 G_SSIM: 0.137 H_L1: 0.136 H_SSIM: 0.351 D_real: 0.085 D_fake: 0.490 att_A: 0.603 L_hall: 0.051 L_inter: 0.000 L_intra: 0.000 L_fsp: 0.393 fsp_3_4: 0.090 fsp_4_5: 0.120 fsp_5_6: 0.124 fsp_6_7: 0.060 
(epoch: 12, iters: 7403, time: 0.033) G_GAN: 0.511 G_L1: 0.299 G_SSIM: 0.236 H_L1: 0.167 H_SSIM: 0.437 D_real: 0.049 D_fake: 0.098 att_A: 0.456 L_hall: 0.046 L_inter: 0.000 L_intra: 0.000 L_fsp: 0.292 fsp_3_4: 0.089 fsp_4_5: 0.110 fsp_5_6: 0.079 fsp_6_7: 0.015 
(epoch: 12, iters: 7503, time: 0.033) G_GAN: 1.060 G_L1: 0.449 G_SSIM: 0.333 H_L1: 0.163 H_SSIM: 0.506 D_real: 0.008 D_fake: 0.004 att_A: 0.768 L_hall: 0.050 L_inter: 0.000 L_intra: 0.000 L_fsp: 0.521 fsp_3_4: 0.139 fsp_4_5: 0.184 fsp_5_6: 0.131 fsp_6_7: 0.066 
(epoch: 12, iters: 7603, time: 0.052) G_GAN: 1.057 G_L1: 0.385 G_SSIM: 0.237 H_L1: 0.114 H_SSIM: 0.448 D_real: 0.008 D_fake: 0.006 att_A: 0.714 L_hall: 0.049 L_inter: 0.000 L_intra: 0.000 L_fsp: 0.579 fsp_3_4: 0.128 fsp_4_5: 0.181 fsp_5_6: 0.177 fsp_6_7: 0.093 
(epoch: 12, iters: 7703, time: 0.034) G_GAN: 0.278 G_L1: 0.240 G_SSIM: 0.158 H_L1: 0.191 H_SSIM: 0.372 D_real: 0.045 D_fake: 0.257 att_A: 0.389 L_hall: 0.044 L_inter: 0.000 L_intra: 0.000 L_fsp: 0.289 fsp_3_4: 0.071 fsp_4_5: 0.105 fsp_5_6: 0.083 fsp_6_7: 0.030 
(epoch: 12, iters: 7803, time: 0.034) G_GAN: 0.852 G_L1: 0.304 G_SSIM: 0.193 H_L1: 0.116 H_SSIM: 0.397 D_real: 0.013 D_fake: 0.014 att_A: 0.698 L_hall: 0.048 L_inter: 0.000 L_intra: 0.000 L_fsp: 0.492 fsp_3_4: 0.102 fsp_4_5: 0.145 fsp_5_6: 0.140 fsp_6_7: 0.104 
(epoch: 12, iters: 7903, time: 0.033) G_GAN: 1.023 G_L1: 0.354 G_SSIM: 0.248 H_L1: 0.124 H_SSIM: 0.480 D_real: 0.032 D_fake: 0.006 att_A: 0.737 L_hall: 0.049 L_inter: 0.000 L_intra: 0.000 L_fsp: 0.506 fsp_3_4: 0.096 fsp_4_5: 0.155 fsp_5_6: 0.163 fsp_6_7: 0.092 
(epoch: 12, iters: 8003, time: 0.033) G_GAN: 1.049 G_L1: 0.457 G_SSIM: 0.374 H_L1: 0.170 H_SSIM: 0.568 D_real: 0.006 D_fake: 0.007 att_A: 0.840 L_hall: 0.051 L_inter: 0.000 L_intra: 0.000 L_fsp: 0.488 fsp_3_4: 0.125 fsp_4_5: 0.173 fsp_5_6: 0.159 fsp_6_7: 0.032 
(epoch: 12, iters: 8103, time: 0.062) G_GAN: 0.674 G_L1: 0.329 G_SSIM: 0.198 H_L1: 0.116 H_SSIM: 0.348 D_real: 0.007 D_fake: 0.041 att_A: 0.491 L_hall: 0.046 L_inter: 0.000 L_intra: 0.000 L_fsp: 0.448 fsp_3_4: 0.132 fsp_4_5: 0.171 fsp_5_6: 0.092 fsp_6_7: 0.054 
(epoch: 12, iters: 8203, time: 0.033) G_GAN: 1.089 G_L1: 0.373 G_SSIM: 0.317 H_L1: 0.175 H_SSIM: 0.548 D_real: 0.005 D_fake: 0.010 att_A: 0.620 L_hall: 0.052 L_inter: 0.000 L_intra: 0.000 L_fsp: 0.376 fsp_3_4: 0.086 fsp_4_5: 0.135 fsp_5_6: 0.123 fsp_6_7: 0.032 
(epoch: 12, iters: 8303, time: 0.034) G_GAN: 1.079 G_L1: 0.226 G_SSIM: 0.117 H_L1: 0.168 H_SSIM: 0.460 D_real: 0.036 D_fake: 0.012 att_A: 0.570 L_hall: 0.046 L_inter: 0.000 L_intra: 0.000 L_fsp: 0.312 fsp_3_4: 0.079 fsp_4_5: 0.097 fsp_5_6: 0.097 fsp_6_7: 0.038 
(epoch: 12, iters: 8403, time: 0.034) G_GAN: 0.819 G_L1: 0.203 G_SSIM: 0.114 H_L1: 0.128 H_SSIM: 0.386 D_real: 0.010 D_fake: 0.016 att_A: 0.548 L_hall: 0.051 L_inter: 0.000 L_intra: 0.000 L_fsp: 0.393 fsp_3_4: 0.114 fsp_4_5: 0.120 fsp_5_6: 0.106 fsp_6_7: 0.053 
(epoch: 12, iters: 8503, time: 0.034) G_GAN: 1.135 G_L1: 0.338 G_SSIM: 0.264 H_L1: 0.157 H_SSIM: 0.476 D_real: 0.040 D_fake: 0.186 att_A: 0.632 L_hall: 0.046 L_inter: 0.000 L_intra: 0.000 L_fsp: 0.384 fsp_3_4: 0.102 fsp_4_5: 0.147 fsp_5_6: 0.084 fsp_6_7: 0.051 
(epoch: 12, iters: 8603, time: 0.058) G_GAN: 0.878 G_L1: 0.407 G_SSIM: 0.260 H_L1: 0.112 H_SSIM: 0.393 D_real: 0.022 D_fake: 0.339 att_A: 0.826 L_hall: 0.058 L_inter: 0.000 L_intra: 0.000 L_fsp: 0.607 fsp_3_4: 0.172 fsp_4_5: 0.163 fsp_5_6: 0.178 fsp_6_7: 0.095 
(epoch: 12, iters: 8703, time: 0.034) G_GAN: 1.045 G_L1: 0.338 G_SSIM: 0.315 H_L1: 0.179 H_SSIM: 0.514 D_real: 0.021 D_fake: 0.006 att_A: 0.675 L_hall: 0.051 L_inter: 0.000 L_intra: 0.000 L_fsp: 0.331 fsp_3_4: 0.089 fsp_4_5: 0.109 fsp_5_6: 0.113 fsp_6_7: 0.021 
(epoch: 12, iters: 8803, time: 0.034) G_GAN: 0.804 G_L1: 0.261 G_SSIM: 0.150 H_L1: 0.115 H_SSIM: 0.407 D_real: 0.018 D_fake: 0.030 att_A: 0.774 L_hall: 0.059 L_inter: 0.000 L_intra: 0.000 L_fsp: 0.526 fsp_3_4: 0.097 fsp_4_5: 0.187 fsp_5_6: 0.184 fsp_6_7: 0.058 
(epoch: 12, iters: 8903, time: 0.034) G_GAN: 1.272 G_L1: 0.348 G_SSIM: 0.215 H_L1: 0.142 H_SSIM: 0.407 D_real: 0.037 D_fake: 0.037 att_A: 0.599 L_hall: 0.047 L_inter: 0.000 L_intra: 0.000 L_fsp: 0.358 fsp_3_4: 0.105 fsp_4_5: 0.122 fsp_5_6: 0.086 fsp_6_7: 0.046 
(epoch: 12, iters: 9003, time: 0.034) G_GAN: 1.161 G_L1: 0.360 G_SSIM: 0.226 H_L1: 0.116 H_SSIM: 0.399 D_real: 0.259 D_fake: 0.015 att_A: 0.724 L_hall: 0.050 L_inter: 0.000 L_intra: 0.000 L_fsp: 0.505 fsp_3_4: 0.125 fsp_4_5: 0.145 fsp_5_6: 0.133 fsp_6_7: 0.102 
(epoch: 12, iters: 9103, time: 0.064) G_GAN: 1.205 G_L1: 0.390 G_SSIM: 0.244 H_L1: 0.135 H_SSIM: 0.440 D_real: 0.027 D_fake: 0.016 att_A: 0.563 L_hall: 0.045 L_inter: 0.000 L_intra: 0.000 L_fsp: 0.436 fsp_3_4: 0.106 fsp_4_5: 0.139 fsp_5_6: 0.117 fsp_6_7: 0.074 
epoch 12  fsp_3_4:0.114623  fsp_3_4_degen:0.000000  fsp_4_5:0.146993  fsp_4_5_degen:0.000000  fsp_5_6:0.135920  fsp_5_6_degen:0.000000  fsp_6_7:0.072434  fsp_6_7_degen:0.000000
End of epoch 12 / 30 	 Time Taken: 451 sec
learning rate = 0.0002000
(epoch: 13, iters: 76, time: 0.035) G_GAN: 1.010 G_L1: 0.246 G_SSIM: 0.162 H_L1: 0.172 H_SSIM: 0.398 D_real: 0.143 D_fake: 0.011 att_A: 0.460 L_hall: 0.045 L_inter: 0.000 L_intra: 0.000 L_fsp: 0.317 fsp_3_4: 0.095 fsp_4_5: 0.078 fsp_5_6: 0.104 fsp_6_7: 0.039 
(epoch: 13, iters: 176, time: 0.035) G_GAN: 0.926 G_L1: 0.527 G_SSIM: 0.329 H_L1: 0.199 H_SSIM: 0.562 D_real: 0.012 D_fake: 0.017 att_A: 0.653 L_hall: 0.050 L_inter: 0.000 L_intra: 0.000 L_fsp: 0.438 fsp_3_4: 0.118 fsp_4_5: 0.125 fsp_5_6: 0.153 fsp_6_7: 0.042 
(epoch: 13, iters: 276, time: 0.034) G_GAN: 0.947 G_L1: 0.385 G_SSIM: 0.253 H_L1: 0.150 H_SSIM: 0.441 D_real: 0.013 D_fake: 0.010 att_A: 0.575 L_hall: 0.047 L_inter: 0.000 L_intra: 0.000 L_fsp: 0.387 fsp_3_4: 0.130 fsp_4_5: 0.116 fsp_5_6: 0.110 fsp_6_7: 0.031 
(epoch: 13, iters: 376, time: 0.034) G_GAN: 0.986 G_L1: 0.573 G_SSIM: 0.340 H_L1: 0.233 H_SSIM: 0.427 D_real: 0.012 D_fake: 0.010 att_A: 0.881 L_hall: 0.059 L_inter: 0.000 L_intra: 0.000 L_fsp: 0.620 fsp_3_4: 0.161 fsp_4_5: 0.161 fsp_5_6: 0.159 fsp_6_7: 0.139 
(epoch: 13, iters: 476, time: 0.054) G_GAN: 1.536 G_L1: 0.316 G_SSIM: 0.154 H_L1: 0.132 H_SSIM: 0.323 D_real: 0.136 D_fake: 0.087 att_A: 0.444 L_hall: 0.044 L_inter: 0.000 L_intra: 0.000 L_fsp: 0.301 fsp_3_4: 0.085 fsp_4_5: 0.107 fsp_5_6: 0.095 fsp_6_7: 0.015 
saving the latest model (epoch 13, total_steps 110000)
(epoch: 13, iters: 576, time: 0.034) G_GAN: 1.108 G_L1: 0.300 G_SSIM: 0.206 H_L1: 0.159 H_SSIM: 0.503 D_real: 0.040 D_fake: 0.061 att_A: 0.634 L_hall: 0.052 L_inter: 0.000 L_intra: 0.000 L_fsp: 0.483 fsp_3_4: 0.107 fsp_4_5: 0.138 fsp_5_6: 0.172 fsp_6_7: 0.065 
(epoch: 13, iters: 676, time: 0.034) G_GAN: 1.002 G_L1: 0.479 G_SSIM: 0.515 H_L1: 0.159 H_SSIM: 0.673 D_real: 0.013 D_fake: 0.019 att_A: 0.633 L_hall: 0.047 L_inter: 0.000 L_intra: 0.000 L_fsp: 0.357 fsp_3_4: 0.098 fsp_4_5: 0.132 fsp_5_6: 0.096 fsp_6_7: 0.031 
(epoch: 13, iters: 776, time: 0.035) G_GAN: 1.061 G_L1: 0.268 G_SSIM: 0.138 H_L1: 0.148 H_SSIM: 0.433 D_real: 0.030 D_fake: 0.007 att_A: 0.667 L_hall: 0.054 L_inter: 0.000 L_intra: 0.000 L_fsp: 0.535 fsp_3_4: 0.123 fsp_4_5: 0.154 fsp_5_6: 0.157 fsp_6_7: 0.101 
(epoch: 13, iters: 876, time: 0.034) G_GAN: 0.832 G_L1: 0.336 G_SSIM: 0.274 H_L1: 0.147 H_SSIM: 0.504 D_real: 0.025 D_fake: 0.022 att_A: 0.710 L_hall: 0.051 L_inter: 0.000 L_intra: 0.000 L_fsp: 0.485 fsp_3_4: 0.137 fsp_4_5: 0.143 fsp_5_6: 0.135 fsp_6_7: 0.070 
(epoch: 13, iters: 976, time: 0.056) G_GAN: 0.266 G_L1: 0.178 G_SSIM: 0.069 H_L1: 0.186 H_SSIM: 0.392 D_real: 0.069 D_fake: 0.257 att_A: 0.310 L_hall: 0.042 L_inter: 0.000 L_intra: 0.000 L_fsp: 0.320 fsp_3_4: 0.098 fsp_4_5: 0.110 fsp_5_6: 0.080 fsp_6_7: 0.032 
(epoch: 13, iters: 1076, time: 0.033) G_GAN: 0.958 G_L1: 0.347 G_SSIM: 0.256 H_L1: 0.167 H_SSIM: 0.524 D_real: 0.015 D_fake: 0.009 att_A: 0.698 L_hall: 0.054 L_inter: 0.000 L_intra: 0.000 L_fsp: 0.497 fsp_3_4: 0.116 fsp_4_5: 0.151 fsp_5_6: 0.162 fsp_6_7: 0.068 
(epoch: 13, iters: 1176, time: 0.033) G_GAN: 0.556 G_L1: 0.204 G_SSIM: 0.108 H_L1: 0.144 H_SSIM: 0.388 D_real: 0.020 D_fake: 0.085 att_A: 0.488 L_hall: 0.047 L_inter: 0.000 L_intra: 0.000 L_fsp: 0.355 fsp_3_4: 0.073 fsp_4_5: 0.136 fsp_5_6: 0.122 fsp_6_7: 0.024 
(epoch: 13, iters: 1276, time: 0.035) G_GAN: 0.943 G_L1: 0.265 G_SSIM: 0.129 H_L1: 0.082 H_SSIM: 0.326 D_real: 0.443 D_fake: 0.014 att_A: 0.833 L_hall: 0.066 L_inter: 0.000 L_intra: 0.000 L_fsp: 0.997 fsp_3_4: 0.248 fsp_4_5: 0.228 fsp_5_6: 0.219 fsp_6_7: 0.301 
(epoch: 13, iters: 1376, time: 0.035) G_GAN: 0.998 G_L1: 0.511 G_SSIM: 0.237 H_L1: 0.162 H_SSIM: 0.449 D_real: 0.024 D_fake: 0.015 att_A: 0.600 L_hall: 0.044 L_inter: 0.000 L_intra: 0.000 L_fsp: 0.433 fsp_3_4: 0.114 fsp_4_5: 0.132 fsp_5_6: 0.113 fsp_6_7: 0.074 
(epoch: 13, iters: 1476, time: 0.081) G_GAN: 0.716 G_L1: 0.168 G_SSIM: 0.061 H_L1: 0.115 H_SSIM: 0.297 D_real: 0.014 D_fake: 0.403 att_A: 0.864 L_hall: 0.060 L_inter: 0.000 L_intra: 0.000 L_fsp: 0.616 fsp_3_4: 0.131 fsp_4_5: 0.150 fsp_5_6: 0.172 fsp_6_7: 0.163 
(epoch: 13, iters: 1576, time: 0.034) G_GAN: 0.759 G_L1: 0.140 G_SSIM: 0.063 H_L1: 0.104 H_SSIM: 0.239 D_real: 0.289 D_fake: 0.016 att_A: 0.703 L_hall: 0.039 L_inter: 0.000 L_intra: 0.000 L_fsp: 0.360 fsp_3_4: 0.092 fsp_4_5: 0.137 fsp_5_6: 0.090 fsp_6_7: 0.041 
(epoch: 13, iters: 1676, time: 0.034) G_GAN: 0.992 G_L1: 0.310 G_SSIM: 0.207 H_L1: 0.151 H_SSIM: 0.432 D_real: 0.014 D_fake: 0.016 att_A: 0.557 L_hall: 0.045 L_inter: 0.000 L_intra: 0.000 L_fsp: 0.372 fsp_3_4: 0.086 fsp_4_5: 0.116 fsp_5_6: 0.097 fsp_6_7: 0.074 
(epoch: 13, iters: 1776, time: 0.035) G_GAN: 1.054 G_L1: 0.283 G_SSIM: 0.141 H_L1: 0.153 H_SSIM: 0.366 D_real: 0.065 D_fake: 0.014 att_A: 0.375 L_hall: 0.041 L_inter: 0.000 L_intra: 0.000 L_fsp: 0.299 fsp_3_4: 0.083 fsp_4_5: 0.123 fsp_5_6: 0.076 fsp_6_7: 0.016 
(epoch: 13, iters: 1876, time: 0.034) G_GAN: 0.724 G_L1: 0.246 G_SSIM: 0.130 H_L1: 0.187 H_SSIM: 0.508 D_real: 0.017 D_fake: 0.048 att_A: 0.559 L_hall: 0.051 L_inter: 0.000 L_intra: 0.000 L_fsp: 0.469 fsp_3_4: 0.094 fsp_4_5: 0.188 fsp_5_6: 0.159 fsp_6_7: 0.027 
(epoch: 13, iters: 1976, time: 0.057) G_GAN: 0.677 G_L1: 0.256 G_SSIM: 0.174 H_L1: 0.158 H_SSIM: 0.356 D_real: 0.077 D_fake: 0.012 att_A: 0.556 L_hall: 0.042 L_inter: 0.000 L_intra: 0.000 L_fsp: 0.312 fsp_3_4: 0.063 fsp_4_5: 0.114 fsp_5_6: 0.085 fsp_6_7: 0.050 
(epoch: 13, iters: 2076, time: 0.034) G_GAN: 0.941 G_L1: 0.337 G_SSIM: 0.177 H_L1: 0.139 H_SSIM: 0.366 D_real: 0.028 D_fake: 0.010 att_A: 0.611 L_hall: 0.044 L_inter: 0.000 L_intra: 0.000 L_fsp: 0.343 fsp_3_4: 0.070 fsp_4_5: 0.109 fsp_5_6: 0.127 fsp_6_7: 0.038 
(epoch: 13, iters: 2176, time: 0.034) G_GAN: 0.796 G_L1: 0.233 G_SSIM: 0.095 H_L1: 0.125 H_SSIM: 0.291 D_real: 0.201 D_fake: 0.050 att_A: 0.352 L_hall: 0.045 L_inter: 0.000 L_intra: 0.000 L_fsp: 0.384 fsp_3_4: 0.142 fsp_4_5: 0.130 fsp_5_6: 0.073 fsp_6_7: 0.040 
(epoch: 13, iters: 2276, time: 0.033) G_GAN: 1.056 G_L1: 0.387 G_SSIM: 0.298 H_L1: 0.185 H_SSIM: 0.484 D_real: 0.038 D_fake: 0.047 att_A: 0.792 L_hall: 0.058 L_inter: 0.000 L_intra: 0.000 L_fsp: 0.607 fsp_3_4: 0.129 fsp_4_5: 0.202 fsp_5_6: 0.161 fsp_6_7: 0.114 
(epoch: 13, iters: 2376, time: 0.034) G_GAN: 1.072 G_L1: 0.406 G_SSIM: 0.269 H_L1: 0.206 H_SSIM: 0.385 D_real: 0.020 D_fake: 0.005 att_A: 0.950 L_hall: 0.062 L_inter: 0.000 L_intra: 0.000 L_fsp: 0.601 fsp_3_4: 0.170 fsp_4_5: 0.179 fsp_5_6: 0.181 fsp_6_7: 0.070 
(epoch: 13, iters: 2476, time: 0.053) G_GAN: 0.769 G_L1: 0.404 G_SSIM: 0.303 H_L1: 0.128 H_SSIM: 0.433 D_real: 0.084 D_fake: 0.076 att_A: 0.883 L_hall: 0.063 L_inter: 0.000 L_intra: 0.000 L_fsp: 0.952 fsp_3_4: 0.164 fsp_4_5: 0.242 fsp_5_6: 0.268 fsp_6_7: 0.278 
(epoch: 13, iters: 2576, time: 0.034) G_GAN: 1.070 G_L1: 0.333 G_SSIM: 0.243 H_L1: 0.124 H_SSIM: 0.419 D_real: 0.009 D_fake: 0.009 att_A: 0.650 L_hall: 0.050 L_inter: 0.000 L_intra: 0.000 L_fsp: 0.447 fsp_3_4: 0.092 fsp_4_5: 0.136 fsp_5_6: 0.144 fsp_6_7: 0.076 
(epoch: 13, iters: 2676, time: 0.034) G_GAN: 0.856 G_L1: 0.226 G_SSIM: 0.114 H_L1: 0.128 H_SSIM: 0.358 D_real: 0.008 D_fake: 0.016 att_A: 0.641 L_hall: 0.051 L_inter: 0.000 L_intra: 0.000 L_fsp: 0.529 fsp_3_4: 0.165 fsp_4_5: 0.167 fsp_5_6: 0.170 fsp_6_7: 0.026 
(epoch: 13, iters: 2776, time: 0.034) G_GAN: 1.357 G_L1: 0.094 G_SSIM: 0.016 H_L1: 0.160 H_SSIM: 0.302 D_real: 0.208 D_fake: 0.040 att_A: 0.485 L_hall: 0.031 L_inter: 0.000 L_intra: 0.000 L_fsp: 0.418 fsp_3_4: 0.075 fsp_4_5: 0.124 fsp_5_6: 0.129 fsp_6_7: 0.090 
(epoch: 13, iters: 2876, time: 0.033) G_GAN: 1.298 G_L1: 0.361 G_SSIM: 0.272 H_L1: 0.131 H_SSIM: 0.446 D_real: 0.011 D_fake: 0.031 att_A: 0.572 L_hall: 0.045 L_inter: 0.000 L_intra: 0.000 L_fsp: 0.363 fsp_3_4: 0.112 fsp_4_5: 0.128 fsp_5_6: 0.084 fsp_6_7: 0.039 
(epoch: 13, iters: 2976, time: 0.054) G_GAN: 0.877 G_L1: 0.254 G_SSIM: 0.160 H_L1: 0.168 H_SSIM: 0.391 D_real: 0.021 D_fake: 0.010 att_A: 0.405 L_hall: 0.043 L_inter: 0.000 L_intra: 0.000 L_fsp: 0.261 fsp_3_4: 0.100 fsp_4_5: 0.078 fsp_5_6: 0.065 fsp_6_7: 0.019 
(epoch: 13, iters: 3076, time: 0.034) G_GAN: 0.963 G_L1: 0.239 G_SSIM: 0.113 H_L1: 0.150 H_SSIM: 0.398 D_real: 0.013 D_fake: 0.242 att_A: 0.464 L_hall: 0.046 L_inter: 0.000 L_intra: 0.000 L_fsp: 0.392 fsp_3_4: 0.105 fsp_4_5: 0.146 fsp_5_6: 0.115 fsp_6_7: 0.025 
(epoch: 13, iters: 3176, time: 0.034) G_GAN: 0.747 G_L1: 0.558 G_SSIM: 0.462 H_L1: 0.232 H_SSIM: 0.518 D_real: 0.046 D_fake: 0.615 att_A: 0.960 L_hall: 0.058 L_inter: 0.000 L_intra: 0.000 L_fsp: 0.471 fsp_3_4: 0.109 fsp_4_5: 0.150 fsp_5_6: 0.167 fsp_6_7: 0.045 
(epoch: 13, iters: 3276, time: 0.034) G_GAN: 1.035 G_L1: 0.284 G_SSIM: 0.222 H_L1: 0.150 H_SSIM: 0.417 D_real: 0.089 D_fake: 0.017 att_A: 0.433 L_hall: 0.051 L_inter: 0.000 L_intra: 0.000 L_fsp: 0.396 fsp_3_4: 0.114 fsp_4_5: 0.164 fsp_5_6: 0.092 fsp_6_7: 0.027 
(epoch: 13, iters: 3376, time: 0.035) G_GAN: 1.154 G_L1: 0.480 G_SSIM: 0.300 H_L1: 0.152 H_SSIM: 0.433 D_real: 0.009 D_fake: 0.007 att_A: 0.896 L_hall: 0.058 L_inter: 0.000 L_intra: 0.000 L_fsp: 0.561 fsp_3_4: 0.184 fsp_4_5: 0.217 fsp_5_6: 0.124 fsp_6_7: 0.036 
(epoch: 13, iters: 3476, time: 0.050) G_GAN: 0.963 G_L1: 0.361 G_SSIM: 0.228 H_L1: 0.143 H_SSIM: 0.458 D_real: 0.007 D_fake: 0.007 att_A: 0.744 L_hall: 0.052 L_inter: 0.000 L_intra: 0.000 L_fsp: 0.543 fsp_3_4: 0.128 fsp_4_5: 0.148 fsp_5_6: 0.171 fsp_6_7: 0.095 
(epoch: 13, iters: 3576, time: 0.034) G_GAN: 0.224 G_L1: 0.053 G_SSIM: 0.001 H_L1: 0.074 H_SSIM: 0.300 D_real: 0.034 D_fake: 0.005 att_A: 0.787 L_hall: 0.047 L_inter: 0.000 L_intra: 0.000 L_fsp: 0.718 fsp_3_4: 0.170 fsp_4_5: 0.184 fsp_5_6: 0.247 fsp_6_7: 0.118 
(epoch: 13, iters: 3676, time: 0.033) G_GAN: 1.338 G_L1: 0.112 G_SSIM: 0.011 H_L1: 0.167 H_SSIM: 0.287 D_real: 0.040 D_fake: 0.034 att_A: 0.367 L_hall: 0.052 L_inter: 0.000 L_intra: 0.000 L_fsp: 0.583 fsp_3_4: 0.089 fsp_4_5: 0.129 fsp_5_6: 0.219 fsp_6_7: 0.146 
(epoch: 13, iters: 3776, time: 0.034) G_GAN: 1.211 G_L1: 0.332 G_SSIM: 0.306 H_L1: 0.152 H_SSIM: 0.508 D_real: 0.060 D_fake: 0.247 att_A: 0.700 L_hall: 0.057 L_inter: 0.000 L_intra: 0.000 L_fsp: 0.500 fsp_3_4: 0.116 fsp_4_5: 0.167 fsp_5_6: 0.177 fsp_6_7: 0.040 
(epoch: 13, iters: 3876, time: 0.034) G_GAN: 1.093 G_L1: 0.368 G_SSIM: 0.365 H_L1: 0.168 H_SSIM: 0.516 D_real: 0.025 D_fake: 0.012 att_A: 0.820 L_hall: 0.053 L_inter: 0.000 L_intra: 0.000 L_fsp: 0.446 fsp_3_4: 0.123 fsp_4_5: 0.141 fsp_5_6: 0.142 fsp_6_7: 0.039 
(epoch: 13, iters: 3976, time: 0.069) G_GAN: 1.150 G_L1: 0.097 G_SSIM: 0.034 H_L1: 0.085 H_SSIM: 0.307 D_real: 0.058 D_fake: 0.014 att_A: 0.803 L_hall: 0.047 L_inter: 0.000 L_intra: 0.000 L_fsp: 0.392 fsp_3_4: 0.088 fsp_4_5: 0.113 fsp_5_6: 0.138 fsp_6_7: 0.054 
(epoch: 13, iters: 4076, time: 0.034) G_GAN: 0.929 G_L1: 0.293 G_SSIM: 0.287 H_L1: 0.131 H_SSIM: 0.509 D_real: 0.016 D_fake: 0.013 att_A: 0.739 L_hall: 0.052 L_inter: 0.000 L_intra: 0.000 L_fsp: 0.465 fsp_3_4: 0.109 fsp_4_5: 0.148 fsp_5_6: 0.168 fsp_6_7: 0.040 
(epoch: 13, iters: 4176, time: 0.034) G_GAN: 0.884 G_L1: 0.492 G_SSIM: 0.430 H_L1: 0.194 H_SSIM: 0.572 D_real: 0.007 D_fake: 0.011 att_A: 0.885 L_hall: 0.054 L_inter: 0.000 L_intra: 0.000 L_fsp: 0.611 fsp_3_4: 0.106 fsp_4_5: 0.194 fsp_5_6: 0.172 fsp_6_7: 0.138 
(epoch: 13, iters: 4276, time: 0.034) G_GAN: 0.957 G_L1: 0.219 G_SSIM: 0.151 H_L1: 0.156 H_SSIM: 0.359 D_real: 0.088 D_fake: 0.020 att_A: 0.456 L_hall: 0.040 L_inter: 0.000 L_intra: 0.000 L_fsp: 0.265 fsp_3_4: 0.082 fsp_4_5: 0.091 fsp_5_6: 0.071 fsp_6_7: 0.022 
(epoch: 13, iters: 4376, time: 0.033) G_GAN: 0.054 G_L1: 0.040 G_SSIM: 0.013 H_L1: 0.089 H_SSIM: 0.311 D_real: 0.016 D_fake: 0.679 att_A: 0.443 L_hall: 0.051 L_inter: 0.000 L_intra: 0.000 L_fsp: 0.593 fsp_3_4: 0.111 fsp_4_5: 0.202 fsp_5_6: 0.185 fsp_6_7: 0.094 
(epoch: 13, iters: 4476, time: 0.055) G_GAN: 0.971 G_L1: 0.594 G_SSIM: 0.552 H_L1: 0.199 H_SSIM: 0.637 D_real: 0.037 D_fake: 0.005 att_A: 0.960 L_hall: 0.058 L_inter: 0.000 L_intra: 0.000 L_fsp: 0.497 fsp_3_4: 0.114 fsp_4_5: 0.204 fsp_5_6: 0.118 fsp_6_7: 0.060 
(epoch: 13, iters: 4576, time: 0.033) G_GAN: 1.205 G_L1: 0.342 G_SSIM: 0.277 H_L1: 0.163 H_SSIM: 0.534 D_real: 0.040 D_fake: 0.035 att_A: 0.687 L_hall: 0.053 L_inter: 0.000 L_intra: 0.000 L_fsp: 0.410 fsp_3_4: 0.126 fsp_4_5: 0.140 fsp_5_6: 0.096 fsp_6_7: 0.049 
(epoch: 13, iters: 4676, time: 0.035) G_GAN: 0.947 G_L1: 0.259 G_SSIM: 0.214 H_L1: 0.158 H_SSIM: 0.417 D_real: 0.091 D_fake: 0.007 att_A: 0.581 L_hall: 0.046 L_inter: 0.000 L_intra: 0.000 L_fsp: 0.378 fsp_3_4: 0.104 fsp_4_5: 0.128 fsp_5_6: 0.101 fsp_6_7: 0.045 
(epoch: 13, iters: 4776, time: 0.034) G_GAN: 1.169 G_L1: 0.391 G_SSIM: 0.265 H_L1: 0.155 H_SSIM: 0.434 D_real: 0.024 D_fake: 0.053 att_A: 0.643 L_hall: 0.048 L_inter: 0.000 L_intra: 0.000 L_fsp: 0.422 fsp_3_4: 0.115 fsp_4_5: 0.161 fsp_5_6: 0.118 fsp_6_7: 0.028 
(epoch: 13, iters: 4876, time: 0.034) G_GAN: 1.024 G_L1: 0.363 G_SSIM: 0.203 H_L1: 0.145 H_SSIM: 0.406 D_real: 0.159 D_fake: 0.009 att_A: 0.844 L_hall: 0.056 L_inter: 0.000 L_intra: 0.000 L_fsp: 0.673 fsp_3_4: 0.129 fsp_4_5: 0.207 fsp_5_6: 0.186 fsp_6_7: 0.151 
(epoch: 13, iters: 4976, time: 0.054) G_GAN: 0.865 G_L1: 0.264 G_SSIM: 0.193 H_L1: 0.167 H_SSIM: 0.451 D_real: 0.014 D_fake: 0.020 att_A: 0.716 L_hall: 0.058 L_inter: 0.000 L_intra: 0.000 L_fsp: 0.608 fsp_3_4: 0.137 fsp_4_5: 0.212 fsp_5_6: 0.183 fsp_6_7: 0.077 
(epoch: 13, iters: 5076, time: 0.034) G_GAN: 0.945 G_L1: 0.376 G_SSIM: 0.228 H_L1: 0.179 H_SSIM: 0.344 D_real: 0.077 D_fake: 0.011 att_A: 0.478 L_hall: 0.049 L_inter: 0.000 L_intra: 0.000 L_fsp: 0.611 fsp_3_4: 0.170 fsp_4_5: 0.200 fsp_5_6: 0.145 fsp_6_7: 0.097 
(epoch: 13, iters: 5176, time: 0.034) G_GAN: 1.420 G_L1: 0.333 G_SSIM: 0.123 H_L1: 0.114 H_SSIM: 0.274 D_real: 0.037 D_fake: 0.044 att_A: 0.689 L_hall: 0.049 L_inter: 0.000 L_intra: 0.000 L_fsp: 0.616 fsp_3_4: 0.117 fsp_4_5: 0.150 fsp_5_6: 0.168 fsp_6_7: 0.181 
(epoch: 13, iters: 5276, time: 0.035) G_GAN: 0.987 G_L1: 0.182 G_SSIM: 0.108 H_L1: 0.130 H_SSIM: 0.380 D_real: 0.008 D_fake: 0.009 att_A: 0.538 L_hall: 0.048 L_inter: 0.000 L_intra: 0.000 L_fsp: 0.476 fsp_3_4: 0.117 fsp_4_5: 0.174 fsp_5_6: 0.139 fsp_6_7: 0.046 
(epoch: 13, iters: 5376, time: 0.033) G_GAN: 0.934 G_L1: 0.175 G_SSIM: 0.120 H_L1: 0.105 H_SSIM: 0.387 D_real: 0.018 D_fake: 0.012 att_A: 0.801 L_hall: 0.059 L_inter: 0.000 L_intra: 0.000 L_fsp: 0.640 fsp_3_4: 0.126 fsp_4_5: 0.177 fsp_5_6: 0.166 fsp_6_7: 0.172 
(epoch: 13, iters: 5476, time: 0.051) G_GAN: 0.964 G_L1: 0.267 G_SSIM: 0.166 H_L1: 0.185 H_SSIM: 0.399 D_real: 0.015 D_fake: 0.468 att_A: 0.803 L_hall: 0.051 L_inter: 0.000 L_intra: 0.000 L_fsp: 0.493 fsp_3_4: 0.118 fsp_4_5: 0.172 fsp_5_6: 0.161 fsp_6_7: 0.042 
saving the latest model (epoch 13, total_steps 115000)
(epoch: 13, iters: 5576, time: 0.034) G_GAN: 0.980 G_L1: 0.364 G_SSIM: 0.211 H_L1: 0.132 H_SSIM: 0.384 D_real: 0.014 D_fake: 0.014 att_A: 0.572 L_hall: 0.046 L_inter: 0.000 L_intra: 0.000 L_fsp: 0.358 fsp_3_4: 0.114 fsp_4_5: 0.121 fsp_5_6: 0.067 fsp_6_7: 0.056 
(epoch: 13, iters: 5676, time: 0.034) G_GAN: 0.669 G_L1: 0.202 G_SSIM: 0.127 H_L1: 0.119 H_SSIM: 0.353 D_real: 0.012 D_fake: 0.049 att_A: 0.381 L_hall: 0.048 L_inter: 0.000 L_intra: 0.000 L_fsp: 0.366 fsp_3_4: 0.100 fsp_4_5: 0.159 fsp_5_6: 0.084 fsp_6_7: 0.023 
(epoch: 13, iters: 5776, time: 0.035) G_GAN: 0.943 G_L1: 0.502 G_SSIM: 0.422 H_L1: 0.211 H_SSIM: 0.616 D_real: 0.019 D_fake: 0.012 att_A: 0.832 L_hall: 0.059 L_inter: 0.000 L_intra: 0.000 L_fsp: 0.559 fsp_3_4: 0.111 fsp_4_5: 0.191 fsp_5_6: 0.189 fsp_6_7: 0.068 
(epoch: 13, iters: 5876, time: 0.034) G_GAN: 1.083 G_L1: 0.088 G_SSIM: 0.035 H_L1: 0.093 H_SSIM: 0.252 D_real: 0.124 D_fake: 0.012 att_A: 0.653 L_hall: 0.055 L_inter: 0.000 L_intra: 0.000 L_fsp: 0.555 fsp_3_4: 0.104 fsp_4_5: 0.169 fsp_5_6: 0.209 fsp_6_7: 0.073 
(epoch: 13, iters: 5976, time: 0.060) G_GAN: 0.927 G_L1: 0.314 G_SSIM: 0.211 H_L1: 0.131 H_SSIM: 0.431 D_real: 0.008 D_fake: 0.006 att_A: 0.780 L_hall: 0.050 L_inter: 0.000 L_intra: 0.000 L_fsp: 0.450 fsp_3_4: 0.104 fsp_4_5: 0.133 fsp_5_6: 0.095 fsp_6_7: 0.117 
(epoch: 13, iters: 6076, time: 0.034) G_GAN: 0.732 G_L1: 0.307 G_SSIM: 0.270 H_L1: 0.082 H_SSIM: 0.396 D_real: 0.030 D_fake: 0.251 att_A: 0.923 L_hall: 0.053 L_inter: 0.000 L_intra: 0.000 L_fsp: 0.737 fsp_3_4: 0.211 fsp_4_5: 0.161 fsp_5_6: 0.166 fsp_6_7: 0.198 
(epoch: 13, iters: 6176, time: 0.034) G_GAN: 1.148 G_L1: 0.312 G_SSIM: 0.247 H_L1: 0.120 H_SSIM: 0.423 D_real: 0.094 D_fake: 0.029 att_A: 0.639 L_hall: 0.048 L_inter: 0.000 L_intra: 0.000 L_fsp: 0.416 fsp_3_4: 0.117 fsp_4_5: 0.166 fsp_5_6: 0.111 fsp_6_7: 0.022 
(epoch: 13, iters: 6276, time: 0.035) G_GAN: 1.010 G_L1: 0.305 G_SSIM: 0.290 H_L1: 0.153 H_SSIM: 0.540 D_real: 0.012 D_fake: 0.026 att_A: 0.698 L_hall: 0.053 L_inter: 0.000 L_intra: 0.000 L_fsp: 0.448 fsp_3_4: 0.110 fsp_4_5: 0.145 fsp_5_6: 0.120 fsp_6_7: 0.073 
(epoch: 13, iters: 6376, time: 0.034) G_GAN: 0.988 G_L1: 0.283 G_SSIM: 0.198 H_L1: 0.163 H_SSIM: 0.406 D_real: 0.014 D_fake: 0.008 att_A: 0.458 L_hall: 0.042 L_inter: 0.000 L_intra: 0.000 L_fsp: 0.281 fsp_3_4: 0.090 fsp_4_5: 0.093 fsp_5_6: 0.063 fsp_6_7: 0.035 
(epoch: 13, iters: 6476, time: 0.065) G_GAN: 1.225 G_L1: 0.226 G_SSIM: 0.078 H_L1: 0.118 H_SSIM: 0.266 D_real: 0.135 D_fake: 0.025 att_A: 0.685 L_hall: 0.053 L_inter: 0.000 L_intra: 0.000 L_fsp: 0.611 fsp_3_4: 0.110 fsp_4_5: 0.164 fsp_5_6: 0.163 fsp_6_7: 0.174 
(epoch: 13, iters: 6576, time: 0.034) G_GAN: 0.663 G_L1: 0.248 G_SSIM: 0.135 H_L1: 0.118 H_SSIM: 0.399 D_real: 0.009 D_fake: 0.110 att_A: 0.718 L_hall: 0.049 L_inter: 0.000 L_intra: 0.000 L_fsp: 0.431 fsp_3_4: 0.099 fsp_4_5: 0.114 fsp_5_6: 0.128 fsp_6_7: 0.091 
(epoch: 13, iters: 6676, time: 0.034) G_GAN: 0.763 G_L1: 0.095 G_SSIM: 0.027 H_L1: 0.094 H_SSIM: 0.307 D_real: 0.041 D_fake: 0.014 att_A: 0.622 L_hall: 0.052 L_inter: 0.000 L_intra: 0.000 L_fsp: 0.463 fsp_3_4: 0.101 fsp_4_5: 0.151 fsp_5_6: 0.148 fsp_6_7: 0.063 
(epoch: 13, iters: 6776, time: 0.034) G_GAN: 0.346 G_L1: 0.180 G_SSIM: 0.083 H_L1: 0.167 H_SSIM: 0.371 D_real: 0.073 D_fake: 0.462 att_A: 0.308 L_hall: 0.041 L_inter: 0.000 L_intra: 0.000 L_fsp: 0.249 fsp_3_4: 0.085 fsp_4_5: 0.088 fsp_5_6: 0.054 fsp_6_7: 0.022 
(epoch: 13, iters: 6876, time: 0.034) G_GAN: 0.926 G_L1: 0.324 G_SSIM: 0.321 H_L1: 0.135 H_SSIM: 0.508 D_real: 0.008 D_fake: 0.007 att_A: 0.749 L_hall: 0.054 L_inter: 0.000 L_intra: 0.000 L_fsp: 0.442 fsp_3_4: 0.135 fsp_4_5: 0.162 fsp_5_6: 0.122 fsp_6_7: 0.023 
(epoch: 13, iters: 6976, time: 0.053) G_GAN: 1.122 G_L1: 0.414 G_SSIM: 0.280 H_L1: 0.111 H_SSIM: 0.419 D_real: 0.057 D_fake: 0.008 att_A: 0.901 L_hall: 0.058 L_inter: 0.000 L_intra: 0.000 L_fsp: 0.539 fsp_3_4: 0.139 fsp_4_5: 0.138 fsp_5_6: 0.162 fsp_6_7: 0.099 
(epoch: 13, iters: 7076, time: 0.034) G_GAN: 0.963 G_L1: 0.531 G_SSIM: 0.260 H_L1: 0.150 H_SSIM: 0.476 D_real: 0.015 D_fake: 0.086 att_A: 0.654 L_hall: 0.046 L_inter: 0.000 L_intra: 0.000 L_fsp: 0.385 fsp_3_4: 0.104 fsp_4_5: 0.126 fsp_5_6: 0.137 fsp_6_7: 0.017 
(epoch: 13, iters: 7176, time: 0.034) G_GAN: 1.171 G_L1: 0.224 G_SSIM: 0.125 H_L1: 0.130 H_SSIM: 0.389 D_real: 0.015 D_fake: 0.016 att_A: 0.662 L_hall: 0.053 L_inter: 0.000 L_intra: 0.000 L_fsp: 0.495 fsp_3_4: 0.111 fsp_4_5: 0.183 fsp_5_6: 0.127 fsp_6_7: 0.074 
(epoch: 13, iters: 7276, time: 0.033) G_GAN: 0.727 G_L1: 0.538 G_SSIM: 0.357 H_L1: 0.156 H_SSIM: 0.492 D_real: 0.029 D_fake: 0.062 att_A: 0.545 L_hall: 0.045 L_inter: 0.000 L_intra: 0.000 L_fsp: 0.433 fsp_3_4: 0.116 fsp_4_5: 0.128 fsp_5_6: 0.108 fsp_6_7: 0.081 
(epoch: 13, iters: 7376, time: 0.034) G_GAN: 0.861 G_L1: 0.358 G_SSIM: 0.298 H_L1: 0.125 H_SSIM: 0.445 D_real: 0.014 D_fake: 0.013 att_A: 0.764 L_hall: 0.049 L_inter: 0.000 L_intra: 0.000 L_fsp: 0.521 fsp_3_4: 0.124 fsp_4_5: 0.131 fsp_5_6: 0.174 fsp_6_7: 0.091 
(epoch: 13, iters: 7476, time: 0.059) G_GAN: 1.190 G_L1: 0.467 G_SSIM: 0.075 H_L1: 0.096 H_SSIM: 0.236 D_real: 0.032 D_fake: 0.017 att_A: 0.969 L_hall: 0.064 L_inter: 0.000 L_intra: 0.000 L_fsp: 0.747 fsp_3_4: 0.144 fsp_4_5: 0.173 fsp_5_6: 0.223 fsp_6_7: 0.207 
(epoch: 13, iters: 7576, time: 0.033) G_GAN: 0.385 G_L1: 0.194 G_SSIM: 0.124 H_L1: 0.120 H_SSIM: 0.341 D_real: 0.010 D_fake: 0.010 att_A: 0.427 L_hall: 0.048 L_inter: 0.000 L_intra: 0.000 L_fsp: 0.423 fsp_3_4: 0.115 fsp_4_5: 0.164 fsp_5_6: 0.112 fsp_6_7: 0.033 
(epoch: 13, iters: 7676, time: 0.035) G_GAN: 0.160 G_L1: 0.229 G_SSIM: 0.158 H_L1: 0.129 H_SSIM: 0.360 D_real: 0.024 D_fake: 0.062 att_A: 0.382 L_hall: 0.041 L_inter: 0.000 L_intra: 0.000 L_fsp: 0.268 fsp_3_4: 0.068 fsp_4_5: 0.100 fsp_5_6: 0.079 fsp_6_7: 0.021 
(epoch: 13, iters: 7776, time: 0.035) G_GAN: 0.968 G_L1: 0.300 G_SSIM: 0.208 H_L1: 0.128 H_SSIM: 0.400 D_real: 0.010 D_fake: 0.009 att_A: 0.540 L_hall: 0.042 L_inter: 0.000 L_intra: 0.000 L_fsp: 0.336 fsp_3_4: 0.083 fsp_4_5: 0.117 fsp_5_6: 0.090 fsp_6_7: 0.045 
(epoch: 13, iters: 7876, time: 0.034) G_GAN: 1.002 G_L1: 0.045 G_SSIM: 0.020 H_L1: 0.089 H_SSIM: 0.297 D_real: 0.089 D_fake: 0.016 att_A: 0.362 L_hall: 0.049 L_inter: 0.000 L_intra: 0.000 L_fsp: 0.463 fsp_3_4: 0.073 fsp_4_5: 0.142 fsp_5_6: 0.167 fsp_6_7: 0.082 
(epoch: 13, iters: 7976, time: 0.049) G_GAN: 0.862 G_L1: 0.347 G_SSIM: 0.248 H_L1: 0.136 H_SSIM: 0.465 D_real: 0.283 D_fake: 0.022 att_A: 0.603 L_hall: 0.052 L_inter: 0.000 L_intra: 0.000 L_fsp: 0.527 fsp_3_4: 0.131 fsp_4_5: 0.180 fsp_5_6: 0.145 fsp_6_7: 0.070 
(epoch: 13, iters: 8076, time: 0.035) G_GAN: 0.232 G_L1: 0.195 G_SSIM: 0.098 H_L1: 0.140 H_SSIM: 0.367 D_real: 0.053 D_fake: 0.288 att_A: 0.476 L_hall: 0.042 L_inter: 0.000 L_intra: 0.000 L_fsp: 0.418 fsp_3_4: 0.096 fsp_4_5: 0.156 fsp_5_6: 0.103 fsp_6_7: 0.063 
(epoch: 13, iters: 8176, time: 0.036) G_GAN: 0.906 G_L1: 0.049 G_SSIM: 0.018 H_L1: 0.089 H_SSIM: 0.296 D_real: 0.184 D_fake: 0.019 att_A: 0.358 L_hall: 0.049 L_inter: 0.000 L_intra: 0.000 L_fsp: 0.447 fsp_3_4: 0.082 fsp_4_5: 0.153 fsp_5_6: 0.175 fsp_6_7: 0.037 
(epoch: 13, iters: 8276, time: 0.034) G_GAN: 1.023 G_L1: 0.273 G_SSIM: 0.136 H_L1: 0.129 H_SSIM: 0.298 D_real: 0.095 D_fake: 0.003 att_A: 0.562 L_hall: 0.039 L_inter: 0.000 L_intra: 0.000 L_fsp: 0.334 fsp_3_4: 0.088 fsp_4_5: 0.116 fsp_5_6: 0.110 fsp_6_7: 0.020 
(epoch: 13, iters: 8376, time: 0.035) G_GAN: 0.880 G_L1: 0.277 G_SSIM: 0.203 H_L1: 0.154 H_SSIM: 0.402 D_real: 0.013 D_fake: 0.010 att_A: 0.347 L_hall: 0.043 L_inter: 0.000 L_intra: 0.000 L_fsp: 0.355 fsp_3_4: 0.101 fsp_4_5: 0.122 fsp_5_6: 0.096 fsp_6_7: 0.037 
(epoch: 13, iters: 8476, time: 0.094) G_GAN: 0.961 G_L1: 0.410 G_SSIM: 0.267 H_L1: 0.168 H_SSIM: 0.453 D_real: 0.017 D_fake: 0.004 att_A: 0.587 L_hall: 0.047 L_inter: 0.000 L_intra: 0.000 L_fsp: 0.432 fsp_3_4: 0.094 fsp_4_5: 0.128 fsp_5_6: 0.139 fsp_6_7: 0.070 
(epoch: 13, iters: 8576, time: 0.034) G_GAN: 1.001 G_L1: 0.355 G_SSIM: 0.348 H_L1: 0.171 H_SSIM: 0.576 D_real: 0.009 D_fake: 0.005 att_A: 0.759 L_hall: 0.052 L_inter: 0.000 L_intra: 0.000 L_fsp: 0.413 fsp_3_4: 0.109 fsp_4_5: 0.128 fsp_5_6: 0.139 fsp_6_7: 0.038 
(epoch: 13, iters: 8676, time: 0.035) G_GAN: 0.870 G_L1: 0.336 G_SSIM: 0.246 H_L1: 0.131 H_SSIM: 0.435 D_real: 0.028 D_fake: 0.030 att_A: 0.797 L_hall: 0.053 L_inter: 0.000 L_intra: 0.000 L_fsp: 0.478 fsp_3_4: 0.136 fsp_4_5: 0.164 fsp_5_6: 0.138 fsp_6_7: 0.041 
(epoch: 13, iters: 8776, time: 0.035) G_GAN: 1.026 G_L1: 0.315 G_SSIM: 0.252 H_L1: 0.149 H_SSIM: 0.494 D_real: 0.129 D_fake: 0.007 att_A: 0.725 L_hall: 0.052 L_inter: 0.000 L_intra: 0.000 L_fsp: 0.555 fsp_3_4: 0.121 fsp_4_5: 0.152 fsp_5_6: 0.194 fsp_6_7: 0.088 
(epoch: 13, iters: 8876, time: 0.036) G_GAN: 1.007 G_L1: 0.556 G_SSIM: 0.392 H_L1: 0.225 H_SSIM: 0.466 D_real: 0.048 D_fake: 0.007 att_A: 0.854 L_hall: 0.058 L_inter: 0.000 L_intra: 0.000 L_fsp: 0.576 fsp_3_4: 0.109 fsp_4_5: 0.166 fsp_5_6: 0.212 fsp_6_7: 0.089 
(epoch: 13, iters: 8976, time: 0.057) G_GAN: 1.197 G_L1: 0.454 G_SSIM: 0.399 H_L1: 0.151 H_SSIM: 0.574 D_real: 0.013 D_fake: 0.007 att_A: 0.619 L_hall: 0.040 L_inter: 0.000 L_intra: 0.000 L_fsp: 0.275 fsp_3_4: 0.078 fsp_4_5: 0.089 fsp_5_6: 0.085 fsp_6_7: 0.023 
(epoch: 13, iters: 9076, time: 0.034) G_GAN: 1.299 G_L1: 0.303 G_SSIM: 0.236 H_L1: 0.132 H_SSIM: 0.443 D_real: 0.026 D_fake: 0.029 att_A: 0.753 L_hall: 0.047 L_inter: 0.000 L_intra: 0.000 L_fsp: 0.488 fsp_3_4: 0.110 fsp_4_5: 0.169 fsp_5_6: 0.160 fsp_6_7: 0.049 
epoch 13  fsp_3_4:0.113106  fsp_3_4_degen:0.000000  fsp_4_5:0.144199  fsp_4_5_degen:0.000000  fsp_5_6:0.129942  fsp_5_6_degen:0.000000  fsp_6_7:0.064478  fsp_6_7_degen:0.000000
End of epoch 13 / 30 	 Time Taken: 498 sec
learning rate = 0.0002000
(epoch: 14, iters: 49, time: 0.037) G_GAN: 1.061 G_L1: 0.259 G_SSIM: 0.207 H_L1: 0.139 H_SSIM: 0.354 D_real: 0.015 D_fake: 0.267 att_A: 0.952 L_hall: 0.057 L_inter: 0.000 L_intra: 0.000 L_fsp: 0.420 fsp_3_4: 0.110 fsp_4_5: 0.106 fsp_5_6: 0.124 fsp_6_7: 0.079 
(epoch: 14, iters: 149, time: 0.036) G_GAN: 1.142 G_L1: 0.383 G_SSIM: 0.382 H_L1: 0.207 H_SSIM: 0.491 D_real: 0.012 D_fake: 0.012 att_A: 0.913 L_hall: 0.059 L_inter: 0.000 L_intra: 0.000 L_fsp: 0.577 fsp_3_4: 0.140 fsp_4_5: 0.208 fsp_5_6: 0.148 fsp_6_7: 0.080 
(epoch: 14, iters: 249, time: 0.035) G_GAN: 0.882 G_L1: 0.353 G_SSIM: 0.239 H_L1: 0.163 H_SSIM: 0.463 D_real: 0.020 D_fake: 0.030 att_A: 0.543 L_hall: 0.046 L_inter: 0.000 L_intra: 0.000 L_fsp: 0.340 fsp_3_4: 0.110 fsp_4_5: 0.125 fsp_5_6: 0.082 fsp_6_7: 0.022 
(epoch: 14, iters: 349, time: 0.058) G_GAN: 0.560 G_L1: 0.099 G_SSIM: 0.030 H_L1: 0.099 H_SSIM: 0.284 D_real: 0.019 D_fake: 0.004 att_A: 0.485 L_hall: 0.052 L_inter: 0.000 L_intra: 0.000 L_fsp: 0.581 fsp_3_4: 0.083 fsp_4_5: 0.170 fsp_5_6: 0.185 fsp_6_7: 0.143 
(epoch: 14, iters: 449, time: 0.033) G_GAN: 1.250 G_L1: 0.343 G_SSIM: 0.275 H_L1: 0.146 H_SSIM: 0.454 D_real: 0.036 D_fake: 0.084 att_A: 0.607 L_hall: 0.043 L_inter: 0.000 L_intra: 0.000 L_fsp: 0.346 fsp_3_4: 0.111 fsp_4_5: 0.123 fsp_5_6: 0.078 fsp_6_7: 0.035 
(epoch: 14, iters: 549, time: 0.034) G_GAN: 0.357 G_L1: 0.246 G_SSIM: 0.127 H_L1: 0.104 H_SSIM: 0.310 D_real: 0.079 D_fake: 0.174 att_A: 0.422 L_hall: 0.041 L_inter: 0.000 L_intra: 0.000 L_fsp: 0.391 fsp_3_4: 0.102 fsp_4_5: 0.123 fsp_5_6: 0.135 fsp_6_7: 0.031 
(epoch: 14, iters: 649, time: 0.034) G_GAN: 0.875 G_L1: 0.336 G_SSIM: 0.297 H_L1: 0.141 H_SSIM: 0.464 D_real: 0.019 D_fake: 0.013 att_A: 0.685 L_hall: 0.047 L_inter: 0.000 L_intra: 0.000 L_fsp: 0.481 fsp_3_4: 0.123 fsp_4_5: 0.180 fsp_5_6: 0.117 fsp_6_7: 0.061 
(epoch: 14, iters: 749, time: 0.034) G_GAN: 0.732 G_L1: 0.274 G_SSIM: 0.200 H_L1: 0.117 H_SSIM: 0.383 D_real: 0.018 D_fake: 0.039 att_A: 0.532 L_hall: 0.045 L_inter: 0.000 L_intra: 0.000 L_fsp: 0.391 fsp_3_4: 0.118 fsp_4_5: 0.139 fsp_5_6: 0.103 fsp_6_7: 0.031 
(epoch: 14, iters: 849, time: 0.053) G_GAN: 0.094 G_L1: 0.197 G_SSIM: 0.123 H_L1: 0.110 H_SSIM: 0.300 D_real: 0.011 D_fake: 0.523 att_A: 0.381 L_hall: 0.042 L_inter: 0.000 L_intra: 0.000 L_fsp: 0.352 fsp_3_4: 0.111 fsp_4_5: 0.142 fsp_5_6: 0.081 fsp_6_7: 0.017 
(epoch: 14, iters: 949, time: 0.034) G_GAN: 1.080 G_L1: 0.227 G_SSIM: 0.138 H_L1: 0.104 H_SSIM: 0.381 D_real: 0.015 D_fake: 0.044 att_A: 0.673 L_hall: 0.054 L_inter: 0.000 L_intra: 0.000 L_fsp: 0.398 fsp_3_4: 0.113 fsp_4_5: 0.121 fsp_5_6: 0.116 fsp_6_7: 0.048 
(epoch: 14, iters: 1049, time: 0.034) G_GAN: 0.354 G_L1: 0.186 G_SSIM: 0.069 H_L1: 0.092 H_SSIM: 0.229 D_real: 0.172 D_fake: 0.002 att_A: 0.514 L_hall: 0.035 L_inter: 0.000 L_intra: 0.000 L_fsp: 0.391 fsp_3_4: 0.113 fsp_4_5: 0.120 fsp_5_6: 0.110 fsp_6_7: 0.048 
(epoch: 14, iters: 1149, time: 0.033) G_GAN: 0.991 G_L1: 0.503 G_SSIM: 0.139 H_L1: 0.168 H_SSIM: 0.423 D_real: 0.020 D_fake: 0.012 att_A: 0.812 L_hall: 0.058 L_inter: 0.000 L_intra: 0.000 L_fsp: 0.618 fsp_3_4: 0.174 fsp_4_5: 0.208 fsp_5_6: 0.147 fsp_6_7: 0.088 
(epoch: 14, iters: 1249, time: 0.034) G_GAN: 0.216 G_L1: 0.331 G_SSIM: 0.226 H_L1: 0.170 H_SSIM: 0.395 D_real: 0.013 D_fake: 0.092 att_A: 0.476 L_hall: 0.042 L_inter: 0.000 L_intra: 0.000 L_fsp: 0.321 fsp_3_4: 0.105 fsp_4_5: 0.125 fsp_5_6: 0.078 fsp_6_7: 0.013 
(epoch: 14, iters: 1349, time: 0.063) G_GAN: 1.060 G_L1: 0.343 G_SSIM: 0.378 H_L1: 0.155 H_SSIM: 0.567 D_real: 0.009 D_fake: 0.004 att_A: 0.802 L_hall: 0.052 L_inter: 0.000 L_intra: 0.000 L_fsp: 0.446 fsp_3_4: 0.110 fsp_4_5: 0.152 fsp_5_6: 0.123 fsp_6_7: 0.061 
saving the latest model (epoch 14, total_steps 120000)
(epoch: 14, iters: 1449, time: 0.034) G_GAN: 0.784 G_L1: 0.195 G_SSIM: 0.148 H_L1: 0.143 H_SSIM: 0.388 D_real: 0.018 D_fake: 0.031 att_A: 0.428 L_hall: 0.049 L_inter: 0.000 L_intra: 0.000 L_fsp: 0.323 fsp_3_4: 0.086 fsp_4_5: 0.115 fsp_5_6: 0.084 fsp_6_7: 0.039 
(epoch: 14, iters: 1549, time: 0.034) G_GAN: 0.513 G_L1: 0.202 G_SSIM: 0.099 H_L1: 0.128 H_SSIM: 0.339 D_real: 0.008 D_fake: 0.096 att_A: 0.559 L_hall: 0.055 L_inter: 0.000 L_intra: 0.000 L_fsp: 0.423 fsp_3_4: 0.112 fsp_4_5: 0.141 fsp_5_6: 0.116 fsp_6_7: 0.054 
(epoch: 14, iters: 1649, time: 0.033) G_GAN: 0.821 G_L1: 0.254 G_SSIM: 0.185 H_L1: 0.177 H_SSIM: 0.463 D_real: 0.012 D_fake: 0.020 att_A: 0.571 L_hall: 0.053 L_inter: 0.000 L_intra: 0.000 L_fsp: 0.590 fsp_3_4: 0.155 fsp_4_5: 0.198 fsp_5_6: 0.183 fsp_6_7: 0.053 
(epoch: 14, iters: 1749, time: 0.033) G_GAN: 0.963 G_L1: 0.373 G_SSIM: 0.338 H_L1: 0.171 H_SSIM: 0.571 D_real: 0.029 D_fake: 0.021 att_A: 0.638 L_hall: 0.051 L_inter: 0.000 L_intra: 0.000 L_fsp: 0.377 fsp_3_4: 0.091 fsp_4_5: 0.137 fsp_5_6: 0.121 fsp_6_7: 0.029 
(epoch: 14, iters: 1849, time: 0.080) G_GAN: 1.405 G_L1: 0.232 G_SSIM: 0.159 H_L1: 0.171 H_SSIM: 0.387 D_real: 0.266 D_fake: 0.013 att_A: 0.420 L_hall: 0.046 L_inter: 0.000 L_intra: 0.000 L_fsp: 0.321 fsp_3_4: 0.103 fsp_4_5: 0.098 fsp_5_6: 0.084 fsp_6_7: 0.035 
(epoch: 14, iters: 1949, time: 0.034) G_GAN: 0.841 G_L1: 0.299 G_SSIM: 0.154 H_L1: 0.127 H_SSIM: 0.431 D_real: 0.014 D_fake: 0.021 att_A: 0.619 L_hall: 0.047 L_inter: 0.000 L_intra: 0.000 L_fsp: 0.276 fsp_3_4: 0.087 fsp_4_5: 0.091 fsp_5_6: 0.080 fsp_6_7: 0.018 
(epoch: 14, iters: 2049, time: 0.034) G_GAN: 0.832 G_L1: 0.331 G_SSIM: 0.223 H_L1: 0.115 H_SSIM: 0.454 D_real: 0.015 D_fake: 0.013 att_A: 0.770 L_hall: 0.054 L_inter: 0.000 L_intra: 0.000 L_fsp: 0.500 fsp_3_4: 0.121 fsp_4_5: 0.191 fsp_5_6: 0.142 fsp_6_7: 0.046 
(epoch: 14, iters: 2149, time: 0.034) G_GAN: 0.537 G_L1: 0.238 G_SSIM: 0.209 H_L1: 0.145 H_SSIM: 0.373 D_real: 0.009 D_fake: 0.083 att_A: 0.585 L_hall: 0.043 L_inter: 0.000 L_intra: 0.000 L_fsp: 0.289 fsp_3_4: 0.070 fsp_4_5: 0.119 fsp_5_6: 0.075 fsp_6_7: 0.024 
(epoch: 14, iters: 2249, time: 0.033) G_GAN: 1.232 G_L1: 0.240 G_SSIM: 0.142 H_L1: 0.136 H_SSIM: 0.403 D_real: 0.028 D_fake: 0.011 att_A: 0.534 L_hall: 0.049 L_inter: 0.000 L_intra: 0.000 L_fsp: 0.365 fsp_3_4: 0.100 fsp_4_5: 0.126 fsp_5_6: 0.112 fsp_6_7: 0.028 
(epoch: 14, iters: 2349, time: 0.052) G_GAN: 1.083 G_L1: 0.362 G_SSIM: 0.270 H_L1: 0.160 H_SSIM: 0.524 D_real: 0.007 D_fake: 0.208 att_A: 0.644 L_hall: 0.048 L_inter: 0.000 L_intra: 0.000 L_fsp: 0.464 fsp_3_4: 0.134 fsp_4_5: 0.177 fsp_5_6: 0.103 fsp_6_7: 0.051 
(epoch: 14, iters: 2449, time: 0.034) G_GAN: 1.141 G_L1: 0.362 G_SSIM: 0.297 H_L1: 0.116 H_SSIM: 0.474 D_real: 0.020 D_fake: 0.056 att_A: 0.757 L_hall: 0.051 L_inter: 0.000 L_intra: 0.000 L_fsp: 0.433 fsp_3_4: 0.095 fsp_4_5: 0.148 fsp_5_6: 0.161 fsp_6_7: 0.028 
(epoch: 14, iters: 2549, time: 0.033) G_GAN: 0.537 G_L1: 0.195 G_SSIM: 0.124 H_L1: 0.106 H_SSIM: 0.325 D_real: 0.010 D_fake: 0.199 att_A: 0.443 L_hall: 0.047 L_inter: 0.000 L_intra: 0.000 L_fsp: 0.410 fsp_3_4: 0.112 fsp_4_5: 0.161 fsp_5_6: 0.106 fsp_6_7: 0.031 
(epoch: 14, iters: 2649, time: 0.033) G_GAN: 0.988 G_L1: 0.405 G_SSIM: 0.261 H_L1: 0.125 H_SSIM: 0.396 D_real: 0.009 D_fake: 0.004 att_A: 0.581 L_hall: 0.051 L_inter: 0.000 L_intra: 0.000 L_fsp: 0.385 fsp_3_4: 0.080 fsp_4_5: 0.138 fsp_5_6: 0.125 fsp_6_7: 0.042 
(epoch: 14, iters: 2749, time: 0.034) G_GAN: 0.169 G_L1: 0.310 G_SSIM: 0.236 H_L1: 0.153 H_SSIM: 0.361 D_real: 0.006 D_fake: 0.006 att_A: 0.426 L_hall: 0.047 L_inter: 0.000 L_intra: 0.000 L_fsp: 0.333 fsp_3_4: 0.104 fsp_4_5: 0.118 fsp_5_6: 0.089 fsp_6_7: 0.022 
(epoch: 14, iters: 2849, time: 0.049) G_GAN: 1.023 G_L1: 0.064 G_SSIM: 0.023 H_L1: 0.092 H_SSIM: 0.287 D_real: 0.169 D_fake: 0.009 att_A: 0.620 L_hall: 0.051 L_inter: 0.000 L_intra: 0.000 L_fsp: 0.427 fsp_3_4: 0.093 fsp_4_5: 0.161 fsp_5_6: 0.141 fsp_6_7: 0.032 
(epoch: 14, iters: 2949, time: 0.034) G_GAN: 0.965 G_L1: 0.209 G_SSIM: 0.141 H_L1: 0.151 H_SSIM: 0.392 D_real: 0.033 D_fake: 0.053 att_A: 0.447 L_hall: 0.048 L_inter: 0.000 L_intra: 0.000 L_fsp: 0.371 fsp_3_4: 0.109 fsp_4_5: 0.123 fsp_5_6: 0.081 fsp_6_7: 0.058 
(epoch: 14, iters: 3049, time: 0.033) G_GAN: 0.860 G_L1: 0.258 G_SSIM: 0.135 H_L1: 0.090 H_SSIM: 0.348 D_real: 0.286 D_fake: 0.140 att_A: 0.757 L_hall: 0.052 L_inter: 0.000 L_intra: 0.000 L_fsp: 0.581 fsp_3_4: 0.138 fsp_4_5: 0.137 fsp_5_6: 0.196 fsp_6_7: 0.110 
(epoch: 14, iters: 3149, time: 0.033) G_GAN: 0.921 G_L1: 0.376 G_SSIM: 0.192 H_L1: 0.113 H_SSIM: 0.327 D_real: 0.014 D_fake: 0.013 att_A: 0.668 L_hall: 0.043 L_inter: 0.000 L_intra: 0.000 L_fsp: 0.427 fsp_3_4: 0.112 fsp_4_5: 0.168 fsp_5_6: 0.090 fsp_6_7: 0.057 
(epoch: 14, iters: 3249, time: 0.033) G_GAN: 1.211 G_L1: 0.401 G_SSIM: 0.265 H_L1: 0.160 H_SSIM: 0.482 D_real: 0.028 D_fake: 0.027 att_A: 0.701 L_hall: 0.047 L_inter: 0.000 L_intra: 0.000 L_fsp: 0.460 fsp_3_4: 0.121 fsp_4_5: 0.162 fsp_5_6: 0.150 fsp_6_7: 0.028 
(epoch: 14, iters: 3349, time: 0.063) G_GAN: 0.992 G_L1: 0.395 G_SSIM: 0.320 H_L1: 0.181 H_SSIM: 0.583 D_real: 0.010 D_fake: 0.256 att_A: 0.720 L_hall: 0.048 L_inter: 0.000 L_intra: 0.000 L_fsp: 0.343 fsp_3_4: 0.089 fsp_4_5: 0.119 fsp_5_6: 0.109 fsp_6_7: 0.026 
(epoch: 14, iters: 3449, time: 0.033) G_GAN: 1.256 G_L1: 0.600 G_SSIM: 0.370 H_L1: 0.191 H_SSIM: 0.468 D_real: 0.026 D_fake: 0.029 att_A: 0.599 L_hall: 0.057 L_inter: 0.000 L_intra: 0.000 L_fsp: 0.620 fsp_3_4: 0.174 fsp_4_5: 0.207 fsp_5_6: 0.178 fsp_6_7: 0.061 
(epoch: 14, iters: 3549, time: 0.033) G_GAN: 0.976 G_L1: 0.356 G_SSIM: 0.239 H_L1: 0.149 H_SSIM: 0.415 D_real: 0.086 D_fake: 0.006 att_A: 0.541 L_hall: 0.049 L_inter: 0.000 L_intra: 0.000 L_fsp: 0.311 fsp_3_4: 0.089 fsp_4_5: 0.121 fsp_5_6: 0.083 fsp_6_7: 0.019 
(epoch: 14, iters: 3649, time: 0.033) G_GAN: 0.231 G_L1: 0.128 G_SSIM: 0.031 H_L1: 0.075 H_SSIM: 0.243 D_real: 0.022 D_fake: 0.009 att_A: 0.472 L_hall: 0.053 L_inter: 0.000 L_intra: 0.000 L_fsp: 0.756 fsp_3_4: 0.159 fsp_4_5: 0.187 fsp_5_6: 0.174 fsp_6_7: 0.236 
(epoch: 14, iters: 3749, time: 0.033) G_GAN: 1.033 G_L1: 0.320 G_SSIM: 0.293 H_L1: 0.146 H_SSIM: 0.469 D_real: 0.016 D_fake: 0.017 att_A: 0.689 L_hall: 0.045 L_inter: 0.000 L_intra: 0.000 L_fsp: 0.340 fsp_3_4: 0.081 fsp_4_5: 0.122 fsp_5_6: 0.096 fsp_6_7: 0.041 
(epoch: 14, iters: 3849, time: 0.053) G_GAN: 1.100 G_L1: 0.358 G_SSIM: 0.202 H_L1: 0.119 H_SSIM: 0.365 D_real: 0.008 D_fake: 0.013 att_A: 0.521 L_hall: 0.049 L_inter: 0.000 L_intra: 0.000 L_fsp: 0.377 fsp_3_4: 0.111 fsp_4_5: 0.140 fsp_5_6: 0.090 fsp_6_7: 0.037 
(epoch: 14, iters: 3949, time: 0.034) G_GAN: 1.155 G_L1: 0.121 G_SSIM: 0.055 H_L1: 0.085 H_SSIM: 0.197 D_real: 0.238 D_fake: 0.044 att_A: 0.605 L_hall: 0.030 L_inter: 0.000 L_intra: 0.000 L_fsp: 0.234 fsp_3_4: 0.068 fsp_4_5: 0.098 fsp_5_6: 0.056 fsp_6_7: 0.012 
(epoch: 14, iters: 4049, time: 0.034) G_GAN: 1.064 G_L1: 0.332 G_SSIM: 0.209 H_L1: 0.128 H_SSIM: 0.373 D_real: 0.029 D_fake: 0.007 att_A: 0.628 L_hall: 0.050 L_inter: 0.000 L_intra: 0.000 L_fsp: 0.467 fsp_3_4: 0.138 fsp_4_5: 0.146 fsp_5_6: 0.113 fsp_6_7: 0.069 
(epoch: 14, iters: 4149, time: 0.034) G_GAN: 0.917 G_L1: 0.205 G_SSIM: 0.064 H_L1: 0.087 H_SSIM: 0.292 D_real: 0.036 D_fake: 0.025 att_A: 0.681 L_hall: 0.049 L_inter: 0.000 L_intra: 0.000 L_fsp: 0.634 fsp_3_4: 0.142 fsp_4_5: 0.192 fsp_5_6: 0.202 fsp_6_7: 0.098 
(epoch: 14, iters: 4249, time: 0.035) G_GAN: 0.610 G_L1: 0.203 G_SSIM: 0.127 H_L1: 0.125 H_SSIM: 0.308 D_real: 0.007 D_fake: 0.100 att_A: 0.939 L_hall: 0.060 L_inter: 0.000 L_intra: 0.000 L_fsp: 0.515 fsp_3_4: 0.157 fsp_4_5: 0.149 fsp_5_6: 0.154 fsp_6_7: 0.055 
(epoch: 14, iters: 4349, time: 0.061) G_GAN: 1.145 G_L1: 0.201 G_SSIM: 0.055 H_L1: 0.110 H_SSIM: 0.258 D_real: 0.023 D_fake: 0.016 att_A: 0.862 L_hall: 0.061 L_inter: 0.000 L_intra: 0.000 L_fsp: 0.684 fsp_3_4: 0.140 fsp_4_5: 0.149 fsp_5_6: 0.164 fsp_6_7: 0.230 
(epoch: 14, iters: 4449, time: 0.034) G_GAN: 1.078 G_L1: 0.515 G_SSIM: 0.513 H_L1: 0.175 H_SSIM: 0.687 D_real: 0.008 D_fake: 0.014 att_A: 0.599 L_hall: 0.052 L_inter: 0.000 L_intra: 0.000 L_fsp: 0.360 fsp_3_4: 0.088 fsp_4_5: 0.148 fsp_5_6: 0.111 fsp_6_7: 0.013 
(epoch: 14, iters: 4549, time: 0.035) G_GAN: 0.395 G_L1: 0.271 G_SSIM: 0.121 H_L1: 0.136 H_SSIM: 0.336 D_real: 0.043 D_fake: 0.005 att_A: 0.368 L_hall: 0.040 L_inter: 0.000 L_intra: 0.000 L_fsp: 0.323 fsp_3_4: 0.102 fsp_4_5: 0.117 fsp_5_6: 0.076 fsp_6_7: 0.028 
(epoch: 14, iters: 4649, time: 0.034) G_GAN: 0.742 G_L1: 0.079 G_SSIM: 0.013 H_L1: 0.078 H_SSIM: 0.249 D_real: 0.054 D_fake: 0.034 att_A: 0.841 L_hall: 0.051 L_inter: 0.000 L_intra: 0.000 L_fsp: 0.558 fsp_3_4: 0.118 fsp_4_5: 0.166 fsp_5_6: 0.187 fsp_6_7: 0.087 
(epoch: 14, iters: 4749, time: 0.036) G_GAN: 0.495 G_L1: 0.186 G_SSIM: 0.113 H_L1: 0.102 H_SSIM: 0.307 D_real: 0.022 D_fake: 0.043 att_A: 0.391 L_hall: 0.042 L_inter: 0.000 L_intra: 0.000 L_fsp: 0.224 fsp_3_4: 0.070 fsp_4_5: 0.080 fsp_5_6: 0.062 fsp_6_7: 0.012 
(epoch: 14, iters: 4849, time: 0.060) G_GAN: 0.373 G_L1: 0.222 G_SSIM: 0.075 H_L1: 0.215 H_SSIM: 0.412 D_real: 0.063 D_fake: 0.004 att_A: 0.249 L_hall: 0.044 L_inter: 0.000 L_intra: 0.000 L_fsp: 0.257 fsp_3_4: 0.096 fsp_4_5: 0.098 fsp_5_6: 0.045 fsp_6_7: 0.017 
(epoch: 14, iters: 4949, time: 0.037) G_GAN: 0.841 G_L1: 0.109 G_SSIM: 0.010 H_L1: 0.080 H_SSIM: 0.245 D_real: 0.028 D_fake: 0.008 att_A: 0.483 L_hall: 0.050 L_inter: 0.000 L_intra: 0.000 L_fsp: 0.592 fsp_3_4: 0.079 fsp_4_5: 0.144 fsp_5_6: 0.224 fsp_6_7: 0.146 
(epoch: 14, iters: 5049, time: 0.039) G_GAN: 0.995 G_L1: 0.536 G_SSIM: 0.559 H_L1: 0.160 H_SSIM: 0.696 D_real: 0.022 D_fake: 0.010 att_A: 0.697 L_hall: 0.050 L_inter: 0.000 L_intra: 0.000 L_fsp: 0.410 fsp_3_4: 0.112 fsp_4_5: 0.130 fsp_5_6: 0.095 fsp_6_7: 0.072 
(epoch: 14, iters: 5149, time: 0.038) G_GAN: 0.907 G_L1: 0.553 G_SSIM: 0.449 H_L1: 0.263 H_SSIM: 0.504 D_real: 0.012 D_fake: 0.041 att_A: 0.975 L_hall: 0.063 L_inter: 0.000 L_intra: 0.000 L_fsp: 0.609 fsp_3_4: 0.153 fsp_4_5: 0.190 fsp_5_6: 0.168 fsp_6_7: 0.099 
(epoch: 14, iters: 5249, time: 0.038) G_GAN: 0.909 G_L1: 0.373 G_SSIM: 0.273 H_L1: 0.132 H_SSIM: 0.424 D_real: 0.045 D_fake: 0.006 att_A: 0.471 L_hall: 0.052 L_inter: 0.000 L_intra: 0.000 L_fsp: 0.400 fsp_3_4: 0.116 fsp_4_5: 0.150 fsp_5_6: 0.101 fsp_6_7: 0.034 
(epoch: 14, iters: 5349, time: 0.066) G_GAN: 0.452 G_L1: 0.171 G_SSIM: 0.055 H_L1: 0.105 H_SSIM: 0.201 D_real: 0.197 D_fake: 0.007 att_A: 0.563 L_hall: 0.035 L_inter: 0.000 L_intra: 0.000 L_fsp: 0.333 fsp_3_4: 0.090 fsp_4_5: 0.133 fsp_5_6: 0.093 fsp_6_7: 0.017 
(epoch: 14, iters: 5449, time: 0.039) G_GAN: 1.069 G_L1: 0.319 G_SSIM: 0.200 H_L1: 0.134 H_SSIM: 0.391 D_real: 0.014 D_fake: 0.011 att_A: 0.631 L_hall: 0.049 L_inter: 0.000 L_intra: 0.000 L_fsp: 0.383 fsp_3_4: 0.108 fsp_4_5: 0.120 fsp_5_6: 0.114 fsp_6_7: 0.041 
(epoch: 14, iters: 5549, time: 0.038) G_GAN: 0.874 G_L1: 0.398 G_SSIM: 0.295 H_L1: 0.163 H_SSIM: 0.453 D_real: 0.010 D_fake: 0.009 att_A: 0.641 L_hall: 0.052 L_inter: 0.000 L_intra: 0.000 L_fsp: 0.382 fsp_3_4: 0.113 fsp_4_5: 0.134 fsp_5_6: 0.101 fsp_6_7: 0.034 
(epoch: 14, iters: 5649, time: 0.039) G_GAN: 0.508 G_L1: 0.249 G_SSIM: 0.128 H_L1: 0.142 H_SSIM: 0.353 D_real: 0.012 D_fake: 0.013 att_A: 0.523 L_hall: 0.045 L_inter: 0.000 L_intra: 0.000 L_fsp: 0.367 fsp_3_4: 0.101 fsp_4_5: 0.123 fsp_5_6: 0.083 fsp_6_7: 0.060 
(epoch: 14, iters: 5749, time: 0.037) G_GAN: 1.268 G_L1: 0.334 G_SSIM: 0.178 H_L1: 0.219 H_SSIM: 0.474 D_real: 0.186 D_fake: 0.007 att_A: 0.597 L_hall: 0.055 L_inter: 0.000 L_intra: 0.000 L_fsp: 0.564 fsp_3_4: 0.092 fsp_4_5: 0.148 fsp_5_6: 0.177 fsp_6_7: 0.147 
(epoch: 14, iters: 5849, time: 0.047) G_GAN: 0.955 G_L1: 0.433 G_SSIM: 0.285 H_L1: 0.141 H_SSIM: 0.441 D_real: 0.009 D_fake: 0.021 att_A: 0.742 L_hall: 0.050 L_inter: 0.000 L_intra: 0.000 L_fsp: 0.377 fsp_3_4: 0.109 fsp_4_5: 0.112 fsp_5_6: 0.111 fsp_6_7: 0.045 
(epoch: 14, iters: 5949, time: 0.034) G_GAN: 0.922 G_L1: 0.313 G_SSIM: 0.235 H_L1: 0.108 H_SSIM: 0.383 D_real: 0.037 D_fake: 0.011 att_A: 0.696 L_hall: 0.051 L_inter: 0.000 L_intra: 0.000 L_fsp: 0.665 fsp_3_4: 0.152 fsp_4_5: 0.166 fsp_5_6: 0.196 fsp_6_7: 0.150 
(epoch: 14, iters: 6049, time: 0.034) G_GAN: 0.730 G_L1: 0.282 G_SSIM: 0.194 H_L1: 0.137 H_SSIM: 0.392 D_real: 0.014 D_fake: 0.004 att_A: 0.634 L_hall: 0.049 L_inter: 0.000 L_intra: 0.000 L_fsp: 0.477 fsp_3_4: 0.151 fsp_4_5: 0.176 fsp_5_6: 0.110 fsp_6_7: 0.039 
(epoch: 14, iters: 6149, time: 0.034) G_GAN: 0.528 G_L1: 0.048 G_SSIM: 0.024 H_L1: 0.076 H_SSIM: 0.224 D_real: 0.121 D_fake: 0.017 att_A: 0.405 L_hall: 0.051 L_inter: 0.000 L_intra: 0.000 L_fsp: 0.403 fsp_3_4: 0.073 fsp_4_5: 0.149 fsp_5_6: 0.125 fsp_6_7: 0.056 
(epoch: 14, iters: 6249, time: 0.034) G_GAN: 0.586 G_L1: 0.145 G_SSIM: 0.039 H_L1: 0.140 H_SSIM: 0.204 D_real: 0.223 D_fake: 0.092 att_A: 0.697 L_hall: 0.034 L_inter: 0.000 L_intra: 0.000 L_fsp: 0.290 fsp_3_4: 0.071 fsp_4_5: 0.080 fsp_5_6: 0.096 fsp_6_7: 0.043 
(epoch: 14, iters: 6349, time: 0.058) G_GAN: 1.186 G_L1: 0.284 G_SSIM: 0.228 H_L1: 0.167 H_SSIM: 0.392 D_real: 0.029 D_fake: 0.056 att_A: 0.487 L_hall: 0.046 L_inter: 0.000 L_intra: 0.000 L_fsp: 0.247 fsp_3_4: 0.069 fsp_4_5: 0.087 fsp_5_6: 0.073 fsp_6_7: 0.018 
saving the latest model (epoch 14, total_steps 125000)
(epoch: 14, iters: 6449, time: 0.034) G_GAN: 1.459 G_L1: 0.592 G_SSIM: 0.235 H_L1: 0.180 H_SSIM: 0.338 D_real: 0.024 D_fake: 0.052 att_A: 0.964 L_hall: 0.061 L_inter: 0.000 L_intra: 0.000 L_fsp: 0.683 fsp_3_4: 0.235 fsp_4_5: 0.171 fsp_5_6: 0.195 fsp_6_7: 0.082 
(epoch: 14, iters: 6549, time: 0.034) G_GAN: 1.051 G_L1: 0.243 G_SSIM: 0.193 H_L1: 0.111 H_SSIM: 0.387 D_real: 0.018 D_fake: 0.015 att_A: 0.703 L_hall: 0.052 L_inter: 0.000 L_intra: 0.000 L_fsp: 0.366 fsp_3_4: 0.100 fsp_4_5: 0.127 fsp_5_6: 0.118 fsp_6_7: 0.021 
(epoch: 14, iters: 6649, time: 0.035) G_GAN: 1.104 G_L1: 0.320 G_SSIM: 0.200 H_L1: 0.123 H_SSIM: 0.336 D_real: 0.010 D_fake: 0.008 att_A: 0.618 L_hall: 0.050 L_inter: 0.000 L_intra: 0.000 L_fsp: 0.469 fsp_3_4: 0.125 fsp_4_5: 0.168 fsp_5_6: 0.141 fsp_6_7: 0.035 
(epoch: 14, iters: 6749, time: 0.035) G_GAN: 0.504 G_L1: 0.032 G_SSIM: 0.008 H_L1: 0.067 H_SSIM: 0.226 D_real: 0.022 D_fake: 0.095 att_A: 0.656 L_hall: 0.055 L_inter: 0.000 L_intra: 0.000 L_fsp: 0.581 fsp_3_4: 0.115 fsp_4_5: 0.148 fsp_5_6: 0.164 fsp_6_7: 0.154 
(epoch: 14, iters: 6849, time: 0.057) G_GAN: 0.968 G_L1: 0.355 G_SSIM: 0.318 H_L1: 0.133 H_SSIM: 0.500 D_real: 0.010 D_fake: 0.009 att_A: 0.656 L_hall: 0.045 L_inter: 0.000 L_intra: 0.000 L_fsp: 0.379 fsp_3_4: 0.099 fsp_4_5: 0.147 fsp_5_6: 0.076 fsp_6_7: 0.057 
(epoch: 14, iters: 6949, time: 0.035) G_GAN: 1.031 G_L1: 0.106 G_SSIM: 0.044 H_L1: 0.079 H_SSIM: 0.190 D_real: 0.168 D_fake: 0.030 att_A: 0.470 L_hall: 0.054 L_inter: 0.000 L_intra: 0.000 L_fsp: 0.506 fsp_3_4: 0.106 fsp_4_5: 0.168 fsp_5_6: 0.163 fsp_6_7: 0.069 
(epoch: 14, iters: 7049, time: 0.034) G_GAN: 0.233 G_L1: 0.581 G_SSIM: 0.447 H_L1: 0.188 H_SSIM: 0.559 D_real: 0.023 D_fake: 0.110 att_A: 0.535 L_hall: 0.056 L_inter: 0.000 L_intra: 0.000 L_fsp: 0.479 fsp_3_4: 0.140 fsp_4_5: 0.135 fsp_5_6: 0.133 fsp_6_7: 0.071 
(epoch: 14, iters: 7149, time: 0.033) G_GAN: 0.814 G_L1: 0.301 G_SSIM: 0.198 H_L1: 0.102 H_SSIM: 0.375 D_real: 0.008 D_fake: 0.009 att_A: 0.686 L_hall: 0.055 L_inter: 0.000 L_intra: 0.000 L_fsp: 0.506 fsp_3_4: 0.123 fsp_4_5: 0.172 fsp_5_6: 0.161 fsp_6_7: 0.049 
(epoch: 14, iters: 7249, time: 0.033) G_GAN: 0.983 G_L1: 0.348 G_SSIM: 0.207 H_L1: 0.129 H_SSIM: 0.381 D_real: 0.014 D_fake: 0.009 att_A: 0.570 L_hall: 0.045 L_inter: 0.000 L_intra: 0.000 L_fsp: 0.261 fsp_3_4: 0.068 fsp_4_5: 0.078 fsp_5_6: 0.087 fsp_6_7: 0.027 
(epoch: 14, iters: 7349, time: 0.059) G_GAN: 0.786 G_L1: 0.380 G_SSIM: 0.281 H_L1: 0.124 H_SSIM: 0.424 D_real: 0.019 D_fake: 0.014 att_A: 0.702 L_hall: 0.047 L_inter: 0.000 L_intra: 0.000 L_fsp: 0.319 fsp_3_4: 0.085 fsp_4_5: 0.089 fsp_5_6: 0.118 fsp_6_7: 0.027 
(epoch: 14, iters: 7449, time: 0.034) G_GAN: 0.852 G_L1: 0.240 G_SSIM: 0.158 H_L1: 0.158 H_SSIM: 0.408 D_real: 0.200 D_fake: 0.017 att_A: 0.508 L_hall: 0.047 L_inter: 0.000 L_intra: 0.000 L_fsp: 0.321 fsp_3_4: 0.083 fsp_4_5: 0.127 fsp_5_6: 0.081 fsp_6_7: 0.030 
(epoch: 14, iters: 7549, time: 0.034) G_GAN: 1.129 G_L1: 0.445 G_SSIM: 0.268 H_L1: 0.166 H_SSIM: 0.397 D_real: 0.015 D_fake: 0.012 att_A: 0.921 L_hall: 0.057 L_inter: 0.000 L_intra: 0.000 L_fsp: 0.533 fsp_3_4: 0.108 fsp_4_5: 0.192 fsp_5_6: 0.170 fsp_6_7: 0.062 
(epoch: 14, iters: 7649, time: 0.034) G_GAN: 0.825 G_L1: 0.247 G_SSIM: 0.156 H_L1: 0.111 H_SSIM: 0.369 D_real: 0.033 D_fake: 0.035 att_A: 0.610 L_hall: 0.045 L_inter: 0.000 L_intra: 0.000 L_fsp: 0.379 fsp_3_4: 0.107 fsp_4_5: 0.129 fsp_5_6: 0.114 fsp_6_7: 0.029 
(epoch: 14, iters: 7749, time: 0.034) G_GAN: 1.145 G_L1: 0.385 G_SSIM: 0.437 H_L1: 0.176 H_SSIM: 0.605 D_real: 0.058 D_fake: 0.012 att_A: 0.852 L_hall: 0.054 L_inter: 0.000 L_intra: 0.000 L_fsp: 0.423 fsp_3_4: 0.113 fsp_4_5: 0.128 fsp_5_6: 0.141 fsp_6_7: 0.041 
(epoch: 14, iters: 7849, time: 0.061) G_GAN: 0.923 G_L1: 0.237 G_SSIM: 0.206 H_L1: 0.168 H_SSIM: 0.401 D_real: 0.074 D_fake: 0.070 att_A: 0.496 L_hall: 0.050 L_inter: 0.000 L_intra: 0.000 L_fsp: 0.360 fsp_3_4: 0.076 fsp_4_5: 0.162 fsp_5_6: 0.092 fsp_6_7: 0.029 
(epoch: 14, iters: 7949, time: 0.035) G_GAN: 1.037 G_L1: 0.414 G_SSIM: 0.391 H_L1: 0.191 H_SSIM: 0.636 D_real: 0.009 D_fake: 0.013 att_A: 0.699 L_hall: 0.051 L_inter: 0.000 L_intra: 0.000 L_fsp: 0.428 fsp_3_4: 0.094 fsp_4_5: 0.165 fsp_5_6: 0.116 fsp_6_7: 0.054 
(epoch: 14, iters: 8049, time: 0.034) G_GAN: 1.022 G_L1: 0.454 G_SSIM: 0.314 H_L1: 0.164 H_SSIM: 0.492 D_real: 0.014 D_fake: 0.010 att_A: 0.720 L_hall: 0.054 L_inter: 0.000 L_intra: 0.000 L_fsp: 0.481 fsp_3_4: 0.160 fsp_4_5: 0.132 fsp_5_6: 0.135 fsp_6_7: 0.055 
(epoch: 14, iters: 8149, time: 0.034) G_GAN: 1.065 G_L1: 0.343 G_SSIM: 0.269 H_L1: 0.149 H_SSIM: 0.501 D_real: 0.206 D_fake: 0.006 att_A: 0.781 L_hall: 0.055 L_inter: 0.000 L_intra: 0.000 L_fsp: 0.450 fsp_3_4: 0.082 fsp_4_5: 0.121 fsp_5_6: 0.132 fsp_6_7: 0.115 
(epoch: 14, iters: 8249, time: 0.034) G_GAN: 0.874 G_L1: 0.334 G_SSIM: 0.268 H_L1: 0.148 H_SSIM: 0.449 D_real: 0.009 D_fake: 0.007 att_A: 0.582 L_hall: 0.056 L_inter: 0.000 L_intra: 0.000 L_fsp: 0.407 fsp_3_4: 0.106 fsp_4_5: 0.141 fsp_5_6: 0.118 fsp_6_7: 0.042 
(epoch: 14, iters: 8349, time: 0.054) G_GAN: 0.405 G_L1: 0.185 G_SSIM: 0.084 H_L1: 0.127 H_SSIM: 0.343 D_real: 0.061 D_fake: 0.146 att_A: 0.393 L_hall: 0.047 L_inter: 0.000 L_intra: 0.000 L_fsp: 0.396 fsp_3_4: 0.122 fsp_4_5: 0.149 fsp_5_6: 0.088 fsp_6_7: 0.038 
(epoch: 14, iters: 8449, time: 0.033) G_GAN: 0.120 G_L1: 0.260 G_SSIM: 0.202 H_L1: 0.138 H_SSIM: 0.374 D_real: 0.019 D_fake: 0.495 att_A: 0.496 L_hall: 0.043 L_inter: 0.000 L_intra: 0.000 L_fsp: 0.305 fsp_3_4: 0.067 fsp_4_5: 0.100 fsp_5_6: 0.097 fsp_6_7: 0.040 
(epoch: 14, iters: 8549, time: 0.034) G_GAN: 0.779 G_L1: 0.197 G_SSIM: 0.143 H_L1: 0.162 H_SSIM: 0.342 D_real: 0.155 D_fake: 0.071 att_A: 0.383 L_hall: 0.044 L_inter: 0.000 L_intra: 0.000 L_fsp: 0.284 fsp_3_4: 0.059 fsp_4_5: 0.109 fsp_5_6: 0.075 fsp_6_7: 0.042 
(epoch: 14, iters: 8649, time: 0.034) G_GAN: 1.047 G_L1: 0.394 G_SSIM: 0.220 H_L1: 0.127 H_SSIM: 0.350 D_real: 0.026 D_fake: 0.007 att_A: 0.594 L_hall: 0.051 L_inter: 0.000 L_intra: 0.000 L_fsp: 0.504 fsp_3_4: 0.132 fsp_4_5: 0.202 fsp_5_6: 0.131 fsp_6_7: 0.039 
(epoch: 14, iters: 8749, time: 0.034) G_GAN: 1.048 G_L1: 0.195 G_SSIM: 0.115 H_L1: 0.126 H_SSIM: 0.302 D_real: 0.293 D_fake: 0.013 att_A: 0.387 L_hall: 0.044 L_inter: 0.000 L_intra: 0.000 L_fsp: 0.335 fsp_3_4: 0.108 fsp_4_5: 0.110 fsp_5_6: 0.098 fsp_6_7: 0.018 
(epoch: 14, iters: 8849, time: 0.055) G_GAN: 1.257 G_L1: 0.622 G_SSIM: 0.519 H_L1: 0.173 H_SSIM: 0.626 D_real: 0.029 D_fake: 0.024 att_A: 0.813 L_hall: 0.056 L_inter: 0.000 L_intra: 0.000 L_fsp: 0.501 fsp_3_4: 0.099 fsp_4_5: 0.150 fsp_5_6: 0.155 fsp_6_7: 0.097 
(epoch: 14, iters: 8949, time: 0.034) G_GAN: 0.733 G_L1: 0.261 G_SSIM: 0.134 H_L1: 0.191 H_SSIM: 0.373 D_real: 0.045 D_fake: 0.030 att_A: 0.321 L_hall: 0.044 L_inter: 0.000 L_intra: 0.000 L_fsp: 0.234 fsp_3_4: 0.067 fsp_4_5: 0.092 fsp_5_6: 0.065 fsp_6_7: 0.010 
(epoch: 14, iters: 9049, time: 0.034) G_GAN: 0.699 G_L1: 0.106 G_SSIM: 0.038 H_L1: 0.084 H_SSIM: 0.129 D_real: 0.366 D_fake: 0.051 att_A: 0.427 L_hall: 0.042 L_inter: 0.000 L_intra: 0.000 L_fsp: 0.336 fsp_3_4: 0.063 fsp_4_5: 0.124 fsp_5_6: 0.104 fsp_6_7: 0.045 
epoch 14  fsp_3_4:0.111774  fsp_3_4_degen:0.000000  fsp_4_5:0.141453  fsp_4_5_degen:0.000000  fsp_5_6:0.123745  fsp_5_6_degen:0.000000  fsp_6_7:0.057108  fsp_6_7_degen:0.000000
End of epoch 14 / 30 	 Time Taken: 444 sec
learning rate = 0.0002000
(epoch: 15, iters: 22, time: 0.035) G_GAN: 0.841 G_L1: 0.265 G_SSIM: 0.161 H_L1: 0.198 H_SSIM: 0.374 D_real: 0.008 D_fake: 0.004 att_A: 0.805 L_hall: 0.055 L_inter: 0.000 L_intra: 0.000 L_fsp: 0.529 fsp_3_4: 0.163 fsp_4_5: 0.177 fsp_5_6: 0.111 fsp_6_7: 0.078 
(epoch: 15, iters: 122, time: 0.035) G_GAN: 0.937 G_L1: 0.633 G_SSIM: 0.527 H_L1: 0.204 H_SSIM: 0.587 D_real: 0.022 D_fake: 0.017 att_A: 0.952 L_hall: 0.059 L_inter: 0.000 L_intra: 0.000 L_fsp: 0.573 fsp_3_4: 0.128 fsp_4_5: 0.189 fsp_5_6: 0.186 fsp_6_7: 0.069 
(epoch: 15, iters: 222, time: 0.052) G_GAN: 0.706 G_L1: 0.417 G_SSIM: 0.369 H_L1: 0.155 H_SSIM: 0.518 D_real: 0.057 D_fake: 0.043 att_A: 0.883 L_hall: 0.052 L_inter: 0.000 L_intra: 0.000 L_fsp: 0.511 fsp_3_4: 0.140 fsp_4_5: 0.163 fsp_5_6: 0.170 fsp_6_7: 0.038 
(epoch: 15, iters: 322, time: 0.034) G_GAN: 0.293 G_L1: 0.250 G_SSIM: 0.153 H_L1: 0.114 H_SSIM: 0.304 D_real: 0.025 D_fake: 0.225 att_A: 0.334 L_hall: 0.044 L_inter: 0.000 L_intra: 0.000 L_fsp: 0.297 fsp_3_4: 0.117 fsp_4_5: 0.110 fsp_5_6: 0.058 fsp_6_7: 0.014 
(epoch: 15, iters: 422, time: 0.034) G_GAN: 0.151 G_L1: 0.035 G_SSIM: 0.011 H_L1: 0.071 H_SSIM: 0.224 D_real: 0.024 D_fake: 0.010 att_A: 0.395 L_hall: 0.050 L_inter: 0.000 L_intra: 0.000 L_fsp: 0.515 fsp_3_4: 0.080 fsp_4_5: 0.197 fsp_5_6: 0.184 fsp_6_7: 0.054 
(epoch: 15, iters: 522, time: 0.035) G_GAN: 0.934 G_L1: 0.424 G_SSIM: 0.452 H_L1: 0.242 H_SSIM: 0.605 D_real: 0.015 D_fake: 0.071 att_A: 0.923 L_hall: 0.061 L_inter: 0.000 L_intra: 0.000 L_fsp: 0.444 fsp_3_4: 0.090 fsp_4_5: 0.130 fsp_5_6: 0.163 fsp_6_7: 0.060 
(epoch: 15, iters: 622, time: 0.035) G_GAN: 1.051 G_L1: 0.358 G_SSIM: 0.201 H_L1: 0.120 H_SSIM: 0.354 D_real: 0.013 D_fake: 0.008 att_A: 0.585 L_hall: 0.045 L_inter: 0.000 L_intra: 0.000 L_fsp: 0.321 fsp_3_4: 0.104 fsp_4_5: 0.108 fsp_5_6: 0.088 fsp_6_7: 0.021 
(epoch: 15, iters: 722, time: 0.056) G_GAN: 1.083 G_L1: 0.280 G_SSIM: 0.226 H_L1: 0.116 H_SSIM: 0.408 D_real: 0.010 D_fake: 0.128 att_A: 0.632 L_hall: 0.043 L_inter: 0.000 L_intra: 0.000 L_fsp: 0.272 fsp_3_4: 0.089 fsp_4_5: 0.099 fsp_5_6: 0.070 fsp_6_7: 0.014 
(epoch: 15, iters: 822, time: 0.034) G_GAN: 1.009 G_L1: 0.459 G_SSIM: 0.326 H_L1: 0.192 H_SSIM: 0.366 D_real: 0.007 D_fake: 0.010 att_A: 0.970 L_hall: 0.060 L_inter: 0.000 L_intra: 0.000 L_fsp: 0.513 fsp_3_4: 0.185 fsp_4_5: 0.141 fsp_5_6: 0.130 fsp_6_7: 0.057 
(epoch: 15, iters: 922, time: 0.035) G_GAN: 0.940 G_L1: 0.306 G_SSIM: 0.192 H_L1: 0.103 H_SSIM: 0.388 D_real: 0.006 D_fake: 0.270 att_A: 0.657 L_hall: 0.053 L_inter: 0.000 L_intra: 0.000 L_fsp: 0.519 fsp_3_4: 0.161 fsp_4_5: 0.143 fsp_5_6: 0.154 fsp_6_7: 0.061 
(epoch: 15, iters: 1022, time: 0.034) G_GAN: 1.134 G_L1: 0.306 G_SSIM: 0.292 H_L1: 0.138 H_SSIM: 0.485 D_real: 0.007 D_fake: 0.010 att_A: 0.668 L_hall: 0.051 L_inter: 0.000 L_intra: 0.000 L_fsp: 0.361 fsp_3_4: 0.112 fsp_4_5: 0.116 fsp_5_6: 0.099 fsp_6_7: 0.034 
(epoch: 15, iters: 1122, time: 0.034) G_GAN: 1.093 G_L1: 0.273 G_SSIM: 0.173 H_L1: 0.168 H_SSIM: 0.367 D_real: 0.013 D_fake: 0.012 att_A: 0.707 L_hall: 0.050 L_inter: 0.000 L_intra: 0.000 L_fsp: 0.426 fsp_3_4: 0.141 fsp_4_5: 0.135 fsp_5_6: 0.121 fsp_6_7: 0.029 
(epoch: 15, iters: 1222, time: 0.055) G_GAN: 1.051 G_L1: 0.361 G_SSIM: 0.281 H_L1: 0.112 H_SSIM: 0.453 D_real: 0.016 D_fake: 0.006 att_A: 0.754 L_hall: 0.051 L_inter: 0.000 L_intra: 0.000 L_fsp: 0.477 fsp_3_4: 0.103 fsp_4_5: 0.140 fsp_5_6: 0.146 fsp_6_7: 0.088 
(epoch: 15, iters: 1322, time: 0.034) G_GAN: 0.911 G_L1: 0.413 G_SSIM: 0.403 H_L1: 0.162 H_SSIM: 0.611 D_real: 0.062 D_fake: 0.044 att_A: 0.727 L_hall: 0.049 L_inter: 0.000 L_intra: 0.000 L_fsp: 0.345 fsp_3_4: 0.073 fsp_4_5: 0.104 fsp_5_6: 0.139 fsp_6_7: 0.029 
(epoch: 15, iters: 1422, time: 0.034) G_GAN: 0.840 G_L1: 0.212 G_SSIM: 0.134 H_L1: 0.133 H_SSIM: 0.264 D_real: 0.017 D_fake: 0.010 att_A: 0.949 L_hall: 0.060 L_inter: 0.000 L_intra: 0.000 L_fsp: 0.452 fsp_3_4: 0.112 fsp_4_5: 0.141 fsp_5_6: 0.144 fsp_6_7: 0.055 
(epoch: 15, iters: 1522, time: 0.035) G_GAN: 1.095 G_L1: 0.358 G_SSIM: 0.044 H_L1: 0.077 H_SSIM: 0.152 D_real: 0.018 D_fake: 0.020 att_A: 0.971 L_hall: 0.059 L_inter: 0.000 L_intra: 0.000 L_fsp: 0.800 fsp_3_4: 0.279 fsp_4_5: 0.180 fsp_5_6: 0.207 fsp_6_7: 0.133 
(epoch: 15, iters: 1622, time: 0.034) G_GAN: 0.900 G_L1: 0.270 G_SSIM: 0.236 H_L1: 0.101 H_SSIM: 0.452 D_real: 0.011 D_fake: 0.514 att_A: 0.851 L_hall: 0.052 L_inter: 0.000 L_intra: 0.000 L_fsp: 0.484 fsp_3_4: 0.119 fsp_4_5: 0.135 fsp_5_6: 0.119 fsp_6_7: 0.111 
(epoch: 15, iters: 1722, time: 0.066) G_GAN: 1.675 G_L1: 0.131 G_SSIM: 0.019 H_L1: 0.079 H_SSIM: 0.234 D_real: 0.409 D_fake: 0.058 att_A: 0.854 L_hall: 0.052 L_inter: 0.000 L_intra: 0.000 L_fsp: 0.458 fsp_3_4: 0.078 fsp_4_5: 0.125 fsp_5_6: 0.179 fsp_6_7: 0.076 
(epoch: 15, iters: 1822, time: 0.034) G_GAN: 0.719 G_L1: 0.281 G_SSIM: 0.206 H_L1: 0.162 H_SSIM: 0.392 D_real: 0.018 D_fake: 0.207 att_A: 0.445 L_hall: 0.046 L_inter: 0.000 L_intra: 0.000 L_fsp: 0.308 fsp_3_4: 0.081 fsp_4_5: 0.120 fsp_5_6: 0.080 fsp_6_7: 0.027 
(epoch: 15, iters: 1922, time: 0.034) G_GAN: 0.734 G_L1: 0.210 G_SSIM: 0.079 H_L1: 0.099 H_SSIM: 0.180 D_real: 0.095 D_fake: 0.026 att_A: 0.591 L_hall: 0.037 L_inter: 0.000 L_intra: 0.000 L_fsp: 0.336 fsp_3_4: 0.069 fsp_4_5: 0.123 fsp_5_6: 0.096 fsp_6_7: 0.048 
(epoch: 15, iters: 2022, time: 0.034) G_GAN: 0.982 G_L1: 0.264 G_SSIM: 0.182 H_L1: 0.100 H_SSIM: 0.383 D_real: 0.009 D_fake: 0.004 att_A: 0.648 L_hall: 0.049 L_inter: 0.000 L_intra: 0.000 L_fsp: 0.426 fsp_3_4: 0.109 fsp_4_5: 0.156 fsp_5_6: 0.112 fsp_6_7: 0.049 
(epoch: 15, iters: 2122, time: 0.034) G_GAN: 0.565 G_L1: 0.411 G_SSIM: 0.268 H_L1: 0.160 H_SSIM: 0.447 D_real: 0.028 D_fake: 0.003 att_A: 0.447 L_hall: 0.046 L_inter: 0.000 L_intra: 0.000 L_fsp: 0.413 fsp_3_4: 0.103 fsp_4_5: 0.136 fsp_5_6: 0.085 fsp_6_7: 0.089 
(epoch: 15, iters: 2222, time: 0.064) G_GAN: 0.961 G_L1: 0.336 G_SSIM: 0.352 H_L1: 0.163 H_SSIM: 0.541 D_real: 0.007 D_fake: 0.004 att_A: 0.816 L_hall: 0.055 L_inter: 0.000 L_intra: 0.000 L_fsp: 0.375 fsp_3_4: 0.086 fsp_4_5: 0.138 fsp_5_6: 0.112 fsp_6_7: 0.039 
saving the latest model (epoch 15, total_steps 130000)
(epoch: 15, iters: 2322, time: 0.034) G_GAN: 0.891 G_L1: 0.106 G_SSIM: 0.043 H_L1: 0.102 H_SSIM: 0.214 D_real: 0.015 D_fake: 0.005 att_A: 0.645 L_hall: 0.057 L_inter: 0.000 L_intra: 0.000 L_fsp: 0.535 fsp_3_4: 0.118 fsp_4_5: 0.180 fsp_5_6: 0.166 fsp_6_7: 0.071 
(epoch: 15, iters: 2422, time: 0.033) G_GAN: 1.226 G_L1: 0.239 G_SSIM: 0.175 H_L1: 0.150 H_SSIM: 0.316 D_real: 0.173 D_fake: 0.028 att_A: 0.960 L_hall: 0.059 L_inter: 0.000 L_intra: 0.000 L_fsp: 0.414 fsp_3_4: 0.093 fsp_4_5: 0.153 fsp_5_6: 0.130 fsp_6_7: 0.037 
(epoch: 15, iters: 2522, time: 0.033) G_GAN: 1.227 G_L1: 0.453 G_SSIM: 0.451 H_L1: 0.205 H_SSIM: 0.600 D_real: 0.036 D_fake: 0.024 att_A: 0.922 L_hall: 0.056 L_inter: 0.000 L_intra: 0.000 L_fsp: 0.519 fsp_3_4: 0.126 fsp_4_5: 0.183 fsp_5_6: 0.119 fsp_6_7: 0.092 
(epoch: 15, iters: 2622, time: 0.034) G_GAN: 1.070 G_L1: 0.281 G_SSIM: 0.241 H_L1: 0.075 H_SSIM: 0.385 D_real: 0.008 D_fake: 0.010 att_A: 0.900 L_hall: 0.057 L_inter: 0.000 L_intra: 0.000 L_fsp: 0.614 fsp_3_4: 0.222 fsp_4_5: 0.182 fsp_5_6: 0.156 fsp_6_7: 0.055 
(epoch: 15, iters: 2722, time: 0.062) G_GAN: 1.016 G_L1: 0.382 G_SSIM: 0.380 H_L1: 0.142 H_SSIM: 0.587 D_real: 0.011 D_fake: 0.010 att_A: 0.784 L_hall: 0.053 L_inter: 0.000 L_intra: 0.000 L_fsp: 0.407 fsp_3_4: 0.085 fsp_4_5: 0.136 fsp_5_6: 0.139 fsp_6_7: 0.046 
(epoch: 15, iters: 2822, time: 0.034) G_GAN: 1.083 G_L1: 0.289 G_SSIM: 0.222 H_L1: 0.115 H_SSIM: 0.385 D_real: 0.012 D_fake: 0.003 att_A: 0.607 L_hall: 0.046 L_inter: 0.000 L_intra: 0.000 L_fsp: 0.429 fsp_3_4: 0.122 fsp_4_5: 0.146 fsp_5_6: 0.102 fsp_6_7: 0.058 
(epoch: 15, iters: 2922, time: 0.034) G_GAN: 0.724 G_L1: 0.210 G_SSIM: 0.132 H_L1: 0.125 H_SSIM: 0.345 D_real: 0.281 D_fake: 0.058 att_A: 0.728 L_hall: 0.055 L_inter: 0.000 L_intra: 0.000 L_fsp: 0.455 fsp_3_4: 0.115 fsp_4_5: 0.164 fsp_5_6: 0.145 fsp_6_7: 0.032 
(epoch: 15, iters: 3022, time: 0.035) G_GAN: 1.042 G_L1: 0.274 G_SSIM: 0.170 H_L1: 0.145 H_SSIM: 0.471 D_real: 0.122 D_fake: 0.029 att_A: 0.620 L_hall: 0.049 L_inter: 0.000 L_intra: 0.000 L_fsp: 0.406 fsp_3_4: 0.094 fsp_4_5: 0.140 fsp_5_6: 0.137 fsp_6_7: 0.035 
(epoch: 15, iters: 3122, time: 0.035) G_GAN: 1.278 G_L1: 0.271 G_SSIM: 0.127 H_L1: 0.123 H_SSIM: 0.376 D_real: 0.066 D_fake: 0.026 att_A: 0.615 L_hall: 0.054 L_inter: 0.000 L_intra: 0.000 L_fsp: 0.564 fsp_3_4: 0.126 fsp_4_5: 0.155 fsp_5_6: 0.143 fsp_6_7: 0.139 
(epoch: 15, iters: 3222, time: 0.056) G_GAN: 0.874 G_L1: 0.224 G_SSIM: 0.125 H_L1: 0.132 H_SSIM: 0.340 D_real: 0.007 D_fake: 0.003 att_A: 0.504 L_hall: 0.046 L_inter: 0.000 L_intra: 0.000 L_fsp: 0.294 fsp_3_4: 0.086 fsp_4_5: 0.113 fsp_5_6: 0.071 fsp_6_7: 0.024 
(epoch: 15, iters: 3322, time: 0.033) G_GAN: 1.051 G_L1: 0.371 G_SSIM: 0.249 H_L1: 0.149 H_SSIM: 0.363 D_real: 0.007 D_fake: 0.004 att_A: 0.872 L_hall: 0.056 L_inter: 0.000 L_intra: 0.000 L_fsp: 0.542 fsp_3_4: 0.112 fsp_4_5: 0.193 fsp_5_6: 0.149 fsp_6_7: 0.088 
(epoch: 15, iters: 3422, time: 0.035) G_GAN: 1.020 G_L1: 0.271 G_SSIM: 0.186 H_L1: 0.215 H_SSIM: 0.483 D_real: 0.013 D_fake: 0.158 att_A: 0.629 L_hall: 0.049 L_inter: 0.000 L_intra: 0.000 L_fsp: 0.269 fsp_3_4: 0.075 fsp_4_5: 0.102 fsp_5_6: 0.070 fsp_6_7: 0.022 
(epoch: 15, iters: 3522, time: 0.033) G_GAN: 1.013 G_L1: 0.201 G_SSIM: 0.149 H_L1: 0.126 H_SSIM: 0.315 D_real: 0.020 D_fake: 0.075 att_A: 0.925 L_hall: 0.057 L_inter: 0.000 L_intra: 0.000 L_fsp: 0.541 fsp_3_4: 0.128 fsp_4_5: 0.144 fsp_5_6: 0.153 fsp_6_7: 0.116 
(epoch: 15, iters: 3622, time: 0.036) G_GAN: 1.003 G_L1: 0.218 G_SSIM: 0.176 H_L1: 0.095 H_SSIM: 0.332 D_real: 0.045 D_fake: 0.014 att_A: 0.615 L_hall: 0.049 L_inter: 0.000 L_intra: 0.000 L_fsp: 0.336 fsp_3_4: 0.113 fsp_4_5: 0.105 fsp_5_6: 0.086 fsp_6_7: 0.032 
(epoch: 15, iters: 3722, time: 0.068) G_GAN: 1.120 G_L1: 0.354 G_SSIM: 0.326 H_L1: 0.161 H_SSIM: 0.504 D_real: 0.014 D_fake: 0.009 att_A: 0.704 L_hall: 0.053 L_inter: 0.000 L_intra: 0.000 L_fsp: 0.419 fsp_3_4: 0.112 fsp_4_5: 0.155 fsp_5_6: 0.099 fsp_6_7: 0.053 
(epoch: 15, iters: 3822, time: 0.034) G_GAN: 0.899 G_L1: 0.323 G_SSIM: 0.276 H_L1: 0.112 H_SSIM: 0.432 D_real: 0.018 D_fake: 0.009 att_A: 0.778 L_hall: 0.045 L_inter: 0.000 L_intra: 0.000 L_fsp: 0.360 fsp_3_4: 0.095 fsp_4_5: 0.115 fsp_5_6: 0.121 fsp_6_7: 0.029 
(epoch: 15, iters: 3922, time: 0.034) G_GAN: 1.119 G_L1: 0.322 G_SSIM: 0.241 H_L1: 0.147 H_SSIM: 0.433 D_real: 0.051 D_fake: 0.009 att_A: 0.875 L_hall: 0.054 L_inter: 0.000 L_intra: 0.000 L_fsp: 0.445 fsp_3_4: 0.136 fsp_4_5: 0.117 fsp_5_6: 0.135 fsp_6_7: 0.057 
(epoch: 15, iters: 4022, time: 0.033) G_GAN: 0.968 G_L1: 0.725 G_SSIM: 0.365 H_L1: 0.200 H_SSIM: 0.444 D_real: 0.035 D_fake: 0.010 att_A: 0.891 L_hall: 0.063 L_inter: 0.000 L_intra: 0.000 L_fsp: 0.929 fsp_3_4: 0.168 fsp_4_5: 0.209 fsp_5_6: 0.208 fsp_6_7: 0.345 
(epoch: 15, iters: 4122, time: 0.034) G_GAN: 0.875 G_L1: 0.369 G_SSIM: 0.219 H_L1: 0.148 H_SSIM: 0.410 D_real: 0.031 D_fake: 0.010 att_A: 0.919 L_hall: 0.057 L_inter: 0.000 L_intra: 0.000 L_fsp: 0.647 fsp_3_4: 0.149 fsp_4_5: 0.198 fsp_5_6: 0.202 fsp_6_7: 0.098 
(epoch: 15, iters: 4222, time: 0.057) G_GAN: 0.992 G_L1: 0.209 G_SSIM: 0.161 H_L1: 0.144 H_SSIM: 0.373 D_real: 0.106 D_fake: 0.016 att_A: 0.490 L_hall: 0.039 L_inter: 0.000 L_intra: 0.000 L_fsp: 0.323 fsp_3_4: 0.104 fsp_4_5: 0.121 fsp_5_6: 0.083 fsp_6_7: 0.015 
(epoch: 15, iters: 4322, time: 0.035) G_GAN: 0.929 G_L1: 0.274 G_SSIM: 0.229 H_L1: 0.121 H_SSIM: 0.429 D_real: 0.016 D_fake: 0.272 att_A: 0.721 L_hall: 0.057 L_inter: 0.000 L_intra: 0.000 L_fsp: 0.563 fsp_3_4: 0.101 fsp_4_5: 0.159 fsp_5_6: 0.155 fsp_6_7: 0.147 
(epoch: 15, iters: 4422, time: 0.034) G_GAN: 0.376 G_L1: 0.116 G_SSIM: 0.051 H_L1: 0.135 H_SSIM: 0.311 D_real: 0.089 D_fake: 0.175 att_A: 0.309 L_hall: 0.042 L_inter: 0.000 L_intra: 0.000 L_fsp: 0.290 fsp_3_4: 0.072 fsp_4_5: 0.113 fsp_5_6: 0.066 fsp_6_7: 0.038 
(epoch: 15, iters: 4522, time: 0.034) G_GAN: 0.918 G_L1: 0.439 G_SSIM: 0.454 H_L1: 0.171 H_SSIM: 0.646 D_real: 0.013 D_fake: 0.010 att_A: 0.768 L_hall: 0.053 L_inter: 0.000 L_intra: 0.000 L_fsp: 0.391 fsp_3_4: 0.104 fsp_4_5: 0.135 fsp_5_6: 0.100 fsp_6_7: 0.052 
(epoch: 15, iters: 4622, time: 0.034) G_GAN: 0.206 G_L1: 0.240 G_SSIM: 0.116 H_L1: 0.157 H_SSIM: 0.269 D_real: 0.043 D_fake: 0.007 att_A: 0.343 L_hall: 0.036 L_inter: 0.000 L_intra: 0.000 L_fsp: 0.247 fsp_3_4: 0.060 fsp_4_5: 0.078 fsp_5_6: 0.083 fsp_6_7: 0.025 
(epoch: 15, iters: 4722, time: 0.059) G_GAN: 0.934 G_L1: 0.391 G_SSIM: 0.241 H_L1: 0.133 H_SSIM: 0.427 D_real: 0.039 D_fake: 0.007 att_A: 0.852 L_hall: 0.056 L_inter: 0.000 L_intra: 0.000 L_fsp: 0.546 fsp_3_4: 0.122 fsp_4_5: 0.188 fsp_5_6: 0.183 fsp_6_7: 0.054 
(epoch: 15, iters: 4822, time: 0.034) G_GAN: 0.885 G_L1: 0.501 G_SSIM: 0.246 H_L1: 0.147 H_SSIM: 0.409 D_real: 0.060 D_fake: 0.009 att_A: 0.729 L_hall: 0.051 L_inter: 0.000 L_intra: 0.000 L_fsp: 0.714 fsp_3_4: 0.114 fsp_4_5: 0.219 fsp_5_6: 0.189 fsp_6_7: 0.192 
(epoch: 15, iters: 4922, time: 0.034) G_GAN: 1.007 G_L1: 0.203 G_SSIM: 0.145 H_L1: 0.082 H_SSIM: 0.374 D_real: 0.012 D_fake: 0.008 att_A: 0.799 L_hall: 0.053 L_inter: 0.000 L_intra: 0.000 L_fsp: 0.458 fsp_3_4: 0.117 fsp_4_5: 0.184 fsp_5_6: 0.105 fsp_6_7: 0.053 
(epoch: 15, iters: 5022, time: 0.034) G_GAN: 1.267 G_L1: 0.259 G_SSIM: 0.224 H_L1: 0.123 H_SSIM: 0.422 D_real: 0.045 D_fake: 0.035 att_A: 0.574 L_hall: 0.053 L_inter: 0.000 L_intra: 0.000 L_fsp: 0.400 fsp_3_4: 0.101 fsp_4_5: 0.118 fsp_5_6: 0.124 fsp_6_7: 0.057 
(epoch: 15, iters: 5122, time: 0.034) G_GAN: 0.388 G_L1: 0.300 G_SSIM: 0.104 H_L1: 0.161 H_SSIM: 0.340 D_real: 0.017 D_fake: 0.008 att_A: 0.298 L_hall: 0.037 L_inter: 0.000 L_intra: 0.000 L_fsp: 0.349 fsp_3_4: 0.102 fsp_4_5: 0.130 fsp_5_6: 0.088 fsp_6_7: 0.030 
(epoch: 15, iters: 5222, time: 0.052) G_GAN: 1.068 G_L1: 0.230 G_SSIM: 0.190 H_L1: 0.138 H_SSIM: 0.395 D_real: 0.013 D_fake: 0.347 att_A: 0.540 L_hall: 0.046 L_inter: 0.000 L_intra: 0.000 L_fsp: 0.345 fsp_3_4: 0.104 fsp_4_5: 0.147 fsp_5_6: 0.076 fsp_6_7: 0.017 
(epoch: 15, iters: 5322, time: 0.033) G_GAN: 0.963 G_L1: 0.634 G_SSIM: 0.536 H_L1: 0.220 H_SSIM: 0.588 D_real: 0.011 D_fake: 0.009 att_A: 0.966 L_hall: 0.061 L_inter: 0.000 L_intra: 0.000 L_fsp: 0.442 fsp_3_4: 0.109 fsp_4_5: 0.173 fsp_5_6: 0.123 fsp_6_7: 0.037 
(epoch: 15, iters: 5422, time: 0.034) G_GAN: 0.751 G_L1: 0.327 G_SSIM: 0.292 H_L1: 0.143 H_SSIM: 0.524 D_real: 0.042 D_fake: 0.030 att_A: 0.631 L_hall: 0.047 L_inter: 0.000 L_intra: 0.000 L_fsp: 0.380 fsp_3_4: 0.099 fsp_4_5: 0.118 fsp_5_6: 0.103 fsp_6_7: 0.059 
(epoch: 15, iters: 5522, time: 0.034) G_GAN: 0.936 G_L1: 0.323 G_SSIM: 0.280 H_L1: 0.140 H_SSIM: 0.454 D_real: 0.014 D_fake: 0.011 att_A: 0.640 L_hall: 0.045 L_inter: 0.000 L_intra: 0.000 L_fsp: 0.367 fsp_3_4: 0.124 fsp_4_5: 0.152 fsp_5_6: 0.078 fsp_6_7: 0.013 
(epoch: 15, iters: 5622, time: 0.034) G_GAN: 0.940 G_L1: 0.342 G_SSIM: 0.271 H_L1: 0.125 H_SSIM: 0.483 D_real: 0.014 D_fake: 0.007 att_A: 0.827 L_hall: 0.057 L_inter: 0.000 L_intra: 0.000 L_fsp: 0.469 fsp_3_4: 0.102 fsp_4_5: 0.141 fsp_5_6: 0.178 fsp_6_7: 0.048 
(epoch: 15, iters: 5722, time: 0.055) G_GAN: 1.342 G_L1: 0.351 G_SSIM: 0.203 H_L1: 0.114 H_SSIM: 0.391 D_real: 0.071 D_fake: 0.035 att_A: 0.816 L_hall: 0.059 L_inter: 0.000 L_intra: 0.000 L_fsp: 0.671 fsp_3_4: 0.137 fsp_4_5: 0.256 fsp_5_6: 0.182 fsp_6_7: 0.096 
(epoch: 15, iters: 5822, time: 0.034) G_GAN: 1.094 G_L1: 0.524 G_SSIM: 0.376 H_L1: 0.185 H_SSIM: 0.583 D_real: 0.016 D_fake: 0.012 att_A: 0.703 L_hall: 0.053 L_inter: 0.000 L_intra: 0.000 L_fsp: 0.454 fsp_3_4: 0.092 fsp_4_5: 0.142 fsp_5_6: 0.157 fsp_6_7: 0.062 
(epoch: 15, iters: 5922, time: 0.033) G_GAN: 1.123 G_L1: 0.391 G_SSIM: 0.308 H_L1: 0.132 H_SSIM: 0.463 D_real: 0.027 D_fake: 0.009 att_A: 0.808 L_hall: 0.052 L_inter: 0.000 L_intra: 0.000 L_fsp: 0.523 fsp_3_4: 0.181 fsp_4_5: 0.146 fsp_5_6: 0.141 fsp_6_7: 0.054 
(epoch: 15, iters: 6022, time: 0.034) G_GAN: 0.435 G_L1: 0.232 G_SSIM: 0.139 H_L1: 0.097 H_SSIM: 0.309 D_real: 0.012 D_fake: 0.147 att_A: 0.556 L_hall: 0.040 L_inter: 0.000 L_intra: 0.000 L_fsp: 0.356 fsp_3_4: 0.126 fsp_4_5: 0.093 fsp_5_6: 0.090 fsp_6_7: 0.047 
(epoch: 15, iters: 6122, time: 0.034) G_GAN: 0.855 G_L1: 0.275 G_SSIM: 0.153 H_L1: 0.151 H_SSIM: 0.431 D_real: 0.090 D_fake: 0.025 att_A: 0.494 L_hall: 0.046 L_inter: 0.000 L_intra: 0.000 L_fsp: 0.306 fsp_3_4: 0.078 fsp_4_5: 0.119 fsp_5_6: 0.088 fsp_6_7: 0.022 
(epoch: 15, iters: 6222, time: 0.052) G_GAN: 1.279 G_L1: 0.073 G_SSIM: 0.033 H_L1: 0.063 H_SSIM: 0.174 D_real: 0.247 D_fake: 0.033 att_A: 0.726 L_hall: 0.050 L_inter: 0.000 L_intra: 0.000 L_fsp: 0.525 fsp_3_4: 0.120 fsp_4_5: 0.207 fsp_5_6: 0.139 fsp_6_7: 0.058 
(epoch: 15, iters: 6322, time: 0.034) G_GAN: 0.708 G_L1: 0.213 G_SSIM: 0.123 H_L1: 0.077 H_SSIM: 0.312 D_real: 0.022 D_fake: 0.039 att_A: 0.784 L_hall: 0.047 L_inter: 0.000 L_intra: 0.000 L_fsp: 0.404 fsp_3_4: 0.138 fsp_4_5: 0.122 fsp_5_6: 0.119 fsp_6_7: 0.025 
(epoch: 15, iters: 6422, time: 0.035) G_GAN: 0.959 G_L1: 0.328 G_SSIM: 0.239 H_L1: 0.144 H_SSIM: 0.452 D_real: 0.130 D_fake: 0.004 att_A: 0.739 L_hall: 0.053 L_inter: 0.000 L_intra: 0.000 L_fsp: 0.474 fsp_3_4: 0.137 fsp_4_5: 0.168 fsp_5_6: 0.143 fsp_6_7: 0.027 
(epoch: 15, iters: 6522, time: 0.034) G_GAN: 1.189 G_L1: 0.246 G_SSIM: 0.219 H_L1: 0.156 H_SSIM: 0.416 D_real: 0.053 D_fake: 0.245 att_A: 0.561 L_hall: 0.047 L_inter: 0.000 L_intra: 0.000 L_fsp: 0.349 fsp_3_4: 0.105 fsp_4_5: 0.130 fsp_5_6: 0.089 fsp_6_7: 0.024 
(epoch: 15, iters: 6622, time: 0.034) G_GAN: 1.320 G_L1: 0.229 G_SSIM: 0.157 H_L1: 0.090 H_SSIM: 0.363 D_real: 0.197 D_fake: 0.060 att_A: 0.812 L_hall: 0.056 L_inter: 0.000 L_intra: 0.000 L_fsp: 0.508 fsp_3_4: 0.119 fsp_4_5: 0.177 fsp_5_6: 0.142 fsp_6_7: 0.071 
(epoch: 15, iters: 6722, time: 0.047) G_GAN: 1.181 G_L1: 0.196 G_SSIM: 0.117 H_L1: 0.092 H_SSIM: 0.352 D_real: 0.015 D_fake: 0.040 att_A: 0.724 L_hall: 0.052 L_inter: 0.000 L_intra: 0.000 L_fsp: 0.438 fsp_3_4: 0.121 fsp_4_5: 0.127 fsp_5_6: 0.125 fsp_6_7: 0.065 
(epoch: 15, iters: 6822, time: 0.035) G_GAN: 1.004 G_L1: 0.313 G_SSIM: 0.279 H_L1: 0.148 H_SSIM: 0.511 D_real: 0.017 D_fake: 0.010 att_A: 0.691 L_hall: 0.052 L_inter: 0.000 L_intra: 0.000 L_fsp: 0.497 fsp_3_4: 0.101 fsp_4_5: 0.131 fsp_5_6: 0.167 fsp_6_7: 0.099 
(epoch: 15, iters: 6922, time: 0.034) G_GAN: 1.054 G_L1: 0.309 G_SSIM: 0.278 H_L1: 0.108 H_SSIM: 0.485 D_real: 0.008 D_fake: 0.006 att_A: 0.852 L_hall: 0.059 L_inter: 0.000 L_intra: 0.000 L_fsp: 0.578 fsp_3_4: 0.144 fsp_4_5: 0.187 fsp_5_6: 0.162 fsp_6_7: 0.085 
(epoch: 15, iters: 7022, time: 0.035) G_GAN: 1.035 G_L1: 0.371 G_SSIM: 0.350 H_L1: 0.110 H_SSIM: 0.483 D_real: 0.007 D_fake: 0.005 att_A: 0.862 L_hall: 0.056 L_inter: 0.000 L_intra: 0.000 L_fsp: 0.526 fsp_3_4: 0.124 fsp_4_5: 0.162 fsp_5_6: 0.131 fsp_6_7: 0.109 
(epoch: 15, iters: 7122, time: 0.034) G_GAN: 0.399 G_L1: 0.333 G_SSIM: 0.113 H_L1: 0.158 H_SSIM: 0.184 D_real: 0.039 D_fake: 0.020 att_A: 0.545 L_hall: 0.046 L_inter: 0.000 L_intra: 0.000 L_fsp: 0.558 fsp_3_4: 0.147 fsp_4_5: 0.186 fsp_5_6: 0.150 fsp_6_7: 0.075 
(epoch: 15, iters: 7222, time: 0.064) G_GAN: 1.297 G_L1: 0.450 G_SSIM: 0.353 H_L1: 0.098 H_SSIM: 0.465 D_real: 0.040 D_fake: 0.047 att_A: 0.919 L_hall: 0.053 L_inter: 0.000 L_intra: 0.000 L_fsp: 0.581 fsp_3_4: 0.178 fsp_4_5: 0.176 fsp_5_6: 0.160 fsp_6_7: 0.067 
saving the latest model (epoch 15, total_steps 135000)
(epoch: 15, iters: 7322, time: 0.033) G_GAN: 1.429 G_L1: 0.475 G_SSIM: 0.377 H_L1: 0.189 H_SSIM: 0.525 D_real: 0.071 D_fake: 0.047 att_A: 0.603 L_hall: 0.053 L_inter: 0.000 L_intra: 0.000 L_fsp: 0.451 fsp_3_4: 0.137 fsp_4_5: 0.125 fsp_5_6: 0.129 fsp_6_7: 0.060 
(epoch: 15, iters: 7422, time: 0.034) G_GAN: 1.148 G_L1: 0.260 G_SSIM: 0.216 H_L1: 0.112 H_SSIM: 0.391 D_real: 0.029 D_fake: 0.012 att_A: 0.691 L_hall: 0.055 L_inter: 0.000 L_intra: 0.000 L_fsp: 0.408 fsp_3_4: 0.075 fsp_4_5: 0.152 fsp_5_6: 0.142 fsp_6_7: 0.040 
(epoch: 15, iters: 7522, time: 0.035) G_GAN: 0.764 G_L1: 0.348 G_SSIM: 0.310 H_L1: 0.153 H_SSIM: 0.468 D_real: 0.029 D_fake: 0.010 att_A: 0.651 L_hall: 0.052 L_inter: 0.000 L_intra: 0.000 L_fsp: 0.369 fsp_3_4: 0.101 fsp_4_5: 0.133 fsp_5_6: 0.096 fsp_6_7: 0.039 
(epoch: 15, iters: 7622, time: 0.034) G_GAN: 0.153 G_L1: 0.218 G_SSIM: 0.114 H_L1: 0.150 H_SSIM: 0.339 D_real: 0.009 D_fake: 0.396 att_A: 0.506 L_hall: 0.045 L_inter: 0.000 L_intra: 0.000 L_fsp: 0.392 fsp_3_4: 0.098 fsp_4_5: 0.129 fsp_5_6: 0.118 fsp_6_7: 0.047 
(epoch: 15, iters: 7722, time: 0.092) G_GAN: 0.917 G_L1: 0.416 G_SSIM: 0.311 H_L1: 0.114 H_SSIM: 0.445 D_real: 0.008 D_fake: 0.009 att_A: 0.829 L_hall: 0.052 L_inter: 0.000 L_intra: 0.000 L_fsp: 0.426 fsp_3_4: 0.125 fsp_4_5: 0.129 fsp_5_6: 0.121 fsp_6_7: 0.050 
(epoch: 15, iters: 7822, time: 0.035) G_GAN: 1.125 G_L1: 0.290 G_SSIM: 0.196 H_L1: 0.134 H_SSIM: 0.377 D_real: 0.037 D_fake: 0.013 att_A: 0.884 L_hall: 0.056 L_inter: 0.000 L_intra: 0.000 L_fsp: 0.629 fsp_3_4: 0.156 fsp_4_5: 0.205 fsp_5_6: 0.161 fsp_6_7: 0.106 
(epoch: 15, iters: 7922, time: 0.036) G_GAN: 0.763 G_L1: 0.488 G_SSIM: 0.442 H_L1: 0.173 H_SSIM: 0.631 D_real: 0.009 D_fake: 0.021 att_A: 0.813 L_hall: 0.053 L_inter: 0.000 L_intra: 0.000 L_fsp: 0.509 fsp_3_4: 0.169 fsp_4_5: 0.170 fsp_5_6: 0.112 fsp_6_7: 0.059 
(epoch: 15, iters: 8022, time: 0.034) G_GAN: 0.387 G_L1: 0.193 G_SSIM: 0.137 H_L1: 0.128 H_SSIM: 0.334 D_real: 0.013 D_fake: 0.155 att_A: 0.485 L_hall: 0.047 L_inter: 0.000 L_intra: 0.000 L_fsp: 0.368 fsp_3_4: 0.126 fsp_4_5: 0.134 fsp_5_6: 0.080 fsp_6_7: 0.028 
(epoch: 15, iters: 8122, time: 0.036) G_GAN: 0.871 G_L1: 0.411 G_SSIM: 0.281 H_L1: 0.126 H_SSIM: 0.412 D_real: 0.011 D_fake: 0.161 att_A: 0.793 L_hall: 0.053 L_inter: 0.000 L_intra: 0.000 L_fsp: 0.413 fsp_3_4: 0.116 fsp_4_5: 0.135 fsp_5_6: 0.133 fsp_6_7: 0.029 
(epoch: 15, iters: 8222, time: 0.053) G_GAN: 0.060 G_L1: 0.223 G_SSIM: 0.138 H_L1: 0.096 H_SSIM: 0.300 D_real: 0.044 D_fake: 0.736 att_A: 0.407 L_hall: 0.045 L_inter: 0.000 L_intra: 0.000 L_fsp: 0.323 fsp_3_4: 0.118 fsp_4_5: 0.116 fsp_5_6: 0.077 fsp_6_7: 0.013 
(epoch: 15, iters: 8322, time: 0.033) G_GAN: 1.010 G_L1: 0.465 G_SSIM: 0.365 H_L1: 0.139 H_SSIM: 0.435 D_real: 0.011 D_fake: 0.015 att_A: 0.942 L_hall: 0.057 L_inter: 0.000 L_intra: 0.000 L_fsp: 0.585 fsp_3_4: 0.148 fsp_4_5: 0.181 fsp_5_6: 0.167 fsp_6_7: 0.088 
(epoch: 15, iters: 8422, time: 0.034) G_GAN: 0.311 G_L1: 0.169 G_SSIM: 0.110 H_L1: 0.147 H_SSIM: 0.321 D_real: 0.072 D_fake: 0.206 att_A: 0.732 L_hall: 0.054 L_inter: 0.000 L_intra: 0.000 L_fsp: 0.540 fsp_3_4: 0.112 fsp_4_5: 0.197 fsp_5_6: 0.157 fsp_6_7: 0.074 
(epoch: 15, iters: 8522, time: 0.035) G_GAN: 0.822 G_L1: 0.262 G_SSIM: 0.210 H_L1: 0.147 H_SSIM: 0.398 D_real: 0.196 D_fake: 0.018 att_A: 0.503 L_hall: 0.044 L_inter: 0.000 L_intra: 0.000 L_fsp: 0.347 fsp_3_4: 0.088 fsp_4_5: 0.126 fsp_5_6: 0.111 fsp_6_7: 0.022 
(epoch: 15, iters: 8622, time: 0.034) G_GAN: 0.857 G_L1: 0.427 G_SSIM: 0.307 H_L1: 0.155 H_SSIM: 0.485 D_real: 0.020 D_fake: 0.024 att_A: 0.787 L_hall: 0.048 L_inter: 0.000 L_intra: 0.000 L_fsp: 0.396 fsp_3_4: 0.092 fsp_4_5: 0.105 fsp_5_6: 0.131 fsp_6_7: 0.067 
(epoch: 15, iters: 8722, time: 0.049) G_GAN: 0.863 G_L1: 0.380 G_SSIM: 0.248 H_L1: 0.155 H_SSIM: 0.477 D_real: 0.008 D_fake: 0.007 att_A: 0.741 L_hall: 0.046 L_inter: 0.000 L_intra: 0.000 L_fsp: 0.421 fsp_3_4: 0.119 fsp_4_5: 0.154 fsp_5_6: 0.127 fsp_6_7: 0.022 
(epoch: 15, iters: 8822, time: 0.033) G_GAN: 0.919 G_L1: 0.355 G_SSIM: 0.299 H_L1: 0.120 H_SSIM: 0.447 D_real: 0.011 D_fake: 0.019 att_A: 0.915 L_hall: 0.053 L_inter: 0.000 L_intra: 0.000 L_fsp: 0.537 fsp_3_4: 0.167 fsp_4_5: 0.177 fsp_5_6: 0.160 fsp_6_7: 0.033 
(epoch: 15, iters: 8922, time: 0.034) G_GAN: 0.813 G_L1: 0.090 G_SSIM: 0.043 H_L1: 0.070 H_SSIM: 0.149 D_real: 0.204 D_fake: 0.004 att_A: 0.614 L_hall: 0.029 L_inter: 0.000 L_intra: 0.000 L_fsp: 0.250 fsp_3_4: 0.067 fsp_4_5: 0.102 fsp_5_6: 0.066 fsp_6_7: 0.016 
(epoch: 15, iters: 9022, time: 0.034) G_GAN: 0.331 G_L1: 0.220 G_SSIM: 0.100 H_L1: 0.107 H_SSIM: 0.335 D_real: 0.017 D_fake: 0.206 att_A: 0.605 L_hall: 0.049 L_inter: 0.000 L_intra: 0.000 L_fsp: 0.341 fsp_3_4: 0.088 fsp_4_5: 0.114 fsp_5_6: 0.110 fsp_6_7: 0.029 
(epoch: 15, iters: 9122, time: 0.035) G_GAN: 0.975 G_L1: 0.353 G_SSIM: 0.276 H_L1: 0.110 H_SSIM: 0.427 D_real: 0.008 D_fake: 0.007 att_A: 0.829 L_hall: 0.056 L_inter: 0.000 L_intra: 0.000 L_fsp: 0.501 fsp_3_4: 0.104 fsp_4_5: 0.166 fsp_5_6: 0.168 fsp_6_7: 0.064 
saving the model at the end of epoch 15, iters 136905
epoch 15  fsp_3_4:0.110416  fsp_3_4_degen:0.000000  fsp_4_5:0.138731  fsp_4_5_degen:0.000000  fsp_5_6:0.118073  fsp_5_6_degen:0.000000  fsp_6_7:0.051522  fsp_6_7_degen:0.000000
End of epoch 15 / 30 	 Time Taken: 473 sec
learning rate = 0.0001875
(epoch: 16, iters: 95, time: 0.049) G_GAN: 0.759 G_L1: 0.267 G_SSIM: 0.173 H_L1: 0.110 H_SSIM: 0.331 D_real: 0.016 D_fake: 0.024 att_A: 0.948 L_hall: 0.058 L_inter: 0.000 L_intra: 0.000 L_fsp: 0.458 fsp_3_4: 0.134 fsp_4_5: 0.149 fsp_5_6: 0.149 fsp_6_7: 0.026 
(epoch: 16, iters: 195, time: 0.037) G_GAN: 0.859 G_L1: 0.239 G_SSIM: 0.165 H_L1: 0.143 H_SSIM: 0.345 D_real: 0.052 D_fake: 0.050 att_A: 0.461 L_hall: 0.039 L_inter: 0.000 L_intra: 0.000 L_fsp: 0.284 fsp_3_4: 0.090 fsp_4_5: 0.100 fsp_5_6: 0.082 fsp_6_7: 0.011 
(epoch: 16, iters: 295, time: 0.033) G_GAN: 1.349 G_L1: 0.344 G_SSIM: 0.270 H_L1: 0.142 H_SSIM: 0.425 D_real: 0.059 D_fake: 0.062 att_A: 0.616 L_hall: 0.045 L_inter: 0.000 L_intra: 0.000 L_fsp: 0.306 fsp_3_4: 0.080 fsp_4_5: 0.109 fsp_5_6: 0.105 fsp_6_7: 0.011 
(epoch: 16, iters: 395, time: 0.036) G_GAN: 0.676 G_L1: 0.154 G_SSIM: 0.075 H_L1: 0.174 H_SSIM: 0.330 D_real: 0.224 D_fake: 0.028 att_A: 0.275 L_hall: 0.040 L_inter: 0.000 L_intra: 0.000 L_fsp: 0.264 fsp_3_4: 0.094 fsp_4_5: 0.102 fsp_5_6: 0.047 fsp_6_7: 0.021 
(epoch: 16, iters: 495, time: 0.034) G_GAN: 0.713 G_L1: 0.315 G_SSIM: 0.195 H_L1: 0.113 H_SSIM: 0.316 D_real: 0.018 D_fake: 0.008 att_A: 0.598 L_hall: 0.046 L_inter: 0.000 L_intra: 0.000 L_fsp: 0.375 fsp_3_4: 0.136 fsp_4_5: 0.106 fsp_5_6: 0.087 fsp_6_7: 0.047 
(epoch: 16, iters: 595, time: 0.054) G_GAN: 0.768 G_L1: 0.203 G_SSIM: 0.124 H_L1: 0.138 H_SSIM: 0.299 D_real: 0.018 D_fake: 0.030 att_A: 0.453 L_hall: 0.043 L_inter: 0.000 L_intra: 0.000 L_fsp: 0.303 fsp_3_4: 0.082 fsp_4_5: 0.112 fsp_5_6: 0.081 fsp_6_7: 0.028 
(epoch: 16, iters: 695, time: 0.034) G_GAN: 0.953 G_L1: 0.276 G_SSIM: 0.199 H_L1: 0.149 H_SSIM: 0.400 D_real: 0.138 D_fake: 0.009 att_A: 0.597 L_hall: 0.046 L_inter: 0.000 L_intra: 0.000 L_fsp: 0.344 fsp_3_4: 0.090 fsp_4_5: 0.108 fsp_5_6: 0.107 fsp_6_7: 0.038 
(epoch: 16, iters: 795, time: 0.034) G_GAN: 0.289 G_L1: 0.216 G_SSIM: 0.143 H_L1: 0.154 H_SSIM: 0.251 D_real: 0.117 D_fake: 0.316 att_A: 0.406 L_hall: 0.036 L_inter: 0.000 L_intra: 0.000 L_fsp: 0.258 fsp_3_4: 0.065 fsp_4_5: 0.105 fsp_5_6: 0.060 fsp_6_7: 0.029 
(epoch: 16, iters: 895, time: 0.034) G_GAN: 1.093 G_L1: 0.179 G_SSIM: 0.084 H_L1: 0.135 H_SSIM: 0.329 D_real: 0.310 D_fake: 0.029 att_A: 0.320 L_hall: 0.043 L_inter: 0.000 L_intra: 0.000 L_fsp: 0.291 fsp_3_4: 0.107 fsp_4_5: 0.106 fsp_5_6: 0.047 fsp_6_7: 0.032 
(epoch: 16, iters: 995, time: 0.033) G_GAN: 0.974 G_L1: 0.316 G_SSIM: 0.217 H_L1: 0.164 H_SSIM: 0.351 D_real: 0.046 D_fake: 0.008 att_A: 0.951 L_hall: 0.058 L_inter: 0.000 L_intra: 0.000 L_fsp: 0.568 fsp_3_4: 0.154 fsp_4_5: 0.175 fsp_5_6: 0.172 fsp_6_7: 0.067 
(epoch: 16, iters: 1095, time: 0.061) G_GAN: 1.134 G_L1: 0.209 G_SSIM: 0.127 H_L1: 0.145 H_SSIM: 0.418 D_real: 0.075 D_fake: 0.015 att_A: 0.541 L_hall: 0.044 L_inter: 0.000 L_intra: 0.000 L_fsp: 0.311 fsp_3_4: 0.100 fsp_4_5: 0.114 fsp_5_6: 0.079 fsp_6_7: 0.017 
(epoch: 16, iters: 1195, time: 0.034) G_GAN: 1.023 G_L1: 0.263 G_SSIM: 0.194 H_L1: 0.127 H_SSIM: 0.441 D_real: 0.012 D_fake: 0.005 att_A: 0.674 L_hall: 0.047 L_inter: 0.000 L_intra: 0.000 L_fsp: 0.331 fsp_3_4: 0.108 fsp_4_5: 0.126 fsp_5_6: 0.077 fsp_6_7: 0.019 
(epoch: 16, iters: 1295, time: 0.035) G_GAN: 0.840 G_L1: 0.424 G_SSIM: 0.325 H_L1: 0.160 H_SSIM: 0.427 D_real: 0.021 D_fake: 0.007 att_A: 0.580 L_hall: 0.049 L_inter: 0.000 L_intra: 0.000 L_fsp: 0.415 fsp_3_4: 0.157 fsp_4_5: 0.140 fsp_5_6: 0.099 fsp_6_7: 0.019 
(epoch: 16, iters: 1395, time: 0.035) G_GAN: 1.000 G_L1: 0.244 G_SSIM: 0.171 H_L1: 0.101 H_SSIM: 0.367 D_real: 0.011 D_fake: 0.010 att_A: 0.770 L_hall: 0.044 L_inter: 0.000 L_intra: 0.000 L_fsp: 0.566 fsp_3_4: 0.155 fsp_4_5: 0.156 fsp_5_6: 0.139 fsp_6_7: 0.116 
(epoch: 16, iters: 1495, time: 0.034) G_GAN: 1.252 G_L1: 0.475 G_SSIM: 0.362 H_L1: 0.157 H_SSIM: 0.586 D_real: 0.036 D_fake: 0.006 att_A: 0.604 L_hall: 0.049 L_inter: 0.000 L_intra: 0.000 L_fsp: 0.328 fsp_3_4: 0.069 fsp_4_5: 0.138 fsp_5_6: 0.098 fsp_6_7: 0.023 
(epoch: 16, iters: 1595, time: 0.049) G_GAN: 0.987 G_L1: 0.300 G_SSIM: 0.241 H_L1: 0.142 H_SSIM: 0.427 D_real: 0.011 D_fake: 0.004 att_A: 0.572 L_hall: 0.052 L_inter: 0.000 L_intra: 0.000 L_fsp: 0.373 fsp_3_4: 0.101 fsp_4_5: 0.123 fsp_5_6: 0.113 fsp_6_7: 0.036 
(epoch: 16, iters: 1695, time: 0.035) G_GAN: 0.950 G_L1: 0.248 G_SSIM: 0.177 H_L1: 0.158 H_SSIM: 0.408 D_real: 0.013 D_fake: 0.014 att_A: 0.453 L_hall: 0.044 L_inter: 0.000 L_intra: 0.000 L_fsp: 0.262 fsp_3_4: 0.073 fsp_4_5: 0.105 fsp_5_6: 0.060 fsp_6_7: 0.024 
(epoch: 16, iters: 1795, time: 0.034) G_GAN: 1.127 G_L1: 0.265 G_SSIM: 0.222 H_L1: 0.108 H_SSIM: 0.375 D_real: 0.033 D_fake: 0.021 att_A: 0.536 L_hall: 0.045 L_inter: 0.000 L_intra: 0.000 L_fsp: 0.304 fsp_3_4: 0.067 fsp_4_5: 0.118 fsp_5_6: 0.089 fsp_6_7: 0.030 
(epoch: 16, iters: 1895, time: 0.035) G_GAN: 0.384 G_L1: 0.123 G_SSIM: 0.037 H_L1: 0.098 H_SSIM: 0.154 D_real: 0.096 D_fake: 0.005 att_A: 0.731 L_hall: 0.035 L_inter: 0.000 L_intra: 0.000 L_fsp: 0.315 fsp_3_4: 0.078 fsp_4_5: 0.096 fsp_5_6: 0.110 fsp_6_7: 0.032 
(epoch: 16, iters: 1995, time: 0.034) G_GAN: 1.310 G_L1: 0.101 G_SSIM: 0.010 H_L1: 0.066 H_SSIM: 0.103 D_real: 0.022 D_fake: 0.038 att_A: 0.550 L_hall: 0.051 L_inter: 0.000 L_intra: 0.000 L_fsp: 0.408 fsp_3_4: 0.069 fsp_4_5: 0.115 fsp_5_6: 0.119 fsp_6_7: 0.106 
(epoch: 16, iters: 2095, time: 0.052) G_GAN: 1.068 G_L1: 0.308 G_SSIM: 0.285 H_L1: 0.110 H_SSIM: 0.440 D_real: 0.050 D_fake: 0.035 att_A: 0.699 L_hall: 0.048 L_inter: 0.000 L_intra: 0.000 L_fsp: 0.389 fsp_3_4: 0.100 fsp_4_5: 0.121 fsp_5_6: 0.095 fsp_6_7: 0.072 
(epoch: 16, iters: 2195, time: 0.033) G_GAN: 0.966 G_L1: 0.036 G_SSIM: 0.013 H_L1: 0.066 H_SSIM: 0.144 D_real: 0.026 D_fake: 0.009 att_A: 0.429 L_hall: 0.050 L_inter: 0.000 L_intra: 0.000 L_fsp: 0.505 fsp_3_4: 0.102 fsp_4_5: 0.177 fsp_5_6: 0.161 fsp_6_7: 0.064 
(epoch: 16, iters: 2295, time: 0.034) G_GAN: 0.784 G_L1: 0.025 G_SSIM: 0.002 H_L1: 0.075 H_SSIM: 0.139 D_real: 0.093 D_fake: 0.025 att_A: 0.857 L_hall: 0.045 L_inter: 0.000 L_intra: 0.000 L_fsp: 0.558 fsp_3_4: 0.122 fsp_4_5: 0.155 fsp_5_6: 0.170 fsp_6_7: 0.112 
(epoch: 16, iters: 2395, time: 0.034) G_GAN: 0.045 G_L1: 0.185 G_SSIM: 0.080 H_L1: 0.103 H_SSIM: 0.279 D_real: 0.012 D_fake: 0.104 att_A: 0.359 L_hall: 0.040 L_inter: 0.000 L_intra: 0.000 L_fsp: 0.305 fsp_3_4: 0.114 fsp_4_5: 0.110 fsp_5_6: 0.058 fsp_6_7: 0.023 
(epoch: 16, iters: 2495, time: 0.033) G_GAN: 0.905 G_L1: 0.084 G_SSIM: 0.026 H_L1: 0.079 H_SSIM: 0.173 D_real: 0.015 D_fake: 0.014 att_A: 0.840 L_hall: 0.050 L_inter: 0.000 L_intra: 0.000 L_fsp: 0.458 fsp_3_4: 0.118 fsp_4_5: 0.128 fsp_5_6: 0.140 fsp_6_7: 0.071 
(epoch: 16, iters: 2595, time: 0.059) G_GAN: 1.028 G_L1: 0.291 G_SSIM: 0.205 H_L1: 0.128 H_SSIM: 0.404 D_real: 0.035 D_fake: 0.094 att_A: 0.616 L_hall: 0.049 L_inter: 0.000 L_intra: 0.000 L_fsp: 0.346 fsp_3_4: 0.086 fsp_4_5: 0.135 fsp_5_6: 0.081 fsp_6_7: 0.045 
(epoch: 16, iters: 2695, time: 0.035) G_GAN: 1.082 G_L1: 0.354 G_SSIM: 0.313 H_L1: 0.115 H_SSIM: 0.480 D_real: 0.010 D_fake: 0.007 att_A: 0.779 L_hall: 0.048 L_inter: 0.000 L_intra: 0.000 L_fsp: 0.365 fsp_3_4: 0.105 fsp_4_5: 0.128 fsp_5_6: 0.097 fsp_6_7: 0.035 
(epoch: 16, iters: 2795, time: 0.034) G_GAN: 1.152 G_L1: 0.322 G_SSIM: 0.206 H_L1: 0.123 H_SSIM: 0.365 D_real: 0.013 D_fake: 0.016 att_A: 0.578 L_hall: 0.046 L_inter: 0.000 L_intra: 0.000 L_fsp: 0.348 fsp_3_4: 0.096 fsp_4_5: 0.124 fsp_5_6: 0.085 fsp_6_7: 0.044 
(epoch: 16, iters: 2895, time: 0.033) G_GAN: 1.014 G_L1: 0.277 G_SSIM: 0.259 H_L1: 0.122 H_SSIM: 0.441 D_real: 0.029 D_fake: 0.009 att_A: 0.600 L_hall: 0.045 L_inter: 0.000 L_intra: 0.000 L_fsp: 0.371 fsp_3_4: 0.122 fsp_4_5: 0.131 fsp_5_6: 0.089 fsp_6_7: 0.029 
(epoch: 16, iters: 2995, time: 0.034) G_GAN: 0.948 G_L1: 0.311 G_SSIM: 0.278 H_L1: 0.079 H_SSIM: 0.432 D_real: 0.006 D_fake: 0.021 att_A: 0.897 L_hall: 0.052 L_inter: 0.000 L_intra: 0.000 L_fsp: 0.495 fsp_3_4: 0.185 fsp_4_5: 0.133 fsp_5_6: 0.128 fsp_6_7: 0.049 
(epoch: 16, iters: 3095, time: 0.057) G_GAN: 0.285 G_L1: 0.136 G_SSIM: 0.026 H_L1: 0.091 H_SSIM: 0.149 D_real: 0.023 D_fake: 0.006 att_A: 0.788 L_hall: 0.048 L_inter: 0.000 L_intra: 0.000 L_fsp: 0.549 fsp_3_4: 0.178 fsp_4_5: 0.171 fsp_5_6: 0.145 fsp_6_7: 0.054 
saving the latest model (epoch 16, total_steps 140000)
(epoch: 16, iters: 3195, time: 0.034) G_GAN: 1.170 G_L1: 0.300 G_SSIM: 0.187 H_L1: 0.176 H_SSIM: 0.415 D_real: 0.021 D_fake: 0.067 att_A: 0.681 L_hall: 0.052 L_inter: 0.000 L_intra: 0.000 L_fsp: 0.407 fsp_3_4: 0.111 fsp_4_5: 0.147 fsp_5_6: 0.118 fsp_6_7: 0.032 
(epoch: 16, iters: 3295, time: 0.034) G_GAN: 0.479 G_L1: 0.196 G_SSIM: 0.079 H_L1: 0.140 H_SSIM: 0.314 D_real: 0.071 D_fake: 0.007 att_A: 0.319 L_hall: 0.049 L_inter: 0.000 L_intra: 0.000 L_fsp: 0.325 fsp_3_4: 0.094 fsp_4_5: 0.110 fsp_5_6: 0.092 fsp_6_7: 0.030 
(epoch: 16, iters: 3395, time: 0.034) G_GAN: 1.264 G_L1: 0.500 G_SSIM: 0.306 H_L1: 0.132 H_SSIM: 0.439 D_real: 0.020 D_fake: 0.010 att_A: 0.724 L_hall: 0.052 L_inter: 0.000 L_intra: 0.000 L_fsp: 0.348 fsp_3_4: 0.093 fsp_4_5: 0.109 fsp_5_6: 0.113 fsp_6_7: 0.033 
(epoch: 16, iters: 3495, time: 0.035) G_GAN: 0.803 G_L1: 0.233 G_SSIM: 0.110 H_L1: 0.145 H_SSIM: 0.318 D_real: 0.021 D_fake: 0.025 att_A: 0.809 L_hall: 0.049 L_inter: 0.000 L_intra: 0.000 L_fsp: 0.406 fsp_3_4: 0.102 fsp_4_5: 0.143 fsp_5_6: 0.117 fsp_6_7: 0.043 
(epoch: 16, iters: 3595, time: 0.049) G_GAN: 1.051 G_L1: 0.299 G_SSIM: 0.231 H_L1: 0.122 H_SSIM: 0.436 D_real: 0.134 D_fake: 0.006 att_A: 0.814 L_hall: 0.052 L_inter: 0.000 L_intra: 0.000 L_fsp: 0.381 fsp_3_4: 0.096 fsp_4_5: 0.123 fsp_5_6: 0.123 fsp_6_7: 0.038 
(epoch: 16, iters: 3695, time: 0.034) G_GAN: 0.733 G_L1: 0.353 G_SSIM: 0.283 H_L1: 0.128 H_SSIM: 0.446 D_real: 0.015 D_fake: 0.003 att_A: 0.478 L_hall: 0.050 L_inter: 0.000 L_intra: 0.000 L_fsp: 0.308 fsp_3_4: 0.089 fsp_4_5: 0.133 fsp_5_6: 0.071 fsp_6_7: 0.015 
(epoch: 16, iters: 3795, time: 0.034) G_GAN: 0.798 G_L1: 0.208 G_SSIM: 0.147 H_L1: 0.088 H_SSIM: 0.290 D_real: 0.014 D_fake: 0.043 att_A: 0.380 L_hall: 0.044 L_inter: 0.000 L_intra: 0.000 L_fsp: 0.300 fsp_3_4: 0.089 fsp_4_5: 0.111 fsp_5_6: 0.078 fsp_6_7: 0.021 
(epoch: 16, iters: 3895, time: 0.034) G_GAN: 0.756 G_L1: 0.284 G_SSIM: 0.105 H_L1: 0.089 H_SSIM: 0.272 D_real: 0.008 D_fake: 0.272 att_A: 0.660 L_hall: 0.052 L_inter: 0.000 L_intra: 0.000 L_fsp: 0.529 fsp_3_4: 0.120 fsp_4_5: 0.167 fsp_5_6: 0.157 fsp_6_7: 0.085 
(epoch: 16, iters: 3995, time: 0.034) G_GAN: 0.977 G_L1: 0.371 G_SSIM: 0.255 H_L1: 0.121 H_SSIM: 0.406 D_real: 0.009 D_fake: 0.006 att_A: 0.731 L_hall: 0.049 L_inter: 0.000 L_intra: 0.000 L_fsp: 0.423 fsp_3_4: 0.097 fsp_4_5: 0.143 fsp_5_6: 0.109 fsp_6_7: 0.075 
(epoch: 16, iters: 4095, time: 0.077) G_GAN: 0.786 G_L1: 0.248 G_SSIM: 0.172 H_L1: 0.137 H_SSIM: 0.370 D_real: 0.038 D_fake: 0.024 att_A: 0.578 L_hall: 0.048 L_inter: 0.000 L_intra: 0.000 L_fsp: 0.440 fsp_3_4: 0.131 fsp_4_5: 0.182 fsp_5_6: 0.104 fsp_6_7: 0.024 
(epoch: 16, iters: 4195, time: 0.034) G_GAN: 0.959 G_L1: 0.215 G_SSIM: 0.161 H_L1: 0.125 H_SSIM: 0.352 D_real: 0.042 D_fake: 0.021 att_A: 0.472 L_hall: 0.046 L_inter: 0.000 L_intra: 0.000 L_fsp: 0.301 fsp_3_4: 0.092 fsp_4_5: 0.121 fsp_5_6: 0.061 fsp_6_7: 0.027 
(epoch: 16, iters: 4295, time: 0.034) G_GAN: 0.107 G_L1: 0.182 G_SSIM: 0.117 H_L1: 0.096 H_SSIM: 0.284 D_real: 0.010 D_fake: 0.489 att_A: 0.419 L_hall: 0.038 L_inter: 0.000 L_intra: 0.000 L_fsp: 0.276 fsp_3_4: 0.087 fsp_4_5: 0.091 fsp_5_6: 0.073 fsp_6_7: 0.025 
(epoch: 16, iters: 4395, time: 0.034) G_GAN: 0.906 G_L1: 0.245 G_SSIM: 0.142 H_L1: 0.159 H_SSIM: 0.451 D_real: 0.008 D_fake: 0.350 att_A: 0.556 L_hall: 0.053 L_inter: 0.000 L_intra: 0.000 L_fsp: 0.414 fsp_3_4: 0.103 fsp_4_5: 0.143 fsp_5_6: 0.125 fsp_6_7: 0.042 
(epoch: 16, iters: 4495, time: 0.034) G_GAN: 1.109 G_L1: 0.313 G_SSIM: 0.163 H_L1: 0.138 H_SSIM: 0.329 D_real: 0.248 D_fake: 0.018 att_A: 0.384 L_hall: 0.046 L_inter: 0.000 L_intra: 0.000 L_fsp: 0.340 fsp_3_4: 0.120 fsp_4_5: 0.107 fsp_5_6: 0.088 fsp_6_7: 0.024 
(epoch: 16, iters: 4595, time: 0.056) G_GAN: 1.137 G_L1: 0.406 G_SSIM: 0.379 H_L1: 0.199 H_SSIM: 0.484 D_real: 0.015 D_fake: 0.025 att_A: 0.925 L_hall: 0.059 L_inter: 0.000 L_intra: 0.000 L_fsp: 0.569 fsp_3_4: 0.128 fsp_4_5: 0.195 fsp_5_6: 0.169 fsp_6_7: 0.077 
(epoch: 16, iters: 4695, time: 0.033) G_GAN: 0.150 G_L1: 0.278 G_SSIM: 0.156 H_L1: 0.154 H_SSIM: 0.363 D_real: 0.016 D_fake: 0.407 att_A: 0.405 L_hall: 0.038 L_inter: 0.000 L_intra: 0.000 L_fsp: 0.334 fsp_3_4: 0.094 fsp_4_5: 0.121 fsp_5_6: 0.081 fsp_6_7: 0.039 
(epoch: 16, iters: 4795, time: 0.034) G_GAN: 0.935 G_L1: 0.289 G_SSIM: 0.207 H_L1: 0.143 H_SSIM: 0.398 D_real: 0.023 D_fake: 0.007 att_A: 0.639 L_hall: 0.049 L_inter: 0.000 L_intra: 0.000 L_fsp: 0.442 fsp_3_4: 0.137 fsp_4_5: 0.170 fsp_5_6: 0.109 fsp_6_7: 0.026 
(epoch: 16, iters: 4895, time: 0.034) G_GAN: 0.412 G_L1: 0.146 G_SSIM: 0.064 H_L1: 0.152 H_SSIM: 0.321 D_real: 0.122 D_fake: 0.148 att_A: 0.285 L_hall: 0.043 L_inter: 0.000 L_intra: 0.000 L_fsp: 0.282 fsp_3_4: 0.095 fsp_4_5: 0.107 fsp_5_6: 0.060 fsp_6_7: 0.020 
(epoch: 16, iters: 4995, time: 0.035) G_GAN: 1.232 G_L1: 0.535 G_SSIM: 0.573 H_L1: 0.149 H_SSIM: 0.701 D_real: 0.016 D_fake: 0.021 att_A: 0.707 L_hall: 0.050 L_inter: 0.000 L_intra: 0.000 L_fsp: 0.387 fsp_3_4: 0.097 fsp_4_5: 0.147 fsp_5_6: 0.091 fsp_6_7: 0.052 
(epoch: 16, iters: 5095, time: 0.075) G_GAN: 0.455 G_L1: 0.186 G_SSIM: 0.121 H_L1: 0.123 H_SSIM: 0.303 D_real: 0.173 D_fake: 0.016 att_A: 0.414 L_hall: 0.040 L_inter: 0.000 L_intra: 0.000 L_fsp: 0.312 fsp_3_4: 0.086 fsp_4_5: 0.117 fsp_5_6: 0.097 fsp_6_7: 0.011 
(epoch: 16, iters: 5195, time: 0.034) G_GAN: 0.887 G_L1: 0.328 G_SSIM: 0.235 H_L1: 0.143 H_SSIM: 0.505 D_real: 0.010 D_fake: 0.013 att_A: 0.695 L_hall: 0.047 L_inter: 0.000 L_intra: 0.000 L_fsp: 0.353 fsp_3_4: 0.086 fsp_4_5: 0.123 fsp_5_6: 0.119 fsp_6_7: 0.025 
(epoch: 16, iters: 5295, time: 0.034) G_GAN: 1.185 G_L1: 0.338 G_SSIM: 0.211 H_L1: 0.087 H_SSIM: 0.392 D_real: 0.024 D_fake: 0.043 att_A: 0.866 L_hall: 0.052 L_inter: 0.000 L_intra: 0.000 L_fsp: 0.464 fsp_3_4: 0.133 fsp_4_5: 0.139 fsp_5_6: 0.150 fsp_6_7: 0.042 
(epoch: 16, iters: 5395, time: 0.034) G_GAN: 0.147 G_L1: 0.222 G_SSIM: 0.136 H_L1: 0.139 H_SSIM: 0.319 D_real: 0.007 D_fake: 0.401 att_A: 0.400 L_hall: 0.045 L_inter: 0.000 L_intra: 0.000 L_fsp: 0.322 fsp_3_4: 0.096 fsp_4_5: 0.131 fsp_5_6: 0.049 fsp_6_7: 0.046 
(epoch: 16, iters: 5495, time: 0.035) G_GAN: 0.945 G_L1: 0.296 G_SSIM: 0.185 H_L1: 0.092 H_SSIM: 0.329 D_real: 0.030 D_fake: 0.024 att_A: 0.641 L_hall: 0.053 L_inter: 0.000 L_intra: 0.000 L_fsp: 0.569 fsp_3_4: 0.184 fsp_4_5: 0.188 fsp_5_6: 0.131 fsp_6_7: 0.066 
(epoch: 16, iters: 5595, time: 0.053) G_GAN: 0.845 G_L1: 0.228 G_SSIM: 0.118 H_L1: 0.113 H_SSIM: 0.358 D_real: 0.169 D_fake: 0.377 att_A: 0.856 L_hall: 0.056 L_inter: 0.000 L_intra: 0.000 L_fsp: 0.595 fsp_3_4: 0.154 fsp_4_5: 0.159 fsp_5_6: 0.170 fsp_6_7: 0.112 
(epoch: 16, iters: 5695, time: 0.034) G_GAN: 0.208 G_L1: 0.189 G_SSIM: 0.077 H_L1: 0.150 H_SSIM: 0.298 D_real: 0.019 D_fake: 0.246 att_A: 0.300 L_hall: 0.042 L_inter: 0.000 L_intra: 0.000 L_fsp: 0.274 fsp_3_4: 0.096 fsp_4_5: 0.097 fsp_5_6: 0.056 fsp_6_7: 0.025 
(epoch: 16, iters: 5795, time: 0.033) G_GAN: 1.126 G_L1: 0.308 G_SSIM: 0.300 H_L1: 0.130 H_SSIM: 0.500 D_real: 0.009 D_fake: 0.017 att_A: 0.707 L_hall: 0.052 L_inter: 0.000 L_intra: 0.000 L_fsp: 0.410 fsp_3_4: 0.106 fsp_4_5: 0.153 fsp_5_6: 0.126 fsp_6_7: 0.025 
(epoch: 16, iters: 5895, time: 0.034) G_GAN: 1.131 G_L1: 0.440 G_SSIM: 0.277 H_L1: 0.170 H_SSIM: 0.433 D_real: 0.131 D_fake: 0.010 att_A: 0.758 L_hall: 0.048 L_inter: 0.000 L_intra: 0.000 L_fsp: 0.530 fsp_3_4: 0.149 fsp_4_5: 0.191 fsp_5_6: 0.161 fsp_6_7: 0.029 
(epoch: 16, iters: 5995, time: 0.034) G_GAN: 0.928 G_L1: 0.088 G_SSIM: 0.035 H_L1: 0.096 H_SSIM: 0.166 D_real: 0.026 D_fake: 0.020 att_A: 0.672 L_hall: 0.052 L_inter: 0.000 L_intra: 0.000 L_fsp: 0.489 fsp_3_4: 0.113 fsp_4_5: 0.124 fsp_5_6: 0.163 fsp_6_7: 0.089 
(epoch: 16, iters: 6095, time: 0.063) G_GAN: 0.921 G_L1: 0.291 G_SSIM: 0.249 H_L1: 0.101 H_SSIM: 0.411 D_real: 0.021 D_fake: 0.008 att_A: 0.628 L_hall: 0.054 L_inter: 0.000 L_intra: 0.000 L_fsp: 0.372 fsp_3_4: 0.099 fsp_4_5: 0.129 fsp_5_6: 0.108 fsp_6_7: 0.037 
(epoch: 16, iters: 6195, time: 0.034) G_GAN: 1.053 G_L1: 0.341 G_SSIM: 0.262 H_L1: 0.130 H_SSIM: 0.459 D_real: 0.017 D_fake: 0.007 att_A: 0.689 L_hall: 0.049 L_inter: 0.000 L_intra: 0.000 L_fsp: 0.340 fsp_3_4: 0.104 fsp_4_5: 0.136 fsp_5_6: 0.081 fsp_6_7: 0.018 
(epoch: 16, iters: 6295, time: 0.034) G_GAN: 0.859 G_L1: 0.070 G_SSIM: 0.009 H_L1: 0.065 H_SSIM: 0.061 D_real: 0.230 D_fake: 0.025 att_A: 0.423 L_hall: 0.052 L_inter: 0.000 L_intra: 0.000 L_fsp: 0.542 fsp_3_4: 0.115 fsp_4_5: 0.172 fsp_5_6: 0.150 fsp_6_7: 0.105 
(epoch: 16, iters: 6395, time: 0.035) G_GAN: 1.073 G_L1: 0.408 G_SSIM: 0.250 H_L1: 0.129 H_SSIM: 0.375 D_real: 0.009 D_fake: 0.008 att_A: 0.786 L_hall: 0.054 L_inter: 0.000 L_intra: 0.000 L_fsp: 0.564 fsp_3_4: 0.152 fsp_4_5: 0.162 fsp_5_6: 0.131 fsp_6_7: 0.119 
(epoch: 16, iters: 6495, time: 0.034) G_GAN: 1.132 G_L1: 0.235 G_SSIM: 0.147 H_L1: 0.107 H_SSIM: 0.304 D_real: 0.057 D_fake: 0.023 att_A: 0.473 L_hall: 0.038 L_inter: 0.000 L_intra: 0.000 L_fsp: 0.259 fsp_3_4: 0.065 fsp_4_5: 0.105 fsp_5_6: 0.074 fsp_6_7: 0.015 
(epoch: 16, iters: 6595, time: 0.055) G_GAN: 1.047 G_L1: 0.378 G_SSIM: 0.288 H_L1: 0.141 H_SSIM: 0.441 D_real: 0.010 D_fake: 0.010 att_A: 0.781 L_hall: 0.050 L_inter: 0.000 L_intra: 0.000 L_fsp: 0.443 fsp_3_4: 0.120 fsp_4_5: 0.162 fsp_5_6: 0.126 fsp_6_7: 0.035 
(epoch: 16, iters: 6695, time: 0.033) G_GAN: 0.806 G_L1: 0.354 G_SSIM: 0.269 H_L1: 0.140 H_SSIM: 0.439 D_real: 0.008 D_fake: 0.021 att_A: 0.571 L_hall: 0.044 L_inter: 0.000 L_intra: 0.000 L_fsp: 0.297 fsp_3_4: 0.107 fsp_4_5: 0.115 fsp_5_6: 0.057 fsp_6_7: 0.018 
(epoch: 16, iters: 6795, time: 0.034) G_GAN: 1.153 G_L1: 0.268 G_SSIM: 0.194 H_L1: 0.097 H_SSIM: 0.395 D_real: 0.022 D_fake: 0.020 att_A: 0.802 L_hall: 0.052 L_inter: 0.000 L_intra: 0.000 L_fsp: 0.467 fsp_3_4: 0.109 fsp_4_5: 0.136 fsp_5_6: 0.167 fsp_6_7: 0.055 
(epoch: 16, iters: 6895, time: 0.034) G_GAN: 0.188 G_L1: 0.116 G_SSIM: 0.061 H_L1: 0.077 H_SSIM: 0.194 D_real: 0.023 D_fake: 0.031 att_A: 0.566 L_hall: 0.031 L_inter: 0.000 L_intra: 0.000 L_fsp: 0.256 fsp_3_4: 0.068 fsp_4_5: 0.111 fsp_5_6: 0.059 fsp_6_7: 0.017 
(epoch: 16, iters: 6995, time: 0.034) G_GAN: 1.002 G_L1: 0.048 G_SSIM: 0.014 H_L1: 0.078 H_SSIM: 0.149 D_real: 0.016 D_fake: 0.014 att_A: 0.434 L_hall: 0.049 L_inter: 0.000 L_intra: 0.000 L_fsp: 0.480 fsp_3_4: 0.087 fsp_4_5: 0.145 fsp_5_6: 0.144 fsp_6_7: 0.104 
(epoch: 16, iters: 7095, time: 0.081) G_GAN: 0.312 G_L1: 0.191 G_SSIM: 0.128 H_L1: 0.138 H_SSIM: 0.343 D_real: 0.016 D_fake: 0.207 att_A: 0.506 L_hall: 0.046 L_inter: 0.000 L_intra: 0.000 L_fsp: 0.248 fsp_3_4: 0.078 fsp_4_5: 0.089 fsp_5_6: 0.059 fsp_6_7: 0.021 
(epoch: 16, iters: 7195, time: 0.034) G_GAN: 0.829 G_L1: 0.376 G_SSIM: 0.300 H_L1: 0.098 H_SSIM: 0.441 D_real: 0.014 D_fake: 0.012 att_A: 0.864 L_hall: 0.054 L_inter: 0.000 L_intra: 0.000 L_fsp: 0.429 fsp_3_4: 0.147 fsp_4_5: 0.131 fsp_5_6: 0.104 fsp_6_7: 0.046 
(epoch: 16, iters: 7295, time: 0.034) G_GAN: 0.875 G_L1: 0.232 G_SSIM: 0.168 H_L1: 0.134 H_SSIM: 0.348 D_real: 0.036 D_fake: 0.013 att_A: 0.492 L_hall: 0.041 L_inter: 0.000 L_intra: 0.000 L_fsp: 0.339 fsp_3_4: 0.086 fsp_4_5: 0.115 fsp_5_6: 0.103 fsp_6_7: 0.035 
(epoch: 16, iters: 7395, time: 0.034) G_GAN: 1.180 G_L1: 0.521 G_SSIM: 0.397 H_L1: 0.150 H_SSIM: 0.486 D_real: 0.024 D_fake: 0.028 att_A: 0.927 L_hall: 0.060 L_inter: 0.000 L_intra: 0.000 L_fsp: 0.461 fsp_3_4: 0.141 fsp_4_5: 0.132 fsp_5_6: 0.145 fsp_6_7: 0.044 
(epoch: 16, iters: 7495, time: 0.035) G_GAN: 1.140 G_L1: 0.337 G_SSIM: 0.244 H_L1: 0.113 H_SSIM: 0.410 D_real: 0.012 D_fake: 0.013 att_A: 0.605 L_hall: 0.044 L_inter: 0.000 L_intra: 0.000 L_fsp: 0.274 fsp_3_4: 0.085 fsp_4_5: 0.095 fsp_5_6: 0.064 fsp_6_7: 0.030 
(epoch: 16, iters: 7595, time: 0.059) G_GAN: 0.905 G_L1: 0.241 G_SSIM: 0.204 H_L1: 0.156 H_SSIM: 0.381 D_real: 0.033 D_fake: 0.029 att_A: 0.411 L_hall: 0.047 L_inter: 0.000 L_intra: 0.000 L_fsp: 0.276 fsp_3_4: 0.064 fsp_4_5: 0.107 fsp_5_6: 0.082 fsp_6_7: 0.023 
(epoch: 16, iters: 7695, time: 0.035) G_GAN: 1.122 G_L1: 0.219 G_SSIM: 0.140 H_L1: 0.117 H_SSIM: 0.310 D_real: 0.063 D_fake: 0.013 att_A: 0.411 L_hall: 0.043 L_inter: 0.000 L_intra: 0.000 L_fsp: 0.340 fsp_3_4: 0.110 fsp_4_5: 0.131 fsp_5_6: 0.084 fsp_6_7: 0.016 
(epoch: 16, iters: 7795, time: 0.034) G_GAN: 0.404 G_L1: 0.235 G_SSIM: 0.169 H_L1: 0.153 H_SSIM: 0.352 D_real: 0.013 D_fake: 0.014 att_A: 0.395 L_hall: 0.046 L_inter: 0.000 L_intra: 0.000 L_fsp: 0.252 fsp_3_4: 0.073 fsp_4_5: 0.110 fsp_5_6: 0.053 fsp_6_7: 0.015 
(epoch: 16, iters: 7895, time: 0.034) G_GAN: 1.506 G_L1: 0.304 G_SSIM: 0.246 H_L1: 0.158 H_SSIM: 0.373 D_real: 0.035 D_fake: 0.024 att_A: 0.573 L_hall: 0.043 L_inter: 0.000 L_intra: 0.000 L_fsp: 0.282 fsp_3_4: 0.064 fsp_4_5: 0.090 fsp_5_6: 0.091 fsp_6_7: 0.037 
(epoch: 16, iters: 7995, time: 0.034) G_GAN: 1.008 G_L1: 0.271 G_SSIM: 0.215 H_L1: 0.153 H_SSIM: 0.382 D_real: 0.009 D_fake: 0.004 att_A: 0.452 L_hall: 0.041 L_inter: 0.000 L_intra: 0.000 L_fsp: 0.254 fsp_3_4: 0.060 fsp_4_5: 0.086 fsp_5_6: 0.092 fsp_6_7: 0.016 
(epoch: 16, iters: 8095, time: 0.054) G_GAN: 1.043 G_L1: 0.238 G_SSIM: 0.210 H_L1: 0.108 H_SSIM: 0.390 D_real: 0.007 D_fake: 0.006 att_A: 0.691 L_hall: 0.046 L_inter: 0.000 L_intra: 0.000 L_fsp: 0.388 fsp_3_4: 0.106 fsp_4_5: 0.145 fsp_5_6: 0.118 fsp_6_7: 0.019 
saving the latest model (epoch 16, total_steps 145000)
(epoch: 16, iters: 8195, time: 0.035) G_GAN: 0.912 G_L1: 0.486 G_SSIM: 0.372 H_L1: 0.162 H_SSIM: 0.473 D_real: 0.020 D_fake: 0.010 att_A: 0.834 L_hall: 0.055 L_inter: 0.000 L_intra: 0.000 L_fsp: 0.625 fsp_3_4: 0.162 fsp_4_5: 0.181 fsp_5_6: 0.181 fsp_6_7: 0.101 
(epoch: 16, iters: 8295, time: 0.034) G_GAN: 1.077 G_L1: 0.240 G_SSIM: 0.171 H_L1: 0.149 H_SSIM: 0.386 D_real: 0.014 D_fake: 0.119 att_A: 0.433 L_hall: 0.046 L_inter: 0.000 L_intra: 0.000 L_fsp: 0.298 fsp_3_4: 0.091 fsp_4_5: 0.121 fsp_5_6: 0.066 fsp_6_7: 0.021 
(epoch: 16, iters: 8395, time: 0.035) G_GAN: 0.424 G_L1: 0.054 G_SSIM: 0.016 H_L1: 0.067 H_SSIM: 0.110 D_real: 0.143 D_fake: 0.005 att_A: 0.748 L_hall: 0.026 L_inter: 0.000 L_intra: 0.000 L_fsp: 0.260 fsp_3_4: 0.054 fsp_4_5: 0.088 fsp_5_6: 0.086 fsp_6_7: 0.032 
(epoch: 16, iters: 8495, time: 0.033) G_GAN: 0.970 G_L1: 0.308 G_SSIM: 0.176 H_L1: 0.084 H_SSIM: 0.386 D_real: 0.013 D_fake: 0.010 att_A: 0.831 L_hall: 0.054 L_inter: 0.000 L_intra: 0.000 L_fsp: 0.395 fsp_3_4: 0.081 fsp_4_5: 0.139 fsp_5_6: 0.139 fsp_6_7: 0.037 
(epoch: 16, iters: 8595, time: 0.053) G_GAN: 1.776 G_L1: 0.085 G_SSIM: 0.018 H_L1: 0.064 H_SSIM: 0.136 D_real: 0.353 D_fake: 0.019 att_A: 0.802 L_hall: 0.055 L_inter: 0.000 L_intra: 0.000 L_fsp: 0.560 fsp_3_4: 0.170 fsp_4_5: 0.184 fsp_5_6: 0.143 fsp_6_7: 0.062 
(epoch: 16, iters: 8695, time: 0.034) G_GAN: 0.739 G_L1: 0.244 G_SSIM: 0.159 H_L1: 0.100 H_SSIM: 0.409 D_real: 0.033 D_fake: 0.030 att_A: 0.659 L_hall: 0.051 L_inter: 0.000 L_intra: 0.000 L_fsp: 0.407 fsp_3_4: 0.120 fsp_4_5: 0.162 fsp_5_6: 0.105 fsp_6_7: 0.019 
(epoch: 16, iters: 8795, time: 0.034) G_GAN: 0.722 G_L1: 0.227 G_SSIM: 0.063 H_L1: 0.095 H_SSIM: 0.138 D_real: 0.212 D_fake: 0.033 att_A: 0.508 L_hall: 0.046 L_inter: 0.000 L_intra: 0.000 L_fsp: 0.535 fsp_3_4: 0.149 fsp_4_5: 0.159 fsp_5_6: 0.143 fsp_6_7: 0.085 
(epoch: 16, iters: 8895, time: 0.035) G_GAN: 0.984 G_L1: 0.242 G_SSIM: 0.137 H_L1: 0.127 H_SSIM: 0.416 D_real: 0.011 D_fake: 0.006 att_A: 0.610 L_hall: 0.050 L_inter: 0.000 L_intra: 0.000 L_fsp: 0.405 fsp_3_4: 0.086 fsp_4_5: 0.119 fsp_5_6: 0.146 fsp_6_7: 0.054 
(epoch: 16, iters: 8995, time: 0.035) G_GAN: 1.281 G_L1: 0.421 G_SSIM: 0.375 H_L1: 0.162 H_SSIM: 0.534 D_real: 0.071 D_fake: 0.037 att_A: 0.863 L_hall: 0.051 L_inter: 0.000 L_intra: 0.000 L_fsp: 0.424 fsp_3_4: 0.108 fsp_4_5: 0.134 fsp_5_6: 0.128 fsp_6_7: 0.055 
(epoch: 16, iters: 9095, time: 0.100) G_GAN: 0.918 G_L1: 0.184 G_SSIM: 0.097 H_L1: 0.128 H_SSIM: 0.334 D_real: 0.092 D_fake: 0.021 att_A: 0.538 L_hall: 0.045 L_inter: 0.000 L_intra: 0.000 L_fsp: 0.351 fsp_3_4: 0.131 fsp_4_5: 0.119 fsp_5_6: 0.088 fsp_6_7: 0.013 
epoch 16  fsp_3_4:0.108761  fsp_3_4_degen:0.000000  fsp_4_5:0.135490  fsp_4_5_degen:0.000000  fsp_5_6:0.111569  fsp_5_6_degen:0.000000  fsp_6_7:0.045262  fsp_6_7_degen:0.000000
End of epoch 16 / 30 	 Time Taken: 474 sec
learning rate = 0.0001750
(epoch: 17, iters: 68, time: 0.034) G_GAN: 0.992 G_L1: 0.365 G_SSIM: 0.276 H_L1: 0.108 H_SSIM: 0.445 D_real: 0.025 D_fake: 0.011 att_A: 0.777 L_hall: 0.049 L_inter: 0.000 L_intra: 0.000 L_fsp: 0.337 fsp_3_4: 0.105 fsp_4_5: 0.123 fsp_5_6: 0.085 fsp_6_7: 0.024 
(epoch: 17, iters: 168, time: 0.034) G_GAN: 0.473 G_L1: 0.152 G_SSIM: 0.070 H_L1: 0.152 H_SSIM: 0.308 D_real: 0.110 D_fake: 0.158 att_A: 0.275 L_hall: 0.042 L_inter: 0.000 L_intra: 0.000 L_fsp: 0.187 fsp_3_4: 0.060 fsp_4_5: 0.072 fsp_5_6: 0.043 fsp_6_7: 0.012 
(epoch: 17, iters: 268, time: 0.035) G_GAN: 0.999 G_L1: 0.094 G_SSIM: 0.011 H_L1: 0.150 H_SSIM: 0.076 D_real: 0.010 D_fake: 0.014 att_A: 0.399 L_hall: 0.050 L_inter: 0.000 L_intra: 0.000 L_fsp: 0.524 fsp_3_4: 0.087 fsp_4_5: 0.118 fsp_5_6: 0.229 fsp_6_7: 0.090 
(epoch: 17, iters: 368, time: 0.035) G_GAN: 0.569 G_L1: 0.143 G_SSIM: 0.056 H_L1: 0.154 H_SSIM: 0.308 D_real: 0.131 D_fake: 0.078 att_A: 0.289 L_hall: 0.040 L_inter: 0.000 L_intra: 0.000 L_fsp: 0.235 fsp_3_4: 0.092 fsp_4_5: 0.083 fsp_5_6: 0.049 fsp_6_7: 0.010 
(epoch: 17, iters: 468, time: 0.051) G_GAN: 1.246 G_L1: 0.215 G_SSIM: 0.129 H_L1: 0.104 H_SSIM: 0.358 D_real: 0.020 D_fake: 0.020 att_A: 0.609 L_hall: 0.049 L_inter: 0.000 L_intra: 0.000 L_fsp: 0.399 fsp_3_4: 0.104 fsp_4_5: 0.146 fsp_5_6: 0.100 fsp_6_7: 0.049 
(epoch: 17, iters: 568, time: 0.034) G_GAN: 1.014 G_L1: 0.383 G_SSIM: 0.380 H_L1: 0.153 H_SSIM: 0.522 D_real: 0.014 D_fake: 0.006 att_A: 0.802 L_hall: 0.053 L_inter: 0.000 L_intra: 0.000 L_fsp: 0.408 fsp_3_4: 0.094 fsp_4_5: 0.147 fsp_5_6: 0.139 fsp_6_7: 0.028 
(epoch: 17, iters: 668, time: 0.034) G_GAN: 1.083 G_L1: 0.316 G_SSIM: 0.311 H_L1: 0.121 H_SSIM: 0.500 D_real: 0.008 D_fake: 0.016 att_A: 0.763 L_hall: 0.051 L_inter: 0.000 L_intra: 0.000 L_fsp: 0.489 fsp_3_4: 0.133 fsp_4_5: 0.157 fsp_5_6: 0.156 fsp_6_7: 0.043 
(epoch: 17, iters: 768, time: 0.034) G_GAN: 1.100 G_L1: 0.428 G_SSIM: 0.316 H_L1: 0.137 H_SSIM: 0.454 D_real: 0.016 D_fake: 0.026 att_A: 0.828 L_hall: 0.050 L_inter: 0.000 L_intra: 0.000 L_fsp: 0.484 fsp_3_4: 0.155 fsp_4_5: 0.175 fsp_5_6: 0.114 fsp_6_7: 0.039 
(epoch: 17, iters: 868, time: 0.034) G_GAN: 1.072 G_L1: 0.352 G_SSIM: 0.230 H_L1: 0.121 H_SSIM: 0.349 D_real: 0.010 D_fake: 0.006 att_A: 0.931 L_hall: 0.059 L_inter: 0.000 L_intra: 0.000 L_fsp: 0.468 fsp_3_4: 0.139 fsp_4_5: 0.196 fsp_5_6: 0.102 fsp_6_7: 0.031 
(epoch: 17, iters: 968, time: 0.055) G_GAN: 0.747 G_L1: 0.248 G_SSIM: 0.142 H_L1: 0.099 H_SSIM: 0.329 D_real: 0.016 D_fake: 0.030 att_A: 0.636 L_hall: 0.054 L_inter: 0.000 L_intra: 0.000 L_fsp: 0.543 fsp_3_4: 0.141 fsp_4_5: 0.189 fsp_5_6: 0.164 fsp_6_7: 0.049 
(epoch: 17, iters: 1068, time: 0.034) G_GAN: 1.022 G_L1: 0.216 G_SSIM: 0.145 H_L1: 0.157 H_SSIM: 0.434 D_real: 0.016 D_fake: 0.009 att_A: 0.524 L_hall: 0.048 L_inter: 0.000 L_intra: 0.000 L_fsp: 0.274 fsp_3_4: 0.079 fsp_4_5: 0.113 fsp_5_6: 0.061 fsp_6_7: 0.020 
(epoch: 17, iters: 1168, time: 0.034) G_GAN: 1.157 G_L1: 0.189 G_SSIM: 0.112 H_L1: 0.081 H_SSIM: 0.349 D_real: 0.019 D_fake: 0.301 att_A: 0.672 L_hall: 0.051 L_inter: 0.000 L_intra: 0.000 L_fsp: 0.343 fsp_3_4: 0.117 fsp_4_5: 0.106 fsp_5_6: 0.091 fsp_6_7: 0.030 
(epoch: 17, iters: 1268, time: 0.034) G_GAN: 1.122 G_L1: 0.382 G_SSIM: 0.358 H_L1: 0.140 H_SSIM: 0.551 D_real: 0.008 D_fake: 0.007 att_A: 0.680 L_hall: 0.048 L_inter: 0.000 L_intra: 0.000 L_fsp: 0.308 fsp_3_4: 0.084 fsp_4_5: 0.117 fsp_5_6: 0.075 fsp_6_7: 0.032 
(epoch: 17, iters: 1368, time: 0.034) G_GAN: 1.085 G_L1: 0.462 G_SSIM: 0.347 H_L1: 0.095 H_SSIM: 0.454 D_real: 0.012 D_fake: 0.007 att_A: 0.924 L_hall: 0.052 L_inter: 0.000 L_intra: 0.000 L_fsp: 0.460 fsp_3_4: 0.143 fsp_4_5: 0.122 fsp_5_6: 0.138 fsp_6_7: 0.057 
(epoch: 17, iters: 1468, time: 0.062) G_GAN: 0.963 G_L1: 0.297 G_SSIM: 0.215 H_L1: 0.109 H_SSIM: 0.416 D_real: 0.013 D_fake: 0.005 att_A: 0.752 L_hall: 0.043 L_inter: 0.000 L_intra: 0.000 L_fsp: 0.275 fsp_3_4: 0.070 fsp_4_5: 0.088 fsp_5_6: 0.095 fsp_6_7: 0.022 
(epoch: 17, iters: 1568, time: 0.034) G_GAN: 0.367 G_L1: 0.030 G_SSIM: 0.002 H_L1: 0.062 H_SSIM: 0.048 D_real: 0.024 D_fake: 0.007 att_A: 0.496 L_hall: 0.052 L_inter: 0.000 L_intra: 0.000 L_fsp: 0.523 fsp_3_4: 0.085 fsp_4_5: 0.163 fsp_5_6: 0.178 fsp_6_7: 0.097 
(epoch: 17, iters: 1668, time: 0.036) G_GAN: 0.577 G_L1: 0.265 G_SSIM: 0.192 H_L1: 0.126 H_SSIM: 0.329 D_real: 0.123 D_fake: 0.089 att_A: 0.496 L_hall: 0.037 L_inter: 0.000 L_intra: 0.000 L_fsp: 0.192 fsp_3_4: 0.061 fsp_4_5: 0.068 fsp_5_6: 0.055 fsp_6_7: 0.008 
(epoch: 17, iters: 1768, time: 0.034) G_GAN: 0.899 G_L1: 0.487 G_SSIM: 0.299 H_L1: 0.124 H_SSIM: 0.434 D_real: 0.012 D_fake: 0.372 att_A: 0.707 L_hall: 0.051 L_inter: 0.000 L_intra: 0.000 L_fsp: 0.348 fsp_3_4: 0.101 fsp_4_5: 0.113 fsp_5_6: 0.103 fsp_6_7: 0.031 
(epoch: 17, iters: 1868, time: 0.033) G_GAN: 1.235 G_L1: 0.410 G_SSIM: 0.337 H_L1: 0.151 H_SSIM: 0.597 D_real: 0.037 D_fake: 0.023 att_A: 0.695 L_hall: 0.046 L_inter: 0.000 L_intra: 0.000 L_fsp: 0.385 fsp_3_4: 0.091 fsp_4_5: 0.135 fsp_5_6: 0.108 fsp_6_7: 0.050 
(epoch: 17, iters: 1968, time: 0.074) G_GAN: 0.409 G_L1: 0.153 G_SSIM: 0.060 H_L1: 0.110 H_SSIM: 0.292 D_real: 0.052 D_fake: 0.011 att_A: 0.337 L_hall: 0.041 L_inter: 0.000 L_intra: 0.000 L_fsp: 0.280 fsp_3_4: 0.104 fsp_4_5: 0.116 fsp_5_6: 0.047 fsp_6_7: 0.013 
(epoch: 17, iters: 2068, time: 0.034) G_GAN: 1.109 G_L1: 0.240 G_SSIM: 0.161 H_L1: 0.139 H_SSIM: 0.413 D_real: 0.028 D_fake: 0.005 att_A: 0.502 L_hall: 0.053 L_inter: 0.000 L_intra: 0.000 L_fsp: 0.381 fsp_3_4: 0.092 fsp_4_5: 0.152 fsp_5_6: 0.120 fsp_6_7: 0.018 
(epoch: 17, iters: 2168, time: 0.034) G_GAN: 0.911 G_L1: 0.363 G_SSIM: 0.257 H_L1: 0.162 H_SSIM: 0.436 D_real: 0.007 D_fake: 0.006 att_A: 0.769 L_hall: 0.047 L_inter: 0.000 L_intra: 0.000 L_fsp: 0.551 fsp_3_4: 0.207 fsp_4_5: 0.181 fsp_5_6: 0.124 fsp_6_7: 0.039 
(epoch: 17, iters: 2268, time: 0.037) G_GAN: 0.822 G_L1: 0.149 G_SSIM: 0.065 H_L1: 0.094 H_SSIM: 0.129 D_real: 0.179 D_fake: 0.024 att_A: 0.539 L_hall: 0.046 L_inter: 0.000 L_intra: 0.000 L_fsp: 0.495 fsp_3_4: 0.144 fsp_4_5: 0.152 fsp_5_6: 0.129 fsp_6_7: 0.071 
(epoch: 17, iters: 2368, time: 0.034) G_GAN: 0.925 G_L1: 0.441 G_SSIM: 0.290 H_L1: 0.150 H_SSIM: 0.425 D_real: 0.014 D_fake: 0.011 att_A: 0.813 L_hall: 0.050 L_inter: 0.000 L_intra: 0.000 L_fsp: 0.366 fsp_3_4: 0.106 fsp_4_5: 0.126 fsp_5_6: 0.107 fsp_6_7: 0.027 
(epoch: 17, iters: 2468, time: 0.054) G_GAN: 0.267 G_L1: 0.134 G_SSIM: 0.054 H_L1: 0.107 H_SSIM: 0.277 D_real: 0.048 D_fake: 0.310 att_A: 0.303 L_hall: 0.045 L_inter: 0.000 L_intra: 0.000 L_fsp: 0.263 fsp_3_4: 0.085 fsp_4_5: 0.099 fsp_5_6: 0.060 fsp_6_7: 0.019 
(epoch: 17, iters: 2568, time: 0.034) G_GAN: 0.997 G_L1: 0.341 G_SSIM: 0.261 H_L1: 0.135 H_SSIM: 0.469 D_real: 0.014 D_fake: 0.005 att_A: 0.768 L_hall: 0.054 L_inter: 0.000 L_intra: 0.000 L_fsp: 0.410 fsp_3_4: 0.079 fsp_4_5: 0.115 fsp_5_6: 0.123 fsp_6_7: 0.094 
(epoch: 17, iters: 2668, time: 0.034) G_GAN: 0.432 G_L1: 0.213 G_SSIM: 0.129 H_L1: 0.137 H_SSIM: 0.308 D_real: 0.022 D_fake: 0.046 att_A: 0.372 L_hall: 0.043 L_inter: 0.000 L_intra: 0.000 L_fsp: 0.284 fsp_3_4: 0.092 fsp_4_5: 0.107 fsp_5_6: 0.064 fsp_6_7: 0.021 
(epoch: 17, iters: 2768, time: 0.034) G_GAN: 0.817 G_L1: 0.288 G_SSIM: 0.149 H_L1: 0.139 H_SSIM: 0.357 D_real: 0.018 D_fake: 0.008 att_A: 0.413 L_hall: 0.042 L_inter: 0.000 L_intra: 0.000 L_fsp: 0.202 fsp_3_4: 0.062 fsp_4_5: 0.075 fsp_5_6: 0.052 fsp_6_7: 0.012 
(epoch: 17, iters: 2868, time: 0.034) G_GAN: 1.061 G_L1: 0.220 G_SSIM: 0.118 H_L1: 0.089 H_SSIM: 0.318 D_real: 0.006 D_fake: 0.376 att_A: 0.731 L_hall: 0.050 L_inter: 0.000 L_intra: 0.000 L_fsp: 0.335 fsp_3_4: 0.114 fsp_4_5: 0.116 fsp_5_6: 0.079 fsp_6_7: 0.027 
(epoch: 17, iters: 2968, time: 0.067) G_GAN: 0.639 G_L1: 0.254 G_SSIM: 0.125 H_L1: 0.113 H_SSIM: 0.323 D_real: 0.024 D_fake: 0.012 att_A: 0.479 L_hall: 0.046 L_inter: 0.000 L_intra: 0.000 L_fsp: 0.426 fsp_3_4: 0.118 fsp_4_5: 0.162 fsp_5_6: 0.102 fsp_6_7: 0.045 
(epoch: 17, iters: 3068, time: 0.034) G_GAN: 1.023 G_L1: 0.199 G_SSIM: 0.101 H_L1: 0.111 H_SSIM: 0.313 D_real: 0.034 D_fake: 0.009 att_A: 0.553 L_hall: 0.048 L_inter: 0.000 L_intra: 0.000 L_fsp: 0.379 fsp_3_4: 0.076 fsp_4_5: 0.116 fsp_5_6: 0.134 fsp_6_7: 0.053 
(epoch: 17, iters: 3168, time: 0.033) G_GAN: 1.052 G_L1: 0.277 G_SSIM: 0.202 H_L1: 0.123 H_SSIM: 0.439 D_real: 0.019 D_fake: 0.028 att_A: 0.677 L_hall: 0.053 L_inter: 0.000 L_intra: 0.000 L_fsp: 0.346 fsp_3_4: 0.089 fsp_4_5: 0.131 fsp_5_6: 0.102 fsp_6_7: 0.025 
(epoch: 17, iters: 3268, time: 0.033) G_GAN: 1.424 G_L1: 0.268 G_SSIM: 0.175 H_L1: 0.117 H_SSIM: 0.348 D_real: 0.089 D_fake: 0.128 att_A: 0.804 L_hall: 0.051 L_inter: 0.000 L_intra: 0.000 L_fsp: 0.444 fsp_3_4: 0.147 fsp_4_5: 0.156 fsp_5_6: 0.100 fsp_6_7: 0.041 
(epoch: 17, iters: 3368, time: 0.033) G_GAN: 0.473 G_L1: 0.184 G_SSIM: 0.087 H_L1: 0.168 H_SSIM: 0.326 D_real: 0.027 D_fake: 0.122 att_A: 0.321 L_hall: 0.042 L_inter: 0.000 L_intra: 0.000 L_fsp: 0.214 fsp_3_4: 0.072 fsp_4_5: 0.084 fsp_5_6: 0.042 fsp_6_7: 0.016 
(epoch: 17, iters: 3468, time: 0.056) G_GAN: 0.860 G_L1: 0.145 G_SSIM: 0.057 H_L1: 0.071 H_SSIM: 0.135 D_real: 0.101 D_fake: 0.013 att_A: 0.705 L_hall: 0.046 L_inter: 0.000 L_intra: 0.000 L_fsp: 0.491 fsp_3_4: 0.159 fsp_4_5: 0.136 fsp_5_6: 0.155 fsp_6_7: 0.041 
(epoch: 17, iters: 3568, time: 0.033) G_GAN: 1.089 G_L1: 0.203 G_SSIM: 0.136 H_L1: 0.127 H_SSIM: 0.322 D_real: 0.112 D_fake: 0.027 att_A: 0.457 L_hall: 0.045 L_inter: 0.000 L_intra: 0.000 L_fsp: 0.244 fsp_3_4: 0.087 fsp_4_5: 0.086 fsp_5_6: 0.056 fsp_6_7: 0.015 
(epoch: 17, iters: 3668, time: 0.034) G_GAN: 1.020 G_L1: 0.219 G_SSIM: 0.131 H_L1: 0.100 H_SSIM: 0.357 D_real: 0.016 D_fake: 0.007 att_A: 0.671 L_hall: 0.046 L_inter: 0.000 L_intra: 0.000 L_fsp: 0.309 fsp_3_4: 0.088 fsp_4_5: 0.110 fsp_5_6: 0.075 fsp_6_7: 0.035 
(epoch: 17, iters: 3768, time: 0.034) G_GAN: 0.706 G_L1: 0.200 G_SSIM: 0.053 H_L1: 0.106 H_SSIM: 0.132 D_real: 0.010 D_fake: 0.013 att_A: 0.558 L_hall: 0.049 L_inter: 0.000 L_intra: 0.000 L_fsp: 0.480 fsp_3_4: 0.110 fsp_4_5: 0.160 fsp_5_6: 0.166 fsp_6_7: 0.044 
(epoch: 17, iters: 3868, time: 0.034) G_GAN: 0.935 G_L1: 0.275 G_SSIM: 0.183 H_L1: 0.085 H_SSIM: 0.324 D_real: 0.009 D_fake: 0.023 att_A: 0.643 L_hall: 0.049 L_inter: 0.000 L_intra: 0.000 L_fsp: 0.432 fsp_3_4: 0.158 fsp_4_5: 0.149 fsp_5_6: 0.105 fsp_6_7: 0.021 
(epoch: 17, iters: 3968, time: 0.055) G_GAN: 1.184 G_L1: 0.335 G_SSIM: 0.178 H_L1: 0.129 H_SSIM: 0.375 D_real: 0.018 D_fake: 0.011 att_A: 0.817 L_hall: 0.050 L_inter: 0.000 L_intra: 0.000 L_fsp: 0.566 fsp_3_4: 0.158 fsp_4_5: 0.202 fsp_5_6: 0.142 fsp_6_7: 0.063 
saving the latest model (epoch 17, total_steps 150000)
(epoch: 17, iters: 4068, time: 0.034) G_GAN: 0.252 G_L1: 0.082 G_SSIM: 0.017 H_L1: 0.097 H_SSIM: 0.182 D_real: 0.018 D_fake: 0.006 att_A: 0.871 L_hall: 0.053 L_inter: 0.000 L_intra: 0.000 L_fsp: 0.590 fsp_3_4: 0.191 fsp_4_5: 0.200 fsp_5_6: 0.152 fsp_6_7: 0.047 
(epoch: 17, iters: 4168, time: 0.034) G_GAN: 1.029 G_L1: 0.391 G_SSIM: 0.340 H_L1: 0.143 H_SSIM: 0.554 D_real: 0.009 D_fake: 0.007 att_A: 0.704 L_hall: 0.044 L_inter: 0.000 L_intra: 0.000 L_fsp: 0.371 fsp_3_4: 0.112 fsp_4_5: 0.149 fsp_5_6: 0.078 fsp_6_7: 0.032 
(epoch: 17, iters: 4268, time: 0.034) G_GAN: 0.446 G_L1: 0.206 G_SSIM: 0.097 H_L1: 0.147 H_SSIM: 0.317 D_real: 0.082 D_fake: 0.178 att_A: 0.278 L_hall: 0.041 L_inter: 0.000 L_intra: 0.000 L_fsp: 0.242 fsp_3_4: 0.068 fsp_4_5: 0.096 fsp_5_6: 0.064 fsp_6_7: 0.014 
(epoch: 17, iters: 4368, time: 0.034) G_GAN: 0.881 G_L1: 0.432 G_SSIM: 0.288 H_L1: 0.130 H_SSIM: 0.366 D_real: 0.021 D_fake: 0.008 att_A: 0.916 L_hall: 0.057 L_inter: 0.000 L_intra: 0.000 L_fsp: 0.526 fsp_3_4: 0.147 fsp_4_5: 0.189 fsp_5_6: 0.144 fsp_6_7: 0.046 
(epoch: 17, iters: 4468, time: 0.063) G_GAN: 0.444 G_L1: 0.171 G_SSIM: 0.110 H_L1: 0.101 H_SSIM: 0.291 D_real: 0.026 D_fake: 0.083 att_A: 0.450 L_hall: 0.047 L_inter: 0.000 L_intra: 0.000 L_fsp: 0.338 fsp_3_4: 0.100 fsp_4_5: 0.132 fsp_5_6: 0.076 fsp_6_7: 0.029 
(epoch: 17, iters: 4568, time: 0.034) G_GAN: 0.797 G_L1: 0.223 G_SSIM: 0.130 H_L1: 0.185 H_SSIM: 0.373 D_real: 0.011 D_fake: 0.021 att_A: 0.484 L_hall: 0.046 L_inter: 0.000 L_intra: 0.000 L_fsp: 0.344 fsp_3_4: 0.087 fsp_4_5: 0.111 fsp_5_6: 0.132 fsp_6_7: 0.015 
(epoch: 17, iters: 4668, time: 0.035) G_GAN: 0.994 G_L1: 0.338 G_SSIM: 0.244 H_L1: 0.148 H_SSIM: 0.412 D_real: 0.041 D_fake: 0.026 att_A: 0.519 L_hall: 0.041 L_inter: 0.000 L_intra: 0.000 L_fsp: 0.259 fsp_3_4: 0.083 fsp_4_5: 0.117 fsp_5_6: 0.048 fsp_6_7: 0.011 
(epoch: 17, iters: 4768, time: 0.033) G_GAN: 0.258 G_L1: 0.238 G_SSIM: 0.186 H_L1: 0.126 H_SSIM: 0.345 D_real: 0.058 D_fake: 0.010 att_A: 0.464 L_hall: 0.040 L_inter: 0.000 L_intra: 0.000 L_fsp: 0.225 fsp_3_4: 0.070 fsp_4_5: 0.089 fsp_5_6: 0.053 fsp_6_7: 0.013 
(epoch: 17, iters: 4868, time: 0.033) G_GAN: 0.279 G_L1: 0.065 G_SSIM: 0.032 H_L1: 0.060 H_SSIM: 0.129 D_real: 0.163 D_fake: 0.265 att_A: 0.775 L_hall: 0.028 L_inter: 0.000 L_intra: 0.000 L_fsp: 0.227 fsp_3_4: 0.050 fsp_4_5: 0.087 fsp_5_6: 0.076 fsp_6_7: 0.014 
(epoch: 17, iters: 4968, time: 0.053) G_GAN: 0.788 G_L1: 0.261 G_SSIM: 0.221 H_L1: 0.103 H_SSIM: 0.382 D_real: 0.033 D_fake: 0.018 att_A: 0.682 L_hall: 0.045 L_inter: 0.000 L_intra: 0.000 L_fsp: 0.426 fsp_3_4: 0.120 fsp_4_5: 0.179 fsp_5_6: 0.106 fsp_6_7: 0.021 
(epoch: 17, iters: 5068, time: 0.034) G_GAN: 1.071 G_L1: 0.232 G_SSIM: 0.168 H_L1: 0.099 H_SSIM: 0.312 D_real: 0.017 D_fake: 0.083 att_A: 0.513 L_hall: 0.044 L_inter: 0.000 L_intra: 0.000 L_fsp: 0.252 fsp_3_4: 0.071 fsp_4_5: 0.084 fsp_5_6: 0.073 fsp_6_7: 0.024 
(epoch: 17, iters: 5168, time: 0.034) G_GAN: 1.047 G_L1: 0.234 G_SSIM: 0.190 H_L1: 0.139 H_SSIM: 0.363 D_real: 0.011 D_fake: 0.055 att_A: 0.429 L_hall: 0.043 L_inter: 0.000 L_intra: 0.000 L_fsp: 0.270 fsp_3_4: 0.081 fsp_4_5: 0.119 fsp_5_6: 0.055 fsp_6_7: 0.016 
(epoch: 17, iters: 5268, time: 0.033) G_GAN: 1.051 G_L1: 0.221 G_SSIM: 0.103 H_L1: 0.104 H_SSIM: 0.259 D_real: 0.181 D_fake: 0.360 att_A: 0.342 L_hall: 0.040 L_inter: 0.000 L_intra: 0.000 L_fsp: 0.283 fsp_3_4: 0.114 fsp_4_5: 0.101 fsp_5_6: 0.057 fsp_6_7: 0.011 
(epoch: 17, iters: 5368, time: 0.034) G_GAN: 1.095 G_L1: 0.047 G_SSIM: 0.006 H_L1: 0.066 H_SSIM: 0.087 D_real: 0.027 D_fake: 0.021 att_A: 0.733 L_hall: 0.052 L_inter: 0.000 L_intra: 0.000 L_fsp: 0.446 fsp_3_4: 0.098 fsp_4_5: 0.175 fsp_5_6: 0.112 fsp_6_7: 0.061 
(epoch: 17, iters: 5468, time: 0.064) G_GAN: 1.066 G_L1: 0.244 G_SSIM: 0.155 H_L1: 0.110 H_SSIM: 0.320 D_real: 0.183 D_fake: 0.072 att_A: 0.487 L_hall: 0.038 L_inter: 0.000 L_intra: 0.000 L_fsp: 0.281 fsp_3_4: 0.089 fsp_4_5: 0.122 fsp_5_6: 0.058 fsp_6_7: 0.013 
(epoch: 17, iters: 5568, time: 0.034) G_GAN: 0.985 G_L1: 0.300 G_SSIM: 0.198 H_L1: 0.116 H_SSIM: 0.347 D_real: 0.011 D_fake: 0.041 att_A: 0.496 L_hall: 0.045 L_inter: 0.000 L_intra: 0.000 L_fsp: 0.346 fsp_3_4: 0.092 fsp_4_5: 0.143 fsp_5_6: 0.093 fsp_6_7: 0.018 
(epoch: 17, iters: 5668, time: 0.035) G_GAN: 1.009 G_L1: 0.204 G_SSIM: 0.109 H_L1: 0.107 H_SSIM: 0.360 D_real: 0.029 D_fake: 0.024 att_A: 0.574 L_hall: 0.045 L_inter: 0.000 L_intra: 0.000 L_fsp: 0.251 fsp_3_4: 0.089 fsp_4_5: 0.087 fsp_5_6: 0.061 fsp_6_7: 0.013 
(epoch: 17, iters: 5768, time: 0.034) G_GAN: 0.652 G_L1: 0.183 G_SSIM: 0.107 H_L1: 0.112 H_SSIM: 0.303 D_real: 0.043 D_fake: 0.098 att_A: 0.560 L_hall: 0.050 L_inter: 0.000 L_intra: 0.000 L_fsp: 0.387 fsp_3_4: 0.092 fsp_4_5: 0.114 fsp_5_6: 0.139 fsp_6_7: 0.042 
(epoch: 17, iters: 5868, time: 0.034) G_GAN: 1.003 G_L1: 0.300 G_SSIM: 0.249 H_L1: 0.100 H_SSIM: 0.441 D_real: 0.020 D_fake: 0.006 att_A: 0.715 L_hall: 0.050 L_inter: 0.000 L_intra: 0.000 L_fsp: 0.401 fsp_3_4: 0.103 fsp_4_5: 0.152 fsp_5_6: 0.101 fsp_6_7: 0.044 
(epoch: 17, iters: 5968, time: 0.056) G_GAN: 0.978 G_L1: 0.343 G_SSIM: 0.234 H_L1: 0.140 H_SSIM: 0.414 D_real: 0.010 D_fake: 0.008 att_A: 0.836 L_hall: 0.050 L_inter: 0.000 L_intra: 0.000 L_fsp: 0.452 fsp_3_4: 0.172 fsp_4_5: 0.132 fsp_5_6: 0.110 fsp_6_7: 0.039 
(epoch: 17, iters: 6068, time: 0.033) G_GAN: 0.761 G_L1: 0.261 G_SSIM: 0.115 H_L1: 0.127 H_SSIM: 0.327 D_real: 0.021 D_fake: 0.095 att_A: 0.626 L_hall: 0.056 L_inter: 0.000 L_intra: 0.000 L_fsp: 0.433 fsp_3_4: 0.130 fsp_4_5: 0.149 fsp_5_6: 0.128 fsp_6_7: 0.026 
(epoch: 17, iters: 6168, time: 0.034) G_GAN: 0.996 G_L1: 0.068 G_SSIM: 0.018 H_L1: 0.057 H_SSIM: 0.110 D_real: 0.176 D_fake: 0.015 att_A: 0.723 L_hall: 0.052 L_inter: 0.000 L_intra: 0.000 L_fsp: 0.482 fsp_3_4: 0.115 fsp_4_5: 0.175 fsp_5_6: 0.127 fsp_6_7: 0.065 
(epoch: 17, iters: 6268, time: 0.034) G_GAN: 1.008 G_L1: 0.736 G_SSIM: 0.511 H_L1: 0.195 H_SSIM: 0.610 D_real: 0.014 D_fake: 0.011 att_A: 0.824 L_hall: 0.054 L_inter: 0.000 L_intra: 0.000 L_fsp: 0.539 fsp_3_4: 0.114 fsp_4_5: 0.190 fsp_5_6: 0.152 fsp_6_7: 0.083 
(epoch: 17, iters: 6368, time: 0.035) G_GAN: 0.960 G_L1: 0.507 G_SSIM: 0.406 H_L1: 0.174 H_SSIM: 0.497 D_real: 0.008 D_fake: 0.003 att_A: 0.949 L_hall: 0.058 L_inter: 0.000 L_intra: 0.000 L_fsp: 0.427 fsp_3_4: 0.106 fsp_4_5: 0.138 fsp_5_6: 0.142 fsp_6_7: 0.040 
(epoch: 17, iters: 6468, time: 0.047) G_GAN: 0.915 G_L1: 0.387 G_SSIM: 0.349 H_L1: 0.144 H_SSIM: 0.484 D_real: 0.009 D_fake: 0.011 att_A: 0.872 L_hall: 0.053 L_inter: 0.000 L_intra: 0.000 L_fsp: 0.464 fsp_3_4: 0.131 fsp_4_5: 0.162 fsp_5_6: 0.144 fsp_6_7: 0.026 
(epoch: 17, iters: 6568, time: 0.034) G_GAN: 1.020 G_L1: 0.335 G_SSIM: 0.191 H_L1: 0.128 H_SSIM: 0.375 D_real: 0.029 D_fake: 0.008 att_A: 0.825 L_hall: 0.051 L_inter: 0.000 L_intra: 0.000 L_fsp: 0.635 fsp_3_4: 0.163 fsp_4_5: 0.158 fsp_5_6: 0.210 fsp_6_7: 0.104 
(epoch: 17, iters: 6668, time: 0.034) G_GAN: 0.400 G_L1: 0.105 G_SSIM: 0.034 H_L1: 0.069 H_SSIM: 0.094 D_real: 0.028 D_fake: 0.279 att_A: 0.550 L_hall: 0.056 L_inter: 0.000 L_intra: 0.000 L_fsp: 0.568 fsp_3_4: 0.176 fsp_4_5: 0.165 fsp_5_6: 0.159 fsp_6_7: 0.069 
(epoch: 17, iters: 6768, time: 0.033) G_GAN: 0.470 G_L1: 0.262 G_SSIM: 0.103 H_L1: 0.163 H_SSIM: 0.275 D_real: 0.249 D_fake: 0.129 att_A: 0.547 L_hall: 0.037 L_inter: 0.000 L_intra: 0.000 L_fsp: 0.250 fsp_3_4: 0.071 fsp_4_5: 0.084 fsp_5_6: 0.069 fsp_6_7: 0.026 
(epoch: 17, iters: 6868, time: 0.034) G_GAN: 1.079 G_L1: 0.414 G_SSIM: 0.365 H_L1: 0.150 H_SSIM: 0.586 D_real: 0.025 D_fake: 0.009 att_A: 0.731 L_hall: 0.047 L_inter: 0.000 L_intra: 0.000 L_fsp: 0.355 fsp_3_4: 0.107 fsp_4_5: 0.120 fsp_5_6: 0.081 fsp_6_7: 0.046 
(epoch: 17, iters: 6968, time: 0.056) G_GAN: 0.644 G_L1: 0.033 G_SSIM: 0.011 H_L1: 0.072 H_SSIM: 0.106 D_real: 0.018 D_fake: 0.061 att_A: 0.457 L_hall: 0.051 L_inter: 0.000 L_intra: 0.000 L_fsp: 0.455 fsp_3_4: 0.106 fsp_4_5: 0.151 fsp_5_6: 0.118 fsp_6_7: 0.080 
(epoch: 17, iters: 7068, time: 0.034) G_GAN: 1.192 G_L1: 0.364 G_SSIM: 0.414 H_L1: 0.151 H_SSIM: 0.576 D_real: 0.039 D_fake: 0.025 att_A: 0.816 L_hall: 0.054 L_inter: 0.000 L_intra: 0.000 L_fsp: 0.408 fsp_3_4: 0.099 fsp_4_5: 0.132 fsp_5_6: 0.114 fsp_6_7: 0.062 
(epoch: 17, iters: 7168, time: 0.036) G_GAN: 1.411 G_L1: 0.260 G_SSIM: 0.150 H_L1: 0.178 H_SSIM: 0.422 D_real: 0.081 D_fake: 0.014 att_A: 0.514 L_hall: 0.049 L_inter: 0.000 L_intra: 0.000 L_fsp: 0.355 fsp_3_4: 0.082 fsp_4_5: 0.120 fsp_5_6: 0.101 fsp_6_7: 0.051 
(epoch: 17, iters: 7268, time: 0.034) G_GAN: 1.095 G_L1: 0.341 G_SSIM: 0.188 H_L1: 0.104 H_SSIM: 0.330 D_real: 0.029 D_fake: 0.006 att_A: 0.559 L_hall: 0.044 L_inter: 0.000 L_intra: 0.000 L_fsp: 0.310 fsp_3_4: 0.088 fsp_4_5: 0.100 fsp_5_6: 0.103 fsp_6_7: 0.020 
(epoch: 17, iters: 7368, time: 0.034) G_GAN: 0.947 G_L1: 0.309 G_SSIM: 0.257 H_L1: 0.108 H_SSIM: 0.420 D_real: 0.023 D_fake: 0.057 att_A: 0.668 L_hall: 0.046 L_inter: 0.000 L_intra: 0.000 L_fsp: 0.336 fsp_3_4: 0.096 fsp_4_5: 0.124 fsp_5_6: 0.095 fsp_6_7: 0.020 
(epoch: 17, iters: 7468, time: 0.057) G_GAN: 0.966 G_L1: 0.395 G_SSIM: 0.300 H_L1: 0.104 H_SSIM: 0.454 D_real: 0.008 D_fake: 0.007 att_A: 0.878 L_hall: 0.053 L_inter: 0.000 L_intra: 0.000 L_fsp: 0.385 fsp_3_4: 0.154 fsp_4_5: 0.133 fsp_5_6: 0.080 fsp_6_7: 0.018 
(epoch: 17, iters: 7568, time: 0.034) G_GAN: 1.247 G_L1: 0.200 G_SSIM: 0.125 H_L1: 0.098 H_SSIM: 0.277 D_real: 0.156 D_fake: 0.023 att_A: 0.362 L_hall: 0.041 L_inter: 0.000 L_intra: 0.000 L_fsp: 0.198 fsp_3_4: 0.065 fsp_4_5: 0.074 fsp_5_6: 0.042 fsp_6_7: 0.017 
(epoch: 17, iters: 7668, time: 0.035) G_GAN: 0.980 G_L1: 0.302 G_SSIM: 0.296 H_L1: 0.140 H_SSIM: 0.519 D_real: 0.024 D_fake: 0.008 att_A: 0.733 L_hall: 0.050 L_inter: 0.000 L_intra: 0.000 L_fsp: 0.353 fsp_3_4: 0.097 fsp_4_5: 0.110 fsp_5_6: 0.103 fsp_6_7: 0.043 
(epoch: 17, iters: 7768, time: 0.034) G_GAN: 0.565 G_L1: 0.177 G_SSIM: 0.129 H_L1: 0.132 H_SSIM: 0.368 D_real: 0.014 D_fake: 0.075 att_A: 0.828 L_hall: 0.054 L_inter: 0.000 L_intra: 0.000 L_fsp: 0.605 fsp_3_4: 0.144 fsp_4_5: 0.209 fsp_5_6: 0.184 fsp_6_7: 0.068 
(epoch: 17, iters: 7868, time: 0.035) G_GAN: 0.912 G_L1: 0.430 G_SSIM: 0.300 H_L1: 0.160 H_SSIM: 0.370 D_real: 0.016 D_fake: 0.005 att_A: 0.953 L_hall: 0.063 L_inter: 0.000 L_intra: 0.000 L_fsp: 0.589 fsp_3_4: 0.153 fsp_4_5: 0.167 fsp_5_6: 0.166 fsp_6_7: 0.103 
(epoch: 17, iters: 7968, time: 0.054) G_GAN: 0.451 G_L1: 0.175 G_SSIM: 0.073 H_L1: 0.126 H_SSIM: 0.257 D_real: 0.058 D_fake: 0.010 att_A: 0.307 L_hall: 0.045 L_inter: 0.000 L_intra: 0.000 L_fsp: 0.305 fsp_3_4: 0.075 fsp_4_5: 0.138 fsp_5_6: 0.066 fsp_6_7: 0.027 
(epoch: 17, iters: 8068, time: 0.034) G_GAN: 1.122 G_L1: 0.222 G_SSIM: 0.165 H_L1: 0.140 H_SSIM: 0.351 D_real: 0.125 D_fake: 0.026 att_A: 0.476 L_hall: 0.040 L_inter: 0.000 L_intra: 0.000 L_fsp: 0.247 fsp_3_4: 0.073 fsp_4_5: 0.102 fsp_5_6: 0.064 fsp_6_7: 0.008 
(epoch: 17, iters: 8168, time: 0.035) G_GAN: 0.869 G_L1: 0.279 G_SSIM: 0.115 H_L1: 0.113 H_SSIM: 0.319 D_real: 0.019 D_fake: 0.020 att_A: 0.650 L_hall: 0.048 L_inter: 0.000 L_intra: 0.000 L_fsp: 0.323 fsp_3_4: 0.093 fsp_4_5: 0.109 fsp_5_6: 0.106 fsp_6_7: 0.014 
(epoch: 17, iters: 8268, time: 0.033) G_GAN: 0.686 G_L1: 0.253 G_SSIM: 0.230 H_L1: 0.123 H_SSIM: 0.380 D_real: 0.019 D_fake: 0.023 att_A: 0.487 L_hall: 0.046 L_inter: 0.000 L_intra: 0.000 L_fsp: 0.287 fsp_3_4: 0.095 fsp_4_5: 0.113 fsp_5_6: 0.065 fsp_6_7: 0.015 
(epoch: 17, iters: 8368, time: 0.034) G_GAN: 0.574 G_L1: 0.222 G_SSIM: 0.079 H_L1: 0.191 H_SSIM: 0.336 D_real: 0.131 D_fake: 0.089 att_A: 0.260 L_hall: 0.044 L_inter: 0.000 L_intra: 0.000 L_fsp: 0.215 fsp_3_4: 0.070 fsp_4_5: 0.083 fsp_5_6: 0.046 fsp_6_7: 0.016 
(epoch: 17, iters: 8468, time: 0.065) G_GAN: 0.949 G_L1: 0.352 G_SSIM: 0.266 H_L1: 0.093 H_SSIM: 0.412 D_real: 0.010 D_fake: 0.008 att_A: 0.921 L_hall: 0.053 L_inter: 0.000 L_intra: 0.000 L_fsp: 0.504 fsp_3_4: 0.138 fsp_4_5: 0.157 fsp_5_6: 0.107 fsp_6_7: 0.103 
(epoch: 17, iters: 8568, time: 0.034) G_GAN: 0.226 G_L1: 0.191 G_SSIM: 0.128 H_L1: 0.115 H_SSIM: 0.307 D_real: 0.016 D_fake: 0.072 att_A: 0.497 L_hall: 0.046 L_inter: 0.000 L_intra: 0.000 L_fsp: 0.278 fsp_3_4: 0.080 fsp_4_5: 0.126 fsp_5_6: 0.061 fsp_6_7: 0.011 
(epoch: 17, iters: 8668, time: 0.035) G_GAN: 0.794 G_L1: 0.158 G_SSIM: 0.095 H_L1: 0.117 H_SSIM: 0.335 D_real: 0.009 D_fake: 0.025 att_A: 0.450 L_hall: 0.045 L_inter: 0.000 L_intra: 0.000 L_fsp: 0.413 fsp_3_4: 0.127 fsp_4_5: 0.131 fsp_5_6: 0.127 fsp_6_7: 0.028 
(epoch: 17, iters: 8768, time: 0.034) G_GAN: 0.650 G_L1: 0.173 G_SSIM: 0.113 H_L1: 0.117 H_SSIM: 0.339 D_real: 0.024 D_fake: 0.050 att_A: 0.636 L_hall: 0.058 L_inter: 0.000 L_intra: 0.000 L_fsp: 0.590 fsp_3_4: 0.132 fsp_4_5: 0.196 fsp_5_6: 0.171 fsp_6_7: 0.091 
(epoch: 17, iters: 8868, time: 0.034) G_GAN: 0.987 G_L1: 0.466 G_SSIM: 0.507 H_L1: 0.136 H_SSIM: 0.621 D_real: 0.032 D_fake: 0.014 att_A: 0.804 L_hall: 0.049 L_inter: 0.000 L_intra: 0.000 L_fsp: 0.365 fsp_3_4: 0.106 fsp_4_5: 0.152 fsp_5_6: 0.085 fsp_6_7: 0.022 
(epoch: 17, iters: 8968, time: 0.066) G_GAN: 1.006 G_L1: 0.385 G_SSIM: 0.281 H_L1: 0.158 H_SSIM: 0.421 D_real: 0.009 D_fake: 0.005 att_A: 0.823 L_hall: 0.057 L_inter: 0.000 L_intra: 0.000 L_fsp: 0.570 fsp_3_4: 0.150 fsp_4_5: 0.170 fsp_5_6: 0.174 fsp_6_7: 0.075 
saving the latest model (epoch 17, total_steps 155000)
(epoch: 17, iters: 9068, time: 0.033) G_GAN: 1.187 G_L1: 0.295 G_SSIM: 0.182 H_L1: 0.111 H_SSIM: 0.324 D_real: 0.033 D_fake: 0.021 att_A: 0.486 L_hall: 0.039 L_inter: 0.000 L_intra: 0.000 L_fsp: 0.191 fsp_3_4: 0.078 fsp_4_5: 0.056 fsp_5_6: 0.044 fsp_6_7: 0.013 
epoch 17  fsp_3_4:0.106867  fsp_3_4_degen:0.000000  fsp_4_5:0.131951  fsp_4_5_degen:0.000000  fsp_5_6:0.105219  fsp_5_6_degen:0.000000  fsp_6_7:0.039237  fsp_6_7_degen:0.000000
End of epoch 17 / 30 	 Time Taken: 473 sec
learning rate = 0.0001625
(epoch: 18, iters: 41, time: 0.034) G_GAN: 0.550 G_L1: 0.063 G_SSIM: 0.019 H_L1: 0.062 H_SSIM: 0.104 D_real: 0.040 D_fake: 0.083 att_A: 0.759 L_hall: 0.056 L_inter: 0.000 L_intra: 0.000 L_fsp: 0.517 fsp_3_4: 0.145 fsp_4_5: 0.180 fsp_5_6: 0.150 fsp_6_7: 0.041 
(epoch: 18, iters: 141, time: 0.037) G_GAN: 0.935 G_L1: 0.321 G_SSIM: 0.217 H_L1: 0.118 H_SSIM: 0.354 D_real: 0.009 D_fake: 0.006 att_A: 0.854 L_hall: 0.056 L_inter: 0.000 L_intra: 0.000 L_fsp: 0.582 fsp_3_4: 0.147 fsp_4_5: 0.161 fsp_5_6: 0.194 fsp_6_7: 0.081 
(epoch: 18, iters: 241, time: 0.033) G_GAN: 0.967 G_L1: 0.368 G_SSIM: 0.265 H_L1: 0.126 H_SSIM: 0.476 D_real: 0.006 D_fake: 0.004 att_A: 0.664 L_hall: 0.042 L_inter: 0.000 L_intra: 0.000 L_fsp: 0.325 fsp_3_4: 0.094 fsp_4_5: 0.086 fsp_5_6: 0.093 fsp_6_7: 0.052 
(epoch: 18, iters: 341, time: 0.063) G_GAN: 1.069 G_L1: 0.450 G_SSIM: 0.247 H_L1: 0.190 H_SSIM: 0.329 D_real: 0.015 D_fake: 0.015 att_A: 0.972 L_hall: 0.058 L_inter: 0.000 L_intra: 0.000 L_fsp: 0.419 fsp_3_4: 0.159 fsp_4_5: 0.145 fsp_5_6: 0.091 fsp_6_7: 0.024 
(epoch: 18, iters: 441, time: 0.034) G_GAN: 1.001 G_L1: 0.349 G_SSIM: 0.272 H_L1: 0.132 H_SSIM: 0.478 D_real: 0.018 D_fake: 0.011 att_A: 0.741 L_hall: 0.052 L_inter: 0.000 L_intra: 0.000 L_fsp: 0.324 fsp_3_4: 0.080 fsp_4_5: 0.096 fsp_5_6: 0.106 fsp_6_7: 0.041 
(epoch: 18, iters: 541, time: 0.033) G_GAN: 1.010 G_L1: 0.310 G_SSIM: 0.199 H_L1: 0.093 H_SSIM: 0.339 D_real: 0.010 D_fake: 0.012 att_A: 0.518 L_hall: 0.042 L_inter: 0.000 L_intra: 0.000 L_fsp: 0.290 fsp_3_4: 0.095 fsp_4_5: 0.110 fsp_5_6: 0.054 fsp_6_7: 0.029 
(epoch: 18, iters: 641, time: 0.033) G_GAN: 0.792 G_L1: 0.313 G_SSIM: 0.258 H_L1: 0.121 H_SSIM: 0.401 D_real: 0.024 D_fake: 0.018 att_A: 0.485 L_hall: 0.045 L_inter: 0.000 L_intra: 0.000 L_fsp: 0.314 fsp_3_4: 0.102 fsp_4_5: 0.113 fsp_5_6: 0.071 fsp_6_7: 0.027 
(epoch: 18, iters: 741, time: 0.034) G_GAN: 0.256 G_L1: 0.150 G_SSIM: 0.063 H_L1: 0.114 H_SSIM: 0.253 D_real: 0.072 D_fake: 0.003 att_A: 0.326 L_hall: 0.034 L_inter: 0.000 L_intra: 0.000 L_fsp: 0.232 fsp_3_4: 0.092 fsp_4_5: 0.083 fsp_5_6: 0.047 fsp_6_7: 0.010 
(epoch: 18, iters: 841, time: 0.057) G_GAN: 0.690 G_L1: 0.080 G_SSIM: 0.022 H_L1: 0.071 H_SSIM: 0.106 D_real: 0.013 D_fake: 0.008 att_A: 0.621 L_hall: 0.043 L_inter: 0.000 L_intra: 0.000 L_fsp: 0.604 fsp_3_4: 0.214 fsp_4_5: 0.185 fsp_5_6: 0.156 fsp_6_7: 0.049 
(epoch: 18, iters: 941, time: 0.033) G_GAN: 1.132 G_L1: 0.241 G_SSIM: 0.204 H_L1: 0.100 H_SSIM: 0.346 D_real: 0.127 D_fake: 0.010 att_A: 0.528 L_hall: 0.046 L_inter: 0.000 L_intra: 0.000 L_fsp: 0.271 fsp_3_4: 0.072 fsp_4_5: 0.120 fsp_5_6: 0.064 fsp_6_7: 0.016 
(epoch: 18, iters: 1041, time: 0.034) G_GAN: 0.898 G_L1: 0.107 G_SSIM: 0.027 H_L1: 0.075 H_SSIM: 0.079 D_real: 0.026 D_fake: 0.017 att_A: 0.529 L_hall: 0.052 L_inter: 0.000 L_intra: 0.000 L_fsp: 0.486 fsp_3_4: 0.119 fsp_4_5: 0.153 fsp_5_6: 0.176 fsp_6_7: 0.038 
(epoch: 18, iters: 1141, time: 0.034) G_GAN: 1.072 G_L1: 0.321 G_SSIM: 0.228 H_L1: 0.100 H_SSIM: 0.403 D_real: 0.008 D_fake: 0.331 att_A: 0.623 L_hall: 0.045 L_inter: 0.000 L_intra: 0.000 L_fsp: 0.424 fsp_3_4: 0.117 fsp_4_5: 0.159 fsp_5_6: 0.121 fsp_6_7: 0.027 
(epoch: 18, iters: 1241, time: 0.034) G_GAN: 0.711 G_L1: 0.045 G_SSIM: 0.007 H_L1: 0.066 H_SSIM: 0.054 D_real: 0.025 D_fake: 0.011 att_A: 0.701 L_hall: 0.052 L_inter: 0.000 L_intra: 0.000 L_fsp: 0.470 fsp_3_4: 0.109 fsp_4_5: 0.136 fsp_5_6: 0.139 fsp_6_7: 0.085 
(epoch: 18, iters: 1341, time: 0.056) G_GAN: 1.201 G_L1: 0.395 G_SSIM: 0.296 H_L1: 0.115 H_SSIM: 0.411 D_real: 0.018 D_fake: 0.018 att_A: 0.909 L_hall: 0.057 L_inter: 0.000 L_intra: 0.000 L_fsp: 0.531 fsp_3_4: 0.130 fsp_4_5: 0.138 fsp_5_6: 0.199 fsp_6_7: 0.065 
(epoch: 18, iters: 1441, time: 0.034) G_GAN: 1.000 G_L1: 0.403 G_SSIM: 0.354 H_L1: 0.128 H_SSIM: 0.544 D_real: 0.010 D_fake: 0.041 att_A: 0.776 L_hall: 0.050 L_inter: 0.000 L_intra: 0.000 L_fsp: 0.379 fsp_3_4: 0.099 fsp_4_5: 0.112 fsp_5_6: 0.127 fsp_6_7: 0.041 
(epoch: 18, iters: 1541, time: 0.034) G_GAN: 1.306 G_L1: 0.608 G_SSIM: 0.321 H_L1: 0.193 H_SSIM: 0.521 D_real: 0.022 D_fake: 0.244 att_A: 0.594 L_hall: 0.043 L_inter: 0.000 L_intra: 0.000 L_fsp: 0.287 fsp_3_4: 0.086 fsp_4_5: 0.113 fsp_5_6: 0.078 fsp_6_7: 0.011 
(epoch: 18, iters: 1641, time: 0.033) G_GAN: 1.073 G_L1: 0.435 G_SSIM: 0.449 H_L1: 0.131 H_SSIM: 0.588 D_real: 0.010 D_fake: 0.006 att_A: 0.822 L_hall: 0.050 L_inter: 0.000 L_intra: 0.000 L_fsp: 0.365 fsp_3_4: 0.099 fsp_4_5: 0.139 fsp_5_6: 0.095 fsp_6_7: 0.031 
(epoch: 18, iters: 1741, time: 0.034) G_GAN: 0.991 G_L1: 0.279 G_SSIM: 0.256 H_L1: 0.113 H_SSIM: 0.439 D_real: 0.020 D_fake: 0.004 att_A: 0.691 L_hall: 0.049 L_inter: 0.000 L_intra: 0.000 L_fsp: 0.279 fsp_3_4: 0.090 fsp_4_5: 0.112 fsp_5_6: 0.063 fsp_6_7: 0.014 
(epoch: 18, iters: 1841, time: 0.057) G_GAN: 1.028 G_L1: 0.323 G_SSIM: 0.207 H_L1: 0.109 H_SSIM: 0.361 D_real: 0.011 D_fake: 0.008 att_A: 0.591 L_hall: 0.048 L_inter: 0.000 L_intra: 0.000 L_fsp: 0.330 fsp_3_4: 0.097 fsp_4_5: 0.132 fsp_5_6: 0.083 fsp_6_7: 0.017 
(epoch: 18, iters: 1941, time: 0.033) G_GAN: 1.113 G_L1: 0.420 G_SSIM: 0.334 H_L1: 0.106 H_SSIM: 0.457 D_real: 0.014 D_fake: 0.029 att_A: 0.881 L_hall: 0.055 L_inter: 0.000 L_intra: 0.000 L_fsp: 0.400 fsp_3_4: 0.128 fsp_4_5: 0.140 fsp_5_6: 0.114 fsp_6_7: 0.019 
(epoch: 18, iters: 2041, time: 0.034) G_GAN: 0.469 G_L1: 0.214 G_SSIM: 0.102 H_L1: 0.092 H_SSIM: 0.301 D_real: 0.012 D_fake: 0.011 att_A: 0.667 L_hall: 0.055 L_inter: 0.000 L_intra: 0.000 L_fsp: 0.416 fsp_3_4: 0.109 fsp_4_5: 0.153 fsp_5_6: 0.118 fsp_6_7: 0.036 
(epoch: 18, iters: 2141, time: 0.034) G_GAN: 1.027 G_L1: 0.095 G_SSIM: 0.046 H_L1: 0.083 H_SSIM: 0.267 D_real: 0.237 D_fake: 0.010 att_A: 0.669 L_hall: 0.044 L_inter: 0.000 L_intra: 0.000 L_fsp: 0.452 fsp_3_4: 0.117 fsp_4_5: 0.171 fsp_5_6: 0.135 fsp_6_7: 0.028 
(epoch: 18, iters: 2241, time: 0.034) G_GAN: 1.441 G_L1: 0.362 G_SSIM: 0.192 H_L1: 0.117 H_SSIM: 0.323 D_real: 0.040 D_fake: 0.050 att_A: 0.575 L_hall: 0.043 L_inter: 0.000 L_intra: 0.000 L_fsp: 0.424 fsp_3_4: 0.107 fsp_4_5: 0.159 fsp_5_6: 0.115 fsp_6_7: 0.042 
(epoch: 18, iters: 2341, time: 0.053) G_GAN: 0.868 G_L1: 0.228 G_SSIM: 0.142 H_L1: 0.108 H_SSIM: 0.378 D_real: 0.020 D_fake: 0.017 att_A: 0.619 L_hall: 0.042 L_inter: 0.000 L_intra: 0.000 L_fsp: 0.243 fsp_3_4: 0.066 fsp_4_5: 0.068 fsp_5_6: 0.077 fsp_6_7: 0.032 
(epoch: 18, iters: 2441, time: 0.034) G_GAN: 0.929 G_L1: 0.400 G_SSIM: 0.271 H_L1: 0.112 H_SSIM: 0.383 D_real: 0.016 D_fake: 0.006 att_A: 0.833 L_hall: 0.053 L_inter: 0.000 L_intra: 0.000 L_fsp: 0.508 fsp_3_4: 0.132 fsp_4_5: 0.159 fsp_5_6: 0.189 fsp_6_7: 0.029 
(epoch: 18, iters: 2541, time: 0.035) G_GAN: 1.013 G_L1: 0.568 G_SSIM: 0.471 H_L1: 0.164 H_SSIM: 0.576 D_real: 0.009 D_fake: 0.007 att_A: 0.942 L_hall: 0.059 L_inter: 0.000 L_intra: 0.000 L_fsp: 0.525 fsp_3_4: 0.143 fsp_4_5: 0.195 fsp_5_6: 0.143 fsp_6_7: 0.043 
(epoch: 18, iters: 2641, time: 0.034) G_GAN: 1.247 G_L1: 0.316 G_SSIM: 0.216 H_L1: 0.102 H_SSIM: 0.359 D_real: 0.020 D_fake: 0.017 att_A: 0.695 L_hall: 0.045 L_inter: 0.000 L_intra: 0.000 L_fsp: 0.456 fsp_3_4: 0.129 fsp_4_5: 0.152 fsp_5_6: 0.137 fsp_6_7: 0.039 
(epoch: 18, iters: 2741, time: 0.034) G_GAN: 0.938 G_L1: 0.314 G_SSIM: 0.206 H_L1: 0.115 H_SSIM: 0.386 D_real: 0.020 D_fake: 0.013 att_A: 0.708 L_hall: 0.042 L_inter: 0.000 L_intra: 0.000 L_fsp: 0.370 fsp_3_4: 0.086 fsp_4_5: 0.121 fsp_5_6: 0.091 fsp_6_7: 0.072 
(epoch: 18, iters: 2841, time: 0.086) G_GAN: 0.980 G_L1: 0.358 G_SSIM: 0.296 H_L1: 0.136 H_SSIM: 0.539 D_real: 0.019 D_fake: 0.013 att_A: 0.723 L_hall: 0.048 L_inter: 0.000 L_intra: 0.000 L_fsp: 0.286 fsp_3_4: 0.076 fsp_4_5: 0.113 fsp_5_6: 0.084 fsp_6_7: 0.013 
(epoch: 18, iters: 2941, time: 0.034) G_GAN: 0.129 G_L1: 0.236 G_SSIM: 0.150 H_L1: 0.083 H_SSIM: 0.280 D_real: 0.015 D_fake: 0.444 att_A: 0.374 L_hall: 0.043 L_inter: 0.000 L_intra: 0.000 L_fsp: 0.269 fsp_3_4: 0.077 fsp_4_5: 0.112 fsp_5_6: 0.061 fsp_6_7: 0.017 
(epoch: 18, iters: 3041, time: 0.034) G_GAN: 1.055 G_L1: 0.351 G_SSIM: 0.289 H_L1: 0.095 H_SSIM: 0.448 D_real: 0.007 D_fake: 0.007 att_A: 0.901 L_hall: 0.054 L_inter: 0.000 L_intra: 0.000 L_fsp: 0.474 fsp_3_4: 0.188 fsp_4_5: 0.148 fsp_5_6: 0.103 fsp_6_7: 0.036 
(epoch: 18, iters: 3141, time: 0.034) G_GAN: 1.577 G_L1: 0.038 G_SSIM: 0.009 H_L1: 0.070 H_SSIM: 0.090 D_real: 0.042 D_fake: 0.049 att_A: 0.808 L_hall: 0.045 L_inter: 0.000 L_intra: 0.000 L_fsp: 0.612 fsp_3_4: 0.199 fsp_4_5: 0.199 fsp_5_6: 0.132 fsp_6_7: 0.082 
(epoch: 18, iters: 3241, time: 0.034) G_GAN: 0.257 G_L1: 0.216 G_SSIM: 0.119 H_L1: 0.095 H_SSIM: 0.299 D_real: 0.013 D_fake: 0.256 att_A: 0.750 L_hall: 0.052 L_inter: 0.000 L_intra: 0.000 L_fsp: 0.507 fsp_3_4: 0.159 fsp_4_5: 0.139 fsp_5_6: 0.130 fsp_6_7: 0.079 
(epoch: 18, iters: 3341, time: 0.053) G_GAN: 0.956 G_L1: 0.469 G_SSIM: 0.318 H_L1: 0.130 H_SSIM: 0.458 D_real: 0.011 D_fake: 0.014 att_A: 0.920 L_hall: 0.055 L_inter: 0.000 L_intra: 0.000 L_fsp: 0.417 fsp_3_4: 0.118 fsp_4_5: 0.158 fsp_5_6: 0.109 fsp_6_7: 0.032 
(epoch: 18, iters: 3441, time: 0.034) G_GAN: 1.000 G_L1: 0.421 G_SSIM: 0.352 H_L1: 0.132 H_SSIM: 0.526 D_real: 0.025 D_fake: 0.009 att_A: 0.842 L_hall: 0.054 L_inter: 0.000 L_intra: 0.000 L_fsp: 0.403 fsp_3_4: 0.087 fsp_4_5: 0.129 fsp_5_6: 0.111 fsp_6_7: 0.076 
(epoch: 18, iters: 3541, time: 0.034) G_GAN: 0.985 G_L1: 0.361 G_SSIM: 0.302 H_L1: 0.128 H_SSIM: 0.471 D_real: 0.016 D_fake: 0.014 att_A: 0.875 L_hall: 0.053 L_inter: 0.000 L_intra: 0.000 L_fsp: 0.451 fsp_3_4: 0.115 fsp_4_5: 0.168 fsp_5_6: 0.127 fsp_6_7: 0.041 
(epoch: 18, iters: 3641, time: 0.033) G_GAN: 1.006 G_L1: 0.378 G_SSIM: 0.309 H_L1: 0.126 H_SSIM: 0.477 D_real: 0.028 D_fake: 0.071 att_A: 0.696 L_hall: 0.046 L_inter: 0.000 L_intra: 0.000 L_fsp: 0.324 fsp_3_4: 0.119 fsp_4_5: 0.111 fsp_5_6: 0.067 fsp_6_7: 0.027 
(epoch: 18, iters: 3741, time: 0.034) G_GAN: 1.149 G_L1: 0.230 G_SSIM: 0.131 H_L1: 0.126 H_SSIM: 0.289 D_real: 0.045 D_fake: 0.024 att_A: 0.496 L_hall: 0.040 L_inter: 0.000 L_intra: 0.000 L_fsp: 0.299 fsp_3_4: 0.086 fsp_4_5: 0.123 fsp_5_6: 0.077 fsp_6_7: 0.012 
(epoch: 18, iters: 3841, time: 0.058) G_GAN: 1.146 G_L1: 0.453 G_SSIM: 0.290 H_L1: 0.098 H_SSIM: 0.407 D_real: 0.020 D_fake: 0.015 att_A: 0.922 L_hall: 0.054 L_inter: 0.000 L_intra: 0.000 L_fsp: 0.548 fsp_3_4: 0.213 fsp_4_5: 0.178 fsp_5_6: 0.129 fsp_6_7: 0.028 
(epoch: 18, iters: 3941, time: 0.033) G_GAN: 1.065 G_L1: 0.245 G_SSIM: 0.209 H_L1: 0.140 H_SSIM: 0.369 D_real: 0.020 D_fake: 0.010 att_A: 0.506 L_hall: 0.047 L_inter: 0.000 L_intra: 0.000 L_fsp: 0.274 fsp_3_4: 0.075 fsp_4_5: 0.095 fsp_5_6: 0.069 fsp_6_7: 0.035 
(epoch: 18, iters: 4041, time: 0.033) G_GAN: 0.330 G_L1: 0.138 G_SSIM: 0.060 H_L1: 0.100 H_SSIM: 0.262 D_real: 0.018 D_fake: 0.009 att_A: 0.313 L_hall: 0.041 L_inter: 0.000 L_intra: 0.000 L_fsp: 0.276 fsp_3_4: 0.101 fsp_4_5: 0.112 fsp_5_6: 0.050 fsp_6_7: 0.012 
(epoch: 18, iters: 4141, time: 0.033) G_GAN: 0.982 G_L1: 0.282 G_SSIM: 0.214 H_L1: 0.107 H_SSIM: 0.384 D_real: 0.012 D_fake: 0.003 att_A: 0.812 L_hall: 0.054 L_inter: 0.000 L_intra: 0.000 L_fsp: 0.417 fsp_3_4: 0.118 fsp_4_5: 0.123 fsp_5_6: 0.118 fsp_6_7: 0.057 
(epoch: 18, iters: 4241, time: 0.034) G_GAN: 0.590 G_L1: 0.136 G_SSIM: 0.061 H_L1: 0.116 H_SSIM: 0.260 D_real: 0.088 D_fake: 0.068 att_A: 0.277 L_hall: 0.039 L_inter: 0.000 L_intra: 0.000 L_fsp: 0.238 fsp_3_4: 0.084 fsp_4_5: 0.104 fsp_5_6: 0.041 fsp_6_7: 0.010 
(epoch: 18, iters: 4341, time: 0.058) G_GAN: 1.086 G_L1: 0.331 G_SSIM: 0.217 H_L1: 0.099 H_SSIM: 0.358 D_real: 0.006 D_fake: 0.035 att_A: 0.482 L_hall: 0.042 L_inter: 0.000 L_intra: 0.000 L_fsp: 0.273 fsp_3_4: 0.083 fsp_4_5: 0.099 fsp_5_6: 0.070 fsp_6_7: 0.021 
(epoch: 18, iters: 4441, time: 0.035) G_GAN: 0.962 G_L1: 0.332 G_SSIM: 0.256 H_L1: 0.089 H_SSIM: 0.388 D_real: 0.009 D_fake: 0.007 att_A: 0.821 L_hall: 0.053 L_inter: 0.000 L_intra: 0.000 L_fsp: 0.530 fsp_3_4: 0.144 fsp_4_5: 0.182 fsp_5_6: 0.156 fsp_6_7: 0.049 
(epoch: 18, iters: 4541, time: 0.034) G_GAN: 0.833 G_L1: 0.205 G_SSIM: 0.127 H_L1: 0.122 H_SSIM: 0.313 D_real: 0.010 D_fake: 0.020 att_A: 0.463 L_hall: 0.040 L_inter: 0.000 L_intra: 0.000 L_fsp: 0.170 fsp_3_4: 0.056 fsp_4_5: 0.053 fsp_5_6: 0.048 fsp_6_7: 0.014 
(epoch: 18, iters: 4641, time: 0.034) G_GAN: 0.911 G_L1: 0.220 G_SSIM: 0.151 H_L1: 0.112 H_SSIM: 0.335 D_real: 0.040 D_fake: 0.010 att_A: 0.568 L_hall: 0.049 L_inter: 0.000 L_intra: 0.000 L_fsp: 0.260 fsp_3_4: 0.067 fsp_4_5: 0.117 fsp_5_6: 0.067 fsp_6_7: 0.009 
(epoch: 18, iters: 4741, time: 0.034) G_GAN: 1.001 G_L1: 0.312 G_SSIM: 0.193 H_L1: 0.094 H_SSIM: 0.324 D_real: 0.009 D_fake: 0.009 att_A: 0.579 L_hall: 0.043 L_inter: 0.000 L_intra: 0.000 L_fsp: 0.289 fsp_3_4: 0.100 fsp_4_5: 0.091 fsp_5_6: 0.077 fsp_6_7: 0.022 
(epoch: 18, iters: 4841, time: 0.052) G_GAN: 1.090 G_L1: 0.110 G_SSIM: 0.033 H_L1: 0.094 H_SSIM: 0.076 D_real: 0.100 D_fake: 0.016 att_A: 0.595 L_hall: 0.058 L_inter: 0.000 L_intra: 0.000 L_fsp: 0.566 fsp_3_4: 0.153 fsp_4_5: 0.154 fsp_5_6: 0.166 fsp_6_7: 0.094 
saving the latest model (epoch 18, total_steps 160000)
(epoch: 18, iters: 4941, time: 0.033) G_GAN: 0.788 G_L1: 0.240 G_SSIM: 0.165 H_L1: 0.127 H_SSIM: 0.346 D_real: 0.028 D_fake: 0.024 att_A: 0.566 L_hall: 0.047 L_inter: 0.000 L_intra: 0.000 L_fsp: 0.419 fsp_3_4: 0.131 fsp_4_5: 0.177 fsp_5_6: 0.096 fsp_6_7: 0.016 
(epoch: 18, iters: 5041, time: 0.034) G_GAN: 1.151 G_L1: 0.311 G_SSIM: 0.205 H_L1: 0.121 H_SSIM: 0.354 D_real: 0.051 D_fake: 0.011 att_A: 0.461 L_hall: 0.040 L_inter: 0.000 L_intra: 0.000 L_fsp: 0.234 fsp_3_4: 0.071 fsp_4_5: 0.087 fsp_5_6: 0.066 fsp_6_7: 0.010 
(epoch: 18, iters: 5141, time: 0.034) G_GAN: 1.285 G_L1: 0.398 G_SSIM: 0.349 H_L1: 0.136 H_SSIM: 0.535 D_real: 0.040 D_fake: 0.036 att_A: 0.755 L_hall: 0.050 L_inter: 0.000 L_intra: 0.000 L_fsp: 0.346 fsp_3_4: 0.093 fsp_4_5: 0.126 fsp_5_6: 0.094 fsp_6_7: 0.032 
(epoch: 18, iters: 5241, time: 0.034) G_GAN: 0.544 G_L1: 0.212 G_SSIM: 0.143 H_L1: 0.118 H_SSIM: 0.303 D_real: 0.012 D_fake: 0.019 att_A: 0.482 L_hall: 0.046 L_inter: 0.000 L_intra: 0.000 L_fsp: 0.263 fsp_3_4: 0.084 fsp_4_5: 0.103 fsp_5_6: 0.051 fsp_6_7: 0.026 
(epoch: 18, iters: 5341, time: 0.062) G_GAN: 0.796 G_L1: 0.307 G_SSIM: 0.212 H_L1: 0.100 H_SSIM: 0.401 D_real: 0.016 D_fake: 0.080 att_A: 0.758 L_hall: 0.043 L_inter: 0.000 L_intra: 0.000 L_fsp: 0.288 fsp_3_4: 0.075 fsp_4_5: 0.091 fsp_5_6: 0.088 fsp_6_7: 0.034 
(epoch: 18, iters: 5441, time: 0.034) G_GAN: 0.500 G_L1: 0.211 G_SSIM: 0.100 H_L1: 0.091 H_SSIM: 0.229 D_real: 0.033 D_fake: 0.101 att_A: 0.394 L_hall: 0.040 L_inter: 0.000 L_intra: 0.000 L_fsp: 0.301 fsp_3_4: 0.113 fsp_4_5: 0.112 fsp_5_6: 0.059 fsp_6_7: 0.016 
(epoch: 18, iters: 5541, time: 0.035) G_GAN: 0.979 G_L1: 0.350 G_SSIM: 0.228 H_L1: 0.122 H_SSIM: 0.432 D_real: 0.012 D_fake: 0.011 att_A: 0.620 L_hall: 0.045 L_inter: 0.000 L_intra: 0.000 L_fsp: 0.345 fsp_3_4: 0.087 fsp_4_5: 0.104 fsp_5_6: 0.094 fsp_6_7: 0.060 
(epoch: 18, iters: 5641, time: 0.034) G_GAN: 0.833 G_L1: 0.520 G_SSIM: 0.459 H_L1: 0.171 H_SSIM: 0.573 D_real: 0.010 D_fake: 0.019 att_A: 0.590 L_hall: 0.057 L_inter: 0.000 L_intra: 0.000 L_fsp: 0.371 fsp_3_4: 0.100 fsp_4_5: 0.134 fsp_5_6: 0.098 fsp_6_7: 0.039 
(epoch: 18, iters: 5741, time: 0.034) G_GAN: 1.014 G_L1: 0.290 G_SSIM: 0.231 H_L1: 0.119 H_SSIM: 0.349 D_real: 0.013 D_fake: 0.010 att_A: 0.539 L_hall: 0.042 L_inter: 0.000 L_intra: 0.000 L_fsp: 0.248 fsp_3_4: 0.082 fsp_4_5: 0.090 fsp_5_6: 0.057 fsp_6_7: 0.018 
(epoch: 18, iters: 5841, time: 0.054) G_GAN: 1.355 G_L1: 0.291 G_SSIM: 0.214 H_L1: 0.111 H_SSIM: 0.406 D_real: 0.076 D_fake: 0.015 att_A: 0.657 L_hall: 0.045 L_inter: 0.000 L_intra: 0.000 L_fsp: 0.394 fsp_3_4: 0.111 fsp_4_5: 0.147 fsp_5_6: 0.091 fsp_6_7: 0.044 
(epoch: 18, iters: 5941, time: 0.034) G_GAN: 0.755 G_L1: 0.202 G_SSIM: 0.124 H_L1: 0.088 H_SSIM: 0.271 D_real: 0.027 D_fake: 0.013 att_A: 0.375 L_hall: 0.041 L_inter: 0.000 L_intra: 0.000 L_fsp: 0.208 fsp_3_4: 0.077 fsp_4_5: 0.063 fsp_5_6: 0.042 fsp_6_7: 0.026 
(epoch: 18, iters: 6041, time: 0.034) G_GAN: 0.796 G_L1: 0.191 G_SSIM: 0.138 H_L1: 0.142 H_SSIM: 0.307 D_real: 0.018 D_fake: 0.053 att_A: 0.462 L_hall: 0.044 L_inter: 0.000 L_intra: 0.000 L_fsp: 0.258 fsp_3_4: 0.081 fsp_4_5: 0.103 fsp_5_6: 0.062 fsp_6_7: 0.012 
(epoch: 18, iters: 6141, time: 0.034) G_GAN: 0.314 G_L1: 0.243 G_SSIM: 0.143 H_L1: 0.086 H_SSIM: 0.302 D_real: 0.008 D_fake: 0.005 att_A: 0.511 L_hall: 0.045 L_inter: 0.000 L_intra: 0.000 L_fsp: 0.328 fsp_3_4: 0.101 fsp_4_5: 0.110 fsp_5_6: 0.093 fsp_6_7: 0.025 
(epoch: 18, iters: 6241, time: 0.035) G_GAN: 0.712 G_L1: 0.237 G_SSIM: 0.185 H_L1: 0.132 H_SSIM: 0.328 D_real: 0.032 D_fake: 0.042 att_A: 0.429 L_hall: 0.045 L_inter: 0.000 L_intra: 0.000 L_fsp: 0.194 fsp_3_4: 0.046 fsp_4_5: 0.068 fsp_5_6: 0.054 fsp_6_7: 0.026 
(epoch: 18, iters: 6341, time: 0.057) G_GAN: 0.851 G_L1: 0.305 G_SSIM: 0.268 H_L1: 0.105 H_SSIM: 0.435 D_real: 0.017 D_fake: 0.018 att_A: 0.760 L_hall: 0.046 L_inter: 0.000 L_intra: 0.000 L_fsp: 0.382 fsp_3_4: 0.124 fsp_4_5: 0.124 fsp_5_6: 0.090 fsp_6_7: 0.045 
(epoch: 18, iters: 6441, time: 0.034) G_GAN: 1.034 G_L1: 0.378 G_SSIM: 0.284 H_L1: 0.090 H_SSIM: 0.406 D_real: 0.011 D_fake: 0.004 att_A: 0.898 L_hall: 0.058 L_inter: 0.000 L_intra: 0.000 L_fsp: 0.486 fsp_3_4: 0.116 fsp_4_5: 0.157 fsp_5_6: 0.124 fsp_6_7: 0.089 
(epoch: 18, iters: 6541, time: 0.033) G_GAN: 0.936 G_L1: 0.336 G_SSIM: 0.202 H_L1: 0.107 H_SSIM: 0.350 D_real: 0.024 D_fake: 0.016 att_A: 0.558 L_hall: 0.044 L_inter: 0.000 L_intra: 0.000 L_fsp: 0.332 fsp_3_4: 0.107 fsp_4_5: 0.125 fsp_5_6: 0.074 fsp_6_7: 0.026 
(epoch: 18, iters: 6641, time: 0.033) G_GAN: 1.013 G_L1: 0.335 G_SSIM: 0.240 H_L1: 0.111 H_SSIM: 0.353 D_real: 0.008 D_fake: 0.196 att_A: 0.723 L_hall: 0.051 L_inter: 0.000 L_intra: 0.000 L_fsp: 0.630 fsp_3_4: 0.238 fsp_4_5: 0.175 fsp_5_6: 0.185 fsp_6_7: 0.033 
(epoch: 18, iters: 6741, time: 0.034) G_GAN: 1.146 G_L1: 0.367 G_SSIM: 0.205 H_L1: 0.104 H_SSIM: 0.367 D_real: 0.011 D_fake: 0.011 att_A: 0.719 L_hall: 0.047 L_inter: 0.000 L_intra: 0.000 L_fsp: 0.314 fsp_3_4: 0.100 fsp_4_5: 0.112 fsp_5_6: 0.076 fsp_6_7: 0.026 
(epoch: 18, iters: 6841, time: 0.054) G_GAN: 1.027 G_L1: 0.271 G_SSIM: 0.197 H_L1: 0.130 H_SSIM: 0.347 D_real: 0.008 D_fake: 0.007 att_A: 0.459 L_hall: 0.042 L_inter: 0.000 L_intra: 0.000 L_fsp: 0.246 fsp_3_4: 0.074 fsp_4_5: 0.095 fsp_5_6: 0.060 fsp_6_7: 0.017 
(epoch: 18, iters: 6941, time: 0.034) G_GAN: 1.043 G_L1: 0.393 G_SSIM: 0.349 H_L1: 0.101 H_SSIM: 0.474 D_real: 0.017 D_fake: 0.157 att_A: 0.875 L_hall: 0.056 L_inter: 0.000 L_intra: 0.000 L_fsp: 0.462 fsp_3_4: 0.151 fsp_4_5: 0.176 fsp_5_6: 0.101 fsp_6_7: 0.034 
(epoch: 18, iters: 7041, time: 0.034) G_GAN: 0.321 G_L1: 0.128 G_SSIM: 0.054 H_L1: 0.094 H_SSIM: 0.270 D_real: 0.086 D_fake: 0.025 att_A: 0.466 L_hall: 0.047 L_inter: 0.000 L_intra: 0.000 L_fsp: 0.282 fsp_3_4: 0.089 fsp_4_5: 0.120 fsp_5_6: 0.062 fsp_6_7: 0.011 
(epoch: 18, iters: 7141, time: 0.034) G_GAN: 0.321 G_L1: 0.182 G_SSIM: 0.059 H_L1: 0.088 H_SSIM: 0.148 D_real: 0.049 D_fake: 0.209 att_A: 0.829 L_hall: 0.031 L_inter: 0.000 L_intra: 0.000 L_fsp: 0.293 fsp_3_4: 0.083 fsp_4_5: 0.096 fsp_5_6: 0.078 fsp_6_7: 0.036 
(epoch: 18, iters: 7241, time: 0.034) G_GAN: 0.905 G_L1: 0.366 G_SSIM: 0.327 H_L1: 0.139 H_SSIM: 0.535 D_real: 0.011 D_fake: 0.011 att_A: 0.763 L_hall: 0.050 L_inter: 0.000 L_intra: 0.000 L_fsp: 0.379 fsp_3_4: 0.097 fsp_4_5: 0.124 fsp_5_6: 0.105 fsp_6_7: 0.052 
(epoch: 18, iters: 7341, time: 0.060) G_GAN: 0.120 G_L1: 0.092 G_SSIM: 0.042 H_L1: 0.081 H_SSIM: 0.108 D_real: 0.020 D_fake: 0.015 att_A: 0.359 L_hall: 0.036 L_inter: 0.000 L_intra: 0.000 L_fsp: 0.331 fsp_3_4: 0.116 fsp_4_5: 0.119 fsp_5_6: 0.073 fsp_6_7: 0.024 
(epoch: 18, iters: 7441, time: 0.034) G_GAN: 0.941 G_L1: 0.316 G_SSIM: 0.259 H_L1: 0.109 H_SSIM: 0.473 D_real: 0.011 D_fake: 0.014 att_A: 0.763 L_hall: 0.050 L_inter: 0.000 L_intra: 0.000 L_fsp: 0.453 fsp_3_4: 0.108 fsp_4_5: 0.140 fsp_5_6: 0.139 fsp_6_7: 0.067 
(epoch: 18, iters: 7541, time: 0.035) G_GAN: 0.845 G_L1: 0.301 G_SSIM: 0.263 H_L1: 0.077 H_SSIM: 0.354 D_real: 0.015 D_fake: 0.015 att_A: 0.967 L_hall: 0.057 L_inter: 0.000 L_intra: 0.000 L_fsp: 0.517 fsp_3_4: 0.162 fsp_4_5: 0.206 fsp_5_6: 0.121 fsp_6_7: 0.028 
(epoch: 18, iters: 7641, time: 0.035) G_GAN: 0.916 G_L1: 0.433 G_SSIM: 0.358 H_L1: 0.127 H_SSIM: 0.435 D_real: 0.011 D_fake: 0.011 att_A: 0.945 L_hall: 0.056 L_inter: 0.000 L_intra: 0.000 L_fsp: 0.504 fsp_3_4: 0.140 fsp_4_5: 0.175 fsp_5_6: 0.150 fsp_6_7: 0.040 
(epoch: 18, iters: 7741, time: 0.034) G_GAN: 0.655 G_L1: 0.172 G_SSIM: 0.085 H_L1: 0.091 H_SSIM: 0.242 D_real: 0.063 D_fake: 0.209 att_A: 0.388 L_hall: 0.042 L_inter: 0.000 L_intra: 0.000 L_fsp: 0.267 fsp_3_4: 0.096 fsp_4_5: 0.095 fsp_5_6: 0.058 fsp_6_7: 0.017 
(epoch: 18, iters: 7841, time: 0.051) G_GAN: 1.170 G_L1: 0.197 G_SSIM: 0.119 H_L1: 0.077 H_SSIM: 0.311 D_real: 0.044 D_fake: 0.013 att_A: 0.754 L_hall: 0.051 L_inter: 0.000 L_intra: 0.000 L_fsp: 0.365 fsp_3_4: 0.102 fsp_4_5: 0.135 fsp_5_6: 0.093 fsp_6_7: 0.035 
(epoch: 18, iters: 7941, time: 0.034) G_GAN: 1.149 G_L1: 0.207 G_SSIM: 0.130 H_L1: 0.094 H_SSIM: 0.301 D_real: 0.020 D_fake: 0.016 att_A: 0.572 L_hall: 0.045 L_inter: 0.000 L_intra: 0.000 L_fsp: 0.264 fsp_3_4: 0.076 fsp_4_5: 0.086 fsp_5_6: 0.078 fsp_6_7: 0.024 
(epoch: 18, iters: 8041, time: 0.034) G_GAN: 0.895 G_L1: 0.199 G_SSIM: 0.151 H_L1: 0.111 H_SSIM: 0.324 D_real: 0.058 D_fake: 0.012 att_A: 0.527 L_hall: 0.050 L_inter: 0.000 L_intra: 0.000 L_fsp: 0.332 fsp_3_4: 0.093 fsp_4_5: 0.144 fsp_5_6: 0.082 fsp_6_7: 0.013 
(epoch: 18, iters: 8141, time: 0.034) G_GAN: 0.787 G_L1: 0.073 G_SSIM: 0.021 H_L1: 0.086 H_SSIM: 0.084 D_real: 0.124 D_fake: 0.031 att_A: 0.581 L_hall: 0.051 L_inter: 0.000 L_intra: 0.000 L_fsp: 0.445 fsp_3_4: 0.075 fsp_4_5: 0.163 fsp_5_6: 0.176 fsp_6_7: 0.031 
(epoch: 18, iters: 8241, time: 0.034) G_GAN: 0.977 G_L1: 0.238 G_SSIM: 0.164 H_L1: 0.086 H_SSIM: 0.324 D_real: 0.016 D_fake: 0.008 att_A: 0.719 L_hall: 0.050 L_inter: 0.000 L_intra: 0.000 L_fsp: 0.477 fsp_3_4: 0.106 fsp_4_5: 0.148 fsp_5_6: 0.194 fsp_6_7: 0.030 
(epoch: 18, iters: 8341, time: 0.056) G_GAN: 1.063 G_L1: 0.203 G_SSIM: 0.144 H_L1: 0.083 H_SSIM: 0.334 D_real: 0.082 D_fake: 0.009 att_A: 0.911 L_hall: 0.056 L_inter: 0.000 L_intra: 0.000 L_fsp: 0.459 fsp_3_4: 0.086 fsp_4_5: 0.133 fsp_5_6: 0.161 fsp_6_7: 0.079 
(epoch: 18, iters: 8441, time: 0.035) G_GAN: 1.010 G_L1: 0.282 G_SSIM: 0.258 H_L1: 0.118 H_SSIM: 0.422 D_real: 0.190 D_fake: 0.010 att_A: 0.612 L_hall: 0.049 L_inter: 0.000 L_intra: 0.000 L_fsp: 0.365 fsp_3_4: 0.121 fsp_4_5: 0.137 fsp_5_6: 0.087 fsp_6_7: 0.020 
(epoch: 18, iters: 8541, time: 0.033) G_GAN: 1.517 G_L1: 0.353 G_SSIM: 0.226 H_L1: 0.134 H_SSIM: 0.419 D_real: 0.074 D_fake: 0.023 att_A: 0.564 L_hall: 0.044 L_inter: 0.000 L_intra: 0.000 L_fsp: 0.299 fsp_3_4: 0.088 fsp_4_5: 0.120 fsp_5_6: 0.081 fsp_6_7: 0.009 
(epoch: 18, iters: 8641, time: 0.034) G_GAN: 0.985 G_L1: 0.395 G_SSIM: 0.315 H_L1: 0.133 H_SSIM: 0.508 D_real: 0.027 D_fake: 0.068 att_A: 0.737 L_hall: 0.048 L_inter: 0.000 L_intra: 0.000 L_fsp: 0.423 fsp_3_4: 0.101 fsp_4_5: 0.143 fsp_5_6: 0.109 fsp_6_7: 0.071 
(epoch: 18, iters: 8741, time: 0.034) G_GAN: 1.137 G_L1: 0.309 G_SSIM: 0.295 H_L1: 0.101 H_SSIM: 0.433 D_real: 0.020 D_fake: 0.011 att_A: 0.643 L_hall: 0.046 L_inter: 0.000 L_intra: 0.000 L_fsp: 0.267 fsp_3_4: 0.081 fsp_4_5: 0.091 fsp_5_6: 0.064 fsp_6_7: 0.031 
(epoch: 18, iters: 8841, time: 0.050) G_GAN: 0.515 G_L1: 0.171 G_SSIM: 0.069 H_L1: 0.106 H_SSIM: 0.226 D_real: 0.125 D_fake: 0.144 att_A: 0.391 L_hall: 0.040 L_inter: 0.000 L_intra: 0.000 L_fsp: 0.316 fsp_3_4: 0.089 fsp_4_5: 0.130 fsp_5_6: 0.072 fsp_6_7: 0.024 
(epoch: 18, iters: 8941, time: 0.034) G_GAN: 1.080 G_L1: 0.543 G_SSIM: 0.487 H_L1: 0.137 H_SSIM: 0.578 D_real: 0.015 D_fake: 0.009 att_A: 0.939 L_hall: 0.052 L_inter: 0.000 L_intra: 0.000 L_fsp: 0.366 fsp_3_4: 0.111 fsp_4_5: 0.118 fsp_5_6: 0.109 fsp_6_7: 0.027 
(epoch: 18, iters: 9041, time: 0.033) G_GAN: 1.030 G_L1: 0.244 G_SSIM: 0.163 H_L1: 0.079 H_SSIM: 0.336 D_real: 0.012 D_fake: 0.006 att_A: 0.736 L_hall: 0.050 L_inter: 0.000 L_intra: 0.000 L_fsp: 0.451 fsp_3_4: 0.132 fsp_4_5: 0.143 fsp_5_6: 0.112 fsp_6_7: 0.064 
epoch 18  fsp_3_4:0.105218  fsp_3_4_degen:0.000000  fsp_4_5:0.128642  fsp_4_5_degen:0.000000  fsp_5_6:0.099003  fsp_5_6_degen:0.000000  fsp_6_7:0.034343  fsp_6_7_degen:0.000000
End of epoch 18 / 30 	 Time Taken: 468 sec
learning rate = 0.0001500
(epoch: 19, iters: 14, time: 0.034) G_GAN: 0.809 G_L1: 0.211 G_SSIM: 0.167 H_L1: 0.116 H_SSIM: 0.335 D_real: 0.013 D_fake: 0.020 att_A: 0.433 L_hall: 0.038 L_inter: 0.000 L_intra: 0.000 L_fsp: 0.211 fsp_3_4: 0.066 fsp_4_5: 0.095 fsp_5_6: 0.042 fsp_6_7: 0.008 
(epoch: 19, iters: 114, time: 0.034) G_GAN: 1.263 G_L1: 0.473 G_SSIM: 0.492 H_L1: 0.150 H_SSIM: 0.647 D_real: 0.068 D_fake: 0.019 att_A: 0.813 L_hall: 0.052 L_inter: 0.000 L_intra: 0.000 L_fsp: 0.327 fsp_3_4: 0.097 fsp_4_5: 0.119 fsp_5_6: 0.075 fsp_6_7: 0.037 
(epoch: 19, iters: 214, time: 0.054) G_GAN: 1.056 G_L1: 0.392 G_SSIM: 0.286 H_L1: 0.149 H_SSIM: 0.483 D_real: 0.017 D_fake: 0.010 att_A: 0.748 L_hall: 0.047 L_inter: 0.000 L_intra: 0.000 L_fsp: 0.436 fsp_3_4: 0.133 fsp_4_5: 0.179 fsp_5_6: 0.106 fsp_6_7: 0.018 
(epoch: 19, iters: 314, time: 0.034) G_GAN: 1.187 G_L1: 0.192 G_SSIM: 0.107 H_L1: 0.111 H_SSIM: 0.325 D_real: 0.048 D_fake: 0.020 att_A: 0.477 L_hall: 0.044 L_inter: 0.000 L_intra: 0.000 L_fsp: 0.310 fsp_3_4: 0.092 fsp_4_5: 0.119 fsp_5_6: 0.082 fsp_6_7: 0.016 
(epoch: 19, iters: 414, time: 0.034) G_GAN: 0.971 G_L1: 0.248 G_SSIM: 0.174 H_L1: 0.118 H_SSIM: 0.405 D_real: 0.038 D_fake: 0.009 att_A: 0.599 L_hall: 0.043 L_inter: 0.000 L_intra: 0.000 L_fsp: 0.240 fsp_3_4: 0.077 fsp_4_5: 0.078 fsp_5_6: 0.072 fsp_6_7: 0.013 
(epoch: 19, iters: 514, time: 0.034) G_GAN: 0.689 G_L1: 0.109 G_SSIM: 0.037 H_L1: 0.108 H_SSIM: 0.136 D_real: 0.136 D_fake: 0.040 att_A: 0.745 L_hall: 0.041 L_inter: 0.000 L_intra: 0.000 L_fsp: 0.349 fsp_3_4: 0.097 fsp_4_5: 0.111 fsp_5_6: 0.109 fsp_6_7: 0.033 
(epoch: 19, iters: 614, time: 0.034) G_GAN: 0.887 G_L1: 0.189 G_SSIM: 0.165 H_L1: 0.083 H_SSIM: 0.336 D_real: 0.050 D_fake: 0.026 att_A: 0.900 L_hall: 0.055 L_inter: 0.000 L_intra: 0.000 L_fsp: 0.427 fsp_3_4: 0.160 fsp_4_5: 0.150 fsp_5_6: 0.101 fsp_6_7: 0.016 
(epoch: 19, iters: 714, time: 0.080) G_GAN: 1.221 G_L1: 0.275 G_SSIM: 0.187 H_L1: 0.108 H_SSIM: 0.374 D_real: 0.033 D_fake: 0.271 att_A: 0.526 L_hall: 0.048 L_inter: 0.000 L_intra: 0.000 L_fsp: 0.289 fsp_3_4: 0.091 fsp_4_5: 0.107 fsp_5_6: 0.071 fsp_6_7: 0.020 
saving the latest model (epoch 19, total_steps 165000)
(epoch: 19, iters: 814, time: 0.034) G_GAN: 1.072 G_L1: 0.261 G_SSIM: 0.182 H_L1: 0.092 H_SSIM: 0.368 D_real: 0.010 D_fake: 0.004 att_A: 0.762 L_hall: 0.044 L_inter: 0.000 L_intra: 0.000 L_fsp: 0.413 fsp_3_4: 0.174 fsp_4_5: 0.117 fsp_5_6: 0.100 fsp_6_7: 0.022 
(epoch: 19, iters: 914, time: 0.033) G_GAN: 0.950 G_L1: 0.262 G_SSIM: 0.168 H_L1: 0.083 H_SSIM: 0.332 D_real: 0.008 D_fake: 0.004 att_A: 0.720 L_hall: 0.041 L_inter: 0.000 L_intra: 0.000 L_fsp: 0.475 fsp_3_4: 0.178 fsp_4_5: 0.175 fsp_5_6: 0.074 fsp_6_7: 0.048 
(epoch: 19, iters: 1014, time: 0.033) G_GAN: 1.054 G_L1: 0.411 G_SSIM: 0.313 H_L1: 0.094 H_SSIM: 0.443 D_real: 0.011 D_fake: 0.005 att_A: 0.897 L_hall: 0.050 L_inter: 0.000 L_intra: 0.000 L_fsp: 0.342 fsp_3_4: 0.127 fsp_4_5: 0.125 fsp_5_6: 0.078 fsp_6_7: 0.012 
(epoch: 19, iters: 1114, time: 0.033) G_GAN: 0.940 G_L1: 0.181 G_SSIM: 0.122 H_L1: 0.110 H_SSIM: 0.273 D_real: 0.011 D_fake: 0.098 att_A: 0.484 L_hall: 0.042 L_inter: 0.000 L_intra: 0.000 L_fsp: 0.179 fsp_3_4: 0.062 fsp_4_5: 0.065 fsp_5_6: 0.044 fsp_6_7: 0.008 
(epoch: 19, iters: 1214, time: 0.062) G_GAN: 1.024 G_L1: 0.313 G_SSIM: 0.244 H_L1: 0.125 H_SSIM: 0.410 D_real: 0.014 D_fake: 0.080 att_A: 0.585 L_hall: 0.039 L_inter: 0.000 L_intra: 0.000 L_fsp: 0.210 fsp_3_4: 0.065 fsp_4_5: 0.066 fsp_5_6: 0.067 fsp_6_7: 0.011 
(epoch: 19, iters: 1314, time: 0.034) G_GAN: 1.133 G_L1: 0.258 G_SSIM: 0.141 H_L1: 0.105 H_SSIM: 0.286 D_real: 0.014 D_fake: 0.008 att_A: 0.453 L_hall: 0.047 L_inter: 0.000 L_intra: 0.000 L_fsp: 0.345 fsp_3_4: 0.112 fsp_4_5: 0.128 fsp_5_6: 0.081 fsp_6_7: 0.024 
(epoch: 19, iters: 1414, time: 0.033) G_GAN: 0.926 G_L1: 0.383 G_SSIM: 0.368 H_L1: 0.159 H_SSIM: 0.502 D_real: 0.029 D_fake: 0.007 att_A: 0.595 L_hall: 0.052 L_inter: 0.000 L_intra: 0.000 L_fsp: 0.298 fsp_3_4: 0.092 fsp_4_5: 0.103 fsp_5_6: 0.066 fsp_6_7: 0.038 
(epoch: 19, iters: 1514, time: 0.034) G_GAN: 1.123 G_L1: 0.222 G_SSIM: 0.116 H_L1: 0.119 H_SSIM: 0.317 D_real: 0.024 D_fake: 0.014 att_A: 0.589 L_hall: 0.048 L_inter: 0.000 L_intra: 0.000 L_fsp: 0.298 fsp_3_4: 0.088 fsp_4_5: 0.085 fsp_5_6: 0.109 fsp_6_7: 0.016 
(epoch: 19, iters: 1614, time: 0.034) G_GAN: 1.015 G_L1: 0.370 G_SSIM: 0.342 H_L1: 0.136 H_SSIM: 0.573 D_real: 0.011 D_fake: 0.010 att_A: 0.634 L_hall: 0.047 L_inter: 0.000 L_intra: 0.000 L_fsp: 0.362 fsp_3_4: 0.126 fsp_4_5: 0.128 fsp_5_6: 0.073 fsp_6_7: 0.035 
(epoch: 19, iters: 1714, time: 0.060) G_GAN: 1.107 G_L1: 0.233 G_SSIM: 0.089 H_L1: 0.071 H_SSIM: 0.263 D_real: 0.025 D_fake: 0.015 att_A: 0.627 L_hall: 0.050 L_inter: 0.000 L_intra: 0.000 L_fsp: 0.456 fsp_3_4: 0.112 fsp_4_5: 0.134 fsp_5_6: 0.148 fsp_6_7: 0.062 
(epoch: 19, iters: 1814, time: 0.034) G_GAN: 1.039 G_L1: 0.306 G_SSIM: 0.242 H_L1: 0.102 H_SSIM: 0.371 D_real: 0.011 D_fake: 0.029 att_A: 0.598 L_hall: 0.043 L_inter: 0.000 L_intra: 0.000 L_fsp: 0.297 fsp_3_4: 0.095 fsp_4_5: 0.112 fsp_5_6: 0.073 fsp_6_7: 0.016 
(epoch: 19, iters: 1914, time: 0.033) G_GAN: 1.265 G_L1: 0.272 G_SSIM: 0.280 H_L1: 0.103 H_SSIM: 0.479 D_real: 0.034 D_fake: 0.027 att_A: 0.861 L_hall: 0.054 L_inter: 0.000 L_intra: 0.000 L_fsp: 0.404 fsp_3_4: 0.103 fsp_4_5: 0.142 fsp_5_6: 0.112 fsp_6_7: 0.047 
(epoch: 19, iters: 2014, time: 0.034) G_GAN: 1.214 G_L1: 0.372 G_SSIM: 0.253 H_L1: 0.132 H_SSIM: 0.478 D_real: 0.018 D_fake: 0.024 att_A: 0.792 L_hall: 0.049 L_inter: 0.000 L_intra: 0.000 L_fsp: 0.450 fsp_3_4: 0.122 fsp_4_5: 0.161 fsp_5_6: 0.130 fsp_6_7: 0.037 
(epoch: 19, iters: 2114, time: 0.034) G_GAN: 0.121 G_L1: 0.219 G_SSIM: 0.105 H_L1: 0.088 H_SSIM: 0.239 D_real: 0.024 D_fake: 0.533 att_A: 0.364 L_hall: 0.042 L_inter: 0.000 L_intra: 0.000 L_fsp: 0.264 fsp_3_4: 0.080 fsp_4_5: 0.100 fsp_5_6: 0.063 fsp_6_7: 0.021 
(epoch: 19, iters: 2214, time: 0.062) G_GAN: 0.636 G_L1: 0.251 G_SSIM: 0.166 H_L1: 0.128 H_SSIM: 0.289 D_real: 0.025 D_fake: 0.059 att_A: 0.536 L_hall: 0.039 L_inter: 0.000 L_intra: 0.000 L_fsp: 0.242 fsp_3_4: 0.069 fsp_4_5: 0.072 fsp_5_6: 0.085 fsp_6_7: 0.015 
(epoch: 19, iters: 2314, time: 0.034) G_GAN: 0.951 G_L1: 0.179 G_SSIM: 0.106 H_L1: 0.131 H_SSIM: 0.310 D_real: 0.018 D_fake: 0.005 att_A: 0.456 L_hall: 0.045 L_inter: 0.000 L_intra: 0.000 L_fsp: 0.320 fsp_3_4: 0.113 fsp_4_5: 0.117 fsp_5_6: 0.072 fsp_6_7: 0.018 
(epoch: 19, iters: 2414, time: 0.034) G_GAN: 0.956 G_L1: 0.297 G_SSIM: 0.292 H_L1: 0.141 H_SSIM: 0.444 D_real: 0.009 D_fake: 0.008 att_A: 0.801 L_hall: 0.052 L_inter: 0.000 L_intra: 0.000 L_fsp: 0.480 fsp_3_4: 0.098 fsp_4_5: 0.131 fsp_5_6: 0.151 fsp_6_7: 0.099 
(epoch: 19, iters: 2514, time: 0.034) G_GAN: 1.034 G_L1: 0.307 G_SSIM: 0.220 H_L1: 0.112 H_SSIM: 0.384 D_real: 0.016 D_fake: 0.006 att_A: 0.700 L_hall: 0.046 L_inter: 0.000 L_intra: 0.000 L_fsp: 0.280 fsp_3_4: 0.084 fsp_4_5: 0.104 fsp_5_6: 0.076 fsp_6_7: 0.015 
(epoch: 19, iters: 2614, time: 0.034) G_GAN: 0.568 G_L1: 0.218 G_SSIM: 0.148 H_L1: 0.130 H_SSIM: 0.290 D_real: 0.020 D_fake: 0.074 att_A: 0.619 L_hall: 0.036 L_inter: 0.000 L_intra: 0.000 L_fsp: 0.186 fsp_3_4: 0.053 fsp_4_5: 0.064 fsp_5_6: 0.056 fsp_6_7: 0.013 
(epoch: 19, iters: 2714, time: 0.057) G_GAN: 0.819 G_L1: 0.336 G_SSIM: 0.211 H_L1: 0.129 H_SSIM: 0.391 D_real: 0.021 D_fake: 0.020 att_A: 0.638 L_hall: 0.047 L_inter: 0.000 L_intra: 0.000 L_fsp: 0.281 fsp_3_4: 0.092 fsp_4_5: 0.108 fsp_5_6: 0.074 fsp_6_7: 0.008 
(epoch: 19, iters: 2814, time: 0.033) G_GAN: 1.212 G_L1: 0.338 G_SSIM: 0.219 H_L1: 0.124 H_SSIM: 0.380 D_real: 0.019 D_fake: 0.018 att_A: 0.861 L_hall: 0.051 L_inter: 0.000 L_intra: 0.000 L_fsp: 0.472 fsp_3_4: 0.103 fsp_4_5: 0.162 fsp_5_6: 0.165 fsp_6_7: 0.043 
(epoch: 19, iters: 2914, time: 0.034) G_GAN: 1.016 G_L1: 0.152 G_SSIM: 0.083 H_L1: 0.090 H_SSIM: 0.234 D_real: 0.037 D_fake: 0.030 att_A: 0.895 L_hall: 0.060 L_inter: 0.000 L_intra: 0.000 L_fsp: 0.463 fsp_3_4: 0.101 fsp_4_5: 0.129 fsp_5_6: 0.156 fsp_6_7: 0.077 
(epoch: 19, iters: 3014, time: 0.034) G_GAN: 1.003 G_L1: 0.303 G_SSIM: 0.216 H_L1: 0.109 H_SSIM: 0.380 D_real: 0.018 D_fake: 0.064 att_A: 0.764 L_hall: 0.055 L_inter: 0.000 L_intra: 0.000 L_fsp: 0.457 fsp_3_4: 0.112 fsp_4_5: 0.148 fsp_5_6: 0.152 fsp_6_7: 0.045 
(epoch: 19, iters: 3114, time: 0.035) G_GAN: 0.681 G_L1: 0.226 G_SSIM: 0.163 H_L1: 0.124 H_SSIM: 0.314 D_real: 0.129 D_fake: 0.075 att_A: 0.510 L_hall: 0.040 L_inter: 0.000 L_intra: 0.000 L_fsp: 0.309 fsp_3_4: 0.107 fsp_4_5: 0.106 fsp_5_6: 0.082 fsp_6_7: 0.013 
(epoch: 19, iters: 3214, time: 0.067) G_GAN: 1.067 G_L1: 0.459 G_SSIM: 0.366 H_L1: 0.206 H_SSIM: 0.445 D_real: 0.016 D_fake: 0.004 att_A: 0.855 L_hall: 0.055 L_inter: 0.000 L_intra: 0.000 L_fsp: 0.376 fsp_3_4: 0.110 fsp_4_5: 0.111 fsp_5_6: 0.132 fsp_6_7: 0.023 
(epoch: 19, iters: 3314, time: 0.034) G_GAN: 0.510 G_L1: 0.050 G_SSIM: 0.003 H_L1: 0.073 H_SSIM: 0.068 D_real: 0.048 D_fake: 0.091 att_A: 0.805 L_hall: 0.046 L_inter: 0.000 L_intra: 0.000 L_fsp: 0.573 fsp_3_4: 0.141 fsp_4_5: 0.201 fsp_5_6: 0.154 fsp_6_7: 0.077 
(epoch: 19, iters: 3414, time: 0.033) G_GAN: 0.455 G_L1: 0.166 G_SSIM: 0.070 H_L1: 0.123 H_SSIM: 0.244 D_real: 0.064 D_fake: 0.126 att_A: 0.311 L_hall: 0.044 L_inter: 0.000 L_intra: 0.000 L_fsp: 0.233 fsp_3_4: 0.069 fsp_4_5: 0.088 fsp_5_6: 0.052 fsp_6_7: 0.024 
(epoch: 19, iters: 3514, time: 0.035) G_GAN: 0.873 G_L1: 0.294 G_SSIM: 0.260 H_L1: 0.110 H_SSIM: 0.382 D_real: 0.029 D_fake: 0.018 att_A: 0.468 L_hall: 0.042 L_inter: 0.000 L_intra: 0.000 L_fsp: 0.241 fsp_3_4: 0.070 fsp_4_5: 0.094 fsp_5_6: 0.053 fsp_6_7: 0.024 
(epoch: 19, iters: 3614, time: 0.034) G_GAN: 0.409 G_L1: 0.245 G_SSIM: 0.165 H_L1: 0.098 H_SSIM: 0.318 D_real: 0.016 D_fake: 0.158 att_A: 0.514 L_hall: 0.039 L_inter: 0.000 L_intra: 0.000 L_fsp: 0.180 fsp_3_4: 0.064 fsp_4_5: 0.062 fsp_5_6: 0.044 fsp_6_7: 0.009 
(epoch: 19, iters: 3714, time: 0.060) G_GAN: 0.555 G_L1: 0.206 G_SSIM: 0.116 H_L1: 0.084 H_SSIM: 0.306 D_real: 0.009 D_fake: 0.076 att_A: 0.768 L_hall: 0.053 L_inter: 0.000 L_intra: 0.000 L_fsp: 0.406 fsp_3_4: 0.149 fsp_4_5: 0.148 fsp_5_6: 0.094 fsp_6_7: 0.015 
(epoch: 19, iters: 3814, time: 0.034) G_GAN: 0.896 G_L1: 0.283 G_SSIM: 0.215 H_L1: 0.131 H_SSIM: 0.424 D_real: 0.028 D_fake: 0.175 att_A: 0.769 L_hall: 0.048 L_inter: 0.000 L_intra: 0.000 L_fsp: 0.372 fsp_3_4: 0.100 fsp_4_5: 0.147 fsp_5_6: 0.092 fsp_6_7: 0.033 
(epoch: 19, iters: 3914, time: 0.034) G_GAN: 0.900 G_L1: 0.292 G_SSIM: 0.241 H_L1: 0.111 H_SSIM: 0.376 D_real: 0.009 D_fake: 0.007 att_A: 0.747 L_hall: 0.046 L_inter: 0.000 L_intra: 0.000 L_fsp: 0.345 fsp_3_4: 0.107 fsp_4_5: 0.114 fsp_5_6: 0.086 fsp_6_7: 0.038 
(epoch: 19, iters: 4014, time: 0.033) G_GAN: 1.061 G_L1: 0.208 G_SSIM: 0.139 H_L1: 0.078 H_SSIM: 0.340 D_real: 0.021 D_fake: 0.006 att_A: 0.703 L_hall: 0.053 L_inter: 0.000 L_intra: 0.000 L_fsp: 0.467 fsp_3_4: 0.149 fsp_4_5: 0.184 fsp_5_6: 0.084 fsp_6_7: 0.051 
(epoch: 19, iters: 4114, time: 0.034) G_GAN: 0.850 G_L1: 0.334 G_SSIM: 0.258 H_L1: 0.120 H_SSIM: 0.426 D_real: 0.021 D_fake: 0.012 att_A: 0.845 L_hall: 0.051 L_inter: 0.000 L_intra: 0.000 L_fsp: 0.455 fsp_3_4: 0.162 fsp_4_5: 0.157 fsp_5_6: 0.118 fsp_6_7: 0.018 
(epoch: 19, iters: 4214, time: 0.067) G_GAN: 0.699 G_L1: 0.259 G_SSIM: 0.086 H_L1: 0.098 H_SSIM: 0.263 D_real: 0.010 D_fake: 0.041 att_A: 0.573 L_hall: 0.040 L_inter: 0.000 L_intra: 0.000 L_fsp: 0.288 fsp_3_4: 0.075 fsp_4_5: 0.076 fsp_5_6: 0.100 fsp_6_7: 0.037 
(epoch: 19, iters: 4314, time: 0.036) G_GAN: 1.018 G_L1: 0.448 G_SSIM: 0.315 H_L1: 0.141 H_SSIM: 0.487 D_real: 0.010 D_fake: 0.280 att_A: 0.779 L_hall: 0.051 L_inter: 0.000 L_intra: 0.000 L_fsp: 0.383 fsp_3_4: 0.104 fsp_4_5: 0.145 fsp_5_6: 0.106 fsp_6_7: 0.028 
(epoch: 19, iters: 4414, time: 0.034) G_GAN: 0.619 G_L1: 0.225 G_SSIM: 0.161 H_L1: 0.137 H_SSIM: 0.310 D_real: 0.082 D_fake: 0.078 att_A: 0.478 L_hall: 0.039 L_inter: 0.000 L_intra: 0.000 L_fsp: 0.258 fsp_3_4: 0.086 fsp_4_5: 0.114 fsp_5_6: 0.050 fsp_6_7: 0.007 
(epoch: 19, iters: 4514, time: 0.035) G_GAN: 0.078 G_L1: 0.272 G_SSIM: 0.140 H_L1: 0.116 H_SSIM: 0.314 D_real: 0.027 D_fake: 0.558 att_A: 0.363 L_hall: 0.042 L_inter: 0.000 L_intra: 0.000 L_fsp: 0.194 fsp_3_4: 0.062 fsp_4_5: 0.073 fsp_5_6: 0.047 fsp_6_7: 0.012 
(epoch: 19, iters: 4614, time: 0.034) G_GAN: 0.855 G_L1: 0.288 G_SSIM: 0.217 H_L1: 0.099 H_SSIM: 0.408 D_real: 0.028 D_fake: 0.004 att_A: 0.720 L_hall: 0.051 L_inter: 0.000 L_intra: 0.000 L_fsp: 0.406 fsp_3_4: 0.103 fsp_4_5: 0.170 fsp_5_6: 0.117 fsp_6_7: 0.017 
(epoch: 19, iters: 4714, time: 0.055) G_GAN: 1.153 G_L1: 0.285 G_SSIM: 0.219 H_L1: 0.087 H_SSIM: 0.360 D_real: 0.013 D_fake: 0.004 att_A: 0.518 L_hall: 0.044 L_inter: 0.000 L_intra: 0.000 L_fsp: 0.302 fsp_3_4: 0.102 fsp_4_5: 0.116 fsp_5_6: 0.076 fsp_6_7: 0.009 
(epoch: 19, iters: 4814, time: 0.033) G_GAN: 1.069 G_L1: 0.266 G_SSIM: 0.194 H_L1: 0.088 H_SSIM: 0.323 D_real: 0.066 D_fake: 0.020 att_A: 0.654 L_hall: 0.042 L_inter: 0.000 L_intra: 0.000 L_fsp: 0.324 fsp_3_4: 0.099 fsp_4_5: 0.124 fsp_5_6: 0.087 fsp_6_7: 0.014 
(epoch: 19, iters: 4914, time: 0.034) G_GAN: 0.834 G_L1: 0.269 G_SSIM: 0.238 H_L1: 0.109 H_SSIM: 0.361 D_real: 0.007 D_fake: 0.018 att_A: 0.563 L_hall: 0.045 L_inter: 0.000 L_intra: 0.000 L_fsp: 0.258 fsp_3_4: 0.089 fsp_4_5: 0.093 fsp_5_6: 0.050 fsp_6_7: 0.025 
(epoch: 19, iters: 5014, time: 0.033) G_GAN: 0.431 G_L1: 0.216 G_SSIM: 0.140 H_L1: 0.114 H_SSIM: 0.300 D_real: 0.019 D_fake: 0.136 att_A: 0.625 L_hall: 0.045 L_inter: 0.000 L_intra: 0.000 L_fsp: 0.349 fsp_3_4: 0.138 fsp_4_5: 0.129 fsp_5_6: 0.060 fsp_6_7: 0.021 
(epoch: 19, iters: 5114, time: 0.034) G_GAN: 1.477 G_L1: 0.297 G_SSIM: 0.243 H_L1: 0.119 H_SSIM: 0.399 D_real: 0.128 D_fake: 0.058 att_A: 0.630 L_hall: 0.041 L_inter: 0.000 L_intra: 0.000 L_fsp: 0.372 fsp_3_4: 0.124 fsp_4_5: 0.143 fsp_5_6: 0.091 fsp_6_7: 0.015 
(epoch: 19, iters: 5214, time: 0.062) G_GAN: 0.935 G_L1: 0.216 G_SSIM: 0.186 H_L1: 0.083 H_SSIM: 0.336 D_real: 0.012 D_fake: 0.004 att_A: 0.647 L_hall: 0.046 L_inter: 0.000 L_intra: 0.000 L_fsp: 0.305 fsp_3_4: 0.090 fsp_4_5: 0.125 fsp_5_6: 0.079 fsp_6_7: 0.011 
(epoch: 19, iters: 5314, time: 0.033) G_GAN: 1.189 G_L1: 0.314 G_SSIM: 0.242 H_L1: 0.100 H_SSIM: 0.372 D_real: 0.032 D_fake: 0.018 att_A: 0.594 L_hall: 0.046 L_inter: 0.000 L_intra: 0.000 L_fsp: 0.296 fsp_3_4: 0.105 fsp_4_5: 0.111 fsp_5_6: 0.059 fsp_6_7: 0.021 
(epoch: 19, iters: 5414, time: 0.033) G_GAN: 1.488 G_L1: 0.288 G_SSIM: 0.199 H_L1: 0.108 H_SSIM: 0.356 D_real: 0.028 D_fake: 0.063 att_A: 0.472 L_hall: 0.047 L_inter: 0.000 L_intra: 0.000 L_fsp: 0.342 fsp_3_4: 0.102 fsp_4_5: 0.109 fsp_5_6: 0.091 fsp_6_7: 0.039 
(epoch: 19, iters: 5514, time: 0.035) G_GAN: 1.012 G_L1: 0.261 G_SSIM: 0.242 H_L1: 0.130 H_SSIM: 0.392 D_real: 0.018 D_fake: 0.009 att_A: 0.621 L_hall: 0.046 L_inter: 0.000 L_intra: 0.000 L_fsp: 0.262 fsp_3_4: 0.068 fsp_4_5: 0.093 fsp_5_6: 0.082 fsp_6_7: 0.019 
(epoch: 19, iters: 5614, time: 0.034) G_GAN: 0.939 G_L1: 0.235 G_SSIM: 0.193 H_L1: 0.089 H_SSIM: 0.339 D_real: 0.008 D_fake: 0.006 att_A: 0.663 L_hall: 0.046 L_inter: 0.000 L_intra: 0.000 L_fsp: 0.299 fsp_3_4: 0.096 fsp_4_5: 0.102 fsp_5_6: 0.086 fsp_6_7: 0.015 
(epoch: 19, iters: 5714, time: 0.058) G_GAN: 1.140 G_L1: 0.292 G_SSIM: 0.291 H_L1: 0.100 H_SSIM: 0.497 D_real: 0.010 D_fake: 0.008 att_A: 0.745 L_hall: 0.049 L_inter: 0.000 L_intra: 0.000 L_fsp: 0.388 fsp_3_4: 0.108 fsp_4_5: 0.138 fsp_5_6: 0.090 fsp_6_7: 0.051 
saving the latest model (epoch 19, total_steps 170000)
(epoch: 19, iters: 5814, time: 0.033) G_GAN: 0.882 G_L1: 0.300 G_SSIM: 0.310 H_L1: 0.112 H_SSIM: 0.496 D_real: 0.018 D_fake: 0.012 att_A: 0.671 L_hall: 0.051 L_inter: 0.000 L_intra: 0.000 L_fsp: 0.460 fsp_3_4: 0.134 fsp_4_5: 0.137 fsp_5_6: 0.141 fsp_6_7: 0.049 
(epoch: 19, iters: 5914, time: 0.034) G_GAN: 0.579 G_L1: 0.347 G_SSIM: 0.202 H_L1: 0.136 H_SSIM: 0.339 D_real: 0.008 D_fake: 0.003 att_A: 0.558 L_hall: 0.043 L_inter: 0.000 L_intra: 0.000 L_fsp: 0.368 fsp_3_4: 0.089 fsp_4_5: 0.116 fsp_5_6: 0.087 fsp_6_7: 0.076 
(epoch: 19, iters: 6014, time: 0.034) G_GAN: 0.957 G_L1: 0.287 G_SSIM: 0.218 H_L1: 0.094 H_SSIM: 0.382 D_real: 0.012 D_fake: 0.005 att_A: 0.721 L_hall: 0.046 L_inter: 0.000 L_intra: 0.000 L_fsp: 0.455 fsp_3_4: 0.147 fsp_4_5: 0.183 fsp_5_6: 0.097 fsp_6_7: 0.028 
(epoch: 19, iters: 6114, time: 0.034) G_GAN: 0.935 G_L1: 0.312 G_SSIM: 0.279 H_L1: 0.098 H_SSIM: 0.422 D_real: 0.010 D_fake: 0.008 att_A: 0.659 L_hall: 0.043 L_inter: 0.000 L_intra: 0.000 L_fsp: 0.265 fsp_3_4: 0.072 fsp_4_5: 0.099 fsp_5_6: 0.075 fsp_6_7: 0.019 
(epoch: 19, iters: 6214, time: 0.051) G_GAN: 1.025 G_L1: 0.314 G_SSIM: 0.267 H_L1: 0.088 H_SSIM: 0.407 D_real: 0.021 D_fake: 0.005 att_A: 0.822 L_hall: 0.051 L_inter: 0.000 L_intra: 0.000 L_fsp: 0.340 fsp_3_4: 0.092 fsp_4_5: 0.124 fsp_5_6: 0.097 fsp_6_7: 0.028 
(epoch: 19, iters: 6314, time: 0.034) G_GAN: 0.940 G_L1: 0.306 G_SSIM: 0.302 H_L1: 0.124 H_SSIM: 0.511 D_real: 0.008 D_fake: 0.005 att_A: 0.719 L_hall: 0.048 L_inter: 0.000 L_intra: 0.000 L_fsp: 0.347 fsp_3_4: 0.093 fsp_4_5: 0.142 fsp_5_6: 0.090 fsp_6_7: 0.021 
(epoch: 19, iters: 6414, time: 0.035) G_GAN: 0.774 G_L1: 0.235 G_SSIM: 0.190 H_L1: 0.136 H_SSIM: 0.317 D_real: 0.009 D_fake: 0.027 att_A: 0.455 L_hall: 0.043 L_inter: 0.000 L_intra: 0.000 L_fsp: 0.230 fsp_3_4: 0.061 fsp_4_5: 0.107 fsp_5_6: 0.047 fsp_6_7: 0.016 
(epoch: 19, iters: 6514, time: 0.033) G_GAN: 1.042 G_L1: 0.485 G_SSIM: 0.352 H_L1: 0.182 H_SSIM: 0.444 D_real: 0.008 D_fake: 0.055 att_A: 0.589 L_hall: 0.054 L_inter: 0.000 L_intra: 0.000 L_fsp: 0.515 fsp_3_4: 0.161 fsp_4_5: 0.182 fsp_5_6: 0.122 fsp_6_7: 0.050 
(epoch: 19, iters: 6614, time: 0.034) G_GAN: 1.050 G_L1: 0.344 G_SSIM: 0.273 H_L1: 0.172 H_SSIM: 0.510 D_real: 0.016 D_fake: 0.016 att_A: 0.653 L_hall: 0.056 L_inter: 0.000 L_intra: 0.000 L_fsp: 0.458 fsp_3_4: 0.122 fsp_4_5: 0.170 fsp_5_6: 0.127 fsp_6_7: 0.038 
(epoch: 19, iters: 6714, time: 0.070) G_GAN: 0.959 G_L1: 0.302 G_SSIM: 0.235 H_L1: 0.104 H_SSIM: 0.356 D_real: 0.007 D_fake: 0.115 att_A: 0.759 L_hall: 0.053 L_inter: 0.000 L_intra: 0.000 L_fsp: 0.413 fsp_3_4: 0.150 fsp_4_5: 0.139 fsp_5_6: 0.101 fsp_6_7: 0.023 
(epoch: 19, iters: 6814, time: 0.034) G_GAN: 1.219 G_L1: 0.424 G_SSIM: 0.321 H_L1: 0.115 H_SSIM: 0.457 D_real: 0.025 D_fake: 0.019 att_A: 0.902 L_hall: 0.051 L_inter: 0.000 L_intra: 0.000 L_fsp: 0.462 fsp_3_4: 0.159 fsp_4_5: 0.155 fsp_5_6: 0.134 fsp_6_7: 0.014 
(epoch: 19, iters: 6914, time: 0.033) G_GAN: 0.988 G_L1: 0.206 G_SSIM: 0.156 H_L1: 0.084 H_SSIM: 0.350 D_real: 0.007 D_fake: 0.004 att_A: 0.611 L_hall: 0.047 L_inter: 0.000 L_intra: 0.000 L_fsp: 0.317 fsp_3_4: 0.103 fsp_4_5: 0.114 fsp_5_6: 0.074 fsp_6_7: 0.027 
(epoch: 19, iters: 7014, time: 0.033) G_GAN: 1.078 G_L1: 0.224 G_SSIM: 0.100 H_L1: 0.096 H_SSIM: 0.306 D_real: 0.019 D_fake: 0.008 att_A: 0.889 L_hall: 0.053 L_inter: 0.000 L_intra: 0.000 L_fsp: 0.523 fsp_3_4: 0.203 fsp_4_5: 0.158 fsp_5_6: 0.124 fsp_6_7: 0.038 
(epoch: 19, iters: 7114, time: 0.033) G_GAN: 1.154 G_L1: 0.208 G_SSIM: 0.123 H_L1: 0.084 H_SSIM: 0.301 D_real: 0.075 D_fake: 0.007 att_A: 0.487 L_hall: 0.042 L_inter: 0.000 L_intra: 0.000 L_fsp: 0.288 fsp_3_4: 0.096 fsp_4_5: 0.114 fsp_5_6: 0.065 fsp_6_7: 0.013 
(epoch: 19, iters: 7214, time: 0.051) G_GAN: 1.095 G_L1: 0.433 G_SSIM: 0.428 H_L1: 0.155 H_SSIM: 0.629 D_real: 0.010 D_fake: 0.005 att_A: 0.763 L_hall: 0.051 L_inter: 0.000 L_intra: 0.000 L_fsp: 0.351 fsp_3_4: 0.085 fsp_4_5: 0.122 fsp_5_6: 0.103 fsp_6_7: 0.041 
(epoch: 19, iters: 7314, time: 0.034) G_GAN: 0.865 G_L1: 0.207 G_SSIM: 0.195 H_L1: 0.129 H_SSIM: 0.355 D_real: 0.025 D_fake: 0.013 att_A: 0.504 L_hall: 0.047 L_inter: 0.000 L_intra: 0.000 L_fsp: 0.243 fsp_3_4: 0.068 fsp_4_5: 0.103 fsp_5_6: 0.053 fsp_6_7: 0.019 
(epoch: 19, iters: 7414, time: 0.033) G_GAN: 0.881 G_L1: 0.196 G_SSIM: 0.119 H_L1: 0.103 H_SSIM: 0.309 D_real: 0.027 D_fake: 0.017 att_A: 0.781 L_hall: 0.052 L_inter: 0.000 L_intra: 0.000 L_fsp: 0.337 fsp_3_4: 0.094 fsp_4_5: 0.129 fsp_5_6: 0.101 fsp_6_7: 0.013 
(epoch: 19, iters: 7514, time: 0.033) G_GAN: 0.976 G_L1: 0.247 G_SSIM: 0.139 H_L1: 0.096 H_SSIM: 0.359 D_real: 0.029 D_fake: 0.006 att_A: 0.823 L_hall: 0.050 L_inter: 0.000 L_intra: 0.000 L_fsp: 0.456 fsp_3_4: 0.134 fsp_4_5: 0.164 fsp_5_6: 0.137 fsp_6_7: 0.021 
(epoch: 19, iters: 7614, time: 0.033) G_GAN: 1.290 G_L1: 0.368 G_SSIM: 0.305 H_L1: 0.122 H_SSIM: 0.466 D_real: 0.106 D_fake: 0.041 att_A: 0.684 L_hall: 0.045 L_inter: 0.000 L_intra: 0.000 L_fsp: 0.290 fsp_3_4: 0.105 fsp_4_5: 0.108 fsp_5_6: 0.061 fsp_6_7: 0.016 
(epoch: 19, iters: 7714, time: 0.056) G_GAN: 0.626 G_L1: 0.124 G_SSIM: 0.055 H_L1: 0.099 H_SSIM: 0.252 D_real: 0.459 D_fake: 0.064 att_A: 0.562 L_hall: 0.057 L_inter: 0.000 L_intra: 0.000 L_fsp: 0.568 fsp_3_4: 0.239 fsp_4_5: 0.194 fsp_5_6: 0.117 fsp_6_7: 0.018 
(epoch: 19, iters: 7814, time: 0.034) G_GAN: 1.105 G_L1: 0.307 G_SSIM: 0.244 H_L1: 0.133 H_SSIM: 0.401 D_real: 0.015 D_fake: 0.022 att_A: 0.829 L_hall: 0.051 L_inter: 0.000 L_intra: 0.000 L_fsp: 0.372 fsp_3_4: 0.116 fsp_4_5: 0.161 fsp_5_6: 0.083 fsp_6_7: 0.012 
(epoch: 19, iters: 7914, time: 0.034) G_GAN: 0.519 G_L1: 0.060 G_SSIM: 0.028 H_L1: 0.065 H_SSIM: 0.093 D_real: 0.278 D_fake: 0.232 att_A: 0.713 L_hall: 0.028 L_inter: 0.000 L_intra: 0.000 L_fsp: 0.182 fsp_3_4: 0.040 fsp_4_5: 0.069 fsp_5_6: 0.050 fsp_6_7: 0.023 
(epoch: 19, iters: 8014, time: 0.035) G_GAN: 1.013 G_L1: 0.246 G_SSIM: 0.134 H_L1: 0.158 H_SSIM: 0.349 D_real: 0.037 D_fake: 0.006 att_A: 0.773 L_hall: 0.050 L_inter: 0.000 L_intra: 0.000 L_fsp: 0.482 fsp_3_4: 0.142 fsp_4_5: 0.158 fsp_5_6: 0.108 fsp_6_7: 0.074 
(epoch: 19, iters: 8114, time: 0.034) G_GAN: 1.417 G_L1: 0.215 G_SSIM: 0.185 H_L1: 0.119 H_SSIM: 0.328 D_real: 0.148 D_fake: 0.014 att_A: 0.541 L_hall: 0.039 L_inter: 0.000 L_intra: 0.000 L_fsp: 0.251 fsp_3_4: 0.063 fsp_4_5: 0.098 fsp_5_6: 0.061 fsp_6_7: 0.028 
(epoch: 19, iters: 8214, time: 0.065) G_GAN: 1.172 G_L1: 0.333 G_SSIM: 0.208 H_L1: 0.118 H_SSIM: 0.297 D_real: 0.010 D_fake: 0.015 att_A: 0.606 L_hall: 0.050 L_inter: 0.000 L_intra: 0.000 L_fsp: 0.388 fsp_3_4: 0.133 fsp_4_5: 0.148 fsp_5_6: 0.086 fsp_6_7: 0.021 
(epoch: 19, iters: 8314, time: 0.034) G_GAN: 1.123 G_L1: 0.380 G_SSIM: 0.320 H_L1: 0.110 H_SSIM: 0.474 D_real: 0.015 D_fake: 0.030 att_A: 0.717 L_hall: 0.044 L_inter: 0.000 L_intra: 0.000 L_fsp: 0.288 fsp_3_4: 0.090 fsp_4_5: 0.115 fsp_5_6: 0.067 fsp_6_7: 0.016 
(epoch: 19, iters: 8414, time: 0.034) G_GAN: 1.024 G_L1: 0.337 G_SSIM: 0.391 H_L1: 0.126 H_SSIM: 0.542 D_real: 0.008 D_fake: 0.004 att_A: 0.855 L_hall: 0.052 L_inter: 0.000 L_intra: 0.000 L_fsp: 0.347 fsp_3_4: 0.098 fsp_4_5: 0.121 fsp_5_6: 0.098 fsp_6_7: 0.029 
(epoch: 19, iters: 8514, time: 0.035) G_GAN: 0.578 G_L1: 0.112 G_SSIM: 0.016 H_L1: 0.075 H_SSIM: 0.044 D_real: 0.056 D_fake: 0.024 att_A: 0.473 L_hall: 0.049 L_inter: 0.000 L_intra: 0.000 L_fsp: 0.475 fsp_3_4: 0.075 fsp_4_5: 0.122 fsp_5_6: 0.170 fsp_6_7: 0.108 
(epoch: 19, iters: 8614, time: 0.035) G_GAN: 1.164 G_L1: 0.369 G_SSIM: 0.214 H_L1: 0.116 H_SSIM: 0.332 D_real: 0.075 D_fake: 0.015 att_A: 0.960 L_hall: 0.058 L_inter: 0.000 L_intra: 0.000 L_fsp: 0.433 fsp_3_4: 0.117 fsp_4_5: 0.144 fsp_5_6: 0.138 fsp_6_7: 0.033 
(epoch: 19, iters: 8714, time: 0.059) G_GAN: 0.914 G_L1: 0.331 G_SSIM: 0.227 H_L1: 0.110 H_SSIM: 0.392 D_real: 0.041 D_fake: 0.008 att_A: 0.945 L_hall: 0.055 L_inter: 0.000 L_intra: 0.000 L_fsp: 0.325 fsp_3_4: 0.099 fsp_4_5: 0.098 fsp_5_6: 0.105 fsp_6_7: 0.023 
(epoch: 19, iters: 8814, time: 0.035) G_GAN: 0.727 G_L1: 0.179 G_SSIM: 0.096 H_L1: 0.085 H_SSIM: 0.266 D_real: 0.021 D_fake: 0.037 att_A: 0.639 L_hall: 0.045 L_inter: 0.000 L_intra: 0.000 L_fsp: 0.342 fsp_3_4: 0.093 fsp_4_5: 0.136 fsp_5_6: 0.076 fsp_6_7: 0.037 
(epoch: 19, iters: 8914, time: 0.034) G_GAN: 0.503 G_L1: 0.136 G_SSIM: 0.051 H_L1: 0.128 H_SSIM: 0.197 D_real: 0.082 D_fake: 0.103 att_A: 0.675 L_hall: 0.038 L_inter: 0.000 L_intra: 0.000 L_fsp: 0.346 fsp_3_4: 0.113 fsp_4_5: 0.127 fsp_5_6: 0.083 fsp_6_7: 0.023 
(epoch: 19, iters: 9014, time: 0.034) G_GAN: 0.798 G_L1: 0.175 G_SSIM: 0.112 H_L1: 0.115 H_SSIM: 0.325 D_real: 0.018 D_fake: 0.019 att_A: 0.767 L_hall: 0.054 L_inter: 0.000 L_intra: 0.000 L_fsp: 0.433 fsp_3_4: 0.120 fsp_4_5: 0.155 fsp_5_6: 0.128 fsp_6_7: 0.030 
(epoch: 19, iters: 9114, time: 0.034) G_GAN: 0.826 G_L1: 0.277 G_SSIM: 0.212 H_L1: 0.109 H_SSIM: 0.357 D_real: 0.012 D_fake: 0.016 att_A: 0.523 L_hall: 0.048 L_inter: 0.000 L_intra: 0.000 L_fsp: 0.402 fsp_3_4: 0.106 fsp_4_5: 0.151 fsp_5_6: 0.114 fsp_6_7: 0.031 
epoch 19  fsp_3_4:0.103450  fsp_3_4_degen:0.000000  fsp_4_5:0.125250  fsp_4_5_degen:0.000000  fsp_5_6:0.093299  fsp_5_6_degen:0.000000  fsp_6_7:0.030265  fsp_6_7_degen:0.000000
End of epoch 19 / 30 	 Time Taken: 459 sec
learning rate = 0.0001375
(epoch: 20, iters: 87, time: 0.063) G_GAN: 0.878 G_L1: 0.255 G_SSIM: 0.177 H_L1: 0.101 H_SSIM: 0.370 D_real: 0.077 D_fake: 0.012 att_A: 0.717 L_hall: 0.046 L_inter: 0.000 L_intra: 0.000 L_fsp: 0.321 fsp_3_4: 0.117 fsp_4_5: 0.125 fsp_5_6: 0.059 fsp_6_7: 0.020 
(epoch: 20, iters: 187, time: 0.034) G_GAN: 1.335 G_L1: 0.285 G_SSIM: 0.290 H_L1: 0.104 H_SSIM: 0.443 D_real: 0.022 D_fake: 0.033 att_A: 0.702 L_hall: 0.051 L_inter: 0.000 L_intra: 0.000 L_fsp: 0.367 fsp_3_4: 0.097 fsp_4_5: 0.138 fsp_5_6: 0.108 fsp_6_7: 0.024 
(epoch: 20, iters: 287, time: 0.035) G_GAN: 0.978 G_L1: 0.372 G_SSIM: 0.325 H_L1: 0.171 H_SSIM: 0.496 D_real: 0.015 D_fake: 0.006 att_A: 0.769 L_hall: 0.053 L_inter: 0.000 L_intra: 0.000 L_fsp: 0.333 fsp_3_4: 0.074 fsp_4_5: 0.100 fsp_5_6: 0.107 fsp_6_7: 0.052 
(epoch: 20, iters: 387, time: 0.034) G_GAN: 0.932 G_L1: 0.314 G_SSIM: 0.290 H_L1: 0.107 H_SSIM: 0.433 D_real: 0.016 D_fake: 0.010 att_A: 0.671 L_hall: 0.044 L_inter: 0.000 L_intra: 0.000 L_fsp: 0.253 fsp_3_4: 0.067 fsp_4_5: 0.092 fsp_5_6: 0.069 fsp_6_7: 0.024 
(epoch: 20, iters: 487, time: 0.033) G_GAN: 0.603 G_L1: 0.385 G_SSIM: 0.237 H_L1: 0.090 H_SSIM: 0.351 D_real: 0.038 D_fake: 0.545 att_A: 0.606 L_hall: 0.047 L_inter: 0.000 L_intra: 0.000 L_fsp: 0.366 fsp_3_4: 0.152 fsp_4_5: 0.127 fsp_5_6: 0.074 fsp_6_7: 0.013 
(epoch: 20, iters: 587, time: 0.058) G_GAN: 0.775 G_L1: 0.090 G_SSIM: 0.038 H_L1: 0.069 H_SSIM: 0.079 D_real: 0.090 D_fake: 0.026 att_A: 0.517 L_hall: 0.050 L_inter: 0.000 L_intra: 0.000 L_fsp: 0.419 fsp_3_4: 0.125 fsp_4_5: 0.173 fsp_5_6: 0.095 fsp_6_7: 0.027 
(epoch: 20, iters: 687, time: 0.039) G_GAN: 0.677 G_L1: 0.189 G_SSIM: 0.108 H_L1: 0.105 H_SSIM: 0.279 D_real: 0.016 D_fake: 0.017 att_A: 0.413 L_hall: 0.044 L_inter: 0.000 L_intra: 0.000 L_fsp: 0.287 fsp_3_4: 0.109 fsp_4_5: 0.099 fsp_5_6: 0.063 fsp_6_7: 0.016 
(epoch: 20, iters: 787, time: 0.034) G_GAN: 1.391 G_L1: 0.355 G_SSIM: 0.323 H_L1: 0.140 H_SSIM: 0.507 D_real: 0.077 D_fake: 0.042 att_A: 0.628 L_hall: 0.048 L_inter: 0.000 L_intra: 0.000 L_fsp: 0.286 fsp_3_4: 0.083 fsp_4_5: 0.097 fsp_5_6: 0.089 fsp_6_7: 0.018 
(epoch: 20, iters: 887, time: 0.034) G_GAN: 1.062 G_L1: 0.355 G_SSIM: 0.235 H_L1: 0.135 H_SSIM: 0.424 D_real: 0.013 D_fake: 0.009 att_A: 0.600 L_hall: 0.046 L_inter: 0.000 L_intra: 0.000 L_fsp: 0.309 fsp_3_4: 0.108 fsp_4_5: 0.119 fsp_5_6: 0.067 fsp_6_7: 0.016 
(epoch: 20, iters: 987, time: 0.034) G_GAN: 0.861 G_L1: 0.201 G_SSIM: 0.149 H_L1: 0.101 H_SSIM: 0.312 D_real: 0.026 D_fake: 0.018 att_A: 0.590 L_hall: 0.046 L_inter: 0.000 L_intra: 0.000 L_fsp: 0.235 fsp_3_4: 0.093 fsp_4_5: 0.077 fsp_5_6: 0.053 fsp_6_7: 0.012 
(epoch: 20, iters: 1087, time: 0.053) G_GAN: 0.964 G_L1: 0.216 G_SSIM: 0.117 H_L1: 0.099 H_SSIM: 0.313 D_real: 0.023 D_fake: 0.028 att_A: 0.543 L_hall: 0.045 L_inter: 0.000 L_intra: 0.000 L_fsp: 0.262 fsp_3_4: 0.074 fsp_4_5: 0.106 fsp_5_6: 0.070 fsp_6_7: 0.012 
(epoch: 20, iters: 1187, time: 0.034) G_GAN: 0.959 G_L1: 0.074 G_SSIM: 0.026 H_L1: 0.072 H_SSIM: 0.096 D_real: 0.010 D_fake: 0.013 att_A: 0.820 L_hall: 0.047 L_inter: 0.000 L_intra: 0.000 L_fsp: 0.294 fsp_3_4: 0.075 fsp_4_5: 0.097 fsp_5_6: 0.100 fsp_6_7: 0.023 
(epoch: 20, iters: 1287, time: 0.034) G_GAN: 0.973 G_L1: 0.244 G_SSIM: 0.224 H_L1: 0.077 H_SSIM: 0.391 D_real: 0.012 D_fake: 0.011 att_A: 0.903 L_hall: 0.054 L_inter: 0.000 L_intra: 0.000 L_fsp: 0.469 fsp_3_4: 0.136 fsp_4_5: 0.178 fsp_5_6: 0.097 fsp_6_7: 0.058 
(epoch: 20, iters: 1387, time: 0.034) G_GAN: 0.963 G_L1: 0.216 G_SSIM: 0.146 H_L1: 0.117 H_SSIM: 0.380 D_real: 0.039 D_fake: 0.010 att_A: 0.610 L_hall: 0.049 L_inter: 0.000 L_intra: 0.000 L_fsp: 0.355 fsp_3_4: 0.090 fsp_4_5: 0.126 fsp_5_6: 0.116 fsp_6_7: 0.022 
(epoch: 20, iters: 1487, time: 0.033) G_GAN: 1.039 G_L1: 0.362 G_SSIM: 0.230 H_L1: 0.103 H_SSIM: 0.364 D_real: 0.010 D_fake: 0.009 att_A: 0.733 L_hall: 0.045 L_inter: 0.000 L_intra: 0.000 L_fsp: 0.331 fsp_3_4: 0.092 fsp_4_5: 0.123 fsp_5_6: 0.095 fsp_6_7: 0.022 
(epoch: 20, iters: 1587, time: 0.058) G_GAN: 0.864 G_L1: 0.288 G_SSIM: 0.120 H_L1: 0.092 H_SSIM: 0.308 D_real: 0.014 D_fake: 0.008 att_A: 0.694 L_hall: 0.047 L_inter: 0.000 L_intra: 0.000 L_fsp: 0.361 fsp_3_4: 0.098 fsp_4_5: 0.136 fsp_5_6: 0.094 fsp_6_7: 0.033 
saving the latest model (epoch 20, total_steps 175000)
(epoch: 20, iters: 1687, time: 0.034) G_GAN: 0.957 G_L1: 0.389 G_SSIM: 0.342 H_L1: 0.118 H_SSIM: 0.541 D_real: 0.019 D_fake: 0.079 att_A: 0.735 L_hall: 0.048 L_inter: 0.000 L_intra: 0.000 L_fsp: 0.287 fsp_3_4: 0.078 fsp_4_5: 0.111 fsp_5_6: 0.077 fsp_6_7: 0.021 
(epoch: 20, iters: 1787, time: 0.034) G_GAN: 0.923 G_L1: 0.354 G_SSIM: 0.270 H_L1: 0.108 H_SSIM: 0.445 D_real: 0.009 D_fake: 0.005 att_A: 0.904 L_hall: 0.050 L_inter: 0.000 L_intra: 0.000 L_fsp: 0.380 fsp_3_4: 0.100 fsp_4_5: 0.097 fsp_5_6: 0.150 fsp_6_7: 0.033 
(epoch: 20, iters: 1887, time: 0.034) G_GAN: 1.022 G_L1: 0.357 G_SSIM: 0.256 H_L1: 0.107 H_SSIM: 0.398 D_real: 0.012 D_fake: 0.005 att_A: 0.813 L_hall: 0.051 L_inter: 0.000 L_intra: 0.000 L_fsp: 0.370 fsp_3_4: 0.115 fsp_4_5: 0.125 fsp_5_6: 0.104 fsp_6_7: 0.026 
(epoch: 20, iters: 1987, time: 0.033) G_GAN: 0.922 G_L1: 0.339 G_SSIM: 0.298 H_L1: 0.123 H_SSIM: 0.561 D_real: 0.008 D_fake: 0.007 att_A: 0.728 L_hall: 0.042 L_inter: 0.000 L_intra: 0.000 L_fsp: 0.243 fsp_3_4: 0.073 fsp_4_5: 0.089 fsp_5_6: 0.060 fsp_6_7: 0.021 
(epoch: 20, iters: 2087, time: 0.051) G_GAN: 1.157 G_L1: 0.196 G_SSIM: 0.041 H_L1: 0.101 H_SSIM: 0.214 D_real: 0.014 D_fake: 0.018 att_A: 0.938 L_hall: 0.059 L_inter: 0.000 L_intra: 0.000 L_fsp: 0.409 fsp_3_4: 0.100 fsp_4_5: 0.123 fsp_5_6: 0.134 fsp_6_7: 0.052 
(epoch: 20, iters: 2187, time: 0.034) G_GAN: 1.073 G_L1: 0.274 G_SSIM: 0.267 H_L1: 0.083 H_SSIM: 0.382 D_real: 0.100 D_fake: 0.022 att_A: 0.751 L_hall: 0.048 L_inter: 0.000 L_intra: 0.000 L_fsp: 0.371 fsp_3_4: 0.117 fsp_4_5: 0.128 fsp_5_6: 0.104 fsp_6_7: 0.022 
(epoch: 20, iters: 2287, time: 0.034) G_GAN: 1.009 G_L1: 0.275 G_SSIM: 0.231 H_L1: 0.097 H_SSIM: 0.375 D_real: 0.007 D_fake: 0.005 att_A: 0.645 L_hall: 0.041 L_inter: 0.000 L_intra: 0.000 L_fsp: 0.293 fsp_3_4: 0.090 fsp_4_5: 0.118 fsp_5_6: 0.067 fsp_6_7: 0.019 
(epoch: 20, iters: 2387, time: 0.034) G_GAN: 1.369 G_L1: 0.100 G_SSIM: 0.021 H_L1: 0.087 H_SSIM: 0.102 D_real: 0.048 D_fake: 0.041 att_A: 0.830 L_hall: 0.048 L_inter: 0.000 L_intra: 0.000 L_fsp: 0.381 fsp_3_4: 0.112 fsp_4_5: 0.112 fsp_5_6: 0.095 fsp_6_7: 0.063 
(epoch: 20, iters: 2487, time: 0.034) G_GAN: 0.883 G_L1: 0.285 G_SSIM: 0.304 H_L1: 0.128 H_SSIM: 0.461 D_real: 0.013 D_fake: 0.069 att_A: 0.618 L_hall: 0.049 L_inter: 0.000 L_intra: 0.000 L_fsp: 0.313 fsp_3_4: 0.086 fsp_4_5: 0.139 fsp_5_6: 0.064 fsp_6_7: 0.024 
(epoch: 20, iters: 2587, time: 0.077) G_GAN: 1.037 G_L1: 0.172 G_SSIM: 0.114 H_L1: 0.082 H_SSIM: 0.264 D_real: 0.020 D_fake: 0.028 att_A: 0.544 L_hall: 0.038 L_inter: 0.000 L_intra: 0.000 L_fsp: 0.281 fsp_3_4: 0.081 fsp_4_5: 0.106 fsp_5_6: 0.075 fsp_6_7: 0.018 
(epoch: 20, iters: 2687, time: 0.038) G_GAN: 0.869 G_L1: 0.198 G_SSIM: 0.144 H_L1: 0.128 H_SSIM: 0.283 D_real: 0.040 D_fake: 0.017 att_A: 0.432 L_hall: 0.039 L_inter: 0.000 L_intra: 0.000 L_fsp: 0.164 fsp_3_4: 0.050 fsp_4_5: 0.061 fsp_5_6: 0.037 fsp_6_7: 0.015 
(epoch: 20, iters: 2787, time: 0.034) G_GAN: 0.365 G_L1: 0.167 G_SSIM: 0.147 H_L1: 0.101 H_SSIM: 0.347 D_real: 0.010 D_fake: 0.006 att_A: 0.706 L_hall: 0.056 L_inter: 0.000 L_intra: 0.000 L_fsp: 0.373 fsp_3_4: 0.103 fsp_4_5: 0.147 fsp_5_6: 0.102 fsp_6_7: 0.021 
(epoch: 20, iters: 2887, time: 0.033) G_GAN: 0.716 G_L1: 0.151 G_SSIM: 0.068 H_L1: 0.128 H_SSIM: 0.249 D_real: 0.114 D_fake: 0.014 att_A: 0.290 L_hall: 0.040 L_inter: 0.000 L_intra: 0.000 L_fsp: 0.168 fsp_3_4: 0.055 fsp_4_5: 0.063 fsp_5_6: 0.038 fsp_6_7: 0.012 
(epoch: 20, iters: 2987, time: 0.033) G_GAN: 0.760 G_L1: 0.311 G_SSIM: 0.258 H_L1: 0.097 H_SSIM: 0.389 D_real: 0.019 D_fake: 0.014 att_A: 0.648 L_hall: 0.044 L_inter: 0.000 L_intra: 0.000 L_fsp: 0.330 fsp_3_4: 0.088 fsp_4_5: 0.111 fsp_5_6: 0.110 fsp_6_7: 0.021 
(epoch: 20, iters: 3087, time: 0.055) G_GAN: 1.071 G_L1: 0.328 G_SSIM: 0.257 H_L1: 0.101 H_SSIM: 0.399 D_real: 0.010 D_fake: 0.011 att_A: 0.691 L_hall: 0.043 L_inter: 0.000 L_intra: 0.000 L_fsp: 0.262 fsp_3_4: 0.084 fsp_4_5: 0.113 fsp_5_6: 0.055 fsp_6_7: 0.010 
(epoch: 20, iters: 3187, time: 0.033) G_GAN: 1.079 G_L1: 0.307 G_SSIM: 0.300 H_L1: 0.120 H_SSIM: 0.467 D_real: 0.010 D_fake: 0.007 att_A: 0.778 L_hall: 0.051 L_inter: 0.000 L_intra: 0.000 L_fsp: 0.389 fsp_3_4: 0.144 fsp_4_5: 0.112 fsp_5_6: 0.114 fsp_6_7: 0.018 
(epoch: 20, iters: 3287, time: 0.034) G_GAN: 1.084 G_L1: 0.217 G_SSIM: 0.183 H_L1: 0.116 H_SSIM: 0.314 D_real: 0.462 D_fake: 0.007 att_A: 0.515 L_hall: 0.040 L_inter: 0.000 L_intra: 0.000 L_fsp: 0.257 fsp_3_4: 0.082 fsp_4_5: 0.116 fsp_5_6: 0.047 fsp_6_7: 0.011 
(epoch: 20, iters: 3387, time: 0.033) G_GAN: 1.053 G_L1: 0.312 G_SSIM: 0.258 H_L1: 0.103 H_SSIM: 0.390 D_real: 0.010 D_fake: 0.005 att_A: 0.815 L_hall: 0.051 L_inter: 0.000 L_intra: 0.000 L_fsp: 0.401 fsp_3_4: 0.099 fsp_4_5: 0.141 fsp_5_6: 0.137 fsp_6_7: 0.025 
(epoch: 20, iters: 3487, time: 0.034) G_GAN: 0.985 G_L1: 0.226 G_SSIM: 0.192 H_L1: 0.101 H_SSIM: 0.352 D_real: 0.079 D_fake: 0.015 att_A: 0.559 L_hall: 0.048 L_inter: 0.000 L_intra: 0.000 L_fsp: 0.297 fsp_3_4: 0.115 fsp_4_5: 0.111 fsp_5_6: 0.059 fsp_6_7: 0.012 
(epoch: 20, iters: 3587, time: 0.053) G_GAN: 0.913 G_L1: 0.543 G_SSIM: 0.449 H_L1: 0.169 H_SSIM: 0.527 D_real: 0.013 D_fake: 0.007 att_A: 0.825 L_hall: 0.056 L_inter: 0.000 L_intra: 0.000 L_fsp: 0.524 fsp_3_4: 0.097 fsp_4_5: 0.180 fsp_5_6: 0.124 fsp_6_7: 0.122 
(epoch: 20, iters: 3687, time: 0.034) G_GAN: 1.277 G_L1: 0.249 G_SSIM: 0.117 H_L1: 0.100 H_SSIM: 0.326 D_real: 0.046 D_fake: 0.014 att_A: 0.582 L_hall: 0.049 L_inter: 0.000 L_intra: 0.000 L_fsp: 0.336 fsp_3_4: 0.077 fsp_4_5: 0.130 fsp_5_6: 0.096 fsp_6_7: 0.032 
(epoch: 20, iters: 3787, time: 0.034) G_GAN: 1.138 G_L1: 0.257 G_SSIM: 0.184 H_L1: 0.085 H_SSIM: 0.306 D_real: 0.080 D_fake: 0.015 att_A: 0.535 L_hall: 0.048 L_inter: 0.000 L_intra: 0.000 L_fsp: 0.318 fsp_3_4: 0.078 fsp_4_5: 0.118 fsp_5_6: 0.091 fsp_6_7: 0.030 
(epoch: 20, iters: 3887, time: 0.035) G_GAN: 0.925 G_L1: 0.210 G_SSIM: 0.181 H_L1: 0.094 H_SSIM: 0.343 D_real: 0.011 D_fake: 0.173 att_A: 0.605 L_hall: 0.040 L_inter: 0.000 L_intra: 0.000 L_fsp: 0.326 fsp_3_4: 0.107 fsp_4_5: 0.129 fsp_5_6: 0.072 fsp_6_7: 0.018 
(epoch: 20, iters: 3987, time: 0.034) G_GAN: 1.103 G_L1: 0.351 G_SSIM: 0.237 H_L1: 0.129 H_SSIM: 0.357 D_real: 0.062 D_fake: 0.009 att_A: 0.725 L_hall: 0.048 L_inter: 0.000 L_intra: 0.000 L_fsp: 0.558 fsp_3_4: 0.116 fsp_4_5: 0.233 fsp_5_6: 0.164 fsp_6_7: 0.045 
(epoch: 20, iters: 4087, time: 0.056) G_GAN: 0.899 G_L1: 0.247 G_SSIM: 0.191 H_L1: 0.086 H_SSIM: 0.346 D_real: 0.036 D_fake: 0.037 att_A: 0.677 L_hall: 0.052 L_inter: 0.000 L_intra: 0.000 L_fsp: 0.358 fsp_3_4: 0.097 fsp_4_5: 0.156 fsp_5_6: 0.082 fsp_6_7: 0.022 
(epoch: 20, iters: 4187, time: 0.034) G_GAN: 0.996 G_L1: 0.218 G_SSIM: 0.184 H_L1: 0.084 H_SSIM: 0.384 D_real: 0.020 D_fake: 0.004 att_A: 0.742 L_hall: 0.056 L_inter: 0.000 L_intra: 0.000 L_fsp: 0.446 fsp_3_4: 0.113 fsp_4_5: 0.145 fsp_5_6: 0.157 fsp_6_7: 0.031 
(epoch: 20, iters: 4287, time: 0.033) G_GAN: 0.936 G_L1: 0.188 G_SSIM: 0.108 H_L1: 0.109 H_SSIM: 0.357 D_real: 0.024 D_fake: 0.022 att_A: 0.534 L_hall: 0.044 L_inter: 0.000 L_intra: 0.000 L_fsp: 0.250 fsp_3_4: 0.074 fsp_4_5: 0.084 fsp_5_6: 0.078 fsp_6_7: 0.014 
(epoch: 20, iters: 4387, time: 0.033) G_GAN: 0.839 G_L1: 0.079 G_SSIM: 0.009 H_L1: 0.076 H_SSIM: 0.052 D_real: 0.064 D_fake: 0.117 att_A: 0.429 L_hall: 0.048 L_inter: 0.000 L_intra: 0.000 L_fsp: 0.414 fsp_3_4: 0.096 fsp_4_5: 0.135 fsp_5_6: 0.149 fsp_6_7: 0.034 
(epoch: 20, iters: 4487, time: 0.033) G_GAN: 0.731 G_L1: 0.031 G_SSIM: 0.008 H_L1: 0.078 H_SSIM: 0.063 D_real: 0.201 D_fake: 0.054 att_A: 0.729 L_hall: 0.027 L_inter: 0.000 L_intra: 0.000 L_fsp: 0.258 fsp_3_4: 0.071 fsp_4_5: 0.100 fsp_5_6: 0.074 fsp_6_7: 0.013 
(epoch: 20, iters: 4587, time: 0.053) G_GAN: 0.225 G_L1: 0.089 G_SSIM: 0.036 H_L1: 0.081 H_SSIM: 0.099 D_real: 0.015 D_fake: 0.005 att_A: 0.534 L_hall: 0.042 L_inter: 0.000 L_intra: 0.000 L_fsp: 0.494 fsp_3_4: 0.178 fsp_4_5: 0.175 fsp_5_6: 0.122 fsp_6_7: 0.019 
(epoch: 20, iters: 4687, time: 0.033) G_GAN: 1.174 G_L1: 0.210 G_SSIM: 0.142 H_L1: 0.138 H_SSIM: 0.380 D_real: 0.055 D_fake: 0.042 att_A: 0.570 L_hall: 0.046 L_inter: 0.000 L_intra: 0.000 L_fsp: 0.334 fsp_3_4: 0.094 fsp_4_5: 0.142 fsp_5_6: 0.066 fsp_6_7: 0.032 
(epoch: 20, iters: 4787, time: 0.034) G_GAN: 0.782 G_L1: 0.406 G_SSIM: 0.368 H_L1: 0.156 H_SSIM: 0.489 D_real: 0.013 D_fake: 0.028 att_A: 0.530 L_hall: 0.049 L_inter: 0.000 L_intra: 0.000 L_fsp: 0.299 fsp_3_4: 0.077 fsp_4_5: 0.124 fsp_5_6: 0.083 fsp_6_7: 0.014 
(epoch: 20, iters: 4887, time: 0.034) G_GAN: 0.985 G_L1: 0.397 G_SSIM: 0.341 H_L1: 0.132 H_SSIM: 0.488 D_real: 0.006 D_fake: 0.003 att_A: 0.867 L_hall: 0.053 L_inter: 0.000 L_intra: 0.000 L_fsp: 0.384 fsp_3_4: 0.131 fsp_4_5: 0.138 fsp_5_6: 0.082 fsp_6_7: 0.033 
(epoch: 20, iters: 4987, time: 0.034) G_GAN: 1.291 G_L1: 0.376 G_SSIM: 0.333 H_L1: 0.116 H_SSIM: 0.494 D_real: 0.022 D_fake: 0.008 att_A: 0.700 L_hall: 0.046 L_inter: 0.000 L_intra: 0.000 L_fsp: 0.290 fsp_3_4: 0.071 fsp_4_5: 0.106 fsp_5_6: 0.095 fsp_6_7: 0.018 
(epoch: 20, iters: 5087, time: 0.049) G_GAN: 0.936 G_L1: 0.275 G_SSIM: 0.214 H_L1: 0.080 H_SSIM: 0.368 D_real: 0.008 D_fake: 0.009 att_A: 0.703 L_hall: 0.048 L_inter: 0.000 L_intra: 0.000 L_fsp: 0.377 fsp_3_4: 0.101 fsp_4_5: 0.138 fsp_5_6: 0.110 fsp_6_7: 0.028 
(epoch: 20, iters: 5187, time: 0.035) G_GAN: 0.868 G_L1: 0.039 G_SSIM: 0.015 H_L1: 0.065 H_SSIM: 0.080 D_real: 0.045 D_fake: 0.009 att_A: 0.465 L_hall: 0.047 L_inter: 0.000 L_intra: 0.000 L_fsp: 0.335 fsp_3_4: 0.085 fsp_4_5: 0.112 fsp_5_6: 0.110 fsp_6_7: 0.028 
(epoch: 20, iters: 5287, time: 0.034) G_GAN: 1.083 G_L1: 0.277 G_SSIM: 0.142 H_L1: 0.109 H_SSIM: 0.338 D_real: 0.025 D_fake: 0.010 att_A: 0.916 L_hall: 0.052 L_inter: 0.000 L_intra: 0.000 L_fsp: 0.461 fsp_3_4: 0.155 fsp_4_5: 0.161 fsp_5_6: 0.091 fsp_6_7: 0.055 
(epoch: 20, iters: 5387, time: 0.035) G_GAN: 0.921 G_L1: 0.272 G_SSIM: 0.230 H_L1: 0.105 H_SSIM: 0.365 D_real: 0.019 D_fake: 0.007 att_A: 0.682 L_hall: 0.044 L_inter: 0.000 L_intra: 0.000 L_fsp: 0.260 fsp_3_4: 0.084 fsp_4_5: 0.078 fsp_5_6: 0.080 fsp_6_7: 0.018 
(epoch: 20, iters: 5487, time: 0.035) G_GAN: 0.858 G_L1: 0.297 G_SSIM: 0.258 H_L1: 0.105 H_SSIM: 0.434 D_real: 0.020 D_fake: 0.010 att_A: 0.800 L_hall: 0.050 L_inter: 0.000 L_intra: 0.000 L_fsp: 0.478 fsp_3_4: 0.128 fsp_4_5: 0.174 fsp_5_6: 0.146 fsp_6_7: 0.030 
(epoch: 20, iters: 5587, time: 0.060) G_GAN: 0.980 G_L1: 0.291 G_SSIM: 0.282 H_L1: 0.112 H_SSIM: 0.471 D_real: 0.015 D_fake: 0.005 att_A: 0.738 L_hall: 0.048 L_inter: 0.000 L_intra: 0.000 L_fsp: 0.367 fsp_3_4: 0.096 fsp_4_5: 0.123 fsp_5_6: 0.117 fsp_6_7: 0.030 
(epoch: 20, iters: 5687, time: 0.035) G_GAN: 1.237 G_L1: 0.240 G_SSIM: 0.161 H_L1: 0.096 H_SSIM: 0.323 D_real: 0.017 D_fake: 0.009 att_A: 0.514 L_hall: 0.047 L_inter: 0.000 L_intra: 0.000 L_fsp: 0.291 fsp_3_4: 0.098 fsp_4_5: 0.110 fsp_5_6: 0.069 fsp_6_7: 0.014 
(epoch: 20, iters: 5787, time: 0.034) G_GAN: 0.952 G_L1: 0.227 G_SSIM: 0.171 H_L1: 0.121 H_SSIM: 0.424 D_real: 0.028 D_fake: 0.005 att_A: 0.610 L_hall: 0.049 L_inter: 0.000 L_intra: 0.000 L_fsp: 0.354 fsp_3_4: 0.125 fsp_4_5: 0.137 fsp_5_6: 0.074 fsp_6_7: 0.018 
(epoch: 20, iters: 5887, time: 0.035) G_GAN: 1.248 G_L1: 0.311 G_SSIM: 0.192 H_L1: 0.114 H_SSIM: 0.313 D_real: 0.029 D_fake: 0.020 att_A: 0.575 L_hall: 0.045 L_inter: 0.000 L_intra: 0.000 L_fsp: 0.374 fsp_3_4: 0.142 fsp_4_5: 0.139 fsp_5_6: 0.073 fsp_6_7: 0.020 
(epoch: 20, iters: 5987, time: 0.033) G_GAN: 1.041 G_L1: 0.250 G_SSIM: 0.182 H_L1: 0.083 H_SSIM: 0.341 D_real: 0.012 D_fake: 0.010 att_A: 0.694 L_hall: 0.044 L_inter: 0.000 L_intra: 0.000 L_fsp: 0.311 fsp_3_4: 0.095 fsp_4_5: 0.131 fsp_5_6: 0.076 fsp_6_7: 0.009 
(epoch: 20, iters: 6087, time: 0.065) G_GAN: 0.485 G_L1: 0.110 G_SSIM: 0.024 H_L1: 0.071 H_SSIM: 0.079 D_real: 0.011 D_fake: 0.208 att_A: 0.558 L_hall: 0.049 L_inter: 0.000 L_intra: 0.000 L_fsp: 0.450 fsp_3_4: 0.075 fsp_4_5: 0.138 fsp_5_6: 0.166 fsp_6_7: 0.071 
(epoch: 20, iters: 6187, time: 0.034) G_GAN: 1.073 G_L1: 0.263 G_SSIM: 0.207 H_L1: 0.104 H_SSIM: 0.383 D_real: 0.009 D_fake: 0.007 att_A: 0.623 L_hall: 0.049 L_inter: 0.000 L_intra: 0.000 L_fsp: 0.306 fsp_3_4: 0.083 fsp_4_5: 0.104 fsp_5_6: 0.094 fsp_6_7: 0.024 
(epoch: 20, iters: 6287, time: 0.033) G_GAN: 1.097 G_L1: 0.205 G_SSIM: 0.117 H_L1: 0.075 H_SSIM: 0.282 D_real: 0.028 D_fake: 0.010 att_A: 0.734 L_hall: 0.052 L_inter: 0.000 L_intra: 0.000 L_fsp: 0.444 fsp_3_4: 0.152 fsp_4_5: 0.166 fsp_5_6: 0.106 fsp_6_7: 0.019 
(epoch: 20, iters: 6387, time: 0.033) G_GAN: 0.607 G_L1: 0.279 G_SSIM: 0.110 H_L1: 0.151 H_SSIM: 0.325 D_real: 0.050 D_fake: 0.062 att_A: 0.527 L_hall: 0.050 L_inter: 0.000 L_intra: 0.000 L_fsp: 0.422 fsp_3_4: 0.112 fsp_4_5: 0.149 fsp_5_6: 0.113 fsp_6_7: 0.047 
(epoch: 20, iters: 6487, time: 0.034) G_GAN: 1.206 G_L1: 0.276 G_SSIM: 0.169 H_L1: 0.104 H_SSIM: 0.303 D_real: 0.031 D_fake: 0.029 att_A: 0.492 L_hall: 0.042 L_inter: 0.000 L_intra: 0.000 L_fsp: 0.318 fsp_3_4: 0.093 fsp_4_5: 0.131 fsp_5_6: 0.077 fsp_6_7: 0.017 
(epoch: 20, iters: 6587, time: 0.061) G_GAN: 0.882 G_L1: 0.241 G_SSIM: 0.146 H_L1: 0.114 H_SSIM: 0.261 D_real: 0.023 D_fake: 0.028 att_A: 0.513 L_hall: 0.041 L_inter: 0.000 L_intra: 0.000 L_fsp: 0.259 fsp_3_4: 0.095 fsp_4_5: 0.096 fsp_5_6: 0.057 fsp_6_7: 0.011 
saving the latest model (epoch 20, total_steps 180000)
(epoch: 20, iters: 6687, time: 0.034) G_GAN: 0.658 G_L1: 0.092 G_SSIM: 0.010 H_L1: 0.156 H_SSIM: 0.058 D_real: 0.010 D_fake: 0.016 att_A: 0.477 L_hall: 0.041 L_inter: 0.000 L_intra: 0.000 L_fsp: 0.407 fsp_3_4: 0.110 fsp_4_5: 0.115 fsp_5_6: 0.155 fsp_6_7: 0.028 
(epoch: 20, iters: 6787, time: 0.034) G_GAN: 1.006 G_L1: 0.350 G_SSIM: 0.372 H_L1: 0.116 H_SSIM: 0.534 D_real: 0.011 D_fake: 0.004 att_A: 0.716 L_hall: 0.051 L_inter: 0.000 L_intra: 0.000 L_fsp: 0.330 fsp_3_4: 0.102 fsp_4_5: 0.118 fsp_5_6: 0.087 fsp_6_7: 0.022 
(epoch: 20, iters: 6887, time: 0.033) G_GAN: 0.690 G_L1: 0.197 G_SSIM: 0.144 H_L1: 0.117 H_SSIM: 0.291 D_real: 0.020 D_fake: 0.050 att_A: 0.411 L_hall: 0.042 L_inter: 0.000 L_intra: 0.000 L_fsp: 0.202 fsp_3_4: 0.072 fsp_4_5: 0.080 fsp_5_6: 0.037 fsp_6_7: 0.013 
(epoch: 20, iters: 6987, time: 0.034) G_GAN: 0.875 G_L1: 0.035 G_SSIM: 0.012 H_L1: 0.077 H_SSIM: 0.065 D_real: 0.027 D_fake: 0.014 att_A: 0.415 L_hall: 0.048 L_inter: 0.000 L_intra: 0.000 L_fsp: 0.332 fsp_3_4: 0.091 fsp_4_5: 0.120 fsp_5_6: 0.085 fsp_6_7: 0.037 
(epoch: 20, iters: 7087, time: 0.052) G_GAN: 1.044 G_L1: 0.354 G_SSIM: 0.293 H_L1: 0.085 H_SSIM: 0.410 D_real: 0.017 D_fake: 0.006 att_A: 0.809 L_hall: 0.048 L_inter: 0.000 L_intra: 0.000 L_fsp: 0.346 fsp_3_4: 0.093 fsp_4_5: 0.132 fsp_5_6: 0.093 fsp_6_7: 0.028 
(epoch: 20, iters: 7187, time: 0.034) G_GAN: 0.817 G_L1: 0.301 G_SSIM: 0.233 H_L1: 0.110 H_SSIM: 0.354 D_real: 0.014 D_fake: 0.022 att_A: 0.473 L_hall: 0.046 L_inter: 0.000 L_intra: 0.000 L_fsp: 0.247 fsp_3_4: 0.068 fsp_4_5: 0.095 fsp_5_6: 0.073 fsp_6_7: 0.011 
(epoch: 20, iters: 7287, time: 0.033) G_GAN: 0.858 G_L1: 0.136 G_SSIM: 0.057 H_L1: 0.129 H_SSIM: 0.247 D_real: 0.193 D_fake: 0.011 att_A: 0.295 L_hall: 0.038 L_inter: 0.000 L_intra: 0.000 L_fsp: 0.212 fsp_3_4: 0.084 fsp_4_5: 0.077 fsp_5_6: 0.040 fsp_6_7: 0.011 
(epoch: 20, iters: 7387, time: 0.034) G_GAN: 0.620 G_L1: 0.113 G_SSIM: 0.046 H_L1: 0.087 H_SSIM: 0.215 D_real: 0.045 D_fake: 0.050 att_A: 0.323 L_hall: 0.042 L_inter: 0.000 L_intra: 0.000 L_fsp: 0.269 fsp_3_4: 0.091 fsp_4_5: 0.116 fsp_5_6: 0.050 fsp_6_7: 0.012 
(epoch: 20, iters: 7487, time: 0.033) G_GAN: 0.931 G_L1: 0.173 G_SSIM: 0.106 H_L1: 0.128 H_SSIM: 0.338 D_real: 0.032 D_fake: 0.004 att_A: 0.414 L_hall: 0.044 L_inter: 0.000 L_intra: 0.000 L_fsp: 0.282 fsp_3_4: 0.077 fsp_4_5: 0.120 fsp_5_6: 0.072 fsp_6_7: 0.013 
(epoch: 20, iters: 7587, time: 0.068) G_GAN: 0.844 G_L1: 0.236 G_SSIM: 0.187 H_L1: 0.134 H_SSIM: 0.301 D_real: 0.021 D_fake: 0.017 att_A: 0.414 L_hall: 0.041 L_inter: 0.000 L_intra: 0.000 L_fsp: 0.196 fsp_3_4: 0.071 fsp_4_5: 0.077 fsp_5_6: 0.039 fsp_6_7: 0.008 
(epoch: 20, iters: 7687, time: 0.034) G_GAN: 1.041 G_L1: 0.385 G_SSIM: 0.280 H_L1: 0.143 H_SSIM: 0.467 D_real: 0.018 D_fake: 0.015 att_A: 0.629 L_hall: 0.042 L_inter: 0.000 L_intra: 0.000 L_fsp: 0.344 fsp_3_4: 0.112 fsp_4_5: 0.129 fsp_5_6: 0.086 fsp_6_7: 0.017 
(epoch: 20, iters: 7787, time: 0.035) G_GAN: 1.179 G_L1: 0.209 G_SSIM: 0.129 H_L1: 0.092 H_SSIM: 0.324 D_real: 0.077 D_fake: 0.004 att_A: 0.579 L_hall: 0.049 L_inter: 0.000 L_intra: 0.000 L_fsp: 0.350 fsp_3_4: 0.121 fsp_4_5: 0.108 fsp_5_6: 0.102 fsp_6_7: 0.020 
(epoch: 20, iters: 7887, time: 0.034) G_GAN: 1.020 G_L1: 0.255 G_SSIM: 0.216 H_L1: 0.069 H_SSIM: 0.326 D_real: 0.009 D_fake: 0.005 att_A: 0.711 L_hall: 0.054 L_inter: 0.000 L_intra: 0.000 L_fsp: 0.358 fsp_3_4: 0.100 fsp_4_5: 0.126 fsp_5_6: 0.107 fsp_6_7: 0.025 
(epoch: 20, iters: 7987, time: 0.033) G_GAN: 1.051 G_L1: 0.189 G_SSIM: 0.049 H_L1: 0.087 H_SSIM: 0.212 D_real: 0.079 D_fake: 0.114 att_A: 0.954 L_hall: 0.064 L_inter: 0.000 L_intra: 0.000 L_fsp: 0.595 fsp_3_4: 0.110 fsp_4_5: 0.160 fsp_5_6: 0.230 fsp_6_7: 0.095 
(epoch: 20, iters: 8087, time: 0.063) G_GAN: 0.945 G_L1: 0.278 G_SSIM: 0.246 H_L1: 0.078 H_SSIM: 0.382 D_real: 0.009 D_fake: 0.007 att_A: 0.685 L_hall: 0.052 L_inter: 0.000 L_intra: 0.000 L_fsp: 0.358 fsp_3_4: 0.091 fsp_4_5: 0.134 fsp_5_6: 0.099 fsp_6_7: 0.033 
(epoch: 20, iters: 8187, time: 0.034) G_GAN: 0.854 G_L1: 0.258 G_SSIM: 0.212 H_L1: 0.090 H_SSIM: 0.336 D_real: 0.010 D_fake: 0.017 att_A: 0.551 L_hall: 0.040 L_inter: 0.000 L_intra: 0.000 L_fsp: 0.254 fsp_3_4: 0.103 fsp_4_5: 0.099 fsp_5_6: 0.043 fsp_6_7: 0.010 
(epoch: 20, iters: 8287, time: 0.036) G_GAN: 1.206 G_L1: 0.276 G_SSIM: 0.215 H_L1: 0.108 H_SSIM: 0.371 D_real: 0.035 D_fake: 0.020 att_A: 0.622 L_hall: 0.050 L_inter: 0.000 L_intra: 0.000 L_fsp: 0.340 fsp_3_4: 0.119 fsp_4_5: 0.131 fsp_5_6: 0.067 fsp_6_7: 0.024 
(epoch: 20, iters: 8387, time: 0.034) G_GAN: 0.961 G_L1: 0.286 G_SSIM: 0.286 H_L1: 0.088 H_SSIM: 0.485 D_real: 0.006 D_fake: 0.005 att_A: 0.766 L_hall: 0.051 L_inter: 0.000 L_intra: 0.000 L_fsp: 0.446 fsp_3_4: 0.102 fsp_4_5: 0.170 fsp_5_6: 0.120 fsp_6_7: 0.053 
(epoch: 20, iters: 8487, time: 0.034) G_GAN: 0.753 G_L1: 0.219 G_SSIM: 0.190 H_L1: 0.124 H_SSIM: 0.348 D_real: 0.008 D_fake: 0.030 att_A: 0.585 L_hall: 0.045 L_inter: 0.000 L_intra: 0.000 L_fsp: 0.247 fsp_3_4: 0.093 fsp_4_5: 0.083 fsp_5_6: 0.063 fsp_6_7: 0.008 
(epoch: 20, iters: 8587, time: 0.052) G_GAN: 0.941 G_L1: 0.455 G_SSIM: 0.415 H_L1: 0.205 H_SSIM: 0.578 D_real: 0.022 D_fake: 0.011 att_A: 0.743 L_hall: 0.051 L_inter: 0.000 L_intra: 0.000 L_fsp: 0.499 fsp_3_4: 0.144 fsp_4_5: 0.189 fsp_5_6: 0.146 fsp_6_7: 0.020 
(epoch: 20, iters: 8687, time: 0.034) G_GAN: 1.077 G_L1: 0.414 G_SSIM: 0.302 H_L1: 0.104 H_SSIM: 0.426 D_real: 0.010 D_fake: 0.004 att_A: 0.717 L_hall: 0.044 L_inter: 0.000 L_intra: 0.000 L_fsp: 0.245 fsp_3_4: 0.075 fsp_4_5: 0.083 fsp_5_6: 0.075 fsp_6_7: 0.012 
(epoch: 20, iters: 8787, time: 0.035) G_GAN: 1.007 G_L1: 0.379 G_SSIM: 0.379 H_L1: 0.110 H_SSIM: 0.516 D_real: 0.008 D_fake: 0.013 att_A: 0.763 L_hall: 0.046 L_inter: 0.000 L_intra: 0.000 L_fsp: 0.290 fsp_3_4: 0.089 fsp_4_5: 0.124 fsp_5_6: 0.061 fsp_6_7: 0.017 
(epoch: 20, iters: 8887, time: 0.035) G_GAN: 0.815 G_L1: 0.255 G_SSIM: 0.200 H_L1: 0.104 H_SSIM: 0.324 D_real: 0.015 D_fake: 0.014 att_A: 0.756 L_hall: 0.051 L_inter: 0.000 L_intra: 0.000 L_fsp: 0.430 fsp_3_4: 0.113 fsp_4_5: 0.145 fsp_5_6: 0.130 fsp_6_7: 0.042 
(epoch: 20, iters: 8987, time: 0.034) G_GAN: 1.026 G_L1: 0.279 G_SSIM: 0.216 H_L1: 0.099 H_SSIM: 0.385 D_real: 0.007 D_fake: 0.005 att_A: 0.749 L_hall: 0.047 L_inter: 0.000 L_intra: 0.000 L_fsp: 0.262 fsp_3_4: 0.067 fsp_4_5: 0.076 fsp_5_6: 0.094 fsp_6_7: 0.024 
(epoch: 20, iters: 9087, time: 0.052) G_GAN: 0.798 G_L1: 0.348 G_SSIM: 0.221 H_L1: 0.110 H_SSIM: 0.345 D_real: 0.045 D_fake: 0.016 att_A: 0.698 L_hall: 0.043 L_inter: 0.000 L_intra: 0.000 L_fsp: 0.392 fsp_3_4: 0.118 fsp_4_5: 0.125 fsp_5_6: 0.121 fsp_6_7: 0.029 
saving the model at the end of epoch 20, iters 182540
epoch 20  fsp_3_4:0.101827  fsp_3_4_degen:0.000000  fsp_4_5:0.122107  fsp_4_5_degen:0.000000  fsp_5_6:0.087918  fsp_5_6_degen:0.000000  fsp_6_7:0.026534  fsp_6_7_degen:0.000000
End of epoch 20 / 30 	 Time Taken: 444 sec
learning rate = 0.0001250
(epoch: 21, iters: 60, time: 0.034) G_GAN: 0.768 G_L1: 0.160 G_SSIM: 0.130 H_L1: 0.101 H_SSIM: 0.297 D_real: 0.240 D_fake: 0.026 att_A: 0.644 L_hall: 0.046 L_inter: 0.000 L_intra: 0.000 L_fsp: 0.273 fsp_3_4: 0.087 fsp_4_5: 0.088 fsp_5_6: 0.081 fsp_6_7: 0.017 
(epoch: 21, iters: 160, time: 0.033) G_GAN: 0.683 G_L1: 0.071 G_SSIM: 0.024 H_L1: 0.072 H_SSIM: 0.105 D_real: 0.032 D_fake: 0.010 att_A: 0.693 L_hall: 0.045 L_inter: 0.000 L_intra: 0.000 L_fsp: 0.488 fsp_3_4: 0.178 fsp_4_5: 0.133 fsp_5_6: 0.143 fsp_6_7: 0.035 
(epoch: 21, iters: 260, time: 0.034) G_GAN: 0.923 G_L1: 0.184 G_SSIM: 0.108 H_L1: 0.075 H_SSIM: 0.276 D_real: 0.020 D_fake: 0.012 att_A: 0.772 L_hall: 0.041 L_inter: 0.000 L_intra: 0.000 L_fsp: 0.330 fsp_3_4: 0.097 fsp_4_5: 0.119 fsp_5_6: 0.073 fsp_6_7: 0.041 
(epoch: 21, iters: 360, time: 0.034) G_GAN: 1.046 G_L1: 0.345 G_SSIM: 0.386 H_L1: 0.133 H_SSIM: 0.500 D_real: 0.014 D_fake: 0.004 att_A: 0.838 L_hall: 0.054 L_inter: 0.000 L_intra: 0.000 L_fsp: 0.315 fsp_3_4: 0.071 fsp_4_5: 0.115 fsp_5_6: 0.101 fsp_6_7: 0.029 
(epoch: 21, iters: 460, time: 0.061) G_GAN: 0.853 G_L1: 0.181 G_SSIM: 0.146 H_L1: 0.071 H_SSIM: 0.331 D_real: 0.013 D_fake: 0.011 att_A: 0.949 L_hall: 0.052 L_inter: 0.000 L_intra: 0.000 L_fsp: 0.371 fsp_3_4: 0.122 fsp_4_5: 0.117 fsp_5_6: 0.086 fsp_6_7: 0.047 
(epoch: 21, iters: 560, time: 0.035) G_GAN: 0.727 G_L1: 0.089 G_SSIM: 0.040 H_L1: 0.084 H_SSIM: 0.112 D_real: 0.119 D_fake: 0.034 att_A: 0.684 L_hall: 0.027 L_inter: 0.000 L_intra: 0.000 L_fsp: 0.218 fsp_3_4: 0.074 fsp_4_5: 0.087 fsp_5_6: 0.043 fsp_6_7: 0.014 
(epoch: 21, iters: 660, time: 0.035) G_GAN: 0.928 G_L1: 0.292 G_SSIM: 0.192 H_L1: 0.088 H_SSIM: 0.315 D_real: 0.005 D_fake: 0.016 att_A: 0.508 L_hall: 0.041 L_inter: 0.000 L_intra: 0.000 L_fsp: 0.250 fsp_3_4: 0.089 fsp_4_5: 0.101 fsp_5_6: 0.044 fsp_6_7: 0.015 
(epoch: 21, iters: 760, time: 0.034) G_GAN: 1.056 G_L1: 0.418 G_SSIM: 0.347 H_L1: 0.129 H_SSIM: 0.462 D_real: 0.007 D_fake: 0.016 att_A: 0.888 L_hall: 0.056 L_inter: 0.000 L_intra: 0.000 L_fsp: 0.481 fsp_3_4: 0.111 fsp_4_5: 0.156 fsp_5_6: 0.118 fsp_6_7: 0.096 
(epoch: 21, iters: 860, time: 0.035) G_GAN: 1.079 G_L1: 0.212 G_SSIM: 0.157 H_L1: 0.102 H_SSIM: 0.338 D_real: 0.012 D_fake: 0.006 att_A: 0.667 L_hall: 0.048 L_inter: 0.000 L_intra: 0.000 L_fsp: 0.362 fsp_3_4: 0.105 fsp_4_5: 0.137 fsp_5_6: 0.103 fsp_6_7: 0.016 
(epoch: 21, iters: 960, time: 0.059) G_GAN: 1.037 G_L1: 0.310 G_SSIM: 0.226 H_L1: 0.145 H_SSIM: 0.412 D_real: 0.010 D_fake: 0.008 att_A: 0.726 L_hall: 0.047 L_inter: 0.000 L_intra: 0.000 L_fsp: 0.331 fsp_3_4: 0.128 fsp_4_5: 0.140 fsp_5_6: 0.051 fsp_6_7: 0.012 
(epoch: 21, iters: 1060, time: 0.033) G_GAN: 0.397 G_L1: 0.212 G_SSIM: 0.111 H_L1: 0.111 H_SSIM: 0.231 D_real: 0.017 D_fake: 0.155 att_A: 0.433 L_hall: 0.035 L_inter: 0.000 L_intra: 0.000 L_fsp: 0.249 fsp_3_4: 0.094 fsp_4_5: 0.097 fsp_5_6: 0.048 fsp_6_7: 0.009 
(epoch: 21, iters: 1160, time: 0.035) G_GAN: 1.176 G_L1: 0.209 G_SSIM: 0.150 H_L1: 0.143 H_SSIM: 0.358 D_real: 0.008 D_fake: 0.010 att_A: 0.836 L_hall: 0.050 L_inter: 0.000 L_intra: 0.000 L_fsp: 0.354 fsp_3_4: 0.124 fsp_4_5: 0.125 fsp_5_6: 0.087 fsp_6_7: 0.018 
(epoch: 21, iters: 1260, time: 0.035) G_GAN: 0.999 G_L1: 0.306 G_SSIM: 0.249 H_L1: 0.105 H_SSIM: 0.472 D_real: 0.011 D_fake: 0.006 att_A: 0.678 L_hall: 0.039 L_inter: 0.000 L_intra: 0.000 L_fsp: 0.253 fsp_3_4: 0.085 fsp_4_5: 0.085 fsp_5_6: 0.071 fsp_6_7: 0.011 
(epoch: 21, iters: 1360, time: 0.034) G_GAN: 1.156 G_L1: 0.209 G_SSIM: 0.147 H_L1: 0.070 H_SSIM: 0.324 D_real: 0.016 D_fake: 0.009 att_A: 0.734 L_hall: 0.051 L_inter: 0.000 L_intra: 0.000 L_fsp: 0.336 fsp_3_4: 0.095 fsp_4_5: 0.120 fsp_5_6: 0.095 fsp_6_7: 0.026 
(epoch: 21, iters: 1460, time: 0.089) G_GAN: 0.878 G_L1: 0.281 G_SSIM: 0.233 H_L1: 0.100 H_SSIM: 0.365 D_real: 0.008 D_fake: 0.009 att_A: 0.629 L_hall: 0.039 L_inter: 0.000 L_intra: 0.000 L_fsp: 0.258 fsp_3_4: 0.084 fsp_4_5: 0.100 fsp_5_6: 0.051 fsp_6_7: 0.023 
(epoch: 21, iters: 1560, time: 0.033) G_GAN: 0.773 G_L1: 0.165 G_SSIM: 0.113 H_L1: 0.091 H_SSIM: 0.284 D_real: 0.257 D_fake: 0.308 att_A: 0.501 L_hall: 0.043 L_inter: 0.000 L_intra: 0.000 L_fsp: 0.201 fsp_3_4: 0.071 fsp_4_5: 0.080 fsp_5_6: 0.042 fsp_6_7: 0.008 
(epoch: 21, iters: 1660, time: 0.034) G_GAN: 0.981 G_L1: 0.443 G_SSIM: 0.300 H_L1: 0.132 H_SSIM: 0.466 D_real: 0.008 D_fake: 0.005 att_A: 0.615 L_hall: 0.042 L_inter: 0.000 L_intra: 0.000 L_fsp: 0.351 fsp_3_4: 0.090 fsp_4_5: 0.151 fsp_5_6: 0.095 fsp_6_7: 0.014 
(epoch: 21, iters: 1760, time: 0.035) G_GAN: 0.571 G_L1: 0.198 G_SSIM: 0.114 H_L1: 0.092 H_SSIM: 0.244 D_real: 0.009 D_fake: 0.073 att_A: 0.406 L_hall: 0.040 L_inter: 0.000 L_intra: 0.000 L_fsp: 0.257 fsp_3_4: 0.085 fsp_4_5: 0.099 fsp_5_6: 0.060 fsp_6_7: 0.013 
(epoch: 21, iters: 1860, time: 0.034) G_GAN: 1.028 G_L1: 0.372 G_SSIM: 0.339 H_L1: 0.103 H_SSIM: 0.503 D_real: 0.018 D_fake: 0.003 att_A: 0.912 L_hall: 0.050 L_inter: 0.000 L_intra: 0.000 L_fsp: 0.427 fsp_3_4: 0.139 fsp_4_5: 0.162 fsp_5_6: 0.103 fsp_6_7: 0.023 
(epoch: 21, iters: 1960, time: 0.058) G_GAN: 1.095 G_L1: 0.223 G_SSIM: 0.156 H_L1: 0.136 H_SSIM: 0.337 D_real: 0.025 D_fake: 0.013 att_A: 0.828 L_hall: 0.052 L_inter: 0.000 L_intra: 0.000 L_fsp: 0.464 fsp_3_4: 0.162 fsp_4_5: 0.183 fsp_5_6: 0.093 fsp_6_7: 0.025 
(epoch: 21, iters: 2060, time: 0.034) G_GAN: 0.466 G_L1: 0.240 G_SSIM: 0.182 H_L1: 0.105 H_SSIM: 0.318 D_real: 0.047 D_fake: 0.007 att_A: 0.531 L_hall: 0.038 L_inter: 0.000 L_intra: 0.000 L_fsp: 0.192 fsp_3_4: 0.067 fsp_4_5: 0.069 fsp_5_6: 0.046 fsp_6_7: 0.011 
(epoch: 21, iters: 2160, time: 0.033) G_GAN: 0.841 G_L1: 0.237 G_SSIM: 0.214 H_L1: 0.089 H_SSIM: 0.354 D_real: 0.014 D_fake: 0.022 att_A: 0.552 L_hall: 0.046 L_inter: 0.000 L_intra: 0.000 L_fsp: 0.220 fsp_3_4: 0.082 fsp_4_5: 0.097 fsp_5_6: 0.036 fsp_6_7: 0.005 
(epoch: 21, iters: 2260, time: 0.033) G_GAN: 0.957 G_L1: 0.241 G_SSIM: 0.212 H_L1: 0.082 H_SSIM: 0.380 D_real: 0.015 D_fake: 0.005 att_A: 0.789 L_hall: 0.053 L_inter: 0.000 L_intra: 0.000 L_fsp: 0.374 fsp_3_4: 0.101 fsp_4_5: 0.164 fsp_5_6: 0.076 fsp_6_7: 0.033 
(epoch: 21, iters: 2360, time: 0.033) G_GAN: 0.685 G_L1: 0.260 G_SSIM: 0.221 H_L1: 0.110 H_SSIM: 0.388 D_real: 0.011 D_fake: 0.019 att_A: 0.559 L_hall: 0.045 L_inter: 0.000 L_intra: 0.000 L_fsp: 0.331 fsp_3_4: 0.099 fsp_4_5: 0.130 fsp_5_6: 0.076 fsp_6_7: 0.026 
(epoch: 21, iters: 2460, time: 0.057) G_GAN: 1.010 G_L1: 0.372 G_SSIM: 0.319 H_L1: 0.108 H_SSIM: 0.445 D_real: 0.013 D_fake: 0.003 att_A: 0.906 L_hall: 0.053 L_inter: 0.000 L_intra: 0.000 L_fsp: 0.414 fsp_3_4: 0.108 fsp_4_5: 0.161 fsp_5_6: 0.119 fsp_6_7: 0.026 
saving the latest model (epoch 21, total_steps 185000)
(epoch: 21, iters: 2560, time: 0.034) G_GAN: 1.103 G_L1: 0.250 G_SSIM: 0.151 H_L1: 0.110 H_SSIM: 0.289 D_real: 0.010 D_fake: 0.005 att_A: 0.476 L_hall: 0.043 L_inter: 0.000 L_intra: 0.000 L_fsp: 0.210 fsp_3_4: 0.074 fsp_4_5: 0.070 fsp_5_6: 0.054 fsp_6_7: 0.012 
(epoch: 21, iters: 2660, time: 0.034) G_GAN: 0.809 G_L1: 0.203 G_SSIM: 0.136 H_L1: 0.101 H_SSIM: 0.283 D_real: 0.016 D_fake: 0.023 att_A: 0.465 L_hall: 0.043 L_inter: 0.000 L_intra: 0.000 L_fsp: 0.266 fsp_3_4: 0.094 fsp_4_5: 0.100 fsp_5_6: 0.057 fsp_6_7: 0.015 
(epoch: 21, iters: 2760, time: 0.034) G_GAN: 0.923 G_L1: 0.190 G_SSIM: 0.101 H_L1: 0.112 H_SSIM: 0.278 D_real: 0.069 D_fake: 0.009 att_A: 0.538 L_hall: 0.048 L_inter: 0.000 L_intra: 0.000 L_fsp: 0.290 fsp_3_4: 0.086 fsp_4_5: 0.093 fsp_5_6: 0.091 fsp_6_7: 0.020 
(epoch: 21, iters: 2860, time: 0.034) G_GAN: 1.552 G_L1: 0.096 G_SSIM: 0.011 H_L1: 0.124 H_SSIM: 0.055 D_real: 0.023 D_fake: 0.019 att_A: 0.567 L_hall: 0.042 L_inter: 0.000 L_intra: 0.000 L_fsp: 0.642 fsp_3_4: 0.157 fsp_4_5: 0.226 fsp_5_6: 0.181 fsp_6_7: 0.077 
(epoch: 21, iters: 2960, time: 0.059) G_GAN: 0.461 G_L1: 0.115 G_SSIM: 0.062 H_L1: 0.149 H_SSIM: 0.109 D_real: 0.133 D_fake: 0.004 att_A: 0.380 L_hall: 0.029 L_inter: 0.000 L_intra: 0.000 L_fsp: 0.208 fsp_3_4: 0.050 fsp_4_5: 0.059 fsp_5_6: 0.080 fsp_6_7: 0.019 
(epoch: 21, iters: 3060, time: 0.033) G_GAN: 0.922 G_L1: 0.284 G_SSIM: 0.223 H_L1: 0.116 H_SSIM: 0.390 D_real: 0.019 D_fake: 0.015 att_A: 0.900 L_hall: 0.054 L_inter: 0.000 L_intra: 0.000 L_fsp: 0.432 fsp_3_4: 0.160 fsp_4_5: 0.148 fsp_5_6: 0.095 fsp_6_7: 0.029 
(epoch: 21, iters: 3160, time: 0.034) G_GAN: 0.967 G_L1: 0.399 G_SSIM: 0.319 H_L1: 0.134 H_SSIM: 0.475 D_real: 0.013 D_fake: 0.017 att_A: 0.827 L_hall: 0.054 L_inter: 0.000 L_intra: 0.000 L_fsp: 0.356 fsp_3_4: 0.095 fsp_4_5: 0.135 fsp_5_6: 0.110 fsp_6_7: 0.016 
(epoch: 21, iters: 3260, time: 0.034) G_GAN: 1.038 G_L1: 0.225 G_SSIM: 0.173 H_L1: 0.124 H_SSIM: 0.314 D_real: 0.009 D_fake: 0.006 att_A: 0.527 L_hall: 0.041 L_inter: 0.000 L_intra: 0.000 L_fsp: 0.269 fsp_3_4: 0.085 fsp_4_5: 0.102 fsp_5_6: 0.064 fsp_6_7: 0.018 
(epoch: 21, iters: 3360, time: 0.034) G_GAN: 0.862 G_L1: 0.251 G_SSIM: 0.242 H_L1: 0.069 H_SSIM: 0.367 D_real: 0.015 D_fake: 0.016 att_A: 0.903 L_hall: 0.052 L_inter: 0.000 L_intra: 0.000 L_fsp: 0.536 fsp_3_4: 0.236 fsp_4_5: 0.176 fsp_5_6: 0.105 fsp_6_7: 0.020 
(epoch: 21, iters: 3460, time: 0.056) G_GAN: 0.986 G_L1: 0.315 G_SSIM: 0.283 H_L1: 0.114 H_SSIM: 0.482 D_real: 0.013 D_fake: 0.004 att_A: 0.715 L_hall: 0.048 L_inter: 0.000 L_intra: 0.000 L_fsp: 0.350 fsp_3_4: 0.104 fsp_4_5: 0.135 fsp_5_6: 0.097 fsp_6_7: 0.014 
(epoch: 21, iters: 3560, time: 0.033) G_GAN: 0.830 G_L1: 0.257 G_SSIM: 0.247 H_L1: 0.080 H_SSIM: 0.389 D_real: 0.011 D_fake: 0.015 att_A: 0.924 L_hall: 0.053 L_inter: 0.000 L_intra: 0.000 L_fsp: 0.516 fsp_3_4: 0.204 fsp_4_5: 0.171 fsp_5_6: 0.112 fsp_6_7: 0.029 
(epoch: 21, iters: 3660, time: 0.034) G_GAN: 0.653 G_L1: 0.121 G_SSIM: 0.053 H_L1: 0.118 H_SSIM: 0.238 D_real: 0.045 D_fake: 0.051 att_A: 0.278 L_hall: 0.038 L_inter: 0.000 L_intra: 0.000 L_fsp: 0.186 fsp_3_4: 0.066 fsp_4_5: 0.076 fsp_5_6: 0.036 fsp_6_7: 0.008 
(epoch: 21, iters: 3760, time: 0.034) G_GAN: 1.154 G_L1: 0.152 G_SSIM: 0.036 H_L1: 0.083 H_SSIM: 0.096 D_real: 0.012 D_fake: 0.016 att_A: 0.851 L_hall: 0.046 L_inter: 0.000 L_intra: 0.000 L_fsp: 0.334 fsp_3_4: 0.074 fsp_4_5: 0.114 fsp_5_6: 0.094 fsp_6_7: 0.053 
(epoch: 21, iters: 3860, time: 0.035) G_GAN: 0.836 G_L1: 0.222 G_SSIM: 0.161 H_L1: 0.113 H_SSIM: 0.302 D_real: 0.013 D_fake: 0.017 att_A: 0.485 L_hall: 0.044 L_inter: 0.000 L_intra: 0.000 L_fsp: 0.248 fsp_3_4: 0.066 fsp_4_5: 0.109 fsp_5_6: 0.057 fsp_6_7: 0.016 
(epoch: 21, iters: 3960, time: 0.048) G_GAN: 0.789 G_L1: 0.140 G_SSIM: 0.060 H_L1: 0.119 H_SSIM: 0.236 D_real: 0.068 D_fake: 0.002 att_A: 0.288 L_hall: 0.040 L_inter: 0.000 L_intra: 0.000 L_fsp: 0.169 fsp_3_4: 0.066 fsp_4_5: 0.061 fsp_5_6: 0.031 fsp_6_7: 0.011 
(epoch: 21, iters: 4060, time: 0.035) G_GAN: 1.011 G_L1: 0.297 G_SSIM: 0.212 H_L1: 0.096 H_SSIM: 0.347 D_real: 0.012 D_fake: 0.093 att_A: 0.521 L_hall: 0.037 L_inter: 0.000 L_intra: 0.000 L_fsp: 0.177 fsp_3_4: 0.051 fsp_4_5: 0.078 fsp_5_6: 0.042 fsp_6_7: 0.006 
(epoch: 21, iters: 4160, time: 0.034) G_GAN: 0.960 G_L1: 0.259 G_SSIM: 0.154 H_L1: 0.131 H_SSIM: 0.301 D_real: 0.086 D_fake: 0.017 att_A: 0.390 L_hall: 0.041 L_inter: 0.000 L_intra: 0.000 L_fsp: 0.263 fsp_3_4: 0.102 fsp_4_5: 0.107 fsp_5_6: 0.045 fsp_6_7: 0.009 
(epoch: 21, iters: 4260, time: 0.034) G_GAN: 1.222 G_L1: 0.278 G_SSIM: 0.195 H_L1: 0.115 H_SSIM: 0.402 D_real: 0.009 D_fake: 0.017 att_A: 0.682 L_hall: 0.043 L_inter: 0.000 L_intra: 0.000 L_fsp: 0.331 fsp_3_4: 0.116 fsp_4_5: 0.115 fsp_5_6: 0.082 fsp_6_7: 0.018 
(epoch: 21, iters: 4360, time: 0.034) G_GAN: 0.950 G_L1: 0.203 G_SSIM: 0.122 H_L1: 0.084 H_SSIM: 0.323 D_real: 0.023 D_fake: 0.009 att_A: 0.645 L_hall: 0.045 L_inter: 0.000 L_intra: 0.000 L_fsp: 0.308 fsp_3_4: 0.108 fsp_4_5: 0.109 fsp_5_6: 0.072 fsp_6_7: 0.019 
(epoch: 21, iters: 4460, time: 0.054) G_GAN: 1.287 G_L1: 0.224 G_SSIM: 0.159 H_L1: 0.120 H_SSIM: 0.303 D_real: 0.151 D_fake: 0.044 att_A: 0.470 L_hall: 0.040 L_inter: 0.000 L_intra: 0.000 L_fsp: 0.201 fsp_3_4: 0.068 fsp_4_5: 0.092 fsp_5_6: 0.034 fsp_6_7: 0.008 
(epoch: 21, iters: 4560, time: 0.034) G_GAN: 0.883 G_L1: 0.346 G_SSIM: 0.245 H_L1: 0.126 H_SSIM: 0.419 D_real: 0.014 D_fake: 0.010 att_A: 0.793 L_hall: 0.047 L_inter: 0.000 L_intra: 0.000 L_fsp: 0.344 fsp_3_4: 0.107 fsp_4_5: 0.145 fsp_5_6: 0.078 fsp_6_7: 0.013 
(epoch: 21, iters: 4660, time: 0.035) G_GAN: 0.859 G_L1: 0.264 G_SSIM: 0.229 H_L1: 0.094 H_SSIM: 0.360 D_real: 0.027 D_fake: 0.015 att_A: 0.697 L_hall: 0.044 L_inter: 0.000 L_intra: 0.000 L_fsp: 0.262 fsp_3_4: 0.092 fsp_4_5: 0.080 fsp_5_6: 0.074 fsp_6_7: 0.015 
(epoch: 21, iters: 4760, time: 0.034) G_GAN: 0.974 G_L1: 0.344 G_SSIM: 0.268 H_L1: 0.124 H_SSIM: 0.550 D_real: 0.033 D_fake: 0.008 att_A: 0.737 L_hall: 0.044 L_inter: 0.000 L_intra: 0.000 L_fsp: 0.320 fsp_3_4: 0.099 fsp_4_5: 0.113 fsp_5_6: 0.081 fsp_6_7: 0.027 
(epoch: 21, iters: 4860, time: 0.034) G_GAN: 0.948 G_L1: 0.387 G_SSIM: 0.317 H_L1: 0.128 H_SSIM: 0.454 D_real: 0.013 D_fake: 0.005 att_A: 0.788 L_hall: 0.050 L_inter: 0.000 L_intra: 0.000 L_fsp: 0.569 fsp_3_4: 0.125 fsp_4_5: 0.191 fsp_5_6: 0.181 fsp_6_7: 0.072 
(epoch: 21, iters: 4960, time: 0.056) G_GAN: 0.986 G_L1: 0.313 G_SSIM: 0.240 H_L1: 0.108 H_SSIM: 0.376 D_real: 0.006 D_fake: 0.004 att_A: 0.817 L_hall: 0.054 L_inter: 0.000 L_intra: 0.000 L_fsp: 0.414 fsp_3_4: 0.131 fsp_4_5: 0.139 fsp_5_6: 0.111 fsp_6_7: 0.032 
(epoch: 21, iters: 5060, time: 0.036) G_GAN: 0.402 G_L1: 0.216 G_SSIM: 0.165 H_L1: 0.118 H_SSIM: 0.276 D_real: 0.043 D_fake: 0.043 att_A: 0.404 L_hall: 0.038 L_inter: 0.000 L_intra: 0.000 L_fsp: 0.180 fsp_3_4: 0.060 fsp_4_5: 0.079 fsp_5_6: 0.036 fsp_6_7: 0.005 
(epoch: 21, iters: 5160, time: 0.034) G_GAN: 0.965 G_L1: 0.182 G_SSIM: 0.117 H_L1: 0.071 H_SSIM: 0.226 D_real: 0.028 D_fake: 0.100 att_A: 0.569 L_hall: 0.045 L_inter: 0.000 L_intra: 0.000 L_fsp: 0.364 fsp_3_4: 0.114 fsp_4_5: 0.145 fsp_5_6: 0.088 fsp_6_7: 0.016 
(epoch: 21, iters: 5260, time: 0.034) G_GAN: 0.886 G_L1: 0.239 G_SSIM: 0.200 H_L1: 0.119 H_SSIM: 0.312 D_real: 0.014 D_fake: 0.015 att_A: 0.534 L_hall: 0.040 L_inter: 0.000 L_intra: 0.000 L_fsp: 0.176 fsp_3_4: 0.055 fsp_4_5: 0.065 fsp_5_6: 0.045 fsp_6_7: 0.012 
(epoch: 21, iters: 5360, time: 0.034) G_GAN: 0.404 G_L1: 0.209 G_SSIM: 0.103 H_L1: 0.120 H_SSIM: 0.241 D_real: 0.023 D_fake: 0.152 att_A: 0.333 L_hall: 0.046 L_inter: 0.000 L_intra: 0.000 L_fsp: 0.286 fsp_3_4: 0.095 fsp_4_5: 0.124 fsp_5_6: 0.049 fsp_6_7: 0.018 
(epoch: 21, iters: 5460, time: 0.050) G_GAN: 0.962 G_L1: 0.330 G_SSIM: 0.189 H_L1: 0.102 H_SSIM: 0.328 D_real: 0.013 D_fake: 0.009 att_A: 0.528 L_hall: 0.045 L_inter: 0.000 L_intra: 0.000 L_fsp: 0.258 fsp_3_4: 0.086 fsp_4_5: 0.106 fsp_5_6: 0.056 fsp_6_7: 0.011 
(epoch: 21, iters: 5560, time: 0.034) G_GAN: 1.062 G_L1: 0.241 G_SSIM: 0.177 H_L1: 0.136 H_SSIM: 0.367 D_real: 0.013 D_fake: 0.027 att_A: 0.713 L_hall: 0.052 L_inter: 0.000 L_intra: 0.000 L_fsp: 0.511 fsp_3_4: 0.155 fsp_4_5: 0.190 fsp_5_6: 0.118 fsp_6_7: 0.047 
(epoch: 21, iters: 5660, time: 0.034) G_GAN: 1.000 G_L1: 0.284 G_SSIM: 0.178 H_L1: 0.089 H_SSIM: 0.302 D_real: 0.013 D_fake: 0.010 att_A: 0.530 L_hall: 0.040 L_inter: 0.000 L_intra: 0.000 L_fsp: 0.267 fsp_3_4: 0.106 fsp_4_5: 0.096 fsp_5_6: 0.059 fsp_6_7: 0.006 
(epoch: 21, iters: 5760, time: 0.034) G_GAN: 1.038 G_L1: 0.232 G_SSIM: 0.196 H_L1: 0.099 H_SSIM: 0.332 D_real: 0.021 D_fake: 0.010 att_A: 0.620 L_hall: 0.041 L_inter: 0.000 L_intra: 0.000 L_fsp: 0.200 fsp_3_4: 0.052 fsp_4_5: 0.072 fsp_5_6: 0.068 fsp_6_7: 0.008 
(epoch: 21, iters: 5860, time: 0.034) G_GAN: 0.915 G_L1: 0.200 G_SSIM: 0.149 H_L1: 0.098 H_SSIM: 0.299 D_real: 0.031 D_fake: 0.006 att_A: 0.569 L_hall: 0.047 L_inter: 0.000 L_intra: 0.000 L_fsp: 0.239 fsp_3_4: 0.064 fsp_4_5: 0.105 fsp_5_6: 0.057 fsp_6_7: 0.013 
(epoch: 21, iters: 5960, time: 0.048) G_GAN: 0.939 G_L1: 0.309 G_SSIM: 0.268 H_L1: 0.079 H_SSIM: 0.394 D_real: 0.010 D_fake: 0.011 att_A: 0.827 L_hall: 0.053 L_inter: 0.000 L_intra: 0.000 L_fsp: 0.407 fsp_3_4: 0.109 fsp_4_5: 0.167 fsp_5_6: 0.112 fsp_6_7: 0.019 
(epoch: 21, iters: 6060, time: 0.033) G_GAN: 0.951 G_L1: 0.219 G_SSIM: 0.177 H_L1: 0.113 H_SSIM: 0.304 D_real: 0.010 D_fake: 0.014 att_A: 0.432 L_hall: 0.043 L_inter: 0.000 L_intra: 0.000 L_fsp: 0.196 fsp_3_4: 0.068 fsp_4_5: 0.081 fsp_5_6: 0.035 fsp_6_7: 0.012 
(epoch: 21, iters: 6160, time: 0.034) G_GAN: 0.883 G_L1: 0.304 G_SSIM: 0.305 H_L1: 0.096 H_SSIM: 0.390 D_real: 0.020 D_fake: 0.021 att_A: 0.449 L_hall: 0.042 L_inter: 0.000 L_intra: 0.000 L_fsp: 0.226 fsp_3_4: 0.071 fsp_4_5: 0.091 fsp_5_6: 0.054 fsp_6_7: 0.008 
(epoch: 21, iters: 6260, time: 0.034) G_GAN: 0.935 G_L1: 0.246 G_SSIM: 0.204 H_L1: 0.103 H_SSIM: 0.377 D_real: 0.025 D_fake: 0.007 att_A: 0.764 L_hall: 0.046 L_inter: 0.000 L_intra: 0.000 L_fsp: 0.341 fsp_3_4: 0.106 fsp_4_5: 0.135 fsp_5_6: 0.077 fsp_6_7: 0.022 
(epoch: 21, iters: 6360, time: 0.034) G_GAN: 1.079 G_L1: 0.245 G_SSIM: 0.183 H_L1: 0.084 H_SSIM: 0.300 D_real: 0.014 D_fake: 0.015 att_A: 0.802 L_hall: 0.050 L_inter: 0.000 L_intra: 0.000 L_fsp: 0.484 fsp_3_4: 0.211 fsp_4_5: 0.171 fsp_5_6: 0.087 fsp_6_7: 0.015 
(epoch: 21, iters: 6460, time: 0.049) G_GAN: 0.964 G_L1: 0.316 G_SSIM: 0.288 H_L1: 0.080 H_SSIM: 0.367 D_real: 0.005 D_fake: 0.004 att_A: 0.957 L_hall: 0.053 L_inter: 0.000 L_intra: 0.000 L_fsp: 0.434 fsp_3_4: 0.142 fsp_4_5: 0.146 fsp_5_6: 0.129 fsp_6_7: 0.017 
(epoch: 21, iters: 6560, time: 0.034) G_GAN: 0.572 G_L1: 0.234 G_SSIM: 0.148 H_L1: 0.149 H_SSIM: 0.376 D_real: 0.015 D_fake: 0.083 att_A: 0.628 L_hall: 0.048 L_inter: 0.000 L_intra: 0.000 L_fsp: 0.325 fsp_3_4: 0.086 fsp_4_5: 0.123 fsp_5_6: 0.101 fsp_6_7: 0.015 
(epoch: 21, iters: 6660, time: 0.033) G_GAN: 0.927 G_L1: 0.379 G_SSIM: 0.376 H_L1: 0.095 H_SSIM: 0.492 D_real: 0.009 D_fake: 0.008 att_A: 0.794 L_hall: 0.049 L_inter: 0.000 L_intra: 0.000 L_fsp: 0.337 fsp_3_4: 0.108 fsp_4_5: 0.129 fsp_5_6: 0.078 fsp_6_7: 0.022 
(epoch: 21, iters: 6760, time: 0.034) G_GAN: 1.156 G_L1: 0.362 G_SSIM: 0.325 H_L1: 0.110 H_SSIM: 0.432 D_real: 0.009 D_fake: 0.011 att_A: 0.725 L_hall: 0.046 L_inter: 0.000 L_intra: 0.000 L_fsp: 0.309 fsp_3_4: 0.088 fsp_4_5: 0.106 fsp_5_6: 0.104 fsp_6_7: 0.011 
(epoch: 21, iters: 6860, time: 0.034) G_GAN: 0.855 G_L1: 0.094 G_SSIM: 0.048 H_L1: 0.079 H_SSIM: 0.113 D_real: 0.035 D_fake: 0.018 att_A: 0.598 L_hall: 0.052 L_inter: 0.000 L_intra: 0.000 L_fsp: 0.299 fsp_3_4: 0.066 fsp_4_5: 0.102 fsp_5_6: 0.113 fsp_6_7: 0.019 
(epoch: 21, iters: 6960, time: 0.061) G_GAN: 0.637 G_L1: 0.051 G_SSIM: 0.024 H_L1: 0.077 H_SSIM: 0.082 D_real: 0.040 D_fake: 0.019 att_A: 0.394 L_hall: 0.047 L_inter: 0.000 L_intra: 0.000 L_fsp: 0.376 fsp_3_4: 0.094 fsp_4_5: 0.172 fsp_5_6: 0.080 fsp_6_7: 0.030 
(epoch: 21, iters: 7060, time: 0.033) G_GAN: 1.057 G_L1: 0.215 G_SSIM: 0.147 H_L1: 0.106 H_SSIM: 0.307 D_real: 0.019 D_fake: 0.014 att_A: 0.545 L_hall: 0.045 L_inter: 0.000 L_intra: 0.000 L_fsp: 0.241 fsp_3_4: 0.086 fsp_4_5: 0.103 fsp_5_6: 0.044 fsp_6_7: 0.008 
(epoch: 21, iters: 7160, time: 0.034) G_GAN: 0.926 G_L1: 0.139 G_SSIM: 0.113 H_L1: 0.089 H_SSIM: 0.319 D_real: 0.018 D_fake: 0.112 att_A: 0.794 L_hall: 0.055 L_inter: 0.000 L_intra: 0.000 L_fsp: 0.407 fsp_3_4: 0.101 fsp_4_5: 0.183 fsp_5_6: 0.103 fsp_6_7: 0.020 
(epoch: 21, iters: 7260, time: 0.035) G_GAN: 0.353 G_L1: 0.178 G_SSIM: 0.093 H_L1: 0.087 H_SSIM: 0.247 D_real: 0.012 D_fake: 0.012 att_A: 0.425 L_hall: 0.047 L_inter: 0.000 L_intra: 0.000 L_fsp: 0.284 fsp_3_4: 0.076 fsp_4_5: 0.129 fsp_5_6: 0.064 fsp_6_7: 0.016 
(epoch: 21, iters: 7360, time: 0.033) G_GAN: 0.881 G_L1: 0.268 G_SSIM: 0.211 H_L1: 0.101 H_SSIM: 0.367 D_real: 0.018 D_fake: 0.014 att_A: 0.663 L_hall: 0.054 L_inter: 0.000 L_intra: 0.000 L_fsp: 0.440 fsp_3_4: 0.144 fsp_4_5: 0.162 fsp_5_6: 0.105 fsp_6_7: 0.028 
(epoch: 21, iters: 7460, time: 0.057) G_GAN: 0.537 G_L1: 0.038 G_SSIM: 0.016 H_L1: 0.077 H_SSIM: 0.063 D_real: 0.023 D_fake: 0.008 att_A: 0.404 L_hall: 0.048 L_inter: 0.000 L_intra: 0.000 L_fsp: 0.332 fsp_3_4: 0.063 fsp_4_5: 0.125 fsp_5_6: 0.110 fsp_6_7: 0.035 
saving the latest model (epoch 21, total_steps 190000)
(epoch: 21, iters: 7560, time: 0.034) G_GAN: 0.973 G_L1: 0.319 G_SSIM: 0.339 H_L1: 0.103 H_SSIM: 0.519 D_real: 0.006 D_fake: 0.012 att_A: 0.837 L_hall: 0.049 L_inter: 0.000 L_intra: 0.000 L_fsp: 0.331 fsp_3_4: 0.097 fsp_4_5: 0.114 fsp_5_6: 0.097 fsp_6_7: 0.023 
(epoch: 21, iters: 7660, time: 0.035) G_GAN: 0.938 G_L1: 0.299 G_SSIM: 0.236 H_L1: 0.112 H_SSIM: 0.446 D_real: 0.091 D_fake: 0.004 att_A: 0.695 L_hall: 0.048 L_inter: 0.000 L_intra: 0.000 L_fsp: 0.368 fsp_3_4: 0.104 fsp_4_5: 0.125 fsp_5_6: 0.116 fsp_6_7: 0.023 
(epoch: 21, iters: 7760, time: 0.034) G_GAN: 1.046 G_L1: 0.256 G_SSIM: 0.251 H_L1: 0.066 H_SSIM: 0.381 D_real: 0.018 D_fake: 0.025 att_A: 0.944 L_hall: 0.055 L_inter: 0.000 L_intra: 0.000 L_fsp: 0.501 fsp_3_4: 0.177 fsp_4_5: 0.154 fsp_5_6: 0.111 fsp_6_7: 0.060 
(epoch: 21, iters: 7860, time: 0.034) G_GAN: 1.003 G_L1: 0.289 G_SSIM: 0.269 H_L1: 0.086 H_SSIM: 0.423 D_real: 0.008 D_fake: 0.005 att_A: 0.770 L_hall: 0.049 L_inter: 0.000 L_intra: 0.000 L_fsp: 0.350 fsp_3_4: 0.114 fsp_4_5: 0.119 fsp_5_6: 0.080 fsp_6_7: 0.037 
(epoch: 21, iters: 7960, time: 0.076) G_GAN: 0.849 G_L1: 0.488 G_SSIM: 0.468 H_L1: 0.177 H_SSIM: 0.541 D_real: 0.011 D_fake: 0.009 att_A: 0.948 L_hall: 0.059 L_inter: 0.000 L_intra: 0.000 L_fsp: 0.384 fsp_3_4: 0.088 fsp_4_5: 0.148 fsp_5_6: 0.102 fsp_6_7: 0.045 
(epoch: 21, iters: 8060, time: 0.035) G_GAN: 1.195 G_L1: 0.214 G_SSIM: 0.174 H_L1: 0.111 H_SSIM: 0.338 D_real: 0.066 D_fake: 0.017 att_A: 0.502 L_hall: 0.042 L_inter: 0.000 L_intra: 0.000 L_fsp: 0.211 fsp_3_4: 0.063 fsp_4_5: 0.095 fsp_5_6: 0.041 fsp_6_7: 0.011 
(epoch: 21, iters: 8160, time: 0.034) G_GAN: 0.854 G_L1: 0.116 G_SSIM: 0.037 H_L1: 0.083 H_SSIM: 0.089 D_real: 0.028 D_fake: 0.020 att_A: 0.585 L_hall: 0.050 L_inter: 0.000 L_intra: 0.000 L_fsp: 0.519 fsp_3_4: 0.242 fsp_4_5: 0.144 fsp_5_6: 0.104 fsp_6_7: 0.029 
(epoch: 21, iters: 8260, time: 0.034) G_GAN: 1.019 G_L1: 0.326 G_SSIM: 0.219 H_L1: 0.105 H_SSIM: 0.339 D_real: 0.010 D_fake: 0.005 att_A: 0.708 L_hall: 0.049 L_inter: 0.000 L_intra: 0.000 L_fsp: 0.387 fsp_3_4: 0.103 fsp_4_5: 0.143 fsp_5_6: 0.107 fsp_6_7: 0.033 
(epoch: 21, iters: 8360, time: 0.033) G_GAN: 0.980 G_L1: 0.272 G_SSIM: 0.238 H_L1: 0.093 H_SSIM: 0.421 D_real: 0.031 D_fake: 0.005 att_A: 0.711 L_hall: 0.048 L_inter: 0.000 L_intra: 0.000 L_fsp: 0.329 fsp_3_4: 0.096 fsp_4_5: 0.118 fsp_5_6: 0.096 fsp_6_7: 0.018 
(epoch: 21, iters: 8460, time: 0.063) G_GAN: 0.751 G_L1: 0.079 G_SSIM: 0.028 H_L1: 0.068 H_SSIM: 0.068 D_real: 0.018 D_fake: 0.034 att_A: 0.619 L_hall: 0.051 L_inter: 0.000 L_intra: 0.000 L_fsp: 0.450 fsp_3_4: 0.153 fsp_4_5: 0.160 fsp_5_6: 0.116 fsp_6_7: 0.021 
(epoch: 21, iters: 8560, time: 0.033) G_GAN: 0.973 G_L1: 0.373 G_SSIM: 0.397 H_L1: 0.114 H_SSIM: 0.569 D_real: 0.010 D_fake: 0.007 att_A: 0.757 L_hall: 0.050 L_inter: 0.000 L_intra: 0.000 L_fsp: 0.369 fsp_3_4: 0.104 fsp_4_5: 0.126 fsp_5_6: 0.112 fsp_6_7: 0.026 
(epoch: 21, iters: 8660, time: 0.033) G_GAN: 1.078 G_L1: 0.368 G_SSIM: 0.304 H_L1: 0.122 H_SSIM: 0.465 D_real: 0.018 D_fake: 0.009 att_A: 0.652 L_hall: 0.043 L_inter: 0.000 L_intra: 0.000 L_fsp: 0.223 fsp_3_4: 0.079 fsp_4_5: 0.097 fsp_5_6: 0.042 fsp_6_7: 0.005 
(epoch: 21, iters: 8760, time: 0.036) G_GAN: 0.889 G_L1: 0.238 G_SSIM: 0.168 H_L1: 0.099 H_SSIM: 0.384 D_real: 0.015 D_fake: 0.014 att_A: 0.635 L_hall: 0.046 L_inter: 0.000 L_intra: 0.000 L_fsp: 0.235 fsp_3_4: 0.063 fsp_4_5: 0.084 fsp_5_6: 0.070 fsp_6_7: 0.018 
(epoch: 21, iters: 8860, time: 0.034) G_GAN: 1.139 G_L1: 0.628 G_SSIM: 0.400 H_L1: 0.193 H_SSIM: 0.485 D_real: 0.015 D_fake: 0.005 att_A: 0.654 L_hall: 0.056 L_inter: 0.000 L_intra: 0.000 L_fsp: 0.574 fsp_3_4: 0.113 fsp_4_5: 0.163 fsp_5_6: 0.199 fsp_6_7: 0.099 
(epoch: 21, iters: 8960, time: 0.056) G_GAN: 1.020 G_L1: 0.240 G_SSIM: 0.151 H_L1: 0.104 H_SSIM: 0.308 D_real: 0.018 D_fake: 0.010 att_A: 0.729 L_hall: 0.042 L_inter: 0.000 L_intra: 0.000 L_fsp: 0.281 fsp_3_4: 0.069 fsp_4_5: 0.096 fsp_5_6: 0.068 fsp_6_7: 0.048 
(epoch: 21, iters: 9060, time: 0.034) G_GAN: 0.255 G_L1: 0.211 G_SSIM: 0.155 H_L1: 0.117 H_SSIM: 0.263 D_real: 0.013 D_fake: 0.268 att_A: 0.419 L_hall: 0.042 L_inter: 0.000 L_intra: 0.000 L_fsp: 0.228 fsp_3_4: 0.075 fsp_4_5: 0.105 fsp_5_6: 0.044 fsp_6_7: 0.004 
epoch 21  fsp_3_4:0.100052  fsp_3_4_degen:0.000000  fsp_4_5:0.118855  fsp_4_5_degen:0.000000  fsp_5_6:0.082873  fsp_5_6_degen:0.000000  fsp_6_7:0.023355  fsp_6_7_degen:0.000000
End of epoch 21 / 30 	 Time Taken: 453 sec
learning rate = 0.0001125
(epoch: 22, iters: 33, time: 0.035) G_GAN: 0.485 G_L1: 0.054 G_SSIM: 0.016 H_L1: 0.077 H_SSIM: 0.073 D_real: 0.165 D_fake: 0.117 att_A: 0.677 L_hall: 0.040 L_inter: 0.000 L_intra: 0.000 L_fsp: 0.281 fsp_3_4: 0.073 fsp_4_5: 0.115 fsp_5_6: 0.074 fsp_6_7: 0.020 
(epoch: 22, iters: 133, time: 0.034) G_GAN: 0.787 G_L1: 0.310 G_SSIM: 0.215 H_L1: 0.084 H_SSIM: 0.332 D_real: 0.033 D_fake: 0.047 att_A: 0.638 L_hall: 0.047 L_inter: 0.000 L_intra: 0.000 L_fsp: 0.346 fsp_3_4: 0.103 fsp_4_5: 0.141 fsp_5_6: 0.083 fsp_6_7: 0.019 
(epoch: 22, iters: 233, time: 0.034) G_GAN: 0.882 G_L1: 0.457 G_SSIM: 0.406 H_L1: 0.126 H_SSIM: 0.473 D_real: 0.012 D_fake: 0.010 att_A: 0.948 L_hall: 0.056 L_inter: 0.000 L_intra: 0.000 L_fsp: 0.399 fsp_3_4: 0.099 fsp_4_5: 0.160 fsp_5_6: 0.102 fsp_6_7: 0.038 
(epoch: 22, iters: 333, time: 0.050) G_GAN: 1.058 G_L1: 0.242 G_SSIM: 0.249 H_L1: 0.078 H_SSIM: 0.394 D_real: 0.016 D_fake: 0.013 att_A: 0.931 L_hall: 0.053 L_inter: 0.000 L_intra: 0.000 L_fsp: 0.522 fsp_3_4: 0.204 fsp_4_5: 0.166 fsp_5_6: 0.117 fsp_6_7: 0.036 
(epoch: 22, iters: 433, time: 0.034) G_GAN: 1.018 G_L1: 0.376 G_SSIM: 0.301 H_L1: 0.094 H_SSIM: 0.448 D_real: 0.017 D_fake: 0.056 att_A: 0.920 L_hall: 0.052 L_inter: 0.000 L_intra: 0.000 L_fsp: 0.399 fsp_3_4: 0.145 fsp_4_5: 0.150 fsp_5_6: 0.091 fsp_6_7: 0.012 
(epoch: 22, iters: 533, time: 0.034) G_GAN: 0.325 G_L1: 0.231 G_SSIM: 0.171 H_L1: 0.122 H_SSIM: 0.284 D_real: 0.016 D_fake: 0.210 att_A: 0.388 L_hall: 0.040 L_inter: 0.000 L_intra: 0.000 L_fsp: 0.198 fsp_3_4: 0.070 fsp_4_5: 0.086 fsp_5_6: 0.039 fsp_6_7: 0.004 
(epoch: 22, iters: 633, time: 0.040) G_GAN: 0.874 G_L1: 0.090 G_SSIM: 0.044 H_L1: 0.080 H_SSIM: 0.090 D_real: 0.086 D_fake: 0.013 att_A: 0.486 L_hall: 0.045 L_inter: 0.000 L_intra: 0.000 L_fsp: 0.280 fsp_3_4: 0.077 fsp_4_5: 0.089 fsp_5_6: 0.100 fsp_6_7: 0.014 
(epoch: 22, iters: 733, time: 0.034) G_GAN: 0.985 G_L1: 0.298 G_SSIM: 0.230 H_L1: 0.100 H_SSIM: 0.370 D_real: 0.015 D_fake: 0.274 att_A: 0.497 L_hall: 0.041 L_inter: 0.000 L_intra: 0.000 L_fsp: 0.235 fsp_3_4: 0.088 fsp_4_5: 0.092 fsp_5_6: 0.050 fsp_6_7: 0.005 
(epoch: 22, iters: 833, time: 0.050) G_GAN: 0.918 G_L1: 0.303 G_SSIM: 0.199 H_L1: 0.103 H_SSIM: 0.448 D_real: 0.011 D_fake: 0.011 att_A: 0.679 L_hall: 0.041 L_inter: 0.000 L_intra: 0.000 L_fsp: 0.255 fsp_3_4: 0.087 fsp_4_5: 0.098 fsp_5_6: 0.058 fsp_6_7: 0.013 
(epoch: 22, iters: 933, time: 0.034) G_GAN: 1.142 G_L1: 0.275 G_SSIM: 0.175 H_L1: 0.086 H_SSIM: 0.331 D_real: 0.007 D_fake: 0.010 att_A: 0.599 L_hall: 0.043 L_inter: 0.000 L_intra: 0.000 L_fsp: 0.380 fsp_3_4: 0.105 fsp_4_5: 0.160 fsp_5_6: 0.090 fsp_6_7: 0.024 
(epoch: 22, iters: 1033, time: 0.035) G_GAN: 1.144 G_L1: 0.509 G_SSIM: 0.486 H_L1: 0.145 H_SSIM: 0.550 D_real: 0.028 D_fake: 0.009 att_A: 0.941 L_hall: 0.057 L_inter: 0.000 L_intra: 0.000 L_fsp: 0.471 fsp_3_4: 0.108 fsp_4_5: 0.160 fsp_5_6: 0.155 fsp_6_7: 0.048 
(epoch: 22, iters: 1133, time: 0.035) G_GAN: 0.924 G_L1: 0.221 G_SSIM: 0.202 H_L1: 0.132 H_SSIM: 0.349 D_real: 0.234 D_fake: 0.025 att_A: 0.614 L_hall: 0.041 L_inter: 0.000 L_intra: 0.000 L_fsp: 0.231 fsp_3_4: 0.081 fsp_4_5: 0.083 fsp_5_6: 0.055 fsp_6_7: 0.012 
(epoch: 22, iters: 1233, time: 0.033) G_GAN: 0.686 G_L1: 0.231 G_SSIM: 0.098 H_L1: 0.099 H_SSIM: 0.213 D_real: 0.049 D_fake: 0.070 att_A: 0.504 L_hall: 0.037 L_inter: 0.000 L_intra: 0.000 L_fsp: 0.280 fsp_3_4: 0.096 fsp_4_5: 0.103 fsp_5_6: 0.050 fsp_6_7: 0.031 
(epoch: 22, iters: 1333, time: 0.061) G_GAN: 0.741 G_L1: 0.165 G_SSIM: 0.101 H_L1: 0.074 H_SSIM: 0.295 D_real: 0.020 D_fake: 0.139 att_A: 0.609 L_hall: 0.045 L_inter: 0.000 L_intra: 0.000 L_fsp: 0.270 fsp_3_4: 0.086 fsp_4_5: 0.097 fsp_5_6: 0.069 fsp_6_7: 0.019 
(epoch: 22, iters: 1433, time: 0.035) G_GAN: 1.213 G_L1: 0.426 G_SSIM: 0.332 H_L1: 0.156 H_SSIM: 0.442 D_real: 0.014 D_fake: 0.012 att_A: 0.865 L_hall: 0.052 L_inter: 0.000 L_intra: 0.000 L_fsp: 0.500 fsp_3_4: 0.143 fsp_4_5: 0.184 fsp_5_6: 0.142 fsp_6_7: 0.031 
(epoch: 22, iters: 1533, time: 0.035) G_GAN: 1.186 G_L1: 0.487 G_SSIM: 0.460 H_L1: 0.143 H_SSIM: 0.564 D_real: 0.011 D_fake: 0.013 att_A: 0.637 L_hall: 0.050 L_inter: 0.000 L_intra: 0.000 L_fsp: 0.244 fsp_3_4: 0.076 fsp_4_5: 0.091 fsp_5_6: 0.065 fsp_6_7: 0.012 
(epoch: 22, iters: 1633, time: 0.034) G_GAN: 0.166 G_L1: 0.080 G_SSIM: 0.032 H_L1: 0.072 H_SSIM: 0.097 D_real: 0.022 D_fake: 0.115 att_A: 0.682 L_hall: 0.046 L_inter: 0.000 L_intra: 0.000 L_fsp: 0.309 fsp_3_4: 0.085 fsp_4_5: 0.108 fsp_5_6: 0.097 fsp_6_7: 0.020 
(epoch: 22, iters: 1733, time: 0.034) G_GAN: 0.995 G_L1: 0.168 G_SSIM: 0.117 H_L1: 0.071 H_SSIM: 0.258 D_real: 0.032 D_fake: 0.009 att_A: 0.669 L_hall: 0.045 L_inter: 0.000 L_intra: 0.000 L_fsp: 0.292 fsp_3_4: 0.098 fsp_4_5: 0.120 fsp_5_6: 0.061 fsp_6_7: 0.013 
(epoch: 22, iters: 1833, time: 0.060) G_GAN: 1.082 G_L1: 0.571 G_SSIM: 0.541 H_L1: 0.118 H_SSIM: 0.617 D_real: 0.011 D_fake: 0.169 att_A: 0.956 L_hall: 0.056 L_inter: 0.000 L_intra: 0.000 L_fsp: 0.332 fsp_3_4: 0.089 fsp_4_5: 0.138 fsp_5_6: 0.088 fsp_6_7: 0.018 
(epoch: 22, iters: 1933, time: 0.035) G_GAN: 0.916 G_L1: 0.471 G_SSIM: 0.361 H_L1: 0.137 H_SSIM: 0.457 D_real: 0.008 D_fake: 0.013 att_A: 0.899 L_hall: 0.055 L_inter: 0.000 L_intra: 0.000 L_fsp: 0.482 fsp_3_4: 0.149 fsp_4_5: 0.163 fsp_5_6: 0.137 fsp_6_7: 0.033 
(epoch: 22, iters: 2033, time: 0.035) G_GAN: 1.040 G_L1: 0.366 G_SSIM: 0.299 H_L1: 0.096 H_SSIM: 0.419 D_real: 0.011 D_fake: 0.003 att_A: 0.850 L_hall: 0.050 L_inter: 0.000 L_intra: 0.000 L_fsp: 0.376 fsp_3_4: 0.132 fsp_4_5: 0.119 fsp_5_6: 0.091 fsp_6_7: 0.034 
(epoch: 22, iters: 2133, time: 0.035) G_GAN: 0.949 G_L1: 0.484 G_SSIM: 0.382 H_L1: 0.128 H_SSIM: 0.525 D_real: 0.015 D_fake: 0.007 att_A: 0.853 L_hall: 0.051 L_inter: 0.000 L_intra: 0.000 L_fsp: 0.378 fsp_3_4: 0.154 fsp_4_5: 0.134 fsp_5_6: 0.081 fsp_6_7: 0.010 
(epoch: 22, iters: 2233, time: 0.034) G_GAN: 0.511 G_L1: 0.046 G_SSIM: 0.012 H_L1: 0.076 H_SSIM: 0.081 D_real: 0.022 D_fake: 0.015 att_A: 0.764 L_hall: 0.051 L_inter: 0.000 L_intra: 0.000 L_fsp: 0.459 fsp_3_4: 0.161 fsp_4_5: 0.147 fsp_5_6: 0.131 fsp_6_7: 0.020 
(epoch: 22, iters: 2333, time: 0.049) G_GAN: 1.095 G_L1: 0.314 G_SSIM: 0.267 H_L1: 0.092 H_SSIM: 0.406 D_real: 0.030 D_fake: 0.017 att_A: 0.704 L_hall: 0.040 L_inter: 0.000 L_intra: 0.000 L_fsp: 0.283 fsp_3_4: 0.092 fsp_4_5: 0.119 fsp_5_6: 0.055 fsp_6_7: 0.018 
(epoch: 22, iters: 2433, time: 0.034) G_GAN: 0.866 G_L1: 0.352 G_SSIM: 0.287 H_L1: 0.089 H_SSIM: 0.399 D_real: 0.012 D_fake: 0.008 att_A: 0.523 L_hall: 0.048 L_inter: 0.000 L_intra: 0.000 L_fsp: 0.271 fsp_3_4: 0.082 fsp_4_5: 0.118 fsp_5_6: 0.062 fsp_6_7: 0.009 
(epoch: 22, iters: 2533, time: 0.033) G_GAN: 1.275 G_L1: 0.279 G_SSIM: 0.207 H_L1: 0.078 H_SSIM: 0.333 D_real: 0.064 D_fake: 0.030 att_A: 0.576 L_hall: 0.043 L_inter: 0.000 L_intra: 0.000 L_fsp: 0.244 fsp_3_4: 0.076 fsp_4_5: 0.086 fsp_5_6: 0.070 fsp_6_7: 0.013 
(epoch: 22, iters: 2633, time: 0.033) G_GAN: 0.751 G_L1: 0.050 G_SSIM: 0.009 H_L1: 0.075 H_SSIM: 0.037 D_real: 0.154 D_fake: 0.167 att_A: 0.474 L_hall: 0.048 L_inter: 0.000 L_intra: 0.000 L_fsp: 0.424 fsp_3_4: 0.065 fsp_4_5: 0.170 fsp_5_6: 0.171 fsp_6_7: 0.017 
(epoch: 22, iters: 2733, time: 0.033) G_GAN: 0.958 G_L1: 0.232 G_SSIM: 0.190 H_L1: 0.118 H_SSIM: 0.306 D_real: 0.032 D_fake: 0.011 att_A: 0.473 L_hall: 0.035 L_inter: 0.000 L_intra: 0.000 L_fsp: 0.162 fsp_3_4: 0.057 fsp_4_5: 0.064 fsp_5_6: 0.032 fsp_6_7: 0.009 
(epoch: 22, iters: 2833, time: 0.049) G_GAN: 1.263 G_L1: 0.353 G_SSIM: 0.273 H_L1: 0.122 H_SSIM: 0.479 D_real: 0.013 D_fake: 0.031 att_A: 0.688 L_hall: 0.046 L_inter: 0.000 L_intra: 0.000 L_fsp: 0.389 fsp_3_4: 0.129 fsp_4_5: 0.164 fsp_5_6: 0.081 fsp_6_7: 0.014 
(epoch: 22, iters: 2933, time: 0.034) G_GAN: 0.857 G_L1: 0.212 G_SSIM: 0.154 H_L1: 0.104 H_SSIM: 0.333 D_real: 0.007 D_fake: 0.016 att_A: 0.620 L_hall: 0.046 L_inter: 0.000 L_intra: 0.000 L_fsp: 0.302 fsp_3_4: 0.089 fsp_4_5: 0.109 fsp_5_6: 0.081 fsp_6_7: 0.023 
(epoch: 22, iters: 3033, time: 0.034) G_GAN: 1.145 G_L1: 0.177 G_SSIM: 0.110 H_L1: 0.110 H_SSIM: 0.311 D_real: 0.026 D_fake: 0.014 att_A: 0.471 L_hall: 0.043 L_inter: 0.000 L_intra: 0.000 L_fsp: 0.242 fsp_3_4: 0.088 fsp_4_5: 0.094 fsp_5_6: 0.048 fsp_6_7: 0.013 
(epoch: 22, iters: 3133, time: 0.034) G_GAN: 0.873 G_L1: 0.340 G_SSIM: 0.296 H_L1: 0.117 H_SSIM: 0.599 D_real: 0.007 D_fake: 0.006 att_A: 0.748 L_hall: 0.043 L_inter: 0.000 L_intra: 0.000 L_fsp: 0.239 fsp_3_4: 0.069 fsp_4_5: 0.100 fsp_5_6: 0.057 fsp_6_7: 0.013 
(epoch: 22, iters: 3233, time: 0.034) G_GAN: 0.677 G_L1: 0.155 G_SSIM: 0.076 H_L1: 0.086 H_SSIM: 0.245 D_real: 0.045 D_fake: 0.009 att_A: 0.392 L_hall: 0.042 L_inter: 0.000 L_intra: 0.000 L_fsp: 0.214 fsp_3_4: 0.076 fsp_4_5: 0.085 fsp_5_6: 0.045 fsp_6_7: 0.007 
(epoch: 22, iters: 3333, time: 0.049) G_GAN: 0.403 G_L1: 0.226 G_SSIM: 0.129 H_L1: 0.098 H_SSIM: 0.255 D_real: 0.009 D_fake: 0.156 att_A: 0.447 L_hall: 0.039 L_inter: 0.000 L_intra: 0.000 L_fsp: 0.250 fsp_3_4: 0.085 fsp_4_5: 0.103 fsp_5_6: 0.049 fsp_6_7: 0.013 
saving the latest model (epoch 22, total_steps 195000)
(epoch: 22, iters: 3433, time: 0.033) G_GAN: 1.488 G_L1: 0.251 G_SSIM: 0.199 H_L1: 0.106 H_SSIM: 0.426 D_real: 0.106 D_fake: 0.054 att_A: 0.623 L_hall: 0.051 L_inter: 0.000 L_intra: 0.000 L_fsp: 0.387 fsp_3_4: 0.099 fsp_4_5: 0.145 fsp_5_6: 0.116 fsp_6_7: 0.028 
(epoch: 22, iters: 3533, time: 0.034) G_GAN: 1.053 G_L1: 0.312 G_SSIM: 0.195 H_L1: 0.110 H_SSIM: 0.354 D_real: 0.009 D_fake: 0.005 att_A: 0.667 L_hall: 0.042 L_inter: 0.000 L_intra: 0.000 L_fsp: 0.247 fsp_3_4: 0.084 fsp_4_5: 0.089 fsp_5_6: 0.057 fsp_6_7: 0.016 
(epoch: 22, iters: 3633, time: 0.033) G_GAN: 1.044 G_L1: 0.019 G_SSIM: 0.002 H_L1: 0.078 H_SSIM: 0.048 D_real: 0.067 D_fake: 0.021 att_A: 0.789 L_hall: 0.043 L_inter: 0.000 L_intra: 0.000 L_fsp: 0.483 fsp_3_4: 0.131 fsp_4_5: 0.165 fsp_5_6: 0.141 fsp_6_7: 0.046 
(epoch: 22, iters: 3733, time: 0.033) G_GAN: 0.823 G_L1: 0.167 G_SSIM: 0.089 H_L1: 0.061 H_SSIM: 0.217 D_real: 0.022 D_fake: 0.005 att_A: 0.477 L_hall: 0.045 L_inter: 0.000 L_intra: 0.000 L_fsp: 0.291 fsp_3_4: 0.113 fsp_4_5: 0.111 fsp_5_6: 0.058 fsp_6_7: 0.010 
(epoch: 22, iters: 3833, time: 0.059) G_GAN: 0.989 G_L1: 0.225 G_SSIM: 0.153 H_L1: 0.095 H_SSIM: 0.298 D_real: 0.012 D_fake: 0.008 att_A: 0.579 L_hall: 0.042 L_inter: 0.000 L_intra: 0.000 L_fsp: 0.303 fsp_3_4: 0.164 fsp_4_5: 0.087 fsp_5_6: 0.043 fsp_6_7: 0.009 
(epoch: 22, iters: 3933, time: 0.034) G_GAN: 0.581 G_L1: 0.138 G_SSIM: 0.054 H_L1: 0.099 H_SSIM: 0.183 D_real: 0.037 D_fake: 0.076 att_A: 0.256 L_hall: 0.037 L_inter: 0.000 L_intra: 0.000 L_fsp: 0.146 fsp_3_4: 0.055 fsp_4_5: 0.053 fsp_5_6: 0.029 fsp_6_7: 0.010 
(epoch: 22, iters: 4033, time: 0.035) G_GAN: 0.917 G_L1: 0.168 G_SSIM: 0.128 H_L1: 0.066 H_SSIM: 0.284 D_real: 0.102 D_fake: 0.198 att_A: 0.704 L_hall: 0.051 L_inter: 0.000 L_intra: 0.000 L_fsp: 0.331 fsp_3_4: 0.097 fsp_4_5: 0.135 fsp_5_6: 0.084 fsp_6_7: 0.015 
(epoch: 22, iters: 4133, time: 0.034) G_GAN: 0.934 G_L1: 0.287 G_SSIM: 0.182 H_L1: 0.096 H_SSIM: 0.303 D_real: 0.016 D_fake: 0.016 att_A: 0.489 L_hall: 0.045 L_inter: 0.000 L_intra: 0.000 L_fsp: 0.257 fsp_3_4: 0.087 fsp_4_5: 0.101 fsp_5_6: 0.056 fsp_6_7: 0.012 
(epoch: 22, iters: 4233, time: 0.034) G_GAN: 1.076 G_L1: 0.222 G_SSIM: 0.206 H_L1: 0.073 H_SSIM: 0.349 D_real: 0.015 D_fake: 0.004 att_A: 0.870 L_hall: 0.053 L_inter: 0.000 L_intra: 0.000 L_fsp: 0.414 fsp_3_4: 0.121 fsp_4_5: 0.142 fsp_5_6: 0.130 fsp_6_7: 0.021 
(epoch: 22, iters: 4333, time: 0.052) G_GAN: 0.920 G_L1: 0.322 G_SSIM: 0.321 H_L1: 0.089 H_SSIM: 0.443 D_real: 0.009 D_fake: 0.007 att_A: 0.689 L_hall: 0.042 L_inter: 0.000 L_intra: 0.000 L_fsp: 0.205 fsp_3_4: 0.069 fsp_4_5: 0.070 fsp_5_6: 0.055 fsp_6_7: 0.012 
(epoch: 22, iters: 4433, time: 0.034) G_GAN: 0.847 G_L1: 0.311 G_SSIM: 0.289 H_L1: 0.069 H_SSIM: 0.375 D_real: 0.013 D_fake: 0.013 att_A: 0.900 L_hall: 0.053 L_inter: 0.000 L_intra: 0.000 L_fsp: 0.487 fsp_3_4: 0.185 fsp_4_5: 0.158 fsp_5_6: 0.110 fsp_6_7: 0.035 
(epoch: 22, iters: 4533, time: 0.034) G_GAN: 0.283 G_L1: 0.132 G_SSIM: 0.076 H_L1: 0.073 H_SSIM: 0.155 D_real: 0.012 D_fake: 0.246 att_A: 0.488 L_hall: 0.031 L_inter: 0.000 L_intra: 0.000 L_fsp: 0.226 fsp_3_4: 0.074 fsp_4_5: 0.094 fsp_5_6: 0.052 fsp_6_7: 0.006 
(epoch: 22, iters: 4633, time: 0.034) G_GAN: 0.852 G_L1: 0.149 G_SSIM: 0.052 H_L1: 0.135 H_SSIM: 0.196 D_real: 0.073 D_fake: 0.024 att_A: 0.636 L_hall: 0.035 L_inter: 0.000 L_intra: 0.000 L_fsp: 0.263 fsp_3_4: 0.089 fsp_4_5: 0.099 fsp_5_6: 0.055 fsp_6_7: 0.019 
(epoch: 22, iters: 4733, time: 0.034) G_GAN: 0.910 G_L1: 0.205 G_SSIM: 0.160 H_L1: 0.105 H_SSIM: 0.281 D_real: 0.041 D_fake: 0.014 att_A: 0.461 L_hall: 0.039 L_inter: 0.000 L_intra: 0.000 L_fsp: 0.203 fsp_3_4: 0.056 fsp_4_5: 0.065 fsp_5_6: 0.057 fsp_6_7: 0.026 
(epoch: 22, iters: 4833, time: 0.050) G_GAN: 0.374 G_L1: 0.053 G_SSIM: 0.009 H_L1: 0.125 H_SSIM: 0.043 D_real: 0.227 D_fake: 0.015 att_A: 0.438 L_hall: 0.041 L_inter: 0.000 L_intra: 0.000 L_fsp: 0.302 fsp_3_4: 0.084 fsp_4_5: 0.080 fsp_5_6: 0.100 fsp_6_7: 0.038 
(epoch: 22, iters: 4933, time: 0.034) G_GAN: 0.914 G_L1: 0.263 G_SSIM: 0.159 H_L1: 0.076 H_SSIM: 0.310 D_real: 0.010 D_fake: 0.008 att_A: 0.865 L_hall: 0.051 L_inter: 0.000 L_intra: 0.000 L_fsp: 0.452 fsp_3_4: 0.131 fsp_4_5: 0.174 fsp_5_6: 0.115 fsp_6_7: 0.033 
(epoch: 22, iters: 5033, time: 0.034) G_GAN: 0.814 G_L1: 0.317 G_SSIM: 0.253 H_L1: 0.104 H_SSIM: 0.354 D_real: 0.018 D_fake: 0.018 att_A: 0.910 L_hall: 0.055 L_inter: 0.000 L_intra: 0.000 L_fsp: 0.314 fsp_3_4: 0.101 fsp_4_5: 0.115 fsp_5_6: 0.086 fsp_6_7: 0.013 
(epoch: 22, iters: 5133, time: 0.033) G_GAN: 1.016 G_L1: 0.303 G_SSIM: 0.262 H_L1: 0.097 H_SSIM: 0.365 D_real: 0.010 D_fake: 0.022 att_A: 0.692 L_hall: 0.045 L_inter: 0.000 L_intra: 0.000 L_fsp: 0.277 fsp_3_4: 0.098 fsp_4_5: 0.099 fsp_5_6: 0.066 fsp_6_7: 0.014 
(epoch: 22, iters: 5233, time: 0.034) G_GAN: 0.980 G_L1: 0.206 G_SSIM: 0.139 H_L1: 0.123 H_SSIM: 0.285 D_real: 0.005 D_fake: 0.013 att_A: 0.722 L_hall: 0.045 L_inter: 0.000 L_intra: 0.000 L_fsp: 0.321 fsp_3_4: 0.087 fsp_4_5: 0.122 fsp_5_6: 0.072 fsp_6_7: 0.040 
(epoch: 22, iters: 5333, time: 0.052) G_GAN: 0.978 G_L1: 0.199 G_SSIM: 0.134 H_L1: 0.082 H_SSIM: 0.346 D_real: 0.029 D_fake: 0.008 att_A: 0.594 L_hall: 0.046 L_inter: 0.000 L_intra: 0.000 L_fsp: 0.242 fsp_3_4: 0.094 fsp_4_5: 0.069 fsp_5_6: 0.069 fsp_6_7: 0.011 
(epoch: 22, iters: 5433, time: 0.034) G_GAN: 0.991 G_L1: 0.173 G_SSIM: 0.088 H_L1: 0.089 H_SSIM: 0.223 D_real: 0.023 D_fake: 0.019 att_A: 0.665 L_hall: 0.038 L_inter: 0.000 L_intra: 0.000 L_fsp: 0.260 fsp_3_4: 0.083 fsp_4_5: 0.096 fsp_5_6: 0.060 fsp_6_7: 0.021 
(epoch: 22, iters: 5533, time: 0.034) G_GAN: 0.909 G_L1: 0.104 G_SSIM: 0.011 H_L1: 0.085 H_SSIM: 0.071 D_real: 0.069 D_fake: 0.015 att_A: 0.827 L_hall: 0.048 L_inter: 0.000 L_intra: 0.000 L_fsp: 0.377 fsp_3_4: 0.082 fsp_4_5: 0.114 fsp_5_6: 0.130 fsp_6_7: 0.051 
(epoch: 22, iters: 5633, time: 0.033) G_GAN: 0.967 G_L1: 0.271 G_SSIM: 0.249 H_L1: 0.077 H_SSIM: 0.410 D_real: 0.023 D_fake: 0.005 att_A: 0.793 L_hall: 0.053 L_inter: 0.000 L_intra: 0.000 L_fsp: 0.386 fsp_3_4: 0.104 fsp_4_5: 0.128 fsp_5_6: 0.114 fsp_6_7: 0.039 
(epoch: 22, iters: 5733, time: 0.034) G_GAN: 0.496 G_L1: 0.264 G_SSIM: 0.228 H_L1: 0.094 H_SSIM: 0.352 D_real: 0.010 D_fake: 0.103 att_A: 0.559 L_hall: 0.042 L_inter: 0.000 L_intra: 0.000 L_fsp: 0.256 fsp_3_4: 0.075 fsp_4_5: 0.100 fsp_5_6: 0.066 fsp_6_7: 0.016 
(epoch: 22, iters: 5833, time: 0.063) G_GAN: 0.838 G_L1: 0.298 G_SSIM: 0.204 H_L1: 0.096 H_SSIM: 0.323 D_real: 0.014 D_fake: 0.017 att_A: 0.668 L_hall: 0.042 L_inter: 0.000 L_intra: 0.000 L_fsp: 0.329 fsp_3_4: 0.102 fsp_4_5: 0.106 fsp_5_6: 0.085 fsp_6_7: 0.036 
(epoch: 22, iters: 5933, time: 0.033) G_GAN: 0.902 G_L1: 0.283 G_SSIM: 0.271 H_L1: 0.081 H_SSIM: 0.396 D_real: 0.019 D_fake: 0.009 att_A: 0.686 L_hall: 0.042 L_inter: 0.000 L_intra: 0.000 L_fsp: 0.326 fsp_3_4: 0.118 fsp_4_5: 0.146 fsp_5_6: 0.051 fsp_6_7: 0.010 
(epoch: 22, iters: 6033, time: 0.034) G_GAN: 1.970 G_L1: 0.071 G_SSIM: 0.011 H_L1: 0.144 H_SSIM: 0.044 D_real: 0.097 D_fake: 0.174 att_A: 0.443 L_hall: 0.044 L_inter: 0.000 L_intra: 0.000 L_fsp: 0.398 fsp_3_4: 0.115 fsp_4_5: 0.090 fsp_5_6: 0.169 fsp_6_7: 0.024 
(epoch: 22, iters: 6133, time: 0.034) G_GAN: 1.035 G_L1: 0.181 G_SSIM: 0.110 H_L1: 0.083 H_SSIM: 0.278 D_real: 0.036 D_fake: 0.095 att_A: 0.610 L_hall: 0.049 L_inter: 0.000 L_intra: 0.000 L_fsp: 0.398 fsp_3_4: 0.097 fsp_4_5: 0.149 fsp_5_6: 0.128 fsp_6_7: 0.024 
(epoch: 22, iters: 6233, time: 0.033) G_GAN: 0.613 G_L1: 0.147 G_SSIM: 0.081 H_L1: 0.070 H_SSIM: 0.249 D_real: 0.025 D_fake: 0.007 att_A: 0.545 L_hall: 0.051 L_inter: 0.000 L_intra: 0.000 L_fsp: 0.329 fsp_3_4: 0.117 fsp_4_5: 0.141 fsp_5_6: 0.059 fsp_6_7: 0.012 
(epoch: 22, iters: 6333, time: 0.049) G_GAN: 1.145 G_L1: 0.309 G_SSIM: 0.258 H_L1: 0.124 H_SSIM: 0.485 D_real: 0.050 D_fake: 0.012 att_A: 0.559 L_hall: 0.049 L_inter: 0.000 L_intra: 0.000 L_fsp: 0.303 fsp_3_4: 0.086 fsp_4_5: 0.122 fsp_5_6: 0.073 fsp_6_7: 0.022 
(epoch: 22, iters: 6433, time: 0.033) G_GAN: 1.014 G_L1: 0.298 G_SSIM: 0.262 H_L1: 0.130 H_SSIM: 0.483 D_real: 0.010 D_fake: 0.008 att_A: 0.609 L_hall: 0.048 L_inter: 0.000 L_intra: 0.000 L_fsp: 0.294 fsp_3_4: 0.095 fsp_4_5: 0.107 fsp_5_6: 0.074 fsp_6_7: 0.017 
(epoch: 22, iters: 6533, time: 0.033) G_GAN: 0.801 G_L1: 0.247 G_SSIM: 0.241 H_L1: 0.072 H_SSIM: 0.355 D_real: 0.034 D_fake: 0.014 att_A: 0.935 L_hall: 0.053 L_inter: 0.000 L_intra: 0.000 L_fsp: 0.446 fsp_3_4: 0.170 fsp_4_5: 0.165 fsp_5_6: 0.091 fsp_6_7: 0.021 
(epoch: 22, iters: 6633, time: 0.034) G_GAN: 0.461 G_L1: 0.233 G_SSIM: 0.124 H_L1: 0.092 H_SSIM: 0.226 D_real: 0.007 D_fake: 0.006 att_A: 0.436 L_hall: 0.042 L_inter: 0.000 L_intra: 0.000 L_fsp: 0.284 fsp_3_4: 0.103 fsp_4_5: 0.104 fsp_5_6: 0.066 fsp_6_7: 0.011 
(epoch: 22, iters: 6733, time: 0.035) G_GAN: 1.010 G_L1: 0.197 G_SSIM: 0.109 H_L1: 0.110 H_SSIM: 0.150 D_real: 0.014 D_fake: 0.016 att_A: 0.541 L_hall: 0.042 L_inter: 0.000 L_intra: 0.000 L_fsp: 0.325 fsp_3_4: 0.099 fsp_4_5: 0.107 fsp_5_6: 0.085 fsp_6_7: 0.034 
(epoch: 22, iters: 6833, time: 0.103) G_GAN: 1.235 G_L1: 0.199 G_SSIM: 0.186 H_L1: 0.068 H_SSIM: 0.299 D_real: 0.008 D_fake: 0.071 att_A: 0.591 L_hall: 0.048 L_inter: 0.000 L_intra: 0.000 L_fsp: 0.279 fsp_3_4: 0.090 fsp_4_5: 0.100 fsp_5_6: 0.073 fsp_6_7: 0.016 
(epoch: 22, iters: 6933, time: 0.036) G_GAN: 0.967 G_L1: 0.424 G_SSIM: 0.454 H_L1: 0.145 H_SSIM: 0.523 D_real: 0.034 D_fake: 0.008 att_A: 0.926 L_hall: 0.056 L_inter: 0.000 L_intra: 0.000 L_fsp: 0.371 fsp_3_4: 0.102 fsp_4_5: 0.123 fsp_5_6: 0.096 fsp_6_7: 0.050 
(epoch: 22, iters: 7033, time: 0.034) G_GAN: 0.645 G_L1: 0.191 G_SSIM: 0.115 H_L1: 0.079 H_SSIM: 0.245 D_real: 0.126 D_fake: 0.054 att_A: 0.375 L_hall: 0.039 L_inter: 0.000 L_intra: 0.000 L_fsp: 0.191 fsp_3_4: 0.071 fsp_4_5: 0.061 fsp_5_6: 0.047 fsp_6_7: 0.012 
(epoch: 22, iters: 7133, time: 0.034) G_GAN: 1.138 G_L1: 0.346 G_SSIM: 0.330 H_L1: 0.099 H_SSIM: 0.431 D_real: 0.010 D_fake: 0.013 att_A: 0.594 L_hall: 0.047 L_inter: 0.000 L_intra: 0.000 L_fsp: 0.211 fsp_3_4: 0.063 fsp_4_5: 0.088 fsp_5_6: 0.050 fsp_6_7: 0.010 
(epoch: 22, iters: 7233, time: 0.034) G_GAN: 0.522 G_L1: 0.097 G_SSIM: 0.033 H_L1: 0.099 H_SSIM: 0.125 D_real: 0.117 D_fake: 0.094 att_A: 0.728 L_hall: 0.034 L_inter: 0.000 L_intra: 0.000 L_fsp: 0.250 fsp_3_4: 0.059 fsp_4_5: 0.080 fsp_5_6: 0.093 fsp_6_7: 0.019 
(epoch: 22, iters: 7333, time: 0.052) G_GAN: 1.019 G_L1: 0.337 G_SSIM: 0.337 H_L1: 0.108 H_SSIM: 0.458 D_real: 0.011 D_fake: 0.023 att_A: 0.675 L_hall: 0.048 L_inter: 0.000 L_intra: 0.000 L_fsp: 0.300 fsp_3_4: 0.096 fsp_4_5: 0.105 fsp_5_6: 0.079 fsp_6_7: 0.020 
(epoch: 22, iters: 7433, time: 0.034) G_GAN: 0.849 G_L1: 0.249 G_SSIM: 0.193 H_L1: 0.098 H_SSIM: 0.351 D_real: 0.023 D_fake: 0.011 att_A: 0.636 L_hall: 0.041 L_inter: 0.000 L_intra: 0.000 L_fsp: 0.225 fsp_3_4: 0.097 fsp_4_5: 0.081 fsp_5_6: 0.039 fsp_6_7: 0.008 
(epoch: 22, iters: 7533, time: 0.033) G_GAN: 0.502 G_L1: 0.165 G_SSIM: 0.096 H_L1: 0.099 H_SSIM: 0.257 D_real: 0.007 D_fake: 0.101 att_A: 0.451 L_hall: 0.045 L_inter: 0.000 L_intra: 0.000 L_fsp: 0.313 fsp_3_4: 0.109 fsp_4_5: 0.125 fsp_5_6: 0.068 fsp_6_7: 0.010 
(epoch: 22, iters: 7633, time: 0.033) G_GAN: 1.040 G_L1: 0.226 G_SSIM: 0.159 H_L1: 0.141 H_SSIM: 0.348 D_real: 0.014 D_fake: 0.004 att_A: 0.808 L_hall: 0.049 L_inter: 0.000 L_intra: 0.000 L_fsp: 0.430 fsp_3_4: 0.162 fsp_4_5: 0.154 fsp_5_6: 0.094 fsp_6_7: 0.021 
(epoch: 22, iters: 7733, time: 0.033) G_GAN: 0.924 G_L1: 0.177 G_SSIM: 0.095 H_L1: 0.068 H_SSIM: 0.245 D_real: 0.027 D_fake: 0.056 att_A: 0.419 L_hall: 0.043 L_inter: 0.000 L_intra: 0.000 L_fsp: 0.243 fsp_3_4: 0.085 fsp_4_5: 0.107 fsp_5_6: 0.044 fsp_6_7: 0.007 
(epoch: 22, iters: 7833, time: 0.047) G_GAN: 1.200 G_L1: 0.268 G_SSIM: 0.277 H_L1: 0.083 H_SSIM: 0.452 D_real: 0.024 D_fake: 0.013 att_A: 0.697 L_hall: 0.046 L_inter: 0.000 L_intra: 0.000 L_fsp: 0.244 fsp_3_4: 0.072 fsp_4_5: 0.088 fsp_5_6: 0.065 fsp_6_7: 0.019 
(epoch: 22, iters: 7933, time: 0.034) G_GAN: 1.144 G_L1: 0.222 G_SSIM: 0.169 H_L1: 0.092 H_SSIM: 0.343 D_real: 0.057 D_fake: 0.013 att_A: 0.663 L_hall: 0.047 L_inter: 0.000 L_intra: 0.000 L_fsp: 0.277 fsp_3_4: 0.088 fsp_4_5: 0.108 fsp_5_6: 0.066 fsp_6_7: 0.015 
(epoch: 22, iters: 8033, time: 0.033) G_GAN: 0.994 G_L1: 0.379 G_SSIM: 0.379 H_L1: 0.094 H_SSIM: 0.494 D_real: 0.020 D_fake: 0.020 att_A: 0.847 L_hall: 0.053 L_inter: 0.000 L_intra: 0.000 L_fsp: 0.337 fsp_3_4: 0.107 fsp_4_5: 0.118 fsp_5_6: 0.093 fsp_6_7: 0.020 
(epoch: 22, iters: 8133, time: 0.034) G_GAN: 0.285 G_L1: 0.187 G_SSIM: 0.081 H_L1: 0.076 H_SSIM: 0.176 D_real: 0.018 D_fake: 0.232 att_A: 0.367 L_hall: 0.033 L_inter: 0.000 L_intra: 0.000 L_fsp: 0.211 fsp_3_4: 0.069 fsp_4_5: 0.096 fsp_5_6: 0.042 fsp_6_7: 0.004 
(epoch: 22, iters: 8233, time: 0.034) G_GAN: 0.864 G_L1: 0.488 G_SSIM: 0.395 H_L1: 0.122 H_SSIM: 0.492 D_real: 0.058 D_fake: 0.016 att_A: 0.638 L_hall: 0.049 L_inter: 0.000 L_intra: 0.000 L_fsp: 0.391 fsp_3_4: 0.113 fsp_4_5: 0.104 fsp_5_6: 0.138 fsp_6_7: 0.035 
(epoch: 22, iters: 8333, time: 0.061) G_GAN: 0.792 G_L1: 0.217 G_SSIM: 0.125 H_L1: 0.089 H_SSIM: 0.247 D_real: 0.009 D_fake: 0.106 att_A: 0.625 L_hall: 0.035 L_inter: 0.000 L_intra: 0.000 L_fsp: 0.225 fsp_3_4: 0.078 fsp_4_5: 0.089 fsp_5_6: 0.047 fsp_6_7: 0.011 
saving the latest model (epoch 22, total_steps 200000)
(epoch: 22, iters: 8433, time: 0.034) G_GAN: 0.689 G_L1: 0.085 G_SSIM: 0.020 H_L1: 0.074 H_SSIM: 0.062 D_real: 0.018 D_fake: 0.049 att_A: 0.679 L_hall: 0.047 L_inter: 0.000 L_intra: 0.000 L_fsp: 0.365 fsp_3_4: 0.093 fsp_4_5: 0.158 fsp_5_6: 0.089 fsp_6_7: 0.025 
(epoch: 22, iters: 8533, time: 0.034) G_GAN: 0.243 G_L1: 0.235 G_SSIM: 0.121 H_L1: 0.083 H_SSIM: 0.220 D_real: 0.010 D_fake: 0.015 att_A: 0.399 L_hall: 0.040 L_inter: 0.000 L_intra: 0.000 L_fsp: 0.198 fsp_3_4: 0.069 fsp_4_5: 0.069 fsp_5_6: 0.052 fsp_6_7: 0.008 
(epoch: 22, iters: 8633, time: 0.034) G_GAN: 1.698 G_L1: 0.033 G_SSIM: 0.006 H_L1: 0.074 H_SSIM: 0.047 D_real: 0.037 D_fake: 0.109 att_A: 0.760 L_hall: 0.054 L_inter: 0.000 L_intra: 0.000 L_fsp: 0.439 fsp_3_4: 0.118 fsp_4_5: 0.162 fsp_5_6: 0.119 fsp_6_7: 0.041 
(epoch: 22, iters: 8733, time: 0.034) G_GAN: 0.727 G_L1: 0.185 G_SSIM: 0.133 H_L1: 0.111 H_SSIM: 0.271 D_real: 0.013 D_fake: 0.012 att_A: 0.467 L_hall: 0.041 L_inter: 0.000 L_intra: 0.000 L_fsp: 0.206 fsp_3_4: 0.067 fsp_4_5: 0.083 fsp_5_6: 0.051 fsp_6_7: 0.005 
(epoch: 22, iters: 8833, time: 0.047) G_GAN: 1.346 G_L1: 0.172 G_SSIM: 0.095 H_L1: 0.076 H_SSIM: 0.224 D_real: 0.079 D_fake: 0.124 att_A: 0.580 L_hall: 0.039 L_inter: 0.000 L_intra: 0.000 L_fsp: 0.298 fsp_3_4: 0.077 fsp_4_5: 0.116 fsp_5_6: 0.078 fsp_6_7: 0.027 
(epoch: 22, iters: 8933, time: 0.034) G_GAN: 0.778 G_L1: 0.146 G_SSIM: 0.071 H_L1: 0.086 H_SSIM: 0.219 D_real: 0.046 D_fake: 0.003 att_A: 0.325 L_hall: 0.044 L_inter: 0.000 L_intra: 0.000 L_fsp: 0.244 fsp_3_4: 0.078 fsp_4_5: 0.113 fsp_5_6: 0.047 fsp_6_7: 0.006 
(epoch: 22, iters: 9033, time: 0.034) G_GAN: 0.570 G_L1: 0.083 G_SSIM: 0.033 H_L1: 0.078 H_SSIM: 0.097 D_real: 0.129 D_fake: 0.020 att_A: 0.689 L_hall: 0.045 L_inter: 0.000 L_intra: 0.000 L_fsp: 0.327 fsp_3_4: 0.082 fsp_4_5: 0.141 fsp_5_6: 0.095 fsp_6_7: 0.009 
epoch 22  fsp_3_4:0.098515  fsp_3_4_degen:0.000000  fsp_4_5:0.115928  fsp_4_5_degen:0.000000  fsp_5_6:0.078302  fsp_5_6_degen:0.000000  fsp_6_7:0.020511  fsp_6_7_degen:0.000000
End of epoch 22 / 30 	 Time Taken: 438 sec
learning rate = 0.0001000
(epoch: 23, iters: 6, time: 0.034) G_GAN: 1.099 G_L1: 0.362 G_SSIM: 0.289 H_L1: 0.101 H_SSIM: 0.432 D_real: 0.021 D_fake: 0.034 att_A: 0.856 L_hall: 0.051 L_inter: 0.000 L_intra: 0.000 L_fsp: 0.372 fsp_3_4: 0.119 fsp_4_5: 0.143 fsp_5_6: 0.095 fsp_6_7: 0.016 
(epoch: 23, iters: 106, time: 0.039) G_GAN: 1.018 G_L1: 0.244 G_SSIM: 0.194 H_L1: 0.085 H_SSIM: 0.305 D_real: 0.117 D_fake: 0.003 att_A: 0.663 L_hall: 0.047 L_inter: 0.000 L_intra: 0.000 L_fsp: 0.403 fsp_3_4: 0.111 fsp_4_5: 0.167 fsp_5_6: 0.094 fsp_6_7: 0.031 
(epoch: 23, iters: 206, time: 0.048) G_GAN: 0.885 G_L1: 0.316 G_SSIM: 0.273 H_L1: 0.104 H_SSIM: 0.483 D_real: 0.038 D_fake: 0.008 att_A: 0.761 L_hall: 0.050 L_inter: 0.000 L_intra: 0.000 L_fsp: 0.402 fsp_3_4: 0.116 fsp_4_5: 0.144 fsp_5_6: 0.112 fsp_6_7: 0.030 
(epoch: 23, iters: 306, time: 0.034) G_GAN: 0.883 G_L1: 0.189 G_SSIM: 0.089 H_L1: 0.083 H_SSIM: 0.197 D_real: 0.300 D_fake: 0.016 att_A: 0.331 L_hall: 0.039 L_inter: 0.000 L_intra: 0.000 L_fsp: 0.210 fsp_3_4: 0.086 fsp_4_5: 0.074 fsp_5_6: 0.042 fsp_6_7: 0.008 
(epoch: 23, iters: 406, time: 0.034) G_GAN: 0.882 G_L1: 0.232 G_SSIM: 0.139 H_L1: 0.081 H_SSIM: 0.243 D_real: 0.018 D_fake: 0.082 att_A: 0.480 L_hall: 0.046 L_inter: 0.000 L_intra: 0.000 L_fsp: 0.321 fsp_3_4: 0.127 fsp_4_5: 0.100 fsp_5_6: 0.072 fsp_6_7: 0.022 
(epoch: 23, iters: 506, time: 0.034) G_GAN: 1.074 G_L1: 0.325 G_SSIM: 0.275 H_L1: 0.107 H_SSIM: 0.422 D_real: 0.017 D_fake: 0.009 att_A: 0.627 L_hall: 0.042 L_inter: 0.000 L_intra: 0.000 L_fsp: 0.226 fsp_3_4: 0.097 fsp_4_5: 0.082 fsp_5_6: 0.037 fsp_6_7: 0.010 
(epoch: 23, iters: 606, time: 0.039) G_GAN: 0.398 G_L1: 0.220 G_SSIM: 0.172 H_L1: 0.120 H_SSIM: 0.297 D_real: 0.018 D_fake: 0.005 att_A: 0.441 L_hall: 0.041 L_inter: 0.000 L_intra: 0.000 L_fsp: 0.203 fsp_3_4: 0.077 fsp_4_5: 0.087 fsp_5_6: 0.028 fsp_6_7: 0.010 
(epoch: 23, iters: 706, time: 0.055) G_GAN: 0.856 G_L1: 0.172 G_SSIM: 0.110 H_L1: 0.072 H_SSIM: 0.295 D_real: 0.141 D_fake: 0.013 att_A: 0.629 L_hall: 0.046 L_inter: 0.000 L_intra: 0.000 L_fsp: 0.318 fsp_3_4: 0.108 fsp_4_5: 0.120 fsp_5_6: 0.075 fsp_6_7: 0.016 
(epoch: 23, iters: 806, time: 0.034) G_GAN: 1.030 G_L1: 0.278 G_SSIM: 0.236 H_L1: 0.094 H_SSIM: 0.363 D_real: 0.016 D_fake: 0.009 att_A: 0.583 L_hall: 0.040 L_inter: 0.000 L_intra: 0.000 L_fsp: 0.174 fsp_3_4: 0.064 fsp_4_5: 0.069 fsp_5_6: 0.036 fsp_6_7: 0.005 
(epoch: 23, iters: 906, time: 0.039) G_GAN: 0.894 G_L1: 0.226 G_SSIM: 0.168 H_L1: 0.108 H_SSIM: 0.359 D_real: 0.010 D_fake: 0.054 att_A: 0.606 L_hall: 0.043 L_inter: 0.000 L_intra: 0.000 L_fsp: 0.228 fsp_3_4: 0.071 fsp_4_5: 0.095 fsp_5_6: 0.047 fsp_6_7: 0.014 
(epoch: 23, iters: 1006, time: 0.034) G_GAN: 0.946 G_L1: 0.194 G_SSIM: 0.136 H_L1: 0.094 H_SSIM: 0.273 D_real: 0.098 D_fake: 0.005 att_A: 0.461 L_hall: 0.043 L_inter: 0.000 L_intra: 0.000 L_fsp: 0.203 fsp_3_4: 0.066 fsp_4_5: 0.092 fsp_5_6: 0.037 fsp_6_7: 0.007 
(epoch: 23, iters: 1106, time: 0.038) G_GAN: 1.208 G_L1: 0.241 G_SSIM: 0.145 H_L1: 0.085 H_SSIM: 0.252 D_real: 0.022 D_fake: 0.020 att_A: 0.502 L_hall: 0.032 L_inter: 0.000 L_intra: 0.000 L_fsp: 0.160 fsp_3_4: 0.048 fsp_4_5: 0.057 fsp_5_6: 0.046 fsp_6_7: 0.009 
(epoch: 23, iters: 1206, time: 0.049) G_GAN: 1.009 G_L1: 0.203 G_SSIM: 0.145 H_L1: 0.097 H_SSIM: 0.260 D_real: 0.024 D_fake: 0.007 att_A: 0.518 L_hall: 0.037 L_inter: 0.000 L_intra: 0.000 L_fsp: 0.197 fsp_3_4: 0.069 fsp_4_5: 0.065 fsp_5_6: 0.051 fsp_6_7: 0.012 
(epoch: 23, iters: 1306, time: 0.036) G_GAN: 0.736 G_L1: 0.526 G_SSIM: 0.375 H_L1: 0.158 H_SSIM: 0.581 D_real: 0.037 D_fake: 0.019 att_A: 0.757 L_hall: 0.052 L_inter: 0.000 L_intra: 0.000 L_fsp: 0.350 fsp_3_4: 0.100 fsp_4_5: 0.148 fsp_5_6: 0.084 fsp_6_7: 0.018 
(epoch: 23, iters: 1406, time: 0.033) G_GAN: 0.678 G_L1: 0.136 G_SSIM: 0.059 H_L1: 0.104 H_SSIM: 0.207 D_real: 0.031 D_fake: 0.053 att_A: 0.276 L_hall: 0.039 L_inter: 0.000 L_intra: 0.000 L_fsp: 0.155 fsp_3_4: 0.066 fsp_4_5: 0.056 fsp_5_6: 0.023 fsp_6_7: 0.009 
(epoch: 23, iters: 1506, time: 0.033) G_GAN: 0.471 G_L1: 0.178 G_SSIM: 0.117 H_L1: 0.080 H_SSIM: 0.223 D_real: 0.009 D_fake: 0.113 att_A: 0.453 L_hall: 0.040 L_inter: 0.000 L_intra: 0.000 L_fsp: 0.169 fsp_3_4: 0.069 fsp_4_5: 0.064 fsp_5_6: 0.034 fsp_6_7: 0.003 
(epoch: 23, iters: 1606, time: 0.034) G_GAN: 0.244 G_L1: 0.158 G_SSIM: 0.053 H_L1: 0.094 H_SSIM: 0.116 D_real: 0.066 D_fake: 0.047 att_A: 0.677 L_hall: 0.037 L_inter: 0.000 L_intra: 0.000 L_fsp: 0.248 fsp_3_4: 0.073 fsp_4_5: 0.088 fsp_5_6: 0.070 fsp_6_7: 0.018 
(epoch: 23, iters: 1706, time: 0.057) G_GAN: 1.176 G_L1: 0.214 G_SSIM: 0.189 H_L1: 0.101 H_SSIM: 0.320 D_real: 0.026 D_fake: 0.003 att_A: 0.564 L_hall: 0.040 L_inter: 0.000 L_intra: 0.000 L_fsp: 0.158 fsp_3_4: 0.046 fsp_4_5: 0.059 fsp_5_6: 0.046 fsp_6_7: 0.008 
(epoch: 23, iters: 1806, time: 0.038) G_GAN: 0.985 G_L1: 0.239 G_SSIM: 0.223 H_L1: 0.058 H_SSIM: 0.367 D_real: 0.024 D_fake: 0.008 att_A: 0.818 L_hall: 0.051 L_inter: 0.000 L_intra: 0.000 L_fsp: 0.341 fsp_3_4: 0.099 fsp_4_5: 0.133 fsp_5_6: 0.094 fsp_6_7: 0.014 
(epoch: 23, iters: 1906, time: 0.034) G_GAN: 0.788 G_L1: 0.262 G_SSIM: 0.161 H_L1: 0.080 H_SSIM: 0.261 D_real: 0.017 D_fake: 0.024 att_A: 0.486 L_hall: 0.042 L_inter: 0.000 L_intra: 0.000 L_fsp: 0.200 fsp_3_4: 0.078 fsp_4_5: 0.071 fsp_5_6: 0.044 fsp_6_7: 0.007 
(epoch: 23, iters: 2006, time: 0.034) G_GAN: 1.019 G_L1: 0.444 G_SSIM: 0.354 H_L1: 0.102 H_SSIM: 0.495 D_real: 0.022 D_fake: 0.029 att_A: 0.850 L_hall: 0.048 L_inter: 0.000 L_intra: 0.000 L_fsp: 0.290 fsp_3_4: 0.080 fsp_4_5: 0.108 fsp_5_6: 0.076 fsp_6_7: 0.027 
(epoch: 23, iters: 2106, time: 0.039) G_GAN: 1.135 G_L1: 0.233 G_SSIM: 0.162 H_L1: 0.091 H_SSIM: 0.327 D_real: 0.018 D_fake: 0.009 att_A: 0.636 L_hall: 0.048 L_inter: 0.000 L_intra: 0.000 L_fsp: 0.305 fsp_3_4: 0.090 fsp_4_5: 0.135 fsp_5_6: 0.068 fsp_6_7: 0.013 
(epoch: 23, iters: 2206, time: 0.049) G_GAN: 0.408 G_L1: 0.203 G_SSIM: 0.111 H_L1: 0.102 H_SSIM: 0.295 D_real: 0.012 D_fake: 0.104 att_A: 0.512 L_hall: 0.046 L_inter: 0.000 L_intra: 0.000 L_fsp: 0.255 fsp_3_4: 0.077 fsp_4_5: 0.091 fsp_5_6: 0.065 fsp_6_7: 0.021 
(epoch: 23, iters: 2306, time: 0.034) G_GAN: 1.031 G_L1: 0.302 G_SSIM: 0.333 H_L1: 0.099 H_SSIM: 0.501 D_real: 0.008 D_fake: 0.005 att_A: 0.822 L_hall: 0.051 L_inter: 0.000 L_intra: 0.000 L_fsp: 0.278 fsp_3_4: 0.087 fsp_4_5: 0.111 fsp_5_6: 0.070 fsp_6_7: 0.010 
(epoch: 23, iters: 2406, time: 0.034) G_GAN: 1.194 G_L1: 0.460 G_SSIM: 0.367 H_L1: 0.175 H_SSIM: 0.455 D_real: 0.018 D_fake: 0.019 att_A: 0.839 L_hall: 0.056 L_inter: 0.000 L_intra: 0.000 L_fsp: 0.609 fsp_3_4: 0.170 fsp_4_5: 0.196 fsp_5_6: 0.202 fsp_6_7: 0.042 
(epoch: 23, iters: 2506, time: 0.035) G_GAN: 0.976 G_L1: 0.314 G_SSIM: 0.331 H_L1: 0.106 H_SSIM: 0.502 D_real: 0.012 D_fake: 0.007 att_A: 0.650 L_hall: 0.044 L_inter: 0.000 L_intra: 0.000 L_fsp: 0.253 fsp_3_4: 0.062 fsp_4_5: 0.086 fsp_5_6: 0.074 fsp_6_7: 0.031 
(epoch: 23, iters: 2606, time: 0.035) G_GAN: 0.926 G_L1: 0.195 G_SSIM: 0.146 H_L1: 0.149 H_SSIM: 0.333 D_real: 0.036 D_fake: 0.008 att_A: 0.793 L_hall: 0.046 L_inter: 0.000 L_intra: 0.000 L_fsp: 0.291 fsp_3_4: 0.101 fsp_4_5: 0.109 fsp_5_6: 0.073 fsp_6_7: 0.009 
(epoch: 23, iters: 2706, time: 0.080) G_GAN: 0.835 G_L1: 0.192 G_SSIM: 0.118 H_L1: 0.120 H_SSIM: 0.299 D_real: 0.010 D_fake: 0.011 att_A: 0.508 L_hall: 0.045 L_inter: 0.000 L_intra: 0.000 L_fsp: 0.283 fsp_3_4: 0.088 fsp_4_5: 0.125 fsp_5_6: 0.056 fsp_6_7: 0.013 
(epoch: 23, iters: 2806, time: 0.034) G_GAN: 0.949 G_L1: 0.072 G_SSIM: 0.019 H_L1: 0.074 H_SSIM: 0.065 D_real: 0.151 D_fake: 0.012 att_A: 0.590 L_hall: 0.048 L_inter: 0.000 L_intra: 0.000 L_fsp: 0.327 fsp_3_4: 0.072 fsp_4_5: 0.114 fsp_5_6: 0.107 fsp_6_7: 0.034 
(epoch: 23, iters: 2906, time: 0.034) G_GAN: 1.098 G_L1: 0.214 G_SSIM: 0.191 H_L1: 0.080 H_SSIM: 0.327 D_real: 0.046 D_fake: 0.008 att_A: 0.609 L_hall: 0.036 L_inter: 0.000 L_intra: 0.000 L_fsp: 0.230 fsp_3_4: 0.070 fsp_4_5: 0.098 fsp_5_6: 0.051 fsp_6_7: 0.011 
(epoch: 23, iters: 3006, time: 0.034) G_GAN: 1.040 G_L1: 0.330 G_SSIM: 0.309 H_L1: 0.080 H_SSIM: 0.442 D_real: 0.016 D_fake: 0.009 att_A: 0.784 L_hall: 0.043 L_inter: 0.000 L_intra: 0.000 L_fsp: 0.311 fsp_3_4: 0.101 fsp_4_5: 0.122 fsp_5_6: 0.073 fsp_6_7: 0.015 
(epoch: 23, iters: 3106, time: 0.033) G_GAN: 1.080 G_L1: 0.514 G_SSIM: 0.568 H_L1: 0.182 H_SSIM: 0.634 D_real: 0.025 D_fake: 0.006 att_A: 0.971 L_hall: 0.059 L_inter: 0.000 L_intra: 0.000 L_fsp: 0.419 fsp_3_4: 0.135 fsp_4_5: 0.183 fsp_5_6: 0.079 fsp_6_7: 0.022 
(epoch: 23, iters: 3206, time: 0.060) G_GAN: 0.956 G_L1: 0.367 G_SSIM: 0.411 H_L1: 0.094 H_SSIM: 0.566 D_real: 0.010 D_fake: 0.004 att_A: 0.812 L_hall: 0.048 L_inter: 0.000 L_intra: 0.000 L_fsp: 0.319 fsp_3_4: 0.102 fsp_4_5: 0.133 fsp_5_6: 0.070 fsp_6_7: 0.015 
(epoch: 23, iters: 3306, time: 0.034) G_GAN: 1.044 G_L1: 0.278 G_SSIM: 0.215 H_L1: 0.094 H_SSIM: 0.374 D_real: 0.011 D_fake: 0.004 att_A: 0.653 L_hall: 0.048 L_inter: 0.000 L_intra: 0.000 L_fsp: 0.382 fsp_3_4: 0.159 fsp_4_5: 0.143 fsp_5_6: 0.067 fsp_6_7: 0.013 
(epoch: 23, iters: 3406, time: 0.034) G_GAN: 1.038 G_L1: 0.312 G_SSIM: 0.236 H_L1: 0.083 H_SSIM: 0.330 D_real: 0.016 D_fake: 0.010 att_A: 0.678 L_hall: 0.048 L_inter: 0.000 L_intra: 0.000 L_fsp: 0.384 fsp_3_4: 0.163 fsp_4_5: 0.115 fsp_5_6: 0.087 fsp_6_7: 0.020 
(epoch: 23, iters: 3506, time: 0.034) G_GAN: 0.878 G_L1: 0.193 G_SSIM: 0.135 H_L1: 0.060 H_SSIM: 0.289 D_real: 0.025 D_fake: 0.010 att_A: 0.694 L_hall: 0.050 L_inter: 0.000 L_intra: 0.000 L_fsp: 0.380 fsp_3_4: 0.129 fsp_4_5: 0.160 fsp_5_6: 0.069 fsp_6_7: 0.023 
(epoch: 23, iters: 3606, time: 0.034) G_GAN: 1.023 G_L1: 0.251 G_SSIM: 0.177 H_L1: 0.077 H_SSIM: 0.286 D_real: 0.011 D_fake: 0.009 att_A: 0.542 L_hall: 0.040 L_inter: 0.000 L_intra: 0.000 L_fsp: 0.252 fsp_3_4: 0.094 fsp_4_5: 0.094 fsp_5_6: 0.053 fsp_6_7: 0.011 
(epoch: 23, iters: 3706, time: 0.053) G_GAN: 0.998 G_L1: 0.288 G_SSIM: 0.296 H_L1: 0.084 H_SSIM: 0.492 D_real: 0.006 D_fake: 0.003 att_A: 0.764 L_hall: 0.047 L_inter: 0.000 L_intra: 0.000 L_fsp: 0.335 fsp_3_4: 0.115 fsp_4_5: 0.119 fsp_5_6: 0.086 fsp_6_7: 0.015 
(epoch: 23, iters: 3806, time: 0.035) G_GAN: 0.991 G_L1: 0.299 G_SSIM: 0.229 H_L1: 0.102 H_SSIM: 0.478 D_real: 0.016 D_fake: 0.031 att_A: 0.712 L_hall: 0.037 L_inter: 0.000 L_intra: 0.000 L_fsp: 0.324 fsp_3_4: 0.105 fsp_4_5: 0.131 fsp_5_6: 0.074 fsp_6_7: 0.014 
(epoch: 23, iters: 3906, time: 0.034) G_GAN: 0.995 G_L1: 0.256 G_SSIM: 0.245 H_L1: 0.071 H_SSIM: 0.378 D_real: 0.007 D_fake: 0.110 att_A: 0.709 L_hall: 0.045 L_inter: 0.000 L_intra: 0.000 L_fsp: 0.209 fsp_3_4: 0.062 fsp_4_5: 0.072 fsp_5_6: 0.058 fsp_6_7: 0.017 
(epoch: 23, iters: 4006, time: 0.035) G_GAN: 0.932 G_L1: 0.254 G_SSIM: 0.250 H_L1: 0.077 H_SSIM: 0.400 D_real: 0.016 D_fake: 0.005 att_A: 0.882 L_hall: 0.049 L_inter: 0.000 L_intra: 0.000 L_fsp: 0.389 fsp_3_4: 0.161 fsp_4_5: 0.141 fsp_5_6: 0.065 fsp_6_7: 0.022 
(epoch: 23, iters: 4106, time: 0.034) G_GAN: 0.544 G_L1: 0.152 G_SSIM: 0.114 H_L1: 0.080 H_SSIM: 0.259 D_real: 0.060 D_fake: 0.079 att_A: 0.516 L_hall: 0.048 L_inter: 0.000 L_intra: 0.000 L_fsp: 0.304 fsp_3_4: 0.106 fsp_4_5: 0.116 fsp_5_6: 0.069 fsp_6_7: 0.014 
(epoch: 23, iters: 4206, time: 0.051) G_GAN: 1.019 G_L1: 0.292 G_SSIM: 0.353 H_L1: 0.092 H_SSIM: 0.491 D_real: 0.010 D_fake: 0.003 att_A: 0.872 L_hall: 0.051 L_inter: 0.000 L_intra: 0.000 L_fsp: 0.384 fsp_3_4: 0.151 fsp_4_5: 0.141 fsp_5_6: 0.083 fsp_6_7: 0.010 
saving the latest model (epoch 23, total_steps 205000)
(epoch: 23, iters: 4306, time: 0.034) G_GAN: 1.055 G_L1: 0.239 G_SSIM: 0.192 H_L1: 0.073 H_SSIM: 0.311 D_real: 0.010 D_fake: 0.010 att_A: 0.701 L_hall: 0.050 L_inter: 0.000 L_intra: 0.000 L_fsp: 0.358 fsp_3_4: 0.104 fsp_4_5: 0.146 fsp_5_6: 0.089 fsp_6_7: 0.020 
(epoch: 23, iters: 4406, time: 0.034) G_GAN: 1.048 G_L1: 0.397 G_SSIM: 0.456 H_L1: 0.104 H_SSIM: 0.664 D_real: 0.015 D_fake: 0.011 att_A: 0.754 L_hall: 0.046 L_inter: 0.000 L_intra: 0.000 L_fsp: 0.259 fsp_3_4: 0.096 fsp_4_5: 0.102 fsp_5_6: 0.050 fsp_6_7: 0.011 
(epoch: 23, iters: 4506, time: 0.034) G_GAN: 0.190 G_L1: 0.253 G_SSIM: 0.164 H_L1: 0.075 H_SSIM: 0.272 D_real: 0.007 D_fake: 0.337 att_A: 0.526 L_hall: 0.038 L_inter: 0.000 L_intra: 0.000 L_fsp: 0.141 fsp_3_4: 0.055 fsp_4_5: 0.046 fsp_5_6: 0.034 fsp_6_7: 0.007 
(epoch: 23, iters: 4606, time: 0.033) G_GAN: 1.181 G_L1: 0.206 G_SSIM: 0.164 H_L1: 0.097 H_SSIM: 0.279 D_real: 0.017 D_fake: 0.016 att_A: 0.488 L_hall: 0.040 L_inter: 0.000 L_intra: 0.000 L_fsp: 0.166 fsp_3_4: 0.061 fsp_4_5: 0.058 fsp_5_6: 0.039 fsp_6_7: 0.008 
(epoch: 23, iters: 4706, time: 0.065) G_GAN: 0.971 G_L1: 0.240 G_SSIM: 0.184 H_L1: 0.082 H_SSIM: 0.344 D_real: 0.023 D_fake: 0.004 att_A: 0.715 L_hall: 0.046 L_inter: 0.000 L_intra: 0.000 L_fsp: 0.316 fsp_3_4: 0.095 fsp_4_5: 0.117 fsp_5_6: 0.090 fsp_6_7: 0.014 
(epoch: 23, iters: 4806, time: 0.034) G_GAN: 0.954 G_L1: 0.277 G_SSIM: 0.208 H_L1: 0.099 H_SSIM: 0.318 D_real: 0.009 D_fake: 0.010 att_A: 0.469 L_hall: 0.040 L_inter: 0.000 L_intra: 0.000 L_fsp: 0.248 fsp_3_4: 0.089 fsp_4_5: 0.103 fsp_5_6: 0.048 fsp_6_7: 0.007 
(epoch: 23, iters: 4906, time: 0.034) G_GAN: 0.633 G_L1: 0.277 G_SSIM: 0.218 H_L1: 0.118 H_SSIM: 0.309 D_real: 0.011 D_fake: 0.057 att_A: 0.507 L_hall: 0.039 L_inter: 0.000 L_intra: 0.000 L_fsp: 0.165 fsp_3_4: 0.053 fsp_4_5: 0.062 fsp_5_6: 0.040 fsp_6_7: 0.010 
(epoch: 23, iters: 5006, time: 0.034) G_GAN: 1.281 G_L1: 0.282 G_SSIM: 0.165 H_L1: 0.119 H_SSIM: 0.332 D_real: 0.019 D_fake: 0.030 att_A: 0.562 L_hall: 0.038 L_inter: 0.000 L_intra: 0.000 L_fsp: 0.278 fsp_3_4: 0.103 fsp_4_5: 0.117 fsp_5_6: 0.047 fsp_6_7: 0.012 
(epoch: 23, iters: 5106, time: 0.034) G_GAN: 0.869 G_L1: 0.302 G_SSIM: 0.210 H_L1: 0.102 H_SSIM: 0.416 D_real: 0.009 D_fake: 0.012 att_A: 0.660 L_hall: 0.046 L_inter: 0.000 L_intra: 0.000 L_fsp: 0.384 fsp_3_4: 0.142 fsp_4_5: 0.157 fsp_5_6: 0.069 fsp_6_7: 0.015 
(epoch: 23, iters: 5206, time: 0.049) G_GAN: 0.635 G_L1: 0.252 G_SSIM: 0.218 H_L1: 0.089 H_SSIM: 0.329 D_real: 0.011 D_fake: 0.057 att_A: 0.577 L_hall: 0.039 L_inter: 0.000 L_intra: 0.000 L_fsp: 0.214 fsp_3_4: 0.070 fsp_4_5: 0.080 fsp_5_6: 0.053 fsp_6_7: 0.012 
(epoch: 23, iters: 5306, time: 0.034) G_GAN: 0.962 G_L1: 0.300 G_SSIM: 0.267 H_L1: 0.076 H_SSIM: 0.347 D_real: 0.009 D_fake: 0.127 att_A: 0.921 L_hall: 0.055 L_inter: 0.000 L_intra: 0.000 L_fsp: 0.420 fsp_3_4: 0.134 fsp_4_5: 0.130 fsp_5_6: 0.108 fsp_6_7: 0.047 
(epoch: 23, iters: 5406, time: 0.034) G_GAN: 0.936 G_L1: 0.350 G_SSIM: 0.280 H_L1: 0.085 H_SSIM: 0.413 D_real: 0.007 D_fake: 0.005 att_A: 0.726 L_hall: 0.040 L_inter: 0.000 L_intra: 0.000 L_fsp: 0.220 fsp_3_4: 0.082 fsp_4_5: 0.082 fsp_5_6: 0.050 fsp_6_7: 0.006 
(epoch: 23, iters: 5506, time: 0.034) G_GAN: 0.846 G_L1: 0.202 G_SSIM: 0.177 H_L1: 0.093 H_SSIM: 0.310 D_real: 0.013 D_fake: 0.017 att_A: 0.555 L_hall: 0.038 L_inter: 0.000 L_intra: 0.000 L_fsp: 0.228 fsp_3_4: 0.079 fsp_4_5: 0.086 fsp_5_6: 0.052 fsp_6_7: 0.011 
(epoch: 23, iters: 5606, time: 0.033) G_GAN: 1.056 G_L1: 0.420 G_SSIM: 0.293 H_L1: 0.135 H_SSIM: 0.397 D_real: 0.008 D_fake: 0.021 att_A: 0.659 L_hall: 0.046 L_inter: 0.000 L_intra: 0.000 L_fsp: 0.346 fsp_3_4: 0.104 fsp_4_5: 0.115 fsp_5_6: 0.100 fsp_6_7: 0.026 
(epoch: 23, iters: 5706, time: 0.050) G_GAN: 0.790 G_L1: 0.342 G_SSIM: 0.282 H_L1: 0.100 H_SSIM: 0.415 D_real: 0.024 D_fake: 0.009 att_A: 0.672 L_hall: 0.041 L_inter: 0.000 L_intra: 0.000 L_fsp: 0.223 fsp_3_4: 0.057 fsp_4_5: 0.086 fsp_5_6: 0.065 fsp_6_7: 0.015 
(epoch: 23, iters: 5806, time: 0.034) G_GAN: 0.983 G_L1: 0.379 G_SSIM: 0.462 H_L1: 0.175 H_SSIM: 0.570 D_real: 0.010 D_fake: 0.007 att_A: 0.917 L_hall: 0.055 L_inter: 0.000 L_intra: 0.000 L_fsp: 0.359 fsp_3_4: 0.106 fsp_4_5: 0.134 fsp_5_6: 0.093 fsp_6_7: 0.027 
(epoch: 23, iters: 5906, time: 0.035) G_GAN: 1.176 G_L1: 0.308 G_SSIM: 0.197 H_L1: 0.125 H_SSIM: 0.346 D_real: 0.015 D_fake: 0.019 att_A: 0.419 L_hall: 0.044 L_inter: 0.000 L_intra: 0.000 L_fsp: 0.202 fsp_3_4: 0.071 fsp_4_5: 0.077 fsp_5_6: 0.049 fsp_6_7: 0.006 
(epoch: 23, iters: 6006, time: 0.034) G_GAN: 1.179 G_L1: 0.112 G_SSIM: 0.041 H_L1: 0.085 H_SSIM: 0.211 D_real: 0.019 D_fake: 0.017 att_A: 0.823 L_hall: 0.054 L_inter: 0.000 L_intra: 0.000 L_fsp: 0.444 fsp_3_4: 0.122 fsp_4_5: 0.143 fsp_5_6: 0.125 fsp_6_7: 0.054 
(epoch: 23, iters: 6106, time: 0.033) G_GAN: 1.160 G_L1: 0.343 G_SSIM: 0.265 H_L1: 0.100 H_SSIM: 0.365 D_real: 0.024 D_fake: 0.010 att_A: 0.931 L_hall: 0.053 L_inter: 0.000 L_intra: 0.000 L_fsp: 0.361 fsp_3_4: 0.130 fsp_4_5: 0.126 fsp_5_6: 0.086 fsp_6_7: 0.020 
(epoch: 23, iters: 6206, time: 0.053) G_GAN: 1.037 G_L1: 0.222 G_SSIM: 0.203 H_L1: 0.104 H_SSIM: 0.317 D_real: 0.011 D_fake: 0.003 att_A: 0.533 L_hall: 0.043 L_inter: 0.000 L_intra: 0.000 L_fsp: 0.203 fsp_3_4: 0.058 fsp_4_5: 0.089 fsp_5_6: 0.043 fsp_6_7: 0.013 
(epoch: 23, iters: 6306, time: 0.034) G_GAN: 1.252 G_L1: 0.221 G_SSIM: 0.159 H_L1: 0.083 H_SSIM: 0.309 D_real: 0.044 D_fake: 0.026 att_A: 0.624 L_hall: 0.046 L_inter: 0.000 L_intra: 0.000 L_fsp: 0.268 fsp_3_4: 0.086 fsp_4_5: 0.107 fsp_5_6: 0.067 fsp_6_7: 0.008 
(epoch: 23, iters: 6406, time: 0.034) G_GAN: 1.108 G_L1: 0.263 G_SSIM: 0.207 H_L1: 0.090 H_SSIM: 0.327 D_real: 0.021 D_fake: 0.007 att_A: 0.788 L_hall: 0.043 L_inter: 0.000 L_intra: 0.000 L_fsp: 0.280 fsp_3_4: 0.075 fsp_4_5: 0.093 fsp_5_6: 0.083 fsp_6_7: 0.029 
(epoch: 23, iters: 6506, time: 0.034) G_GAN: 0.975 G_L1: 0.260 G_SSIM: 0.182 H_L1: 0.079 H_SSIM: 0.314 D_real: 0.012 D_fake: 0.061 att_A: 0.522 L_hall: 0.042 L_inter: 0.000 L_intra: 0.000 L_fsp: 0.233 fsp_3_4: 0.100 fsp_4_5: 0.088 fsp_5_6: 0.036 fsp_6_7: 0.009 
(epoch: 23, iters: 6606, time: 0.035) G_GAN: 1.001 G_L1: 0.236 G_SSIM: 0.161 H_L1: 0.074 H_SSIM: 0.297 D_real: 0.027 D_fake: 0.006 att_A: 0.612 L_hall: 0.044 L_inter: 0.000 L_intra: 0.000 L_fsp: 0.321 fsp_3_4: 0.086 fsp_4_5: 0.132 fsp_5_6: 0.072 fsp_6_7: 0.031 
(epoch: 23, iters: 6706, time: 0.062) G_GAN: 1.031 G_L1: 0.259 G_SSIM: 0.243 H_L1: 0.077 H_SSIM: 0.378 D_real: 0.017 D_fake: 0.006 att_A: 0.732 L_hall: 0.048 L_inter: 0.000 L_intra: 0.000 L_fsp: 0.350 fsp_3_4: 0.084 fsp_4_5: 0.114 fsp_5_6: 0.100 fsp_6_7: 0.053 
(epoch: 23, iters: 6806, time: 0.036) G_GAN: 0.946 G_L1: 0.455 G_SSIM: 0.514 H_L1: 0.109 H_SSIM: 0.680 D_real: 0.010 D_fake: 0.035 att_A: 0.807 L_hall: 0.048 L_inter: 0.000 L_intra: 0.000 L_fsp: 0.328 fsp_3_4: 0.111 fsp_4_5: 0.134 fsp_5_6: 0.069 fsp_6_7: 0.014 
(epoch: 23, iters: 6906, time: 0.034) G_GAN: 0.942 G_L1: 0.269 G_SSIM: 0.223 H_L1: 0.077 H_SSIM: 0.345 D_real: 0.077 D_fake: 0.005 att_A: 0.755 L_hall: 0.048 L_inter: 0.000 L_intra: 0.000 L_fsp: 0.298 fsp_3_4: 0.078 fsp_4_5: 0.105 fsp_5_6: 0.094 fsp_6_7: 0.021 
(epoch: 23, iters: 7006, time: 0.034) G_GAN: 1.151 G_L1: 0.189 G_SSIM: 0.130 H_L1: 0.092 H_SSIM: 0.238 D_real: 0.177 D_fake: 0.022 att_A: 0.481 L_hall: 0.039 L_inter: 0.000 L_intra: 0.000 L_fsp: 0.217 fsp_3_4: 0.063 fsp_4_5: 0.087 fsp_5_6: 0.045 fsp_6_7: 0.022 
(epoch: 23, iters: 7106, time: 0.034) G_GAN: 1.191 G_L1: 0.351 G_SSIM: 0.266 H_L1: 0.094 H_SSIM: 0.424 D_real: 0.029 D_fake: 0.012 att_A: 0.887 L_hall: 0.049 L_inter: 0.000 L_intra: 0.000 L_fsp: 0.423 fsp_3_4: 0.123 fsp_4_5: 0.151 fsp_5_6: 0.108 fsp_6_7: 0.041 
(epoch: 23, iters: 7206, time: 0.057) G_GAN: 1.241 G_L1: 0.547 G_SSIM: 0.348 H_L1: 0.173 H_SSIM: 0.466 D_real: 0.009 D_fake: 0.005 att_A: 0.585 L_hall: 0.052 L_inter: 0.000 L_intra: 0.000 L_fsp: 0.385 fsp_3_4: 0.083 fsp_4_5: 0.131 fsp_5_6: 0.136 fsp_6_7: 0.035 
(epoch: 23, iters: 7306, time: 0.035) G_GAN: 1.142 G_L1: 0.298 G_SSIM: 0.219 H_L1: 0.111 H_SSIM: 0.378 D_real: 0.020 D_fake: 0.016 att_A: 0.604 L_hall: 0.041 L_inter: 0.000 L_intra: 0.000 L_fsp: 0.274 fsp_3_4: 0.088 fsp_4_5: 0.127 fsp_5_6: 0.050 fsp_6_7: 0.009 
(epoch: 23, iters: 7406, time: 0.035) G_GAN: 1.135 G_L1: 0.432 G_SSIM: 0.374 H_L1: 0.107 H_SSIM: 0.475 D_real: 0.037 D_fake: 0.133 att_A: 0.950 L_hall: 0.053 L_inter: 0.000 L_intra: 0.000 L_fsp: 0.410 fsp_3_4: 0.114 fsp_4_5: 0.135 fsp_5_6: 0.130 fsp_6_7: 0.030 
(epoch: 23, iters: 7506, time: 0.034) G_GAN: 1.047 G_L1: 0.406 G_SSIM: 0.404 H_L1: 0.122 H_SSIM: 0.558 D_real: 0.010 D_fake: 0.144 att_A: 0.870 L_hall: 0.047 L_inter: 0.000 L_intra: 0.000 L_fsp: 0.394 fsp_3_4: 0.094 fsp_4_5: 0.156 fsp_5_6: 0.126 fsp_6_7: 0.018 
(epoch: 23, iters: 7606, time: 0.035) G_GAN: 0.670 G_L1: 0.071 G_SSIM: 0.027 H_L1: 0.066 H_SSIM: 0.115 D_real: 0.026 D_fake: 0.051 att_A: 0.764 L_hall: 0.053 L_inter: 0.000 L_intra: 0.000 L_fsp: 0.453 fsp_3_4: 0.184 fsp_4_5: 0.136 fsp_5_6: 0.091 fsp_6_7: 0.042 
(epoch: 23, iters: 7706, time: 0.052) G_GAN: 1.079 G_L1: 0.266 G_SSIM: 0.184 H_L1: 0.097 H_SSIM: 0.329 D_real: 0.005 D_fake: 0.007 att_A: 0.565 L_hall: 0.044 L_inter: 0.000 L_intra: 0.000 L_fsp: 0.270 fsp_3_4: 0.110 fsp_4_5: 0.091 fsp_5_6: 0.056 fsp_6_7: 0.012 
(epoch: 23, iters: 7806, time: 0.034) G_GAN: 0.557 G_L1: 0.031 G_SSIM: 0.008 H_L1: 0.071 H_SSIM: 0.047 D_real: 0.037 D_fake: 0.082 att_A: 0.676 L_hall: 0.030 L_inter: 0.000 L_intra: 0.000 L_fsp: 0.234 fsp_3_4: 0.049 fsp_4_5: 0.087 fsp_5_6: 0.085 fsp_6_7: 0.014 
(epoch: 23, iters: 7906, time: 0.034) G_GAN: 1.085 G_L1: 0.204 G_SSIM: 0.190 H_L1: 0.108 H_SSIM: 0.316 D_real: 0.037 D_fake: 0.009 att_A: 0.513 L_hall: 0.040 L_inter: 0.000 L_intra: 0.000 L_fsp: 0.188 fsp_3_4: 0.068 fsp_4_5: 0.078 fsp_5_6: 0.037 fsp_6_7: 0.006 
(epoch: 23, iters: 8006, time: 0.034) G_GAN: 0.289 G_L1: 0.074 G_SSIM: 0.012 H_L1: 0.131 H_SSIM: 0.044 D_real: 0.045 D_fake: 0.009 att_A: 0.401 L_hall: 0.048 L_inter: 0.000 L_intra: 0.000 L_fsp: 0.368 fsp_3_4: 0.080 fsp_4_5: 0.111 fsp_5_6: 0.136 fsp_6_7: 0.040 
(epoch: 23, iters: 8106, time: 0.035) G_GAN: 0.929 G_L1: 0.308 G_SSIM: 0.252 H_L1: 0.096 H_SSIM: 0.352 D_real: 0.013 D_fake: 0.014 att_A: 0.908 L_hall: 0.055 L_inter: 0.000 L_intra: 0.000 L_fsp: 0.322 fsp_3_4: 0.097 fsp_4_5: 0.116 fsp_5_6: 0.095 fsp_6_7: 0.013 
(epoch: 23, iters: 8206, time: 0.051) G_GAN: 1.147 G_L1: 0.299 G_SSIM: 0.254 H_L1: 0.083 H_SSIM: 0.369 D_real: 0.027 D_fake: 0.010 att_A: 0.645 L_hall: 0.043 L_inter: 0.000 L_intra: 0.000 L_fsp: 0.307 fsp_3_4: 0.081 fsp_4_5: 0.109 fsp_5_6: 0.099 fsp_6_7: 0.019 
(epoch: 23, iters: 8306, time: 0.034) G_GAN: 1.137 G_L1: 0.180 G_SSIM: 0.119 H_L1: 0.073 H_SSIM: 0.223 D_real: 0.007 D_fake: 0.009 att_A: 0.700 L_hall: 0.046 L_inter: 0.000 L_intra: 0.000 L_fsp: 0.309 fsp_3_4: 0.092 fsp_4_5: 0.122 fsp_5_6: 0.076 fsp_6_7: 0.019 
(epoch: 23, iters: 8406, time: 0.034) G_GAN: 0.869 G_L1: 0.369 G_SSIM: 0.424 H_L1: 0.146 H_SSIM: 0.566 D_real: 0.021 D_fake: 0.026 att_A: 0.784 L_hall: 0.052 L_inter: 0.000 L_intra: 0.000 L_fsp: 0.361 fsp_3_4: 0.093 fsp_4_5: 0.137 fsp_5_6: 0.101 fsp_6_7: 0.031 
(epoch: 23, iters: 8506, time: 0.034) G_GAN: 0.741 G_L1: 0.040 G_SSIM: 0.008 H_L1: 0.077 H_SSIM: 0.033 D_real: 0.083 D_fake: 0.010 att_A: 0.405 L_hall: 0.047 L_inter: 0.000 L_intra: 0.000 L_fsp: 0.361 fsp_3_4: 0.078 fsp_4_5: 0.126 fsp_5_6: 0.130 fsp_6_7: 0.027 
(epoch: 23, iters: 8606, time: 0.035) G_GAN: 1.165 G_L1: 0.304 G_SSIM: 0.256 H_L1: 0.094 H_SSIM: 0.366 D_real: 0.016 D_fake: 0.014 att_A: 0.619 L_hall: 0.043 L_inter: 0.000 L_intra: 0.000 L_fsp: 0.246 fsp_3_4: 0.072 fsp_4_5: 0.094 fsp_5_6: 0.065 fsp_6_7: 0.015 
(epoch: 23, iters: 8706, time: 0.086) G_GAN: 0.974 G_L1: 0.243 G_SSIM: 0.137 H_L1: 0.087 H_SSIM: 0.273 D_real: 0.143 D_fake: 0.010 att_A: 0.592 L_hall: 0.046 L_inter: 0.000 L_intra: 0.000 L_fsp: 0.360 fsp_3_4: 0.082 fsp_4_5: 0.120 fsp_5_6: 0.124 fsp_6_7: 0.034 
(epoch: 23, iters: 8806, time: 0.036) G_GAN: 0.874 G_L1: 0.235 G_SSIM: 0.190 H_L1: 0.084 H_SSIM: 0.362 D_real: 0.044 D_fake: 0.011 att_A: 0.740 L_hall: 0.053 L_inter: 0.000 L_intra: 0.000 L_fsp: 0.375 fsp_3_4: 0.115 fsp_4_5: 0.138 fsp_5_6: 0.104 fsp_6_7: 0.018 
(epoch: 23, iters: 8906, time: 0.034) G_GAN: 1.083 G_L1: 0.235 G_SSIM: 0.177 H_L1: 0.095 H_SSIM: 0.326 D_real: 0.008 D_fake: 0.007 att_A: 0.630 L_hall: 0.047 L_inter: 0.000 L_intra: 0.000 L_fsp: 0.305 fsp_3_4: 0.081 fsp_4_5: 0.118 fsp_5_6: 0.089 fsp_6_7: 0.018 
(epoch: 23, iters: 9006, time: 0.034) G_GAN: 1.077 G_L1: 0.403 G_SSIM: 0.358 H_L1: 0.176 H_SSIM: 0.441 D_real: 0.028 D_fake: 0.006 att_A: 0.960 L_hall: 0.058 L_inter: 0.000 L_intra: 0.000 L_fsp: 0.456 fsp_3_4: 0.116 fsp_4_5: 0.177 fsp_5_6: 0.151 fsp_6_7: 0.011 
(epoch: 23, iters: 9106, time: 0.034) G_GAN: 0.871 G_L1: 0.187 G_SSIM: 0.118 H_L1: 0.096 H_SSIM: 0.324 D_real: 0.012 D_fake: 0.015 att_A: 0.543 L_hall: 0.041 L_inter: 0.000 L_intra: 0.000 L_fsp: 0.230 fsp_3_4: 0.094 fsp_4_5: 0.083 fsp_5_6: 0.043 fsp_6_7: 0.010 
epoch 23  fsp_3_4:0.097001  fsp_3_4_degen:0.000000  fsp_4_5:0.113061  fsp_4_5_degen:0.000000  fsp_5_6:0.074105  fsp_5_6_degen:0.000000  fsp_6_7:0.018132  fsp_6_7_degen:0.000000
End of epoch 23 / 30 	 Time Taken: 422 sec
learning rate = 0.0000875
(epoch: 24, iters: 79, time: 0.054) G_GAN: 0.934 G_L1: 0.207 G_SSIM: 0.164 H_L1: 0.104 H_SSIM: 0.289 D_real: 0.024 D_fake: 0.010 att_A: 0.477 L_hall: 0.039 L_inter: 0.000 L_intra: 0.000 L_fsp: 0.147 fsp_3_4: 0.042 fsp_4_5: 0.057 fsp_5_6: 0.042 fsp_6_7: 0.006 
saving the latest model (epoch 24, total_steps 210000)
(epoch: 24, iters: 179, time: 0.034) G_GAN: 0.758 G_L1: 0.023 G_SSIM: 0.001 H_L1: 0.077 H_SSIM: 0.047 D_real: 0.009 D_fake: 0.029 att_A: 0.804 L_hall: 0.040 L_inter: 0.000 L_intra: 0.000 L_fsp: 0.423 fsp_3_4: 0.170 fsp_4_5: 0.136 fsp_5_6: 0.095 fsp_6_7: 0.022 
(epoch: 24, iters: 279, time: 0.034) G_GAN: 1.004 G_L1: 0.300 G_SSIM: 0.262 H_L1: 0.088 H_SSIM: 0.368 D_real: 0.006 D_fake: 0.003 att_A: 0.764 L_hall: 0.050 L_inter: 0.000 L_intra: 0.000 L_fsp: 0.470 fsp_3_4: 0.184 fsp_4_5: 0.164 fsp_5_6: 0.095 fsp_6_7: 0.027 
(epoch: 24, iters: 379, time: 0.034) G_GAN: 0.582 G_L1: 0.181 G_SSIM: 0.138 H_L1: 0.085 H_SSIM: 0.264 D_real: 0.018 D_fake: 0.020 att_A: 0.476 L_hall: 0.039 L_inter: 0.000 L_intra: 0.000 L_fsp: 0.264 fsp_3_4: 0.108 fsp_4_5: 0.101 fsp_5_6: 0.049 fsp_6_7: 0.007 
(epoch: 24, iters: 479, time: 0.039) G_GAN: 0.454 G_L1: 0.204 G_SSIM: 0.107 H_L1: 0.088 H_SSIM: 0.186 D_real: 0.034 D_fake: 0.008 att_A: 0.422 L_hall: 0.034 L_inter: 0.000 L_intra: 0.000 L_fsp: 0.232 fsp_3_4: 0.088 fsp_4_5: 0.097 fsp_5_6: 0.040 fsp_6_7: 0.008 
(epoch: 24, iters: 579, time: 0.055) G_GAN: 0.930 G_L1: 0.149 G_SSIM: 0.127 H_L1: 0.043 H_SSIM: 0.316 D_real: 0.007 D_fake: 0.007 att_A: 0.957 L_hall: 0.055 L_inter: 0.000 L_intra: 0.000 L_fsp: 0.454 fsp_3_4: 0.187 fsp_4_5: 0.156 fsp_5_6: 0.100 fsp_6_7: 0.011 
(epoch: 24, iters: 679, time: 0.034) G_GAN: 0.518 G_L1: 0.108 G_SSIM: 0.053 H_L1: 0.081 H_SSIM: 0.105 D_real: 0.179 D_fake: 0.091 att_A: 0.735 L_hall: 0.036 L_inter: 0.000 L_intra: 0.000 L_fsp: 0.248 fsp_3_4: 0.076 fsp_4_5: 0.105 fsp_5_6: 0.054 fsp_6_7: 0.013 
(epoch: 24, iters: 779, time: 0.035) G_GAN: 1.120 G_L1: 0.259 G_SSIM: 0.210 H_L1: 0.090 H_SSIM: 0.340 D_real: 0.081 D_fake: 0.010 att_A: 0.600 L_hall: 0.049 L_inter: 0.000 L_intra: 0.000 L_fsp: 0.315 fsp_3_4: 0.105 fsp_4_5: 0.123 fsp_5_6: 0.072 fsp_6_7: 0.015 
(epoch: 24, iters: 879, time: 0.033) G_GAN: 0.540 G_L1: 0.026 G_SSIM: 0.001 H_L1: 0.078 H_SSIM: 0.050 D_real: 0.010 D_fake: 0.087 att_A: 0.747 L_hall: 0.042 L_inter: 0.000 L_intra: 0.000 L_fsp: 0.353 fsp_3_4: 0.097 fsp_4_5: 0.127 fsp_5_6: 0.100 fsp_6_7: 0.028 
(epoch: 24, iters: 979, time: 0.033) G_GAN: 1.039 G_L1: 0.317 G_SSIM: 0.369 H_L1: 0.099 H_SSIM: 0.513 D_real: 0.016 D_fake: 0.028 att_A: 0.858 L_hall: 0.052 L_inter: 0.000 L_intra: 0.000 L_fsp: 0.316 fsp_3_4: 0.072 fsp_4_5: 0.137 fsp_5_6: 0.085 fsp_6_7: 0.023 
(epoch: 24, iters: 1079, time: 0.047) G_GAN: 0.918 G_L1: 0.228 G_SSIM: 0.168 H_L1: 0.075 H_SSIM: 0.344 D_real: 0.183 D_fake: 0.009 att_A: 0.712 L_hall: 0.047 L_inter: 0.000 L_intra: 0.000 L_fsp: 0.341 fsp_3_4: 0.113 fsp_4_5: 0.134 fsp_5_6: 0.082 fsp_6_7: 0.012 
(epoch: 24, iters: 1179, time: 0.035) G_GAN: 0.487 G_L1: 0.043 G_SSIM: 0.015 H_L1: 0.073 H_SSIM: 0.052 D_real: 0.256 D_fake: 0.013 att_A: 0.667 L_hall: 0.025 L_inter: 0.000 L_intra: 0.000 L_fsp: 0.212 fsp_3_4: 0.051 fsp_4_5: 0.079 fsp_5_6: 0.064 fsp_6_7: 0.018 
(epoch: 24, iters: 1279, time: 0.040) G_GAN: 0.958 G_L1: 0.364 G_SSIM: 0.357 H_L1: 0.067 H_SSIM: 0.440 D_real: 0.009 D_fake: 0.003 att_A: 0.878 L_hall: 0.055 L_inter: 0.000 L_intra: 0.000 L_fsp: 0.401 fsp_3_4: 0.088 fsp_4_5: 0.167 fsp_5_6: 0.120 fsp_6_7: 0.027 
(epoch: 24, iters: 1379, time: 0.034) G_GAN: 1.074 G_L1: 0.240 G_SSIM: 0.203 H_L1: 0.063 H_SSIM: 0.323 D_real: 0.018 D_fake: 0.004 att_A: 0.779 L_hall: 0.049 L_inter: 0.000 L_intra: 0.000 L_fsp: 0.346 fsp_3_4: 0.118 fsp_4_5: 0.125 fsp_5_6: 0.080 fsp_6_7: 0.023 
(epoch: 24, iters: 1479, time: 0.034) G_GAN: 1.136 G_L1: 0.263 G_SSIM: 0.214 H_L1: 0.080 H_SSIM: 0.329 D_real: 0.079 D_fake: 0.008 att_A: 0.602 L_hall: 0.044 L_inter: 0.000 L_intra: 0.000 L_fsp: 0.305 fsp_3_4: 0.092 fsp_4_5: 0.112 fsp_5_6: 0.078 fsp_6_7: 0.023 
(epoch: 24, iters: 1579, time: 0.047) G_GAN: 0.894 G_L1: 0.170 G_SSIM: 0.098 H_L1: 0.075 H_SSIM: 0.258 D_real: 0.016 D_fake: 0.012 att_A: 0.696 L_hall: 0.050 L_inter: 0.000 L_intra: 0.000 L_fsp: 0.343 fsp_3_4: 0.083 fsp_4_5: 0.120 fsp_5_6: 0.110 fsp_6_7: 0.030 
(epoch: 24, iters: 1679, time: 0.034) G_GAN: 0.890 G_L1: 0.185 G_SSIM: 0.137 H_L1: 0.071 H_SSIM: 0.251 D_real: 0.009 D_fake: 0.013 att_A: 0.539 L_hall: 0.043 L_inter: 0.000 L_intra: 0.000 L_fsp: 0.307 fsp_3_4: 0.102 fsp_4_5: 0.127 fsp_5_6: 0.063 fsp_6_7: 0.014 
(epoch: 24, iters: 1779, time: 0.034) G_GAN: 0.936 G_L1: 0.177 G_SSIM: 0.147 H_L1: 0.067 H_SSIM: 0.311 D_real: 0.006 D_fake: 0.281 att_A: 0.737 L_hall: 0.046 L_inter: 0.000 L_intra: 0.000 L_fsp: 0.243 fsp_3_4: 0.086 fsp_4_5: 0.087 fsp_5_6: 0.058 fsp_6_7: 0.012 
(epoch: 24, iters: 1879, time: 0.034) G_GAN: 0.655 G_L1: 0.190 G_SSIM: 0.108 H_L1: 0.087 H_SSIM: 0.244 D_real: 0.045 D_fake: 0.012 att_A: 0.439 L_hall: 0.037 L_inter: 0.000 L_intra: 0.000 L_fsp: 0.237 fsp_3_4: 0.098 fsp_4_5: 0.089 fsp_5_6: 0.040 fsp_6_7: 0.010 
(epoch: 24, iters: 1979, time: 0.035) G_GAN: 1.211 G_L1: 0.096 G_SSIM: 0.033 H_L1: 0.082 H_SSIM: 0.092 D_real: 0.122 D_fake: 0.020 att_A: 0.639 L_hall: 0.045 L_inter: 0.000 L_intra: 0.000 L_fsp: 0.385 fsp_3_4: 0.098 fsp_4_5: 0.134 fsp_5_6: 0.111 fsp_6_7: 0.042 
(epoch: 24, iters: 2079, time: 0.055) G_GAN: 0.986 G_L1: 0.339 G_SSIM: 0.360 H_L1: 0.074 H_SSIM: 0.467 D_real: 0.015 D_fake: 0.004 att_A: 0.880 L_hall: 0.051 L_inter: 0.000 L_intra: 0.000 L_fsp: 0.372 fsp_3_4: 0.104 fsp_4_5: 0.157 fsp_5_6: 0.095 fsp_6_7: 0.017 
(epoch: 24, iters: 2179, time: 0.033) G_GAN: 0.963 G_L1: 0.484 G_SSIM: 0.472 H_L1: 0.155 H_SSIM: 0.525 D_real: 0.012 D_fake: 0.010 att_A: 0.974 L_hall: 0.056 L_inter: 0.000 L_intra: 0.000 L_fsp: 0.505 fsp_3_4: 0.163 fsp_4_5: 0.206 fsp_5_6: 0.113 fsp_6_7: 0.023 
(epoch: 24, iters: 2279, time: 0.034) G_GAN: 0.867 G_L1: 0.218 G_SSIM: 0.191 H_L1: 0.095 H_SSIM: 0.347 D_real: 0.012 D_fake: 0.006 att_A: 0.755 L_hall: 0.046 L_inter: 0.000 L_intra: 0.000 L_fsp: 0.469 fsp_3_4: 0.119 fsp_4_5: 0.158 fsp_5_6: 0.153 fsp_6_7: 0.039 
(epoch: 24, iters: 2379, time: 0.034) G_GAN: 0.786 G_L1: 0.197 G_SSIM: 0.103 H_L1: 0.111 H_SSIM: 0.275 D_real: 0.019 D_fake: 0.024 att_A: 0.656 L_hall: 0.044 L_inter: 0.000 L_intra: 0.000 L_fsp: 0.340 fsp_3_4: 0.100 fsp_4_5: 0.145 fsp_5_6: 0.066 fsp_6_7: 0.029 
(epoch: 24, iters: 2479, time: 0.034) G_GAN: 1.183 G_L1: 0.225 G_SSIM: 0.210 H_L1: 0.076 H_SSIM: 0.339 D_real: 0.012 D_fake: 0.016 att_A: 0.575 L_hall: 0.049 L_inter: 0.000 L_intra: 0.000 L_fsp: 0.286 fsp_3_4: 0.089 fsp_4_5: 0.108 fsp_5_6: 0.071 fsp_6_7: 0.018 
(epoch: 24, iters: 2579, time: 0.057) G_GAN: 1.001 G_L1: 0.428 G_SSIM: 0.498 H_L1: 0.111 H_SSIM: 0.678 D_real: 0.011 D_fake: 0.012 att_A: 0.741 L_hall: 0.046 L_inter: 0.000 L_intra: 0.000 L_fsp: 0.310 fsp_3_4: 0.104 fsp_4_5: 0.111 fsp_5_6: 0.079 fsp_6_7: 0.016 
(epoch: 24, iters: 2679, time: 0.034) G_GAN: 0.871 G_L1: 0.205 G_SSIM: 0.157 H_L1: 0.113 H_SSIM: 0.291 D_real: 0.014 D_fake: 0.017 att_A: 0.479 L_hall: 0.047 L_inter: 0.000 L_intra: 0.000 L_fsp: 0.227 fsp_3_4: 0.095 fsp_4_5: 0.084 fsp_5_6: 0.044 fsp_6_7: 0.005 
(epoch: 24, iters: 2779, time: 0.033) G_GAN: 0.960 G_L1: 0.243 G_SSIM: 0.219 H_L1: 0.091 H_SSIM: 0.384 D_real: 0.014 D_fake: 0.006 att_A: 0.758 L_hall: 0.052 L_inter: 0.000 L_intra: 0.000 L_fsp: 0.330 fsp_3_4: 0.088 fsp_4_5: 0.133 fsp_5_6: 0.088 fsp_6_7: 0.021 
(epoch: 24, iters: 2879, time: 0.034) G_GAN: 1.006 G_L1: 0.175 G_SSIM: 0.130 H_L1: 0.105 H_SSIM: 0.253 D_real: 0.156 D_fake: 0.022 att_A: 0.410 L_hall: 0.042 L_inter: 0.000 L_intra: 0.000 L_fsp: 0.155 fsp_3_4: 0.058 fsp_4_5: 0.066 fsp_5_6: 0.025 fsp_6_7: 0.007 
(epoch: 24, iters: 2979, time: 0.034) G_GAN: 1.007 G_L1: 0.201 G_SSIM: 0.177 H_L1: 0.096 H_SSIM: 0.285 D_real: 0.103 D_fake: 0.173 att_A: 0.530 L_hall: 0.039 L_inter: 0.000 L_intra: 0.000 L_fsp: 0.232 fsp_3_4: 0.080 fsp_4_5: 0.106 fsp_5_6: 0.040 fsp_6_7: 0.005 
(epoch: 24, iters: 3079, time: 0.050) G_GAN: 1.020 G_L1: 0.354 G_SSIM: 0.331 H_L1: 0.107 H_SSIM: 0.566 D_real: 0.008 D_fake: 0.008 att_A: 0.805 L_hall: 0.044 L_inter: 0.000 L_intra: 0.000 L_fsp: 0.258 fsp_3_4: 0.088 fsp_4_5: 0.110 fsp_5_6: 0.053 fsp_6_7: 0.007 
(epoch: 24, iters: 3179, time: 0.033) G_GAN: 1.145 G_L1: 0.282 G_SSIM: 0.272 H_L1: 0.072 H_SSIM: 0.375 D_real: 0.008 D_fake: 0.042 att_A: 0.652 L_hall: 0.041 L_inter: 0.000 L_intra: 0.000 L_fsp: 0.229 fsp_3_4: 0.080 fsp_4_5: 0.097 fsp_5_6: 0.044 fsp_6_7: 0.008 
(epoch: 24, iters: 3279, time: 0.033) G_GAN: 1.115 G_L1: 0.292 G_SSIM: 0.238 H_L1: 0.090 H_SSIM: 0.378 D_real: 0.009 D_fake: 0.018 att_A: 0.611 L_hall: 0.039 L_inter: 0.000 L_intra: 0.000 L_fsp: 0.171 fsp_3_4: 0.070 fsp_4_5: 0.059 fsp_5_6: 0.036 fsp_6_7: 0.007 
(epoch: 24, iters: 3379, time: 0.034) G_GAN: 0.929 G_L1: 0.239 G_SSIM: 0.169 H_L1: 0.075 H_SSIM: 0.309 D_real: 0.214 D_fake: 0.101 att_A: 0.798 L_hall: 0.053 L_inter: 0.000 L_intra: 0.000 L_fsp: 0.413 fsp_3_4: 0.129 fsp_4_5: 0.150 fsp_5_6: 0.113 fsp_6_7: 0.021 
(epoch: 24, iters: 3479, time: 0.034) G_GAN: 0.759 G_L1: 0.146 G_SSIM: 0.064 H_L1: 0.101 H_SSIM: 0.218 D_real: 0.092 D_fake: 0.009 att_A: 0.431 L_hall: 0.040 L_inter: 0.000 L_intra: 0.000 L_fsp: 0.219 fsp_3_4: 0.086 fsp_4_5: 0.070 fsp_5_6: 0.056 fsp_6_7: 0.008 
(epoch: 24, iters: 3579, time: 0.067) G_GAN: 1.108 G_L1: 0.327 G_SSIM: 0.335 H_L1: 0.069 H_SSIM: 0.430 D_real: 0.014 D_fake: 0.006 att_A: 0.853 L_hall: 0.055 L_inter: 0.000 L_intra: 0.000 L_fsp: 0.339 fsp_3_4: 0.109 fsp_4_5: 0.140 fsp_5_6: 0.073 fsp_6_7: 0.017 
(epoch: 24, iters: 3679, time: 0.034) G_GAN: 0.365 G_L1: 0.187 G_SSIM: 0.107 H_L1: 0.084 H_SSIM: 0.236 D_real: 0.019 D_fake: 0.171 att_A: 0.435 L_hall: 0.043 L_inter: 0.000 L_intra: 0.000 L_fsp: 0.194 fsp_3_4: 0.080 fsp_4_5: 0.063 fsp_5_6: 0.042 fsp_6_7: 0.009 
(epoch: 24, iters: 3779, time: 0.035) G_GAN: 0.659 G_L1: 0.201 G_SSIM: 0.161 H_L1: 0.099 H_SSIM: 0.256 D_real: 0.039 D_fake: 0.050 att_A: 0.366 L_hall: 0.042 L_inter: 0.000 L_intra: 0.000 L_fsp: 0.203 fsp_3_4: 0.069 fsp_4_5: 0.098 fsp_5_6: 0.027 fsp_6_7: 0.009 
(epoch: 24, iters: 3879, time: 0.034) G_GAN: 0.919 G_L1: 0.194 G_SSIM: 0.147 H_L1: 0.080 H_SSIM: 0.253 D_real: 0.008 D_fake: 0.010 att_A: 0.429 L_hall: 0.043 L_inter: 0.000 L_intra: 0.000 L_fsp: 0.242 fsp_3_4: 0.089 fsp_4_5: 0.101 fsp_5_6: 0.044 fsp_6_7: 0.009 
(epoch: 24, iters: 3979, time: 0.035) G_GAN: 0.869 G_L1: 0.182 G_SSIM: 0.104 H_L1: 0.099 H_SSIM: 0.275 D_real: 0.016 D_fake: 0.017 att_A: 0.469 L_hall: 0.046 L_inter: 0.000 L_intra: 0.000 L_fsp: 0.261 fsp_3_4: 0.064 fsp_4_5: 0.104 fsp_5_6: 0.071 fsp_6_7: 0.023 
(epoch: 24, iters: 4079, time: 0.080) G_GAN: 1.093 G_L1: 0.144 G_SSIM: 0.073 H_L1: 0.071 H_SSIM: 0.228 D_real: 0.041 D_fake: 0.010 att_A: 0.516 L_hall: 0.051 L_inter: 0.000 L_intra: 0.000 L_fsp: 0.460 fsp_3_4: 0.108 fsp_4_5: 0.204 fsp_5_6: 0.127 fsp_6_7: 0.021 
(epoch: 24, iters: 4179, time: 0.034) G_GAN: 1.032 G_L1: 0.175 G_SSIM: 0.104 H_L1: 0.075 H_SSIM: 0.292 D_real: 0.020 D_fake: 0.004 att_A: 0.579 L_hall: 0.043 L_inter: 0.000 L_intra: 0.000 L_fsp: 0.206 fsp_3_4: 0.074 fsp_4_5: 0.076 fsp_5_6: 0.047 fsp_6_7: 0.010 
(epoch: 24, iters: 4279, time: 0.034) G_GAN: 1.017 G_L1: 0.238 G_SSIM: 0.159 H_L1: 0.082 H_SSIM: 0.307 D_real: 0.013 D_fake: 0.006 att_A: 0.700 L_hall: 0.041 L_inter: 0.000 L_intra: 0.000 L_fsp: 0.203 fsp_3_4: 0.075 fsp_4_5: 0.076 fsp_5_6: 0.046 fsp_6_7: 0.007 
(epoch: 24, iters: 4379, time: 0.034) G_GAN: 1.451 G_L1: 0.270 G_SSIM: 0.168 H_L1: 0.070 H_SSIM: 0.263 D_real: 0.101 D_fake: 0.051 att_A: 0.528 L_hall: 0.042 L_inter: 0.000 L_intra: 0.000 L_fsp: 0.207 fsp_3_4: 0.089 fsp_4_5: 0.067 fsp_5_6: 0.045 fsp_6_7: 0.006 
(epoch: 24, iters: 4479, time: 0.034) G_GAN: 0.293 G_L1: 0.033 G_SSIM: 0.016 H_L1: 0.074 H_SSIM: 0.059 D_real: 0.013 D_fake: 0.235 att_A: 0.401 L_hall: 0.047 L_inter: 0.000 L_intra: 0.000 L_fsp: 0.310 fsp_3_4: 0.070 fsp_4_5: 0.143 fsp_5_6: 0.081 fsp_6_7: 0.016 
(epoch: 24, iters: 4579, time: 0.071) G_GAN: 1.030 G_L1: 0.217 G_SSIM: 0.204 H_L1: 0.057 H_SSIM: 0.361 D_real: 0.014 D_fake: 0.009 att_A: 0.947 L_hall: 0.054 L_inter: 0.000 L_intra: 0.000 L_fsp: 0.375 fsp_3_4: 0.113 fsp_4_5: 0.132 fsp_5_6: 0.112 fsp_6_7: 0.018 
(epoch: 24, iters: 4679, time: 0.034) G_GAN: 1.094 G_L1: 0.206 G_SSIM: 0.172 H_L1: 0.053 H_SSIM: 0.323 D_real: 0.009 D_fake: 0.004 att_A: 0.801 L_hall: 0.050 L_inter: 0.000 L_intra: 0.000 L_fsp: 0.349 fsp_3_4: 0.100 fsp_4_5: 0.149 fsp_5_6: 0.084 fsp_6_7: 0.016 
(epoch: 24, iters: 4779, time: 0.034) G_GAN: 1.138 G_L1: 0.342 G_SSIM: 0.255 H_L1: 0.084 H_SSIM: 0.355 D_real: 0.009 D_fake: 0.011 att_A: 0.953 L_hall: 0.051 L_inter: 0.000 L_intra: 0.000 L_fsp: 0.337 fsp_3_4: 0.109 fsp_4_5: 0.120 fsp_5_6: 0.083 fsp_6_7: 0.026 
(epoch: 24, iters: 4879, time: 0.037) G_GAN: 0.401 G_L1: 0.072 G_SSIM: 0.028 H_L1: 0.068 H_SSIM: 0.068 D_real: 0.016 D_fake: 0.152 att_A: 0.615 L_hall: 0.051 L_inter: 0.000 L_intra: 0.000 L_fsp: 0.407 fsp_3_4: 0.146 fsp_4_5: 0.144 fsp_5_6: 0.101 fsp_6_7: 0.016 
(epoch: 24, iters: 4979, time: 0.035) G_GAN: 0.378 G_L1: 0.057 G_SSIM: 0.020 H_L1: 0.066 H_SSIM: 0.080 D_real: 0.091 D_fake: 0.019 att_A: 0.578 L_hall: 0.047 L_inter: 0.000 L_intra: 0.000 L_fsp: 0.342 fsp_3_4: 0.080 fsp_4_5: 0.106 fsp_5_6: 0.078 fsp_6_7: 0.077 
(epoch: 24, iters: 5079, time: 0.051) G_GAN: 0.892 G_L1: 0.312 G_SSIM: 0.229 H_L1: 0.074 H_SSIM: 0.343 D_real: 0.008 D_fake: 0.037 att_A: 0.826 L_hall: 0.049 L_inter: 0.000 L_intra: 0.000 L_fsp: 0.483 fsp_3_4: 0.189 fsp_4_5: 0.166 fsp_5_6: 0.104 fsp_6_7: 0.024 
saving the latest model (epoch 24, total_steps 215000)
(epoch: 24, iters: 5179, time: 0.034) G_GAN: 1.099 G_L1: 0.306 G_SSIM: 0.222 H_L1: 0.127 H_SSIM: 0.395 D_real: 0.006 D_fake: 0.004 att_A: 0.722 L_hall: 0.047 L_inter: 0.000 L_intra: 0.000 L_fsp: 0.341 fsp_3_4: 0.133 fsp_4_5: 0.132 fsp_5_6: 0.064 fsp_6_7: 0.012 
(epoch: 24, iters: 5279, time: 0.034) G_GAN: 1.137 G_L1: 0.261 G_SSIM: 0.197 H_L1: 0.079 H_SSIM: 0.359 D_real: 0.009 D_fake: 0.004 att_A: 0.637 L_hall: 0.036 L_inter: 0.000 L_intra: 0.000 L_fsp: 0.255 fsp_3_4: 0.076 fsp_4_5: 0.105 fsp_5_6: 0.061 fsp_6_7: 0.012 
(epoch: 24, iters: 5379, time: 0.034) G_GAN: 0.931 G_L1: 0.555 G_SSIM: 0.530 H_L1: 0.104 H_SSIM: 0.610 D_real: 0.022 D_fake: 0.008 att_A: 0.959 L_hall: 0.055 L_inter: 0.000 L_intra: 0.000 L_fsp: 0.299 fsp_3_4: 0.085 fsp_4_5: 0.132 fsp_5_6: 0.070 fsp_6_7: 0.012 
(epoch: 24, iters: 5479, time: 0.033) G_GAN: 0.747 G_L1: 0.227 G_SSIM: 0.197 H_L1: 0.097 H_SSIM: 0.302 D_real: 0.033 D_fake: 0.031 att_A: 0.516 L_hall: 0.039 L_inter: 0.000 L_intra: 0.000 L_fsp: 0.161 fsp_3_4: 0.054 fsp_4_5: 0.060 fsp_5_6: 0.036 fsp_6_7: 0.011 
(epoch: 24, iters: 5579, time: 0.046) G_GAN: 1.068 G_L1: 0.203 G_SSIM: 0.137 H_L1: 0.080 H_SSIM: 0.278 D_real: 0.014 D_fake: 0.012 att_A: 0.540 L_hall: 0.043 L_inter: 0.000 L_intra: 0.000 L_fsp: 0.220 fsp_3_4: 0.080 fsp_4_5: 0.093 fsp_5_6: 0.037 fsp_6_7: 0.010 
(epoch: 24, iters: 5679, time: 0.034) G_GAN: 1.079 G_L1: 0.179 G_SSIM: 0.158 H_L1: 0.055 H_SSIM: 0.324 D_real: 0.015 D_fake: 0.004 att_A: 0.901 L_hall: 0.052 L_inter: 0.000 L_intra: 0.000 L_fsp: 0.400 fsp_3_4: 0.118 fsp_4_5: 0.142 fsp_5_6: 0.123 fsp_6_7: 0.017 
(epoch: 24, iters: 5779, time: 0.034) G_GAN: 0.517 G_L1: 0.234 G_SSIM: 0.159 H_L1: 0.103 H_SSIM: 0.262 D_real: 0.016 D_fake: 0.020 att_A: 0.519 L_hall: 0.038 L_inter: 0.000 L_intra: 0.000 L_fsp: 0.195 fsp_3_4: 0.063 fsp_4_5: 0.062 fsp_5_6: 0.057 fsp_6_7: 0.014 
(epoch: 24, iters: 5879, time: 0.034) G_GAN: 0.903 G_L1: 0.277 G_SSIM: 0.264 H_L1: 0.073 H_SSIM: 0.409 D_real: 0.011 D_fake: 0.185 att_A: 0.768 L_hall: 0.047 L_inter: 0.000 L_intra: 0.000 L_fsp: 0.321 fsp_3_4: 0.112 fsp_4_5: 0.113 fsp_5_6: 0.072 fsp_6_7: 0.025 
(epoch: 24, iters: 5979, time: 0.034) G_GAN: 1.246 G_L1: 0.243 G_SSIM: 0.230 H_L1: 0.102 H_SSIM: 0.344 D_real: 0.025 D_fake: 0.023 att_A: 0.619 L_hall: 0.044 L_inter: 0.000 L_intra: 0.000 L_fsp: 0.225 fsp_3_4: 0.068 fsp_4_5: 0.086 fsp_5_6: 0.062 fsp_6_7: 0.009 
(epoch: 24, iters: 6079, time: 0.049) G_GAN: 1.034 G_L1: 0.184 G_SSIM: 0.107 H_L1: 0.095 H_SSIM: 0.275 D_real: 0.014 D_fake: 0.013 att_A: 0.473 L_hall: 0.039 L_inter: 0.000 L_intra: 0.000 L_fsp: 0.247 fsp_3_4: 0.095 fsp_4_5: 0.092 fsp_5_6: 0.047 fsp_6_7: 0.013 
(epoch: 24, iters: 6179, time: 0.034) G_GAN: 1.144 G_L1: 0.244 G_SSIM: 0.214 H_L1: 0.078 H_SSIM: 0.338 D_real: 0.021 D_fake: 0.011 att_A: 0.575 L_hall: 0.044 L_inter: 0.000 L_intra: 0.000 L_fsp: 0.218 fsp_3_4: 0.075 fsp_4_5: 0.091 fsp_5_6: 0.045 fsp_6_7: 0.006 
(epoch: 24, iters: 6279, time: 0.034) G_GAN: 0.990 G_L1: 0.180 G_SSIM: 0.138 H_L1: 0.071 H_SSIM: 0.280 D_real: 0.019 D_fake: 0.008 att_A: 0.702 L_hall: 0.040 L_inter: 0.000 L_intra: 0.000 L_fsp: 0.288 fsp_3_4: 0.098 fsp_4_5: 0.104 fsp_5_6: 0.077 fsp_6_7: 0.010 
(epoch: 24, iters: 6379, time: 0.034) G_GAN: 1.019 G_L1: 0.358 G_SSIM: 0.263 H_L1: 0.088 H_SSIM: 0.371 D_real: 0.009 D_fake: 0.017 att_A: 0.688 L_hall: 0.044 L_inter: 0.000 L_intra: 0.000 L_fsp: 0.253 fsp_3_4: 0.088 fsp_4_5: 0.091 fsp_5_6: 0.061 fsp_6_7: 0.013 
(epoch: 24, iters: 6479, time: 0.034) G_GAN: 1.365 G_L1: 0.312 G_SSIM: 0.205 H_L1: 0.095 H_SSIM: 0.411 D_real: 0.027 D_fake: 0.036 att_A: 0.736 L_hall: 0.043 L_inter: 0.000 L_intra: 0.000 L_fsp: 0.333 fsp_3_4: 0.119 fsp_4_5: 0.109 fsp_5_6: 0.090 fsp_6_7: 0.016 
(epoch: 24, iters: 6579, time: 0.056) G_GAN: 1.199 G_L1: 0.215 G_SSIM: 0.145 H_L1: 0.086 H_SSIM: 0.291 D_real: 0.084 D_fake: 0.004 att_A: 0.589 L_hall: 0.040 L_inter: 0.000 L_intra: 0.000 L_fsp: 0.274 fsp_3_4: 0.154 fsp_4_5: 0.081 fsp_5_6: 0.034 fsp_6_7: 0.006 
(epoch: 24, iters: 6679, time: 0.034) G_GAN: 1.105 G_L1: 0.373 G_SSIM: 0.305 H_L1: 0.110 H_SSIM: 0.503 D_real: 0.026 D_fake: 0.009 att_A: 0.798 L_hall: 0.044 L_inter: 0.000 L_intra: 0.000 L_fsp: 0.336 fsp_3_4: 0.104 fsp_4_5: 0.128 fsp_5_6: 0.088 fsp_6_7: 0.016 
(epoch: 24, iters: 6779, time: 0.034) G_GAN: 1.153 G_L1: 0.257 G_SSIM: 0.158 H_L1: 0.089 H_SSIM: 0.260 D_real: 0.017 D_fake: 0.018 att_A: 0.516 L_hall: 0.048 L_inter: 0.000 L_intra: 0.000 L_fsp: 0.313 fsp_3_4: 0.131 fsp_4_5: 0.106 fsp_5_6: 0.065 fsp_6_7: 0.011 
(epoch: 24, iters: 6879, time: 0.034) G_GAN: 0.616 G_L1: 0.177 G_SSIM: 0.131 H_L1: 0.081 H_SSIM: 0.245 D_real: 0.027 D_fake: 0.060 att_A: 0.537 L_hall: 0.042 L_inter: 0.000 L_intra: 0.000 L_fsp: 0.199 fsp_3_4: 0.082 fsp_4_5: 0.077 fsp_5_6: 0.031 fsp_6_7: 0.008 
(epoch: 24, iters: 6979, time: 0.034) G_GAN: 0.784 G_L1: 0.224 G_SSIM: 0.123 H_L1: 0.088 H_SSIM: 0.214 D_real: 0.011 D_fake: 0.026 att_A: 0.448 L_hall: 0.042 L_inter: 0.000 L_intra: 0.000 L_fsp: 0.272 fsp_3_4: 0.101 fsp_4_5: 0.098 fsp_5_6: 0.063 fsp_6_7: 0.010 
(epoch: 24, iters: 7079, time: 0.061) G_GAN: 1.018 G_L1: 0.302 G_SSIM: 0.233 H_L1: 0.114 H_SSIM: 0.388 D_real: 0.013 D_fake: 0.013 att_A: 0.739 L_hall: 0.044 L_inter: 0.000 L_intra: 0.000 L_fsp: 0.302 fsp_3_4: 0.101 fsp_4_5: 0.125 fsp_5_6: 0.064 fsp_6_7: 0.012 
(epoch: 24, iters: 7179, time: 0.034) G_GAN: 1.023 G_L1: 0.198 G_SSIM: 0.120 H_L1: 0.089 H_SSIM: 0.249 D_real: 0.010 D_fake: 0.009 att_A: 0.686 L_hall: 0.053 L_inter: 0.000 L_intra: 0.000 L_fsp: 0.405 fsp_3_4: 0.134 fsp_4_5: 0.161 fsp_5_6: 0.099 fsp_6_7: 0.011 
(epoch: 24, iters: 7279, time: 0.034) G_GAN: 1.122 G_L1: 0.198 G_SSIM: 0.180 H_L1: 0.079 H_SSIM: 0.308 D_real: 0.040 D_fake: 0.009 att_A: 0.556 L_hall: 0.043 L_inter: 0.000 L_intra: 0.000 L_fsp: 0.192 fsp_3_4: 0.069 fsp_4_5: 0.078 fsp_5_6: 0.038 fsp_6_7: 0.007 
(epoch: 24, iters: 7379, time: 0.034) G_GAN: 1.006 G_L1: 0.207 G_SSIM: 0.150 H_L1: 0.099 H_SSIM: 0.355 D_real: 0.012 D_fake: 0.006 att_A: 0.618 L_hall: 0.044 L_inter: 0.000 L_intra: 0.000 L_fsp: 0.226 fsp_3_4: 0.068 fsp_4_5: 0.086 fsp_5_6: 0.066 fsp_6_7: 0.006 
(epoch: 24, iters: 7479, time: 0.034) G_GAN: 1.041 G_L1: 0.122 G_SSIM: 0.073 H_L1: 0.068 H_SSIM: 0.129 D_real: 0.276 D_fake: 0.008 att_A: 0.573 L_hall: 0.030 L_inter: 0.000 L_intra: 0.000 L_fsp: 0.199 fsp_3_4: 0.058 fsp_4_5: 0.083 fsp_5_6: 0.041 fsp_6_7: 0.016 
(epoch: 24, iters: 7579, time: 0.051) G_GAN: 1.018 G_L1: 0.264 G_SSIM: 0.236 H_L1: 0.069 H_SSIM: 0.333 D_real: 0.012 D_fake: 0.007 att_A: 0.537 L_hall: 0.042 L_inter: 0.000 L_intra: 0.000 L_fsp: 0.188 fsp_3_4: 0.064 fsp_4_5: 0.072 fsp_5_6: 0.044 fsp_6_7: 0.008 
(epoch: 24, iters: 7679, time: 0.034) G_GAN: 1.125 G_L1: 0.214 G_SSIM: 0.133 H_L1: 0.111 H_SSIM: 0.332 D_real: 0.022 D_fake: 0.114 att_A: 0.553 L_hall: 0.047 L_inter: 0.000 L_intra: 0.000 L_fsp: 0.323 fsp_3_4: 0.097 fsp_4_5: 0.124 fsp_5_6: 0.087 fsp_6_7: 0.015 
(epoch: 24, iters: 7779, time: 0.035) G_GAN: 0.870 G_L1: 0.268 G_SSIM: 0.286 H_L1: 0.084 H_SSIM: 0.452 D_real: 0.005 D_fake: 0.007 att_A: 0.735 L_hall: 0.048 L_inter: 0.000 L_intra: 0.000 L_fsp: 0.312 fsp_3_4: 0.104 fsp_4_5: 0.145 fsp_5_6: 0.053 fsp_6_7: 0.009 
(epoch: 24, iters: 7879, time: 0.034) G_GAN: 0.509 G_L1: 0.167 G_SSIM: 0.106 H_L1: 0.088 H_SSIM: 0.243 D_real: 0.010 D_fake: 0.098 att_A: 0.490 L_hall: 0.041 L_inter: 0.000 L_intra: 0.000 L_fsp: 0.219 fsp_3_4: 0.087 fsp_4_5: 0.071 fsp_5_6: 0.054 fsp_6_7: 0.008 
(epoch: 24, iters: 7979, time: 0.034) G_GAN: 1.046 G_L1: 0.229 G_SSIM: 0.225 H_L1: 0.058 H_SSIM: 0.350 D_real: 0.021 D_fake: 0.006 att_A: 0.833 L_hall: 0.050 L_inter: 0.000 L_intra: 0.000 L_fsp: 0.323 fsp_3_4: 0.120 fsp_4_5: 0.112 fsp_5_6: 0.070 fsp_6_7: 0.022 
(epoch: 24, iters: 8079, time: 0.057) G_GAN: 0.488 G_L1: 0.193 G_SSIM: 0.141 H_L1: 0.085 H_SSIM: 0.262 D_real: 0.012 D_fake: 0.005 att_A: 0.486 L_hall: 0.038 L_inter: 0.000 L_intra: 0.000 L_fsp: 0.198 fsp_3_4: 0.071 fsp_4_5: 0.085 fsp_5_6: 0.039 fsp_6_7: 0.004 
(epoch: 24, iters: 8179, time: 0.033) G_GAN: 1.023 G_L1: 0.174 G_SSIM: 0.134 H_L1: 0.082 H_SSIM: 0.237 D_real: 0.123 D_fake: 0.006 att_A: 0.445 L_hall: 0.041 L_inter: 0.000 L_intra: 0.000 L_fsp: 0.227 fsp_3_4: 0.082 fsp_4_5: 0.099 fsp_5_6: 0.038 fsp_6_7: 0.008 
(epoch: 24, iters: 8279, time: 0.033) G_GAN: 1.100 G_L1: 0.299 G_SSIM: 0.317 H_L1: 0.064 H_SSIM: 0.435 D_real: 0.009 D_fake: 0.006 att_A: 0.776 L_hall: 0.048 L_inter: 0.000 L_intra: 0.000 L_fsp: 0.309 fsp_3_4: 0.076 fsp_4_5: 0.131 fsp_5_6: 0.077 fsp_6_7: 0.024 
(epoch: 24, iters: 8379, time: 0.033) G_GAN: 1.032 G_L1: 0.309 G_SSIM: 0.225 H_L1: 0.086 H_SSIM: 0.353 D_real: 0.008 D_fake: 0.005 att_A: 0.817 L_hall: 0.051 L_inter: 0.000 L_intra: 0.000 L_fsp: 0.384 fsp_3_4: 0.116 fsp_4_5: 0.146 fsp_5_6: 0.099 fsp_6_7: 0.022 
(epoch: 24, iters: 8479, time: 0.033) G_GAN: 0.963 G_L1: 0.345 G_SSIM: 0.279 H_L1: 0.083 H_SSIM: 0.409 D_real: 0.009 D_fake: 0.005 att_A: 0.730 L_hall: 0.040 L_inter: 0.000 L_intra: 0.000 L_fsp: 0.218 fsp_3_4: 0.083 fsp_4_5: 0.081 fsp_5_6: 0.048 fsp_6_7: 0.005 
(epoch: 24, iters: 8579, time: 0.074) G_GAN: 1.162 G_L1: 0.378 G_SSIM: 0.338 H_L1: 0.103 H_SSIM: 0.491 D_real: 0.018 D_fake: 0.018 att_A: 0.691 L_hall: 0.046 L_inter: 0.000 L_intra: 0.000 L_fsp: 0.286 fsp_3_4: 0.106 fsp_4_5: 0.101 fsp_5_6: 0.058 fsp_6_7: 0.020 
(epoch: 24, iters: 8679, time: 0.034) G_GAN: 0.831 G_L1: 0.195 G_SSIM: 0.124 H_L1: 0.078 H_SSIM: 0.254 D_real: 0.032 D_fake: 0.009 att_A: 0.524 L_hall: 0.048 L_inter: 0.000 L_intra: 0.000 L_fsp: 0.274 fsp_3_4: 0.084 fsp_4_5: 0.107 fsp_5_6: 0.064 fsp_6_7: 0.019 
(epoch: 24, iters: 8779, time: 0.036) G_GAN: 1.219 G_L1: 0.270 G_SSIM: 0.183 H_L1: 0.072 H_SSIM: 0.292 D_real: 0.014 D_fake: 0.012 att_A: 0.503 L_hall: 0.036 L_inter: 0.000 L_intra: 0.000 L_fsp: 0.149 fsp_3_4: 0.057 fsp_4_5: 0.052 fsp_5_6: 0.035 fsp_6_7: 0.004 
(epoch: 24, iters: 8879, time: 0.036) G_GAN: 1.130 G_L1: 0.233 G_SSIM: 0.218 H_L1: 0.084 H_SSIM: 0.341 D_real: 0.019 D_fake: 0.022 att_A: 0.927 L_hall: 0.051 L_inter: 0.000 L_intra: 0.000 L_fsp: 0.518 fsp_3_4: 0.202 fsp_4_5: 0.180 fsp_5_6: 0.111 fsp_6_7: 0.025 
(epoch: 24, iters: 8979, time: 0.035) G_GAN: 1.012 G_L1: 0.212 G_SSIM: 0.162 H_L1: 0.109 H_SSIM: 0.317 D_real: 0.009 D_fake: 0.004 att_A: 0.837 L_hall: 0.048 L_inter: 0.000 L_intra: 0.000 L_fsp: 0.421 fsp_3_4: 0.143 fsp_4_5: 0.167 fsp_5_6: 0.091 fsp_6_7: 0.021 
(epoch: 24, iters: 9079, time: 0.052) G_GAN: 0.956 G_L1: 0.464 G_SSIM: 0.415 H_L1: 0.112 H_SSIM: 0.508 D_real: 0.008 D_fake: 0.005 att_A: 0.754 L_hall: 0.047 L_inter: 0.000 L_intra: 0.000 L_fsp: 0.368 fsp_3_4: 0.113 fsp_4_5: 0.160 fsp_5_6: 0.085 fsp_6_7: 0.011 
epoch 24  fsp_3_4:0.095498  fsp_3_4_degen:0.000000  fsp_4_5:0.110299  fsp_4_5_degen:0.000000  fsp_5_6:0.070284  fsp_5_6_degen:0.000000  fsp_6_7:0.016049  fsp_6_7_degen:0.000000
End of epoch 24 / 30 	 Time Taken: 412 sec
learning rate = 0.0000750
(epoch: 25, iters: 52, time: 0.038) G_GAN: 0.993 G_L1: 0.322 G_SSIM: 0.212 H_L1: 0.072 H_SSIM: 0.312 D_real: 0.009 D_fake: 0.006 att_A: 0.652 L_hall: 0.044 L_inter: 0.000 L_intra: 0.000 L_fsp: 0.239 fsp_3_4: 0.083 fsp_4_5: 0.090 fsp_5_6: 0.057 fsp_6_7: 0.009 
(epoch: 25, iters: 152, time: 0.034) G_GAN: 0.843 G_L1: 0.184 G_SSIM: 0.088 H_L1: 0.075 H_SSIM: 0.190 D_real: 0.188 D_fake: 0.018 att_A: 0.328 L_hall: 0.038 L_inter: 0.000 L_intra: 0.000 L_fsp: 0.196 fsp_3_4: 0.080 fsp_4_5: 0.069 fsp_5_6: 0.036 fsp_6_7: 0.011 
(epoch: 25, iters: 252, time: 0.034) G_GAN: 1.146 G_L1: 0.392 G_SSIM: 0.316 H_L1: 0.080 H_SSIM: 0.448 D_real: 0.009 D_fake: 0.017 att_A: 0.947 L_hall: 0.053 L_inter: 0.000 L_intra: 0.000 L_fsp: 0.292 fsp_3_4: 0.105 fsp_4_5: 0.115 fsp_5_6: 0.061 fsp_6_7: 0.011 
(epoch: 25, iters: 352, time: 0.034) G_GAN: 0.970 G_L1: 0.204 G_SSIM: 0.187 H_L1: 0.099 H_SSIM: 0.299 D_real: 0.009 D_fake: 0.007 att_A: 0.467 L_hall: 0.043 L_inter: 0.000 L_intra: 0.000 L_fsp: 0.180 fsp_3_4: 0.060 fsp_4_5: 0.076 fsp_5_6: 0.040 fsp_6_7: 0.004 
(epoch: 25, iters: 452, time: 0.054) G_GAN: 1.086 G_L1: 0.305 G_SSIM: 0.275 H_L1: 0.077 H_SSIM: 0.420 D_real: 0.019 D_fake: 0.007 att_A: 0.831 L_hall: 0.047 L_inter: 0.000 L_intra: 0.000 L_fsp: 0.260 fsp_3_4: 0.099 fsp_4_5: 0.094 fsp_5_6: 0.056 fsp_6_7: 0.011 
(epoch: 25, iters: 552, time: 0.034) G_GAN: 0.934 G_L1: 0.258 G_SSIM: 0.210 H_L1: 0.074 H_SSIM: 0.398 D_real: 0.009 D_fake: 0.013 att_A: 0.656 L_hall: 0.044 L_inter: 0.000 L_intra: 0.000 L_fsp: 0.255 fsp_3_4: 0.095 fsp_4_5: 0.087 fsp_5_6: 0.058 fsp_6_7: 0.014 
(epoch: 25, iters: 652, time: 0.034) G_GAN: 0.734 G_L1: 0.133 G_SSIM: 0.062 H_L1: 0.133 H_SSIM: 0.215 D_real: 0.118 D_fake: 0.033 att_A: 0.264 L_hall: 0.039 L_inter: 0.000 L_intra: 0.000 L_fsp: 0.192 fsp_3_4: 0.071 fsp_4_5: 0.077 fsp_5_6: 0.037 fsp_6_7: 0.007 
(epoch: 25, iters: 752, time: 0.034) G_GAN: 0.949 G_L1: 0.183 G_SSIM: 0.127 H_L1: 0.106 H_SSIM: 0.228 D_real: 0.043 D_fake: 0.016 att_A: 0.390 L_hall: 0.038 L_inter: 0.000 L_intra: 0.000 L_fsp: 0.171 fsp_3_4: 0.063 fsp_4_5: 0.076 fsp_5_6: 0.028 fsp_6_7: 0.004 
(epoch: 25, iters: 852, time: 0.034) G_GAN: 1.012 G_L1: 0.234 G_SSIM: 0.205 H_L1: 0.082 H_SSIM: 0.299 D_real: 0.078 D_fake: 0.011 att_A: 0.573 L_hall: 0.044 L_inter: 0.000 L_intra: 0.000 L_fsp: 0.225 fsp_3_4: 0.075 fsp_4_5: 0.076 fsp_5_6: 0.064 fsp_6_7: 0.010 
(epoch: 25, iters: 952, time: 0.056) G_GAN: 1.065 G_L1: 0.198 G_SSIM: 0.186 H_L1: 0.097 H_SSIM: 0.313 D_real: 0.010 D_fake: 0.050 att_A: 0.532 L_hall: 0.043 L_inter: 0.000 L_intra: 0.000 L_fsp: 0.224 fsp_3_4: 0.076 fsp_4_5: 0.091 fsp_5_6: 0.047 fsp_6_7: 0.010 
saving the latest model (epoch 25, total_steps 220000)
(epoch: 25, iters: 1052, time: 0.034) G_GAN: 0.920 G_L1: 0.181 G_SSIM: 0.115 H_L1: 0.092 H_SSIM: 0.269 D_real: 0.013 D_fake: 0.008 att_A: 0.785 L_hall: 0.050 L_inter: 0.000 L_intra: 0.000 L_fsp: 0.289 fsp_3_4: 0.090 fsp_4_5: 0.117 fsp_5_6: 0.070 fsp_6_7: 0.013 
(epoch: 25, iters: 1152, time: 0.035) G_GAN: 0.305 G_L1: 0.143 G_SSIM: 0.080 H_L1: 0.127 H_SSIM: 0.132 D_real: 0.030 D_fake: 0.008 att_A: 0.444 L_hall: 0.030 L_inter: 0.000 L_intra: 0.000 L_fsp: 0.144 fsp_3_4: 0.044 fsp_4_5: 0.058 fsp_5_6: 0.035 fsp_6_7: 0.007 
(epoch: 25, iters: 1252, time: 0.033) G_GAN: 1.109 G_L1: 0.373 G_SSIM: 0.311 H_L1: 0.110 H_SSIM: 0.464 D_real: 0.009 D_fake: 0.008 att_A: 0.837 L_hall: 0.051 L_inter: 0.000 L_intra: 0.000 L_fsp: 0.318 fsp_3_4: 0.091 fsp_4_5: 0.121 fsp_5_6: 0.089 fsp_6_7: 0.017 
(epoch: 25, iters: 1352, time: 0.033) G_GAN: 1.096 G_L1: 0.180 G_SSIM: 0.116 H_L1: 0.091 H_SSIM: 0.261 D_real: 0.055 D_fake: 0.020 att_A: 0.593 L_hall: 0.047 L_inter: 0.000 L_intra: 0.000 L_fsp: 0.322 fsp_3_4: 0.104 fsp_4_5: 0.139 fsp_5_6: 0.065 fsp_6_7: 0.013 
(epoch: 25, iters: 1452, time: 0.052) G_GAN: 1.205 G_L1: 0.221 G_SSIM: 0.179 H_L1: 0.074 H_SSIM: 0.330 D_real: 0.021 D_fake: 0.056 att_A: 0.634 L_hall: 0.044 L_inter: 0.000 L_intra: 0.000 L_fsp: 0.287 fsp_3_4: 0.117 fsp_4_5: 0.105 fsp_5_6: 0.056 fsp_6_7: 0.009 
(epoch: 25, iters: 1552, time: 0.034) G_GAN: 1.023 G_L1: 0.343 G_SSIM: 0.341 H_L1: 0.066 H_SSIM: 0.437 D_real: 0.020 D_fake: 0.007 att_A: 0.929 L_hall: 0.055 L_inter: 0.000 L_intra: 0.000 L_fsp: 0.318 fsp_3_4: 0.091 fsp_4_5: 0.110 fsp_5_6: 0.095 fsp_6_7: 0.023 
(epoch: 25, iters: 1652, time: 0.034) G_GAN: 0.893 G_L1: 0.157 G_SSIM: 0.071 H_L1: 0.115 H_SSIM: 0.205 D_real: 0.100 D_fake: 0.007 att_A: 0.406 L_hall: 0.030 L_inter: 0.000 L_intra: 0.000 L_fsp: 0.176 fsp_3_4: 0.061 fsp_4_5: 0.072 fsp_5_6: 0.033 fsp_6_7: 0.009 
(epoch: 25, iters: 1752, time: 0.033) G_GAN: 1.126 G_L1: 0.289 G_SSIM: 0.288 H_L1: 0.068 H_SSIM: 0.400 D_real: 0.017 D_fake: 0.032 att_A: 0.651 L_hall: 0.041 L_inter: 0.000 L_intra: 0.000 L_fsp: 0.187 fsp_3_4: 0.074 fsp_4_5: 0.076 fsp_5_6: 0.030 fsp_6_7: 0.006 
(epoch: 25, iters: 1852, time: 0.033) G_GAN: 0.999 G_L1: 0.223 G_SSIM: 0.179 H_L1: 0.070 H_SSIM: 0.283 D_real: 0.068 D_fake: 0.004 att_A: 0.697 L_hall: 0.043 L_inter: 0.000 L_intra: 0.000 L_fsp: 0.349 fsp_3_4: 0.120 fsp_4_5: 0.128 fsp_5_6: 0.084 fsp_6_7: 0.018 
(epoch: 25, iters: 1952, time: 0.060) G_GAN: 1.028 G_L1: 0.329 G_SSIM: 0.280 H_L1: 0.091 H_SSIM: 0.408 D_real: 0.012 D_fake: 0.004 att_A: 0.807 L_hall: 0.048 L_inter: 0.000 L_intra: 0.000 L_fsp: 0.305 fsp_3_4: 0.115 fsp_4_5: 0.102 fsp_5_6: 0.070 fsp_6_7: 0.018 
(epoch: 25, iters: 2052, time: 0.034) G_GAN: 0.998 G_L1: 0.249 G_SSIM: 0.210 H_L1: 0.097 H_SSIM: 0.345 D_real: 0.009 D_fake: 0.005 att_A: 0.604 L_hall: 0.042 L_inter: 0.000 L_intra: 0.000 L_fsp: 0.236 fsp_3_4: 0.078 fsp_4_5: 0.100 fsp_5_6: 0.052 fsp_6_7: 0.006 
(epoch: 25, iters: 2152, time: 0.034) G_GAN: 1.102 G_L1: 0.210 G_SSIM: 0.166 H_L1: 0.077 H_SSIM: 0.319 D_real: 0.006 D_fake: 0.005 att_A: 0.806 L_hall: 0.047 L_inter: 0.000 L_intra: 0.000 L_fsp: 0.287 fsp_3_4: 0.096 fsp_4_5: 0.105 fsp_5_6: 0.073 fsp_6_7: 0.013 
(epoch: 25, iters: 2252, time: 0.034) G_GAN: 1.104 G_L1: 0.275 G_SSIM: 0.153 H_L1: 0.145 H_SSIM: 0.205 D_real: 0.021 D_fake: 0.011 att_A: 0.676 L_hall: 0.041 L_inter: 0.000 L_intra: 0.000 L_fsp: 0.270 fsp_3_4: 0.080 fsp_4_5: 0.088 fsp_5_6: 0.079 fsp_6_7: 0.023 
(epoch: 25, iters: 2352, time: 0.034) G_GAN: 0.925 G_L1: 0.262 G_SSIM: 0.296 H_L1: 0.066 H_SSIM: 0.452 D_real: 0.009 D_fake: 0.005 att_A: 0.817 L_hall: 0.049 L_inter: 0.000 L_intra: 0.000 L_fsp: 0.294 fsp_3_4: 0.093 fsp_4_5: 0.109 fsp_5_6: 0.078 fsp_6_7: 0.015 
(epoch: 25, iters: 2452, time: 0.048) G_GAN: 0.890 G_L1: 0.203 G_SSIM: 0.155 H_L1: 0.086 H_SSIM: 0.303 D_real: 0.010 D_fake: 0.010 att_A: 0.757 L_hall: 0.046 L_inter: 0.000 L_intra: 0.000 L_fsp: 0.405 fsp_3_4: 0.133 fsp_4_5: 0.146 fsp_5_6: 0.104 fsp_6_7: 0.022 
(epoch: 25, iters: 2552, time: 0.033) G_GAN: 0.999 G_L1: 0.356 G_SSIM: 0.285 H_L1: 0.111 H_SSIM: 0.367 D_real: 0.007 D_fake: 0.003 att_A: 0.955 L_hall: 0.058 L_inter: 0.000 L_intra: 0.000 L_fsp: 0.402 fsp_3_4: 0.120 fsp_4_5: 0.140 fsp_5_6: 0.112 fsp_6_7: 0.031 
(epoch: 25, iters: 2652, time: 0.034) G_GAN: 0.790 G_L1: 0.153 G_SSIM: 0.093 H_L1: 0.075 H_SSIM: 0.219 D_real: 0.012 D_fake: 0.019 att_A: 0.536 L_hall: 0.047 L_inter: 0.000 L_intra: 0.000 L_fsp: 0.278 fsp_3_4: 0.083 fsp_4_5: 0.108 fsp_5_6: 0.077 fsp_6_7: 0.008 
(epoch: 25, iters: 2752, time: 0.034) G_GAN: 0.409 G_L1: 0.173 G_SSIM: 0.089 H_L1: 0.092 H_SSIM: 0.224 D_real: 0.019 D_fake: 0.156 att_A: 0.308 L_hall: 0.038 L_inter: 0.000 L_intra: 0.000 L_fsp: 0.180 fsp_3_4: 0.064 fsp_4_5: 0.081 fsp_5_6: 0.029 fsp_6_7: 0.006 
(epoch: 25, iters: 2852, time: 0.033) G_GAN: 0.968 G_L1: 0.141 G_SSIM: 0.087 H_L1: 0.088 H_SSIM: 0.246 D_real: 0.054 D_fake: 0.159 att_A: 0.383 L_hall: 0.041 L_inter: 0.000 L_intra: 0.000 L_fsp: 0.198 fsp_3_4: 0.064 fsp_4_5: 0.094 fsp_5_6: 0.036 fsp_6_7: 0.004 
(epoch: 25, iters: 2952, time: 0.084) G_GAN: 0.576 G_L1: 0.170 G_SSIM: 0.116 H_L1: 0.087 H_SSIM: 0.231 D_real: 0.053 D_fake: 0.074 att_A: 0.484 L_hall: 0.043 L_inter: 0.000 L_intra: 0.000 L_fsp: 0.241 fsp_3_4: 0.078 fsp_4_5: 0.106 fsp_5_6: 0.041 fsp_6_7: 0.016 
(epoch: 25, iters: 3052, time: 0.034) G_GAN: 1.002 G_L1: 0.252 G_SSIM: 0.159 H_L1: 0.097 H_SSIM: 0.250 D_real: 0.026 D_fake: 0.011 att_A: 0.491 L_hall: 0.041 L_inter: 0.000 L_intra: 0.000 L_fsp: 0.286 fsp_3_4: 0.079 fsp_4_5: 0.087 fsp_5_6: 0.095 fsp_6_7: 0.025 
(epoch: 25, iters: 3152, time: 0.033) G_GAN: 0.953 G_L1: 0.438 G_SSIM: 0.383 H_L1: 0.107 H_SSIM: 0.488 D_real: 0.008 D_fake: 0.008 att_A: 0.703 L_hall: 0.046 L_inter: 0.000 L_intra: 0.000 L_fsp: 0.338 fsp_3_4: 0.111 fsp_4_5: 0.153 fsp_5_6: 0.064 fsp_6_7: 0.011 
(epoch: 25, iters: 3252, time: 0.033) G_GAN: 0.127 G_L1: 0.039 G_SSIM: 0.007 H_L1: 0.070 H_SSIM: 0.032 D_real: 0.008 D_fake: 0.264 att_A: 0.478 L_hall: 0.042 L_inter: 0.000 L_intra: 0.000 L_fsp: 0.310 fsp_3_4: 0.099 fsp_4_5: 0.110 fsp_5_6: 0.088 fsp_6_7: 0.013 
(epoch: 25, iters: 3352, time: 0.033) G_GAN: 0.984 G_L1: 0.315 G_SSIM: 0.320 H_L1: 0.094 H_SSIM: 0.493 D_real: 0.009 D_fake: 0.004 att_A: 0.760 L_hall: 0.047 L_inter: 0.000 L_intra: 0.000 L_fsp: 0.266 fsp_3_4: 0.072 fsp_4_5: 0.098 fsp_5_6: 0.083 fsp_6_7: 0.014 
(epoch: 25, iters: 3452, time: 0.048) G_GAN: 0.656 G_L1: 0.162 G_SSIM: 0.093 H_L1: 0.077 H_SSIM: 0.231 D_real: 0.037 D_fake: 0.052 att_A: 0.465 L_hall: 0.039 L_inter: 0.000 L_intra: 0.000 L_fsp: 0.228 fsp_3_4: 0.083 fsp_4_5: 0.092 fsp_5_6: 0.046 fsp_6_7: 0.007 
(epoch: 25, iters: 3552, time: 0.033) G_GAN: 1.070 G_L1: 0.213 G_SSIM: 0.189 H_L1: 0.075 H_SSIM: 0.361 D_real: 0.008 D_fake: 0.005 att_A: 0.829 L_hall: 0.047 L_inter: 0.000 L_intra: 0.000 L_fsp: 0.353 fsp_3_4: 0.124 fsp_4_5: 0.140 fsp_5_6: 0.077 fsp_6_7: 0.013 
(epoch: 25, iters: 3652, time: 0.034) G_GAN: 1.124 G_L1: 0.509 G_SSIM: 0.540 H_L1: 0.110 H_SSIM: 0.614 D_real: 0.010 D_fake: 0.009 att_A: 0.940 L_hall: 0.052 L_inter: 0.000 L_intra: 0.000 L_fsp: 0.363 fsp_3_4: 0.112 fsp_4_5: 0.137 fsp_5_6: 0.096 fsp_6_7: 0.018 
(epoch: 25, iters: 3752, time: 0.034) G_GAN: 1.012 G_L1: 0.241 G_SSIM: 0.135 H_L1: 0.099 H_SSIM: 0.278 D_real: 0.013 D_fake: 0.013 att_A: 0.613 L_hall: 0.041 L_inter: 0.000 L_intra: 0.000 L_fsp: 0.235 fsp_3_4: 0.068 fsp_4_5: 0.106 fsp_5_6: 0.051 fsp_6_7: 0.010 
(epoch: 25, iters: 3852, time: 0.034) G_GAN: 0.731 G_L1: 0.161 G_SSIM: 0.095 H_L1: 0.081 H_SSIM: 0.269 D_real: 0.059 D_fake: 0.032 att_A: 0.434 L_hall: 0.042 L_inter: 0.000 L_intra: 0.000 L_fsp: 0.175 fsp_3_4: 0.053 fsp_4_5: 0.053 fsp_5_6: 0.058 fsp_6_7: 0.011 
(epoch: 25, iters: 3952, time: 0.069) G_GAN: 0.464 G_L1: 0.048 G_SSIM: 0.032 H_L1: 0.068 H_SSIM: 0.070 D_real: 0.059 D_fake: 0.004 att_A: 0.395 L_hall: 0.045 L_inter: 0.000 L_intra: 0.000 L_fsp: 0.251 fsp_3_4: 0.074 fsp_4_5: 0.094 fsp_5_6: 0.067 fsp_6_7: 0.016 
(epoch: 25, iters: 4052, time: 0.033) G_GAN: 0.525 G_L1: 0.184 G_SSIM: 0.092 H_L1: 0.082 H_SSIM: 0.177 D_real: 0.039 D_fake: 0.101 att_A: 0.462 L_hall: 0.033 L_inter: 0.000 L_intra: 0.000 L_fsp: 0.238 fsp_3_4: 0.082 fsp_4_5: 0.098 fsp_5_6: 0.051 fsp_6_7: 0.007 
(epoch: 25, iters: 4152, time: 0.033) G_GAN: 0.936 G_L1: 0.167 G_SSIM: 0.155 H_L1: 0.050 H_SSIM: 0.313 D_real: 0.006 D_fake: 0.003 att_A: 0.900 L_hall: 0.056 L_inter: 0.000 L_intra: 0.000 L_fsp: 0.500 fsp_3_4: 0.134 fsp_4_5: 0.189 fsp_5_6: 0.127 fsp_6_7: 0.051 
(epoch: 25, iters: 4252, time: 0.033) G_GAN: 0.485 G_L1: 0.154 G_SSIM: 0.089 H_L1: 0.074 H_SSIM: 0.155 D_real: 0.021 D_fake: 0.015 att_A: 0.580 L_hall: 0.031 L_inter: 0.000 L_intra: 0.000 L_fsp: 0.168 fsp_3_4: 0.052 fsp_4_5: 0.066 fsp_5_6: 0.044 fsp_6_7: 0.006 
(epoch: 25, iters: 4352, time: 0.034) G_GAN: 0.966 G_L1: 0.166 G_SSIM: 0.106 H_L1: 0.090 H_SSIM: 0.266 D_real: 0.011 D_fake: 0.010 att_A: 0.563 L_hall: 0.043 L_inter: 0.000 L_intra: 0.000 L_fsp: 0.258 fsp_3_4: 0.087 fsp_4_5: 0.108 fsp_5_6: 0.053 fsp_6_7: 0.011 
(epoch: 25, iters: 4452, time: 0.056) G_GAN: 0.583 G_L1: 0.165 G_SSIM: 0.075 H_L1: 0.117 H_SSIM: 0.215 D_real: 0.032 D_fake: 0.075 att_A: 0.272 L_hall: 0.039 L_inter: 0.000 L_intra: 0.000 L_fsp: 0.176 fsp_3_4: 0.074 fsp_4_5: 0.067 fsp_5_6: 0.031 fsp_6_7: 0.005 
(epoch: 25, iters: 4552, time: 0.034) G_GAN: 0.594 G_L1: 0.176 G_SSIM: 0.073 H_L1: 0.121 H_SSIM: 0.203 D_real: 0.033 D_fake: 0.002 att_A: 0.607 L_hall: 0.032 L_inter: 0.000 L_intra: 0.000 L_fsp: 0.145 fsp_3_4: 0.041 fsp_4_5: 0.052 fsp_5_6: 0.040 fsp_6_7: 0.012 
(epoch: 25, iters: 4652, time: 0.033) G_GAN: 0.839 G_L1: 0.256 G_SSIM: 0.212 H_L1: 0.093 H_SSIM: 0.379 D_real: 0.020 D_fake: 0.238 att_A: 0.699 L_hall: 0.045 L_inter: 0.000 L_intra: 0.000 L_fsp: 0.234 fsp_3_4: 0.081 fsp_4_5: 0.086 fsp_5_6: 0.057 fsp_6_7: 0.010 
(epoch: 25, iters: 4752, time: 0.033) G_GAN: 0.988 G_L1: 0.101 G_SSIM: 0.032 H_L1: 0.071 H_SSIM: 0.083 D_real: 0.093 D_fake: 0.118 att_A: 0.515 L_hall: 0.038 L_inter: 0.000 L_intra: 0.000 L_fsp: 0.214 fsp_3_4: 0.054 fsp_4_5: 0.082 fsp_5_6: 0.067 fsp_6_7: 0.011 
(epoch: 25, iters: 4852, time: 0.033) G_GAN: 0.674 G_L1: 0.181 G_SSIM: 0.075 H_L1: 0.085 H_SSIM: 0.194 D_real: 0.036 D_fake: 0.053 att_A: 0.488 L_hall: 0.036 L_inter: 0.000 L_intra: 0.000 L_fsp: 0.186 fsp_3_4: 0.065 fsp_4_5: 0.080 fsp_5_6: 0.034 fsp_6_7: 0.007 
(epoch: 25, iters: 4952, time: 0.051) G_GAN: 0.837 G_L1: 0.493 G_SSIM: 0.314 H_L1: 0.127 H_SSIM: 0.425 D_real: 0.019 D_fake: 0.016 att_A: 0.879 L_hall: 0.051 L_inter: 0.000 L_intra: 0.000 L_fsp: 0.419 fsp_3_4: 0.159 fsp_4_5: 0.146 fsp_5_6: 0.094 fsp_6_7: 0.020 
(epoch: 25, iters: 5052, time: 0.034) G_GAN: 0.604 G_L1: 0.164 G_SSIM: 0.104 H_L1: 0.067 H_SSIM: 0.267 D_real: 0.011 D_fake: 0.003 att_A: 0.524 L_hall: 0.041 L_inter: 0.000 L_intra: 0.000 L_fsp: 0.225 fsp_3_4: 0.072 fsp_4_5: 0.080 fsp_5_6: 0.062 fsp_6_7: 0.011 
(epoch: 25, iters: 5152, time: 0.034) G_GAN: 0.625 G_L1: 0.149 G_SSIM: 0.078 H_L1: 0.052 H_SSIM: 0.202 D_real: 0.021 D_fake: 0.061 att_A: 0.399 L_hall: 0.042 L_inter: 0.000 L_intra: 0.000 L_fsp: 0.242 fsp_3_4: 0.091 fsp_4_5: 0.104 fsp_5_6: 0.042 fsp_6_7: 0.005 
(epoch: 25, iters: 5252, time: 0.033) G_GAN: 0.999 G_L1: 0.398 G_SSIM: 0.318 H_L1: 0.112 H_SSIM: 0.457 D_real: 0.009 D_fake: 0.003 att_A: 0.812 L_hall: 0.050 L_inter: 0.000 L_intra: 0.000 L_fsp: 0.362 fsp_3_4: 0.134 fsp_4_5: 0.132 fsp_5_6: 0.082 fsp_6_7: 0.014 
(epoch: 25, iters: 5352, time: 0.033) G_GAN: 0.995 G_L1: 0.262 G_SSIM: 0.260 H_L1: 0.066 H_SSIM: 0.403 D_real: 0.017 D_fake: 0.005 att_A: 0.772 L_hall: 0.053 L_inter: 0.000 L_intra: 0.000 L_fsp: 0.371 fsp_3_4: 0.107 fsp_4_5: 0.161 fsp_5_6: 0.084 fsp_6_7: 0.019 
(epoch: 25, iters: 5452, time: 0.058) G_GAN: 1.155 G_L1: 0.193 G_SSIM: 0.132 H_L1: 0.071 H_SSIM: 0.306 D_real: 0.011 D_fake: 0.016 att_A: 0.549 L_hall: 0.043 L_inter: 0.000 L_intra: 0.000 L_fsp: 0.206 fsp_3_4: 0.074 fsp_4_5: 0.077 fsp_5_6: 0.049 fsp_6_7: 0.006 
(epoch: 25, iters: 5552, time: 0.033) G_GAN: 0.867 G_L1: 0.274 G_SSIM: 0.196 H_L1: 0.083 H_SSIM: 0.304 D_real: 0.008 D_fake: 0.011 att_A: 0.659 L_hall: 0.047 L_inter: 0.000 L_intra: 0.000 L_fsp: 0.354 fsp_3_4: 0.139 fsp_4_5: 0.125 fsp_5_6: 0.074 fsp_6_7: 0.015 
(epoch: 25, iters: 5652, time: 0.033) G_GAN: 1.017 G_L1: 0.249 G_SSIM: 0.160 H_L1: 0.076 H_SSIM: 0.284 D_real: 0.011 D_fake: 0.099 att_A: 0.796 L_hall: 0.045 L_inter: 0.000 L_intra: 0.000 L_fsp: 0.334 fsp_3_4: 0.130 fsp_4_5: 0.114 fsp_5_6: 0.071 fsp_6_7: 0.019 
(epoch: 25, iters: 5752, time: 0.033) G_GAN: 0.484 G_L1: 0.045 G_SSIM: 0.020 H_L1: 0.067 H_SSIM: 0.057 D_real: 0.092 D_fake: 0.010 att_A: 0.382 L_hall: 0.047 L_inter: 0.000 L_intra: 0.000 L_fsp: 0.311 fsp_3_4: 0.093 fsp_4_5: 0.105 fsp_5_6: 0.089 fsp_6_7: 0.024 
(epoch: 25, iters: 5852, time: 0.033) G_GAN: 0.983 G_L1: 0.203 G_SSIM: 0.153 H_L1: 0.072 H_SSIM: 0.297 D_real: 0.008 D_fake: 0.004 att_A: 0.740 L_hall: 0.047 L_inter: 0.000 L_intra: 0.000 L_fsp: 0.291 fsp_3_4: 0.090 fsp_4_5: 0.123 fsp_5_6: 0.064 fsp_6_7: 0.014 
(epoch: 25, iters: 5952, time: 0.049) G_GAN: 0.981 G_L1: 0.299 G_SSIM: 0.226 H_L1: 0.093 H_SSIM: 0.349 D_real: 0.008 D_fake: 0.004 att_A: 0.743 L_hall: 0.049 L_inter: 0.000 L_intra: 0.000 L_fsp: 0.421 fsp_3_4: 0.142 fsp_4_5: 0.162 fsp_5_6: 0.102 fsp_6_7: 0.015 
saving the latest model (epoch 25, total_steps 225000)
(epoch: 25, iters: 6052, time: 0.033) G_GAN: 1.015 G_L1: 0.231 G_SSIM: 0.211 H_L1: 0.102 H_SSIM: 0.325 D_real: 0.022 D_fake: 0.014 att_A: 0.499 L_hall: 0.041 L_inter: 0.000 L_intra: 0.000 L_fsp: 0.187 fsp_3_4: 0.055 fsp_4_5: 0.088 fsp_5_6: 0.038 fsp_6_7: 0.006 
(epoch: 25, iters: 6152, time: 0.034) G_GAN: 1.033 G_L1: 0.258 G_SSIM: 0.291 H_L1: 0.067 H_SSIM: 0.437 D_real: 0.012 D_fake: 0.009 att_A: 0.834 L_hall: 0.050 L_inter: 0.000 L_intra: 0.000 L_fsp: 0.321 fsp_3_4: 0.121 fsp_4_5: 0.118 fsp_5_6: 0.067 fsp_6_7: 0.016 
(epoch: 25, iters: 6252, time: 0.034) G_GAN: 0.941 G_L1: 0.429 G_SSIM: 0.373 H_L1: 0.111 H_SSIM: 0.490 D_real: 0.017 D_fake: 0.006 att_A: 0.921 L_hall: 0.057 L_inter: 0.000 L_intra: 0.000 L_fsp: 0.326 fsp_3_4: 0.121 fsp_4_5: 0.104 fsp_5_6: 0.079 fsp_6_7: 0.023 
(epoch: 25, iters: 6352, time: 0.033) G_GAN: 1.000 G_L1: 0.229 G_SSIM: 0.208 H_L1: 0.062 H_SSIM: 0.364 D_real: 0.014 D_fake: 0.007 att_A: 0.799 L_hall: 0.051 L_inter: 0.000 L_intra: 0.000 L_fsp: 0.362 fsp_3_4: 0.117 fsp_4_5: 0.140 fsp_5_6: 0.088 fsp_6_7: 0.016 
(epoch: 25, iters: 6452, time: 0.058) G_GAN: 1.152 G_L1: 0.341 G_SSIM: 0.298 H_L1: 0.129 H_SSIM: 0.455 D_real: 0.029 D_fake: 0.007 att_A: 0.649 L_hall: 0.051 L_inter: 0.000 L_intra: 0.000 L_fsp: 0.288 fsp_3_4: 0.081 fsp_4_5: 0.118 fsp_5_6: 0.073 fsp_6_7: 0.016 
(epoch: 25, iters: 6552, time: 0.034) G_GAN: 0.521 G_L1: 0.089 G_SSIM: 0.053 H_L1: 0.066 H_SSIM: 0.102 D_real: 0.286 D_fake: 0.005 att_A: 0.627 L_hall: 0.028 L_inter: 0.000 L_intra: 0.000 L_fsp: 0.191 fsp_3_4: 0.057 fsp_4_5: 0.082 fsp_5_6: 0.037 fsp_6_7: 0.015 
(epoch: 25, iters: 6652, time: 0.034) G_GAN: 1.084 G_L1: 0.223 G_SSIM: 0.179 H_L1: 0.084 H_SSIM: 0.324 D_real: 0.012 D_fake: 0.008 att_A: 0.666 L_hall: 0.043 L_inter: 0.000 L_intra: 0.000 L_fsp: 0.356 fsp_3_4: 0.117 fsp_4_5: 0.142 fsp_5_6: 0.082 fsp_6_7: 0.016 
(epoch: 25, iters: 6752, time: 0.034) G_GAN: 0.940 G_L1: 0.310 G_SSIM: 0.285 H_L1: 0.079 H_SSIM: 0.369 D_real: 0.012 D_fake: 0.008 att_A: 0.913 L_hall: 0.054 L_inter: 0.000 L_intra: 0.000 L_fsp: 0.430 fsp_3_4: 0.173 fsp_4_5: 0.145 fsp_5_6: 0.092 fsp_6_7: 0.019 
(epoch: 25, iters: 6852, time: 0.034) G_GAN: 0.884 G_L1: 0.483 G_SSIM: 0.438 H_L1: 0.126 H_SSIM: 0.490 D_real: 0.018 D_fake: 0.012 att_A: 0.959 L_hall: 0.059 L_inter: 0.000 L_intra: 0.000 L_fsp: 0.417 fsp_3_4: 0.113 fsp_4_5: 0.164 fsp_5_6: 0.102 fsp_6_7: 0.038 
(epoch: 25, iters: 6952, time: 0.056) G_GAN: 0.889 G_L1: 0.197 G_SSIM: 0.036 H_L1: 0.096 H_SSIM: 0.057 D_real: 0.015 D_fake: 0.016 att_A: 0.447 L_hall: 0.053 L_inter: 0.000 L_intra: 0.000 L_fsp: 0.513 fsp_3_4: 0.113 fsp_4_5: 0.182 fsp_5_6: 0.174 fsp_6_7: 0.045 
(epoch: 25, iters: 7052, time: 0.034) G_GAN: 1.139 G_L1: 0.018 G_SSIM: 0.003 H_L1: 0.076 H_SSIM: 0.042 D_real: 0.020 D_fake: 0.193 att_A: 0.753 L_hall: 0.042 L_inter: 0.000 L_intra: 0.000 L_fsp: 0.436 fsp_3_4: 0.208 fsp_4_5: 0.121 fsp_5_6: 0.094 fsp_6_7: 0.012 
(epoch: 25, iters: 7152, time: 0.036) G_GAN: 1.009 G_L1: 0.213 G_SSIM: 0.154 H_L1: 0.079 H_SSIM: 0.281 D_real: 0.010 D_fake: 0.005 att_A: 0.769 L_hall: 0.050 L_inter: 0.000 L_intra: 0.000 L_fsp: 0.308 fsp_3_4: 0.096 fsp_4_5: 0.106 fsp_5_6: 0.086 fsp_6_7: 0.020 
(epoch: 25, iters: 7252, time: 0.035) G_GAN: 0.886 G_L1: 0.312 G_SSIM: 0.336 H_L1: 0.093 H_SSIM: 0.513 D_real: 0.008 D_fake: 0.007 att_A: 0.761 L_hall: 0.046 L_inter: 0.000 L_intra: 0.000 L_fsp: 0.278 fsp_3_4: 0.095 fsp_4_5: 0.126 fsp_5_6: 0.048 fsp_6_7: 0.009 
(epoch: 25, iters: 7352, time: 0.034) G_GAN: 0.727 G_L1: 0.146 G_SSIM: 0.063 H_L1: 0.093 H_SSIM: 0.178 D_real: 0.035 D_fake: 0.032 att_A: 0.281 L_hall: 0.037 L_inter: 0.000 L_intra: 0.000 L_fsp: 0.131 fsp_3_4: 0.056 fsp_4_5: 0.049 fsp_5_6: 0.022 fsp_6_7: 0.005 
(epoch: 25, iters: 7452, time: 0.055) G_GAN: 1.120 G_L1: 0.241 G_SSIM: 0.204 H_L1: 0.056 H_SSIM: 0.299 D_real: 0.007 D_fake: 0.011 att_A: 0.599 L_hall: 0.041 L_inter: 0.000 L_intra: 0.000 L_fsp: 0.221 fsp_3_4: 0.080 fsp_4_5: 0.093 fsp_5_6: 0.041 fsp_6_7: 0.008 
(epoch: 25, iters: 7552, time: 0.034) G_GAN: 1.102 G_L1: 0.388 G_SSIM: 0.323 H_L1: 0.137 H_SSIM: 0.430 D_real: 0.023 D_fake: 0.010 att_A: 0.825 L_hall: 0.053 L_inter: 0.000 L_intra: 0.000 L_fsp: 0.453 fsp_3_4: 0.134 fsp_4_5: 0.144 fsp_5_6: 0.141 fsp_6_7: 0.034 
(epoch: 25, iters: 7652, time: 0.033) G_GAN: 1.048 G_L1: 0.273 G_SSIM: 0.230 H_L1: 0.069 H_SSIM: 0.358 D_real: 0.010 D_fake: 0.007 att_A: 0.741 L_hall: 0.046 L_inter: 0.000 L_intra: 0.000 L_fsp: 0.280 fsp_3_4: 0.097 fsp_4_5: 0.109 fsp_5_6: 0.063 fsp_6_7: 0.011 
(epoch: 25, iters: 7752, time: 0.033) G_GAN: 1.277 G_L1: 0.199 G_SSIM: 0.115 H_L1: 0.090 H_SSIM: 0.254 D_real: 0.011 D_fake: 0.007 att_A: 0.622 L_hall: 0.039 L_inter: 0.000 L_intra: 0.000 L_fsp: 0.366 fsp_3_4: 0.119 fsp_4_5: 0.165 fsp_5_6: 0.067 fsp_6_7: 0.015 
(epoch: 25, iters: 7852, time: 0.033) G_GAN: 0.967 G_L1: 0.285 G_SSIM: 0.183 H_L1: 0.127 H_SSIM: 0.352 D_real: 0.040 D_fake: 0.012 att_A: 0.585 L_hall: 0.044 L_inter: 0.000 L_intra: 0.000 L_fsp: 0.251 fsp_3_4: 0.073 fsp_4_5: 0.106 fsp_5_6: 0.060 fsp_6_7: 0.012 
(epoch: 25, iters: 7952, time: 0.048) G_GAN: 1.052 G_L1: 0.252 G_SSIM: 0.208 H_L1: 0.080 H_SSIM: 0.355 D_real: 0.009 D_fake: 0.009 att_A: 0.640 L_hall: 0.040 L_inter: 0.000 L_intra: 0.000 L_fsp: 0.239 fsp_3_4: 0.086 fsp_4_5: 0.106 fsp_5_6: 0.040 fsp_6_7: 0.008 
(epoch: 25, iters: 8052, time: 0.034) G_GAN: 0.802 G_L1: 0.154 G_SSIM: 0.129 H_L1: 0.067 H_SSIM: 0.304 D_real: 0.048 D_fake: 0.509 att_A: 0.852 L_hall: 0.051 L_inter: 0.000 L_intra: 0.000 L_fsp: 0.377 fsp_3_4: 0.127 fsp_4_5: 0.151 fsp_5_6: 0.069 fsp_6_7: 0.030 
(epoch: 25, iters: 8152, time: 0.034) G_GAN: 1.114 G_L1: 0.568 G_SSIM: 0.506 H_L1: 0.125 H_SSIM: 0.591 D_real: 0.008 D_fake: 0.005 att_A: 0.946 L_hall: 0.052 L_inter: 0.000 L_intra: 0.000 L_fsp: 0.366 fsp_3_4: 0.134 fsp_4_5: 0.120 fsp_5_6: 0.097 fsp_6_7: 0.015 
(epoch: 25, iters: 8252, time: 0.034) G_GAN: 1.188 G_L1: 0.433 G_SSIM: 0.408 H_L1: 0.102 H_SSIM: 0.504 D_real: 0.009 D_fake: 0.008 att_A: 0.711 L_hall: 0.046 L_inter: 0.000 L_intra: 0.000 L_fsp: 0.270 fsp_3_4: 0.089 fsp_4_5: 0.110 fsp_5_6: 0.060 fsp_6_7: 0.012 
(epoch: 25, iters: 8352, time: 0.034) G_GAN: 0.971 G_L1: 0.240 G_SSIM: 0.247 H_L1: 0.073 H_SSIM: 0.373 D_real: 0.013 D_fake: 0.007 att_A: 0.936 L_hall: 0.050 L_inter: 0.000 L_intra: 0.000 L_fsp: 0.448 fsp_3_4: 0.198 fsp_4_5: 0.146 fsp_5_6: 0.077 fsp_6_7: 0.027 
(epoch: 25, iters: 8452, time: 0.057) G_GAN: 1.029 G_L1: 0.266 G_SSIM: 0.241 H_L1: 0.069 H_SSIM: 0.364 D_real: 0.010 D_fake: 0.008 att_A: 0.604 L_hall: 0.040 L_inter: 0.000 L_intra: 0.000 L_fsp: 0.173 fsp_3_4: 0.068 fsp_4_5: 0.061 fsp_5_6: 0.033 fsp_6_7: 0.010 
(epoch: 25, iters: 8552, time: 0.035) G_GAN: 1.083 G_L1: 0.279 G_SSIM: 0.161 H_L1: 0.104 H_SSIM: 0.322 D_real: 0.010 D_fake: 0.011 att_A: 0.573 L_hall: 0.037 L_inter: 0.000 L_intra: 0.000 L_fsp: 0.252 fsp_3_4: 0.098 fsp_4_5: 0.108 fsp_5_6: 0.040 fsp_6_7: 0.006 
(epoch: 25, iters: 8652, time: 0.034) G_GAN: 1.181 G_L1: 0.535 G_SSIM: 0.569 H_L1: 0.126 H_SSIM: 0.612 D_real: 0.020 D_fake: 0.013 att_A: 0.920 L_hall: 0.056 L_inter: 0.000 L_intra: 0.000 L_fsp: 0.359 fsp_3_4: 0.104 fsp_4_5: 0.116 fsp_5_6: 0.115 fsp_6_7: 0.025 
(epoch: 25, iters: 8752, time: 0.034) G_GAN: 1.001 G_L1: 0.247 G_SSIM: 0.235 H_L1: 0.105 H_SSIM: 0.368 D_real: 0.073 D_fake: 0.020 att_A: 0.697 L_hall: 0.044 L_inter: 0.000 L_intra: 0.000 L_fsp: 0.241 fsp_3_4: 0.069 fsp_4_5: 0.099 fsp_5_6: 0.063 fsp_6_7: 0.010 
(epoch: 25, iters: 8852, time: 0.034) G_GAN: 1.212 G_L1: 0.524 G_SSIM: 0.541 H_L1: 0.127 H_SSIM: 0.586 D_real: 0.010 D_fake: 0.018 att_A: 0.802 L_hall: 0.055 L_inter: 0.000 L_intra: 0.000 L_fsp: 0.483 fsp_3_4: 0.131 fsp_4_5: 0.138 fsp_5_6: 0.170 fsp_6_7: 0.044 
(epoch: 25, iters: 8952, time: 0.049) G_GAN: 1.057 G_L1: 0.325 G_SSIM: 0.258 H_L1: 0.082 H_SSIM: 0.365 D_real: 0.007 D_fake: 0.006 att_A: 0.666 L_hall: 0.043 L_inter: 0.000 L_intra: 0.000 L_fsp: 0.201 fsp_3_4: 0.069 fsp_4_5: 0.068 fsp_5_6: 0.058 fsp_6_7: 0.006 
(epoch: 25, iters: 9052, time: 0.034) G_GAN: 0.539 G_L1: 0.053 G_SSIM: 0.020 H_L1: 0.075 H_SSIM: 0.059 D_real: 0.073 D_fake: 0.358 att_A: 0.789 L_hall: 0.029 L_inter: 0.000 L_intra: 0.000 L_fsp: 0.239 fsp_3_4: 0.057 fsp_4_5: 0.099 fsp_5_6: 0.068 fsp_6_7: 0.016 
saving the model at the end of epoch 25, iters 228175
epoch 25  fsp_3_4:0.094059  fsp_3_4_degen:0.000000  fsp_4_5:0.107807  fsp_4_5_degen:0.000000  fsp_5_6:0.066752  fsp_5_6_degen:0.000000  fsp_6_7:0.014239  fsp_6_7_degen:0.000000
End of epoch 25 / 30 	 Time Taken: 412 sec
learning rate = 0.0000625
(epoch: 26, iters: 25, time: 0.033) G_GAN: 0.969 G_L1: 0.395 G_SSIM: 0.339 H_L1: 0.117 H_SSIM: 0.448 D_real: 0.006 D_fake: 0.003 att_A: 0.842 L_hall: 0.048 L_inter: 0.000 L_intra: 0.000 L_fsp: 0.299 fsp_3_4: 0.119 fsp_4_5: 0.101 fsp_5_6: 0.061 fsp_6_7: 0.018 
(epoch: 26, iters: 125, time: 0.035) G_GAN: 1.137 G_L1: 0.421 G_SSIM: 0.298 H_L1: 0.118 H_SSIM: 0.387 D_real: 0.015 D_fake: 0.007 att_A: 0.610 L_hall: 0.045 L_inter: 0.000 L_intra: 0.000 L_fsp: 0.263 fsp_3_4: 0.098 fsp_4_5: 0.083 fsp_5_6: 0.074 fsp_6_7: 0.007 
(epoch: 26, iters: 225, time: 0.041) G_GAN: 0.390 G_L1: 0.067 G_SSIM: 0.010 H_L1: 0.069 H_SSIM: 0.033 D_real: 0.010 D_fake: 0.167 att_A: 0.477 L_hall: 0.048 L_inter: 0.000 L_intra: 0.000 L_fsp: 0.282 fsp_3_4: 0.058 fsp_4_5: 0.085 fsp_5_6: 0.100 fsp_6_7: 0.040 
(epoch: 26, iters: 325, time: 0.062) G_GAN: 0.926 G_L1: 0.351 G_SSIM: 0.309 H_L1: 0.103 H_SSIM: 0.621 D_real: 0.008 D_fake: 0.005 att_A: 0.760 L_hall: 0.044 L_inter: 0.000 L_intra: 0.000 L_fsp: 0.206 fsp_3_4: 0.070 fsp_4_5: 0.087 fsp_5_6: 0.038 fsp_6_7: 0.011 
(epoch: 26, iters: 425, time: 0.034) G_GAN: 0.581 G_L1: 0.195 G_SSIM: 0.136 H_L1: 0.075 H_SSIM: 0.252 D_real: 0.016 D_fake: 0.072 att_A: 0.435 L_hall: 0.041 L_inter: 0.000 L_intra: 0.000 L_fsp: 0.178 fsp_3_4: 0.067 fsp_4_5: 0.077 fsp_5_6: 0.031 fsp_6_7: 0.003 
(epoch: 26, iters: 525, time: 0.034) G_GAN: 0.923 G_L1: 0.255 G_SSIM: 0.199 H_L1: 0.065 H_SSIM: 0.327 D_real: 0.010 D_fake: 0.061 att_A: 0.560 L_hall: 0.043 L_inter: 0.000 L_intra: 0.000 L_fsp: 0.233 fsp_3_4: 0.082 fsp_4_5: 0.099 fsp_5_6: 0.046 fsp_6_7: 0.006 
(epoch: 26, iters: 625, time: 0.034) G_GAN: 0.938 G_L1: 0.374 G_SSIM: 0.426 H_L1: 0.137 H_SSIM: 0.550 D_real: 0.009 D_fake: 0.006 att_A: 0.812 L_hall: 0.050 L_inter: 0.000 L_intra: 0.000 L_fsp: 0.284 fsp_3_4: 0.103 fsp_4_5: 0.108 fsp_5_6: 0.056 fsp_6_7: 0.015 
(epoch: 26, iters: 725, time: 0.034) G_GAN: 0.868 G_L1: 0.126 G_SSIM: 0.052 H_L1: 0.095 H_SSIM: 0.169 D_real: 0.010 D_fake: 0.008 att_A: 0.909 L_hall: 0.053 L_inter: 0.000 L_intra: 0.000 L_fsp: 0.400 fsp_3_4: 0.135 fsp_4_5: 0.142 fsp_5_6: 0.103 fsp_6_7: 0.020 
(epoch: 26, iters: 825, time: 0.066) G_GAN: 1.040 G_L1: 0.275 G_SSIM: 0.264 H_L1: 0.083 H_SSIM: 0.447 D_real: 0.007 D_fake: 0.006 att_A: 0.700 L_hall: 0.044 L_inter: 0.000 L_intra: 0.000 L_fsp: 0.252 fsp_3_4: 0.099 fsp_4_5: 0.090 fsp_5_6: 0.056 fsp_6_7: 0.008 
(epoch: 26, iters: 925, time: 0.039) G_GAN: 0.868 G_L1: 0.305 G_SSIM: 0.275 H_L1: 0.076 H_SSIM: 0.377 D_real: 0.016 D_fake: 0.006 att_A: 0.562 L_hall: 0.043 L_inter: 0.000 L_intra: 0.000 L_fsp: 0.219 fsp_3_4: 0.072 fsp_4_5: 0.087 fsp_5_6: 0.053 fsp_6_7: 0.007 
(epoch: 26, iters: 1025, time: 0.034) G_GAN: 0.559 G_L1: 0.184 G_SSIM: 0.089 H_L1: 0.091 H_SSIM: 0.232 D_real: 0.156 D_fake: 0.088 att_A: 0.303 L_hall: 0.037 L_inter: 0.000 L_intra: 0.000 L_fsp: 0.165 fsp_3_4: 0.063 fsp_4_5: 0.068 fsp_5_6: 0.028 fsp_6_7: 0.006 
(epoch: 26, iters: 1125, time: 0.039) G_GAN: 1.007 G_L1: 0.258 G_SSIM: 0.196 H_L1: 0.074 H_SSIM: 0.322 D_real: 0.008 D_fake: 0.025 att_A: 0.839 L_hall: 0.053 L_inter: 0.000 L_intra: 0.000 L_fsp: 0.470 fsp_3_4: 0.190 fsp_4_5: 0.162 fsp_5_6: 0.096 fsp_6_7: 0.021 
(epoch: 26, iters: 1225, time: 0.034) G_GAN: 1.303 G_L1: 0.272 G_SSIM: 0.042 H_L1: 0.114 H_SSIM: 0.166 D_real: 0.027 D_fake: 0.028 att_A: 0.974 L_hall: 0.056 L_inter: 0.000 L_intra: 0.000 L_fsp: 0.579 fsp_3_4: 0.243 fsp_4_5: 0.156 fsp_5_6: 0.128 fsp_6_7: 0.052 
(epoch: 26, iters: 1325, time: 0.057) G_GAN: 0.942 G_L1: 0.259 G_SSIM: 0.280 H_L1: 0.060 H_SSIM: 0.446 D_real: 0.017 D_fake: 0.005 att_A: 0.761 L_hall: 0.043 L_inter: 0.000 L_intra: 0.000 L_fsp: 0.204 fsp_3_4: 0.069 fsp_4_5: 0.079 fsp_5_6: 0.049 fsp_6_7: 0.007 
(epoch: 26, iters: 1425, time: 0.034) G_GAN: 0.827 G_L1: 0.241 G_SSIM: 0.148 H_L1: 0.100 H_SSIM: 0.256 D_real: 0.028 D_fake: 0.016 att_A: 0.385 L_hall: 0.040 L_inter: 0.000 L_intra: 0.000 L_fsp: 0.228 fsp_3_4: 0.095 fsp_4_5: 0.095 fsp_5_6: 0.035 fsp_6_7: 0.004 
(epoch: 26, iters: 1525, time: 0.033) G_GAN: 0.378 G_L1: 0.219 G_SSIM: 0.121 H_L1: 0.110 H_SSIM: 0.273 D_real: 0.012 D_fake: 0.008 att_A: 0.528 L_hall: 0.039 L_inter: 0.000 L_intra: 0.000 L_fsp: 0.220 fsp_3_4: 0.068 fsp_4_5: 0.085 fsp_5_6: 0.055 fsp_6_7: 0.013 
(epoch: 26, iters: 1625, time: 0.034) G_GAN: 0.861 G_L1: 0.376 G_SSIM: 0.401 H_L1: 0.122 H_SSIM: 0.533 D_real: 0.009 D_fake: 0.008 att_A: 0.787 L_hall: 0.045 L_inter: 0.000 L_intra: 0.000 L_fsp: 0.360 fsp_3_4: 0.124 fsp_4_5: 0.154 fsp_5_6: 0.067 fsp_6_7: 0.014 
(epoch: 26, iters: 1725, time: 0.038) G_GAN: 0.930 G_L1: 0.185 G_SSIM: 0.139 H_L1: 0.057 H_SSIM: 0.289 D_real: 0.011 D_fake: 0.011 att_A: 0.669 L_hall: 0.045 L_inter: 0.000 L_intra: 0.000 L_fsp: 0.258 fsp_3_4: 0.088 fsp_4_5: 0.101 fsp_5_6: 0.059 fsp_6_7: 0.010 
(epoch: 26, iters: 1825, time: 0.063) G_GAN: 0.930 G_L1: 0.319 G_SSIM: 0.239 H_L1: 0.090 H_SSIM: 0.399 D_real: 0.008 D_fake: 0.005 att_A: 0.939 L_hall: 0.050 L_inter: 0.000 L_intra: 0.000 L_fsp: 0.248 fsp_3_4: 0.091 fsp_4_5: 0.067 fsp_5_6: 0.076 fsp_6_7: 0.014 
saving the latest model (epoch 26, total_steps 230000)
(epoch: 26, iters: 1925, time: 0.033) G_GAN: 0.761 G_L1: 0.153 G_SSIM: 0.096 H_L1: 0.067 H_SSIM: 0.159 D_real: 0.010 D_fake: 0.008 att_A: 0.461 L_hall: 0.037 L_inter: 0.000 L_intra: 0.000 L_fsp: 0.251 fsp_3_4: 0.082 fsp_4_5: 0.099 fsp_5_6: 0.063 fsp_6_7: 0.008 
(epoch: 26, iters: 2025, time: 0.034) G_GAN: 1.098 G_L1: 0.290 G_SSIM: 0.244 H_L1: 0.078 H_SSIM: 0.417 D_real: 0.017 D_fake: 0.006 att_A: 0.867 L_hall: 0.046 L_inter: 0.000 L_intra: 0.000 L_fsp: 0.298 fsp_3_4: 0.104 fsp_4_5: 0.108 fsp_5_6: 0.075 fsp_6_7: 0.011 
(epoch: 26, iters: 2125, time: 0.034) G_GAN: 0.584 G_L1: 0.194 G_SSIM: 0.089 H_L1: 0.102 H_SSIM: 0.209 D_real: 0.027 D_fake: 0.070 att_A: 0.306 L_hall: 0.037 L_inter: 0.000 L_intra: 0.000 L_fsp: 0.201 fsp_3_4: 0.079 fsp_4_5: 0.084 fsp_5_6: 0.031 fsp_6_7: 0.007 
(epoch: 26, iters: 2225, time: 0.034) G_GAN: 0.993 G_L1: 0.127 G_SSIM: 0.074 H_L1: 0.044 H_SSIM: 0.199 D_real: 0.010 D_fake: 0.009 att_A: 0.596 L_hall: 0.048 L_inter: 0.000 L_intra: 0.000 L_fsp: 0.312 fsp_3_4: 0.116 fsp_4_5: 0.130 fsp_5_6: 0.054 fsp_6_7: 0.011 
(epoch: 26, iters: 2325, time: 0.049) G_GAN: 1.094 G_L1: 0.238 G_SSIM: 0.226 H_L1: 0.056 H_SSIM: 0.376 D_real: 0.014 D_fake: 0.013 att_A: 0.801 L_hall: 0.045 L_inter: 0.000 L_intra: 0.000 L_fsp: 0.268 fsp_3_4: 0.094 fsp_4_5: 0.121 fsp_5_6: 0.046 fsp_6_7: 0.007 
(epoch: 26, iters: 2425, time: 0.034) G_GAN: 1.022 G_L1: 0.296 G_SSIM: 0.300 H_L1: 0.089 H_SSIM: 0.458 D_real: 0.009 D_fake: 0.007 att_A: 0.738 L_hall: 0.048 L_inter: 0.000 L_intra: 0.000 L_fsp: 0.367 fsp_3_4: 0.110 fsp_4_5: 0.131 fsp_5_6: 0.105 fsp_6_7: 0.020 
(epoch: 26, iters: 2525, time: 0.034) G_GAN: 0.859 G_L1: 0.176 G_SSIM: 0.112 H_L1: 0.086 H_SSIM: 0.220 D_real: 0.034 D_fake: 0.088 att_A: 0.388 L_hall: 0.044 L_inter: 0.000 L_intra: 0.000 L_fsp: 0.224 fsp_3_4: 0.075 fsp_4_5: 0.097 fsp_5_6: 0.039 fsp_6_7: 0.013 
(epoch: 26, iters: 2625, time: 0.034) G_GAN: 0.608 G_L1: 0.278 G_SSIM: 0.181 H_L1: 0.063 H_SSIM: 0.289 D_real: 0.008 D_fake: 0.031 att_A: 0.610 L_hall: 0.041 L_inter: 0.000 L_intra: 0.000 L_fsp: 0.196 fsp_3_4: 0.074 fsp_4_5: 0.067 fsp_5_6: 0.046 fsp_6_7: 0.009 
(epoch: 26, iters: 2725, time: 0.034) G_GAN: 1.073 G_L1: 0.235 G_SSIM: 0.177 H_L1: 0.077 H_SSIM: 0.321 D_real: 0.008 D_fake: 0.026 att_A: 0.654 L_hall: 0.047 L_inter: 0.000 L_intra: 0.000 L_fsp: 0.241 fsp_3_4: 0.091 fsp_4_5: 0.093 fsp_5_6: 0.049 fsp_6_7: 0.008 
(epoch: 26, iters: 2825, time: 0.065) G_GAN: 0.969 G_L1: 0.266 G_SSIM: 0.249 H_L1: 0.062 H_SSIM: 0.356 D_real: 0.012 D_fake: 0.006 att_A: 0.684 L_hall: 0.039 L_inter: 0.000 L_intra: 0.000 L_fsp: 0.200 fsp_3_4: 0.063 fsp_4_5: 0.086 fsp_5_6: 0.045 fsp_6_7: 0.006 
(epoch: 26, iters: 2925, time: 0.035) G_GAN: 1.017 G_L1: 0.216 G_SSIM: 0.187 H_L1: 0.067 H_SSIM: 0.286 D_real: 0.009 D_fake: 0.004 att_A: 0.623 L_hall: 0.042 L_inter: 0.000 L_intra: 0.000 L_fsp: 0.332 fsp_3_4: 0.121 fsp_4_5: 0.118 fsp_5_6: 0.080 fsp_6_7: 0.013 
(epoch: 26, iters: 3025, time: 0.033) G_GAN: 0.711 G_L1: 0.219 G_SSIM: 0.102 H_L1: 0.088 H_SSIM: 0.232 D_real: 0.060 D_fake: 0.041 att_A: 0.311 L_hall: 0.041 L_inter: 0.000 L_intra: 0.000 L_fsp: 0.219 fsp_3_4: 0.081 fsp_4_5: 0.102 fsp_5_6: 0.032 fsp_6_7: 0.005 
(epoch: 26, iters: 3125, time: 0.034) G_GAN: 0.956 G_L1: 0.087 G_SSIM: 0.040 H_L1: 0.059 H_SSIM: 0.073 D_real: 0.152 D_fake: 0.016 att_A: 0.690 L_hall: 0.045 L_inter: 0.000 L_intra: 0.000 L_fsp: 0.240 fsp_3_4: 0.057 fsp_4_5: 0.093 fsp_5_6: 0.078 fsp_6_7: 0.012 
(epoch: 26, iters: 3225, time: 0.034) G_GAN: 0.905 G_L1: 0.311 G_SSIM: 0.245 H_L1: 0.094 H_SSIM: 0.502 D_real: 0.009 D_fake: 0.130 att_A: 0.699 L_hall: 0.039 L_inter: 0.000 L_intra: 0.000 L_fsp: 0.288 fsp_3_4: 0.087 fsp_4_5: 0.134 fsp_5_6: 0.056 fsp_6_7: 0.011 
(epoch: 26, iters: 3325, time: 0.081) G_GAN: 0.648 G_L1: 0.379 G_SSIM: 0.355 H_L1: 0.107 H_SSIM: 0.450 D_real: 0.007 D_fake: 0.049 att_A: 0.565 L_hall: 0.048 L_inter: 0.000 L_intra: 0.000 L_fsp: 0.304 fsp_3_4: 0.119 fsp_4_5: 0.123 fsp_5_6: 0.054 fsp_6_7: 0.008 
(epoch: 26, iters: 3425, time: 0.034) G_GAN: 1.122 G_L1: 0.044 G_SSIM: 0.010 H_L1: 0.124 H_SSIM: 0.041 D_real: 0.022 D_fake: 0.018 att_A: 0.401 L_hall: 0.046 L_inter: 0.000 L_intra: 0.000 L_fsp: 0.326 fsp_3_4: 0.089 fsp_4_5: 0.080 fsp_5_6: 0.139 fsp_6_7: 0.018 
(epoch: 26, iters: 3525, time: 0.034) G_GAN: 0.609 G_L1: 0.136 G_SSIM: 0.071 H_L1: 0.059 H_SSIM: 0.200 D_real: 0.036 D_fake: 0.006 att_A: 0.337 L_hall: 0.043 L_inter: 0.000 L_intra: 0.000 L_fsp: 0.211 fsp_3_4: 0.092 fsp_4_5: 0.083 fsp_5_6: 0.032 fsp_6_7: 0.004 
(epoch: 26, iters: 3625, time: 0.034) G_GAN: 1.110 G_L1: 0.329 G_SSIM: 0.308 H_L1: 0.081 H_SSIM: 0.423 D_real: 0.010 D_fake: 0.059 att_A: 0.737 L_hall: 0.045 L_inter: 0.000 L_intra: 0.000 L_fsp: 0.256 fsp_3_4: 0.089 fsp_4_5: 0.098 fsp_5_6: 0.058 fsp_6_7: 0.011 
(epoch: 26, iters: 3725, time: 0.034) G_GAN: 0.821 G_L1: 0.051 G_SSIM: 0.029 H_L1: 0.062 H_SSIM: 0.060 D_real: 0.098 D_fake: 0.007 att_A: 0.384 L_hall: 0.043 L_inter: 0.000 L_intra: 0.000 L_fsp: 0.255 fsp_3_4: 0.076 fsp_4_5: 0.105 fsp_5_6: 0.060 fsp_6_7: 0.013 
(epoch: 26, iters: 3825, time: 0.047) G_GAN: 0.486 G_L1: 0.145 G_SSIM: 0.123 H_L1: 0.082 H_SSIM: 0.260 D_real: 0.023 D_fake: 0.105 att_A: 0.644 L_hall: 0.044 L_inter: 0.000 L_intra: 0.000 L_fsp: 0.221 fsp_3_4: 0.079 fsp_4_5: 0.080 fsp_5_6: 0.056 fsp_6_7: 0.007 
(epoch: 26, iters: 3925, time: 0.034) G_GAN: 0.912 G_L1: 0.239 G_SSIM: 0.199 H_L1: 0.094 H_SSIM: 0.358 D_real: 0.024 D_fake: 0.006 att_A: 0.727 L_hall: 0.045 L_inter: 0.000 L_intra: 0.000 L_fsp: 0.289 fsp_3_4: 0.112 fsp_4_5: 0.115 fsp_5_6: 0.055 fsp_6_7: 0.007 
(epoch: 26, iters: 4025, time: 0.033) G_GAN: 0.924 G_L1: 0.233 G_SSIM: 0.198 H_L1: 0.090 H_SSIM: 0.323 D_real: 0.009 D_fake: 0.006 att_A: 0.883 L_hall: 0.052 L_inter: 0.000 L_intra: 0.000 L_fsp: 0.356 fsp_3_4: 0.107 fsp_4_5: 0.135 fsp_5_6: 0.094 fsp_6_7: 0.020 
(epoch: 26, iters: 4125, time: 0.033) G_GAN: 1.004 G_L1: 0.240 G_SSIM: 0.212 H_L1: 0.053 H_SSIM: 0.325 D_real: 0.017 D_fake: 0.004 att_A: 0.723 L_hall: 0.046 L_inter: 0.000 L_intra: 0.000 L_fsp: 0.243 fsp_3_4: 0.096 fsp_4_5: 0.081 fsp_5_6: 0.055 fsp_6_7: 0.011 
(epoch: 26, iters: 4225, time: 0.033) G_GAN: 1.054 G_L1: 0.237 G_SSIM: 0.132 H_L1: 0.094 H_SSIM: 0.263 D_real: 0.008 D_fake: 0.011 att_A: 0.599 L_hall: 0.036 L_inter: 0.000 L_intra: 0.000 L_fsp: 0.247 fsp_3_4: 0.088 fsp_4_5: 0.108 fsp_5_6: 0.046 fsp_6_7: 0.005 
(epoch: 26, iters: 4325, time: 0.056) G_GAN: 1.069 G_L1: 0.307 G_SSIM: 0.299 H_L1: 0.076 H_SSIM: 0.435 D_real: 0.022 D_fake: 0.015 att_A: 0.809 L_hall: 0.049 L_inter: 0.000 L_intra: 0.000 L_fsp: 0.330 fsp_3_4: 0.115 fsp_4_5: 0.130 fsp_5_6: 0.068 fsp_6_7: 0.018 
(epoch: 26, iters: 4425, time: 0.035) G_GAN: 1.083 G_L1: 0.212 G_SSIM: 0.192 H_L1: 0.053 H_SSIM: 0.285 D_real: 0.008 D_fake: 0.006 att_A: 0.678 L_hall: 0.049 L_inter: 0.000 L_intra: 0.000 L_fsp: 0.254 fsp_3_4: 0.078 fsp_4_5: 0.109 fsp_5_6: 0.062 fsp_6_7: 0.006 
(epoch: 26, iters: 4525, time: 0.033) G_GAN: 0.715 G_L1: 0.139 G_SSIM: 0.063 H_L1: 0.088 H_SSIM: 0.191 D_real: 0.027 D_fake: 0.010 att_A: 0.286 L_hall: 0.036 L_inter: 0.000 L_intra: 0.000 L_fsp: 0.172 fsp_3_4: 0.080 fsp_4_5: 0.061 fsp_5_6: 0.028 fsp_6_7: 0.003 
(epoch: 26, iters: 4625, time: 0.034) G_GAN: 1.004 G_L1: 0.181 G_SSIM: 0.135 H_L1: 0.082 H_SSIM: 0.234 D_real: 0.010 D_fake: 0.005 att_A: 0.470 L_hall: 0.036 L_inter: 0.000 L_intra: 0.000 L_fsp: 0.170 fsp_3_4: 0.073 fsp_4_5: 0.064 fsp_5_6: 0.026 fsp_6_7: 0.006 
(epoch: 26, iters: 4725, time: 0.036) G_GAN: 0.760 G_L1: 0.058 G_SSIM: 0.016 H_L1: 0.065 H_SSIM: 0.044 D_real: 0.184 D_fake: 0.005 att_A: 0.547 L_hall: 0.039 L_inter: 0.000 L_intra: 0.000 L_fsp: 0.305 fsp_3_4: 0.079 fsp_4_5: 0.130 fsp_5_6: 0.084 fsp_6_7: 0.012 
(epoch: 26, iters: 4825, time: 0.063) G_GAN: 0.883 G_L1: 0.175 G_SSIM: 0.147 H_L1: 0.073 H_SSIM: 0.313 D_real: 0.006 D_fake: 0.005 att_A: 0.753 L_hall: 0.049 L_inter: 0.000 L_intra: 0.000 L_fsp: 0.285 fsp_3_4: 0.073 fsp_4_5: 0.124 fsp_5_6: 0.074 fsp_6_7: 0.014 
(epoch: 26, iters: 4925, time: 0.035) G_GAN: 0.659 G_L1: 0.203 G_SSIM: 0.107 H_L1: 0.110 H_SSIM: 0.218 D_real: 0.064 D_fake: 0.010 att_A: 0.416 L_hall: 0.031 L_inter: 0.000 L_intra: 0.000 L_fsp: 0.191 fsp_3_4: 0.061 fsp_4_5: 0.086 fsp_5_6: 0.039 fsp_6_7: 0.004 
(epoch: 26, iters: 5025, time: 0.033) G_GAN: 0.959 G_L1: 0.247 G_SSIM: 0.218 H_L1: 0.070 H_SSIM: 0.353 D_real: 0.016 D_fake: 0.024 att_A: 0.653 L_hall: 0.039 L_inter: 0.000 L_intra: 0.000 L_fsp: 0.239 fsp_3_4: 0.085 fsp_4_5: 0.100 fsp_5_6: 0.047 fsp_6_7: 0.007 
(epoch: 26, iters: 5125, time: 0.034) G_GAN: 0.519 G_L1: 0.206 G_SSIM: 0.104 H_L1: 0.067 H_SSIM: 0.196 D_real: 0.169 D_fake: 0.091 att_A: 0.367 L_hall: 0.037 L_inter: 0.000 L_intra: 0.000 L_fsp: 0.212 fsp_3_4: 0.071 fsp_4_5: 0.093 fsp_5_6: 0.043 fsp_6_7: 0.006 
(epoch: 26, iters: 5225, time: 0.035) G_GAN: 0.495 G_L1: 0.155 G_SSIM: 0.093 H_L1: 0.074 H_SSIM: 0.202 D_real: 0.066 D_fake: 0.111 att_A: 0.536 L_hall: 0.048 L_inter: 0.000 L_intra: 0.000 L_fsp: 0.331 fsp_3_4: 0.123 fsp_4_5: 0.126 fsp_5_6: 0.071 fsp_6_7: 0.010 
(epoch: 26, iters: 5325, time: 0.057) G_GAN: 0.983 G_L1: 0.265 G_SSIM: 0.294 H_L1: 0.057 H_SSIM: 0.429 D_real: 0.007 D_fake: 0.004 att_A: 0.858 L_hall: 0.049 L_inter: 0.000 L_intra: 0.000 L_fsp: 0.314 fsp_3_4: 0.121 fsp_4_5: 0.112 fsp_5_6: 0.069 fsp_6_7: 0.012 
(epoch: 26, iters: 5425, time: 0.034) G_GAN: 0.816 G_L1: 0.132 G_SSIM: 0.064 H_L1: 0.079 H_SSIM: 0.188 D_real: 0.048 D_fake: 0.020 att_A: 0.301 L_hall: 0.037 L_inter: 0.000 L_intra: 0.000 L_fsp: 0.182 fsp_3_4: 0.080 fsp_4_5: 0.062 fsp_5_6: 0.032 fsp_6_7: 0.007 
(epoch: 26, iters: 5525, time: 0.033) G_GAN: 1.055 G_L1: 0.179 G_SSIM: 0.120 H_L1: 0.067 H_SSIM: 0.223 D_real: 0.117 D_fake: 0.011 att_A: 0.462 L_hall: 0.042 L_inter: 0.000 L_intra: 0.000 L_fsp: 0.164 fsp_3_4: 0.069 fsp_4_5: 0.060 fsp_5_6: 0.030 fsp_6_7: 0.005 
(epoch: 26, iters: 5625, time: 0.033) G_GAN: 0.567 G_L1: 0.066 G_SSIM: 0.025 H_L1: 0.069 H_SSIM: 0.064 D_real: 0.022 D_fake: 0.037 att_A: 0.573 L_hall: 0.047 L_inter: 0.000 L_intra: 0.000 L_fsp: 0.292 fsp_3_4: 0.081 fsp_4_5: 0.127 fsp_5_6: 0.071 fsp_6_7: 0.012 
(epoch: 26, iters: 5725, time: 0.034) G_GAN: 0.865 G_L1: 0.164 G_SSIM: 0.099 H_L1: 0.068 H_SSIM: 0.224 D_real: 0.008 D_fake: 0.005 att_A: 0.478 L_hall: 0.043 L_inter: 0.000 L_intra: 0.000 L_fsp: 0.213 fsp_3_4: 0.095 fsp_4_5: 0.076 fsp_5_6: 0.034 fsp_6_7: 0.009 
(epoch: 26, iters: 5825, time: 0.053) G_GAN: 1.042 G_L1: 0.228 G_SSIM: 0.189 H_L1: 0.088 H_SSIM: 0.295 D_real: 0.009 D_fake: 0.004 att_A: 0.464 L_hall: 0.042 L_inter: 0.000 L_intra: 0.000 L_fsp: 0.175 fsp_3_4: 0.067 fsp_4_5: 0.078 fsp_5_6: 0.026 fsp_6_7: 0.004 
(epoch: 26, iters: 5925, time: 0.034) G_GAN: 1.040 G_L1: 0.172 G_SSIM: 0.135 H_L1: 0.066 H_SSIM: 0.229 D_real: 0.271 D_fake: 0.029 att_A: 0.446 L_hall: 0.042 L_inter: 0.000 L_intra: 0.000 L_fsp: 0.212 fsp_3_4: 0.070 fsp_4_5: 0.093 fsp_5_6: 0.039 fsp_6_7: 0.010 
(epoch: 26, iters: 6025, time: 0.035) G_GAN: 0.826 G_L1: 0.155 G_SSIM: 0.107 H_L1: 0.068 H_SSIM: 0.229 D_real: 0.122 D_fake: 0.013 att_A: 0.810 L_hall: 0.049 L_inter: 0.000 L_intra: 0.000 L_fsp: 0.363 fsp_3_4: 0.110 fsp_4_5: 0.141 fsp_5_6: 0.099 fsp_6_7: 0.013 
(epoch: 26, iters: 6125, time: 0.034) G_GAN: 1.051 G_L1: 0.486 G_SSIM: 0.565 H_L1: 0.159 H_SSIM: 0.626 D_real: 0.009 D_fake: 0.016 att_A: 0.973 L_hall: 0.060 L_inter: 0.000 L_intra: 0.000 L_fsp: 0.310 fsp_3_4: 0.105 fsp_4_5: 0.133 fsp_5_6: 0.063 fsp_6_7: 0.009 
(epoch: 26, iters: 6225, time: 0.034) G_GAN: 0.445 G_L1: 0.138 G_SSIM: 0.068 H_L1: 0.051 H_SSIM: 0.186 D_real: 0.018 D_fake: 0.143 att_A: 0.375 L_hall: 0.040 L_inter: 0.000 L_intra: 0.000 L_fsp: 0.185 fsp_3_4: 0.068 fsp_4_5: 0.075 fsp_5_6: 0.037 fsp_6_7: 0.004 
(epoch: 26, iters: 6325, time: 0.048) G_GAN: 1.164 G_L1: 0.247 G_SSIM: 0.159 H_L1: 0.073 H_SSIM: 0.272 D_real: 0.009 D_fake: 0.018 att_A: 0.463 L_hall: 0.037 L_inter: 0.000 L_intra: 0.000 L_fsp: 0.143 fsp_3_4: 0.060 fsp_4_5: 0.052 fsp_5_6: 0.028 fsp_6_7: 0.003 
(epoch: 26, iters: 6425, time: 0.034) G_GAN: 0.958 G_L1: 0.292 G_SSIM: 0.284 H_L1: 0.087 H_SSIM: 0.475 D_real: 0.011 D_fake: 0.004 att_A: 0.738 L_hall: 0.046 L_inter: 0.000 L_intra: 0.000 L_fsp: 0.336 fsp_3_4: 0.088 fsp_4_5: 0.140 fsp_5_6: 0.094 fsp_6_7: 0.015 
(epoch: 26, iters: 6525, time: 0.033) G_GAN: 0.441 G_L1: 0.171 G_SSIM: 0.101 H_L1: 0.083 H_SSIM: 0.239 D_real: 0.008 D_fake: 0.128 att_A: 0.612 L_hall: 0.049 L_inter: 0.000 L_intra: 0.000 L_fsp: 0.269 fsp_3_4: 0.101 fsp_4_5: 0.107 fsp_5_6: 0.049 fsp_6_7: 0.012 
(epoch: 26, iters: 6625, time: 0.034) G_GAN: 0.747 G_L1: 0.267 G_SSIM: 0.168 H_L1: 0.064 H_SSIM: 0.267 D_real: 0.010 D_fake: 0.030 att_A: 0.525 L_hall: 0.040 L_inter: 0.000 L_intra: 0.000 L_fsp: 0.168 fsp_3_4: 0.064 fsp_4_5: 0.056 fsp_5_6: 0.039 fsp_6_7: 0.009 
(epoch: 26, iters: 6725, time: 0.033) G_GAN: 1.096 G_L1: 0.243 G_SSIM: 0.198 H_L1: 0.107 H_SSIM: 0.346 D_real: 0.013 D_fake: 0.062 att_A: 0.803 L_hall: 0.052 L_inter: 0.000 L_intra: 0.000 L_fsp: 0.395 fsp_3_4: 0.121 fsp_4_5: 0.164 fsp_5_6: 0.094 fsp_6_7: 0.017 
(epoch: 26, iters: 6825, time: 0.063) G_GAN: 0.900 G_L1: 0.070 G_SSIM: 0.032 H_L1: 0.061 H_SSIM: 0.066 D_real: 0.062 D_fake: 0.016 att_A: 0.483 L_hall: 0.046 L_inter: 0.000 L_intra: 0.000 L_fsp: 0.244 fsp_3_4: 0.047 fsp_4_5: 0.079 fsp_5_6: 0.095 fsp_6_7: 0.023 
saving the latest model (epoch 26, total_steps 235000)
(epoch: 26, iters: 6925, time: 0.034) G_GAN: 1.077 G_L1: 0.503 G_SSIM: 0.433 H_L1: 0.110 H_SSIM: 0.504 D_real: 0.013 D_fake: 0.183 att_A: 0.953 L_hall: 0.054 L_inter: 0.000 L_intra: 0.000 L_fsp: 0.317 fsp_3_4: 0.106 fsp_4_5: 0.113 fsp_5_6: 0.089 fsp_6_7: 0.009 
(epoch: 26, iters: 7025, time: 0.035) G_GAN: 0.984 G_L1: 0.123 G_SSIM: 0.103 H_L1: 0.073 H_SSIM: 0.245 D_real: 0.023 D_fake: 0.006 att_A: 0.731 L_hall: 0.050 L_inter: 0.000 L_intra: 0.000 L_fsp: 0.325 fsp_3_4: 0.098 fsp_4_5: 0.124 fsp_5_6: 0.090 fsp_6_7: 0.013 
(epoch: 26, iters: 7125, time: 0.034) G_GAN: 1.059 G_L1: 0.199 G_SSIM: 0.113 H_L1: 0.064 H_SSIM: 0.217 D_real: 0.031 D_fake: 0.018 att_A: 0.571 L_hall: 0.037 L_inter: 0.000 L_intra: 0.000 L_fsp: 0.296 fsp_3_4: 0.108 fsp_4_5: 0.109 fsp_5_6: 0.067 fsp_6_7: 0.012 
(epoch: 26, iters: 7225, time: 0.034) G_GAN: 1.042 G_L1: 0.318 G_SSIM: 0.285 H_L1: 0.075 H_SSIM: 0.408 D_real: 0.007 D_fake: 0.009 att_A: 0.843 L_hall: 0.049 L_inter: 0.000 L_intra: 0.000 L_fsp: 0.311 fsp_3_4: 0.100 fsp_4_5: 0.120 fsp_5_6: 0.075 fsp_6_7: 0.017 
(epoch: 26, iters: 7325, time: 0.052) G_GAN: 1.001 G_L1: 0.319 G_SSIM: 0.321 H_L1: 0.087 H_SSIM: 0.603 D_real: 0.010 D_fake: 0.033 att_A: 0.712 L_hall: 0.043 L_inter: 0.000 L_intra: 0.000 L_fsp: 0.286 fsp_3_4: 0.105 fsp_4_5: 0.114 fsp_5_6: 0.057 fsp_6_7: 0.010 
(epoch: 26, iters: 7425, time: 0.034) G_GAN: 1.190 G_L1: 0.426 G_SSIM: 0.349 H_L1: 0.142 H_SSIM: 0.441 D_real: 0.010 D_fake: 0.019 att_A: 0.467 L_hall: 0.053 L_inter: 0.000 L_intra: 0.000 L_fsp: 0.323 fsp_3_4: 0.090 fsp_4_5: 0.123 fsp_5_6: 0.084 fsp_6_7: 0.027 
(epoch: 26, iters: 7525, time: 0.033) G_GAN: 1.093 G_L1: 0.207 G_SSIM: 0.187 H_L1: 0.085 H_SSIM: 0.295 D_real: 0.034 D_fake: 0.013 att_A: 0.538 L_hall: 0.036 L_inter: 0.000 L_intra: 0.000 L_fsp: 0.164 fsp_3_4: 0.060 fsp_4_5: 0.065 fsp_5_6: 0.034 fsp_6_7: 0.005 
(epoch: 26, iters: 7625, time: 0.035) G_GAN: 1.054 G_L1: 0.237 G_SSIM: 0.218 H_L1: 0.072 H_SSIM: 0.314 D_real: 0.009 D_fake: 0.006 att_A: 0.473 L_hall: 0.041 L_inter: 0.000 L_intra: 0.000 L_fsp: 0.180 fsp_3_4: 0.064 fsp_4_5: 0.081 fsp_5_6: 0.031 fsp_6_7: 0.004 
(epoch: 26, iters: 7725, time: 0.033) G_GAN: 1.052 G_L1: 0.409 G_SSIM: 0.368 H_L1: 0.096 H_SSIM: 0.619 D_real: 0.014 D_fake: 0.006 att_A: 0.813 L_hall: 0.043 L_inter: 0.000 L_intra: 0.000 L_fsp: 0.289 fsp_3_4: 0.089 fsp_4_5: 0.114 fsp_5_6: 0.077 fsp_6_7: 0.009 
(epoch: 26, iters: 7825, time: 0.055) G_GAN: 1.191 G_L1: 0.210 G_SSIM: 0.180 H_L1: 0.063 H_SSIM: 0.285 D_real: 0.008 D_fake: 0.013 att_A: 0.687 L_hall: 0.047 L_inter: 0.000 L_intra: 0.000 L_fsp: 0.208 fsp_3_4: 0.071 fsp_4_5: 0.086 fsp_5_6: 0.045 fsp_6_7: 0.007 
(epoch: 26, iters: 7925, time: 0.033) G_GAN: 0.901 G_L1: 0.298 G_SSIM: 0.312 H_L1: 0.099 H_SSIM: 0.480 D_real: 0.014 D_fake: 0.006 att_A: 0.742 L_hall: 0.048 L_inter: 0.000 L_intra: 0.000 L_fsp: 0.286 fsp_3_4: 0.101 fsp_4_5: 0.102 fsp_5_6: 0.071 fsp_6_7: 0.011 
(epoch: 26, iters: 8025, time: 0.035) G_GAN: 1.027 G_L1: 0.239 G_SSIM: 0.226 H_L1: 0.071 H_SSIM: 0.330 D_real: 0.073 D_fake: 0.006 att_A: 0.627 L_hall: 0.037 L_inter: 0.000 L_intra: 0.000 L_fsp: 0.244 fsp_3_4: 0.075 fsp_4_5: 0.096 fsp_5_6: 0.055 fsp_6_7: 0.017 
(epoch: 26, iters: 8125, time: 0.036) G_GAN: 0.904 G_L1: 0.259 G_SSIM: 0.251 H_L1: 0.077 H_SSIM: 0.377 D_real: 0.012 D_fake: 0.011 att_A: 0.721 L_hall: 0.045 L_inter: 0.000 L_intra: 0.000 L_fsp: 0.247 fsp_3_4: 0.091 fsp_4_5: 0.099 fsp_5_6: 0.046 fsp_6_7: 0.010 
(epoch: 26, iters: 8225, time: 0.035) G_GAN: 0.616 G_L1: 0.180 G_SSIM: 0.104 H_L1: 0.097 H_SSIM: 0.242 D_real: 0.104 D_fake: 0.200 att_A: 0.534 L_hall: 0.044 L_inter: 0.000 L_intra: 0.000 L_fsp: 0.290 fsp_3_4: 0.090 fsp_4_5: 0.108 fsp_5_6: 0.076 fsp_6_7: 0.016 
(epoch: 26, iters: 8325, time: 0.078) G_GAN: 0.933 G_L1: 0.055 G_SSIM: 0.014 H_L1: 0.062 H_SSIM: 0.081 D_real: 0.092 D_fake: 0.005 att_A: 0.846 L_hall: 0.046 L_inter: 0.000 L_intra: 0.000 L_fsp: 0.269 fsp_3_4: 0.073 fsp_4_5: 0.095 fsp_5_6: 0.079 fsp_6_7: 0.022 
(epoch: 26, iters: 8425, time: 0.035) G_GAN: 0.976 G_L1: 0.268 G_SSIM: 0.233 H_L1: 0.061 H_SSIM: 0.337 D_real: 0.010 D_fake: 0.003 att_A: 0.508 L_hall: 0.045 L_inter: 0.000 L_intra: 0.000 L_fsp: 0.256 fsp_3_4: 0.091 fsp_4_5: 0.116 fsp_5_6: 0.041 fsp_6_7: 0.008 
(epoch: 26, iters: 8525, time: 0.035) G_GAN: 1.063 G_L1: 0.543 G_SSIM: 0.520 H_L1: 0.093 H_SSIM: 0.608 D_real: 0.014 D_fake: 0.005 att_A: 0.956 L_hall: 0.054 L_inter: 0.000 L_intra: 0.000 L_fsp: 0.305 fsp_3_4: 0.082 fsp_4_5: 0.134 fsp_5_6: 0.066 fsp_6_7: 0.024 
(epoch: 26, iters: 8625, time: 0.035) G_GAN: 1.060 G_L1: 0.215 G_SSIM: 0.195 H_L1: 0.065 H_SSIM: 0.303 D_real: 0.036 D_fake: 0.003 att_A: 0.545 L_hall: 0.045 L_inter: 0.000 L_intra: 0.000 L_fsp: 0.246 fsp_3_4: 0.083 fsp_4_5: 0.102 fsp_5_6: 0.049 fsp_6_7: 0.011 
(epoch: 26, iters: 8725, time: 0.035) G_GAN: 1.053 G_L1: 0.300 G_SSIM: 0.307 H_L1: 0.092 H_SSIM: 0.423 D_real: 0.014 D_fake: 0.007 att_A: 0.705 L_hall: 0.047 L_inter: 0.000 L_intra: 0.000 L_fsp: 0.246 fsp_3_4: 0.088 fsp_4_5: 0.096 fsp_5_6: 0.050 fsp_6_7: 0.012 
(epoch: 26, iters: 8825, time: 0.057) G_GAN: 0.502 G_L1: 0.171 G_SSIM: 0.112 H_L1: 0.100 H_SSIM: 0.242 D_real: 0.035 D_fake: 0.098 att_A: 0.464 L_hall: 0.040 L_inter: 0.000 L_intra: 0.000 L_fsp: 0.196 fsp_3_4: 0.053 fsp_4_5: 0.080 fsp_5_6: 0.055 fsp_6_7: 0.008 
(epoch: 26, iters: 8925, time: 0.034) G_GAN: 1.123 G_L1: 0.239 G_SSIM: 0.242 H_L1: 0.066 H_SSIM: 0.390 D_real: 0.010 D_fake: 0.009 att_A: 0.691 L_hall: 0.044 L_inter: 0.000 L_intra: 0.000 L_fsp: 0.304 fsp_3_4: 0.089 fsp_4_5: 0.124 fsp_5_6: 0.072 fsp_6_7: 0.019 
(epoch: 26, iters: 9025, time: 0.034) G_GAN: 0.895 G_L1: 0.188 G_SSIM: 0.185 H_L1: 0.063 H_SSIM: 0.294 D_real: 0.009 D_fake: 0.008 att_A: 0.639 L_hall: 0.040 L_inter: 0.000 L_intra: 0.000 L_fsp: 0.250 fsp_3_4: 0.081 fsp_4_5: 0.091 fsp_5_6: 0.069 fsp_6_7: 0.009 
(epoch: 26, iters: 9125, time: 0.033) G_GAN: 0.917 G_L1: 0.219 G_SSIM: 0.202 H_L1: 0.051 H_SSIM: 0.349 D_real: 0.023 D_fake: 0.003 att_A: 0.761 L_hall: 0.048 L_inter: 0.000 L_intra: 0.000 L_fsp: 0.273 fsp_3_4: 0.123 fsp_4_5: 0.090 fsp_5_6: 0.047 fsp_6_7: 0.013 
epoch 26  fsp_3_4:0.092775  fsp_3_4_degen:0.000000  fsp_4_5:0.105510  fsp_4_5_degen:0.000000  fsp_5_6:0.063562  fsp_5_6_degen:0.000000  fsp_6_7:0.012542  fsp_6_7_degen:0.000000
End of epoch 26 / 30 	 Time Taken: 437 sec
learning rate = 0.0000500
(epoch: 27, iters: 98, time: 0.036) G_GAN: 0.908 G_L1: 0.212 G_SSIM: 0.143 H_L1: 0.064 H_SSIM: 0.252 D_real: 0.010 D_fake: 0.263 att_A: 0.515 L_hall: 0.041 L_inter: 0.000 L_intra: 0.000 L_fsp: 0.230 fsp_3_4: 0.090 fsp_4_5: 0.094 fsp_5_6: 0.041 fsp_6_7: 0.006 
(epoch: 27, iters: 198, time: 0.047) G_GAN: 1.189 G_L1: 0.424 G_SSIM: 0.353 H_L1: 0.151 H_SSIM: 0.447 D_real: 0.035 D_fake: 0.022 att_A: 0.634 L_hall: 0.054 L_inter: 0.000 L_intra: 0.000 L_fsp: 0.391 fsp_3_4: 0.097 fsp_4_5: 0.157 fsp_5_6: 0.121 fsp_6_7: 0.016 
(epoch: 27, iters: 298, time: 0.034) G_GAN: 0.882 G_L1: 0.274 G_SSIM: 0.234 H_L1: 0.068 H_SSIM: 0.379 D_real: 0.006 D_fake: 0.008 att_A: 0.813 L_hall: 0.048 L_inter: 0.000 L_intra: 0.000 L_fsp: 0.327 fsp_3_4: 0.118 fsp_4_5: 0.139 fsp_5_6: 0.062 fsp_6_7: 0.008 
(epoch: 27, iters: 398, time: 0.034) G_GAN: 0.769 G_L1: 0.063 G_SSIM: 0.020 H_L1: 0.063 H_SSIM: 0.058 D_real: 0.104 D_fake: 0.005 att_A: 0.795 L_hall: 0.027 L_inter: 0.000 L_intra: 0.000 L_fsp: 0.193 fsp_3_4: 0.062 fsp_4_5: 0.077 fsp_5_6: 0.049 fsp_6_7: 0.006 
(epoch: 27, iters: 498, time: 0.035) G_GAN: 0.674 G_L1: 0.204 G_SSIM: 0.128 H_L1: 0.051 H_SSIM: 0.212 D_real: 0.053 D_fake: 0.049 att_A: 0.432 L_hall: 0.035 L_inter: 0.000 L_intra: 0.000 L_fsp: 0.175 fsp_3_4: 0.066 fsp_4_5: 0.073 fsp_5_6: 0.032 fsp_6_7: 0.004 
(epoch: 27, iters: 598, time: 0.034) G_GAN: 1.044 G_L1: 0.334 G_SSIM: 0.247 H_L1: 0.099 H_SSIM: 0.456 D_real: 0.011 D_fake: 0.006 att_A: 0.652 L_hall: 0.045 L_inter: 0.000 L_intra: 0.000 L_fsp: 0.291 fsp_3_4: 0.087 fsp_4_5: 0.130 fsp_5_6: 0.066 fsp_6_7: 0.008 
(epoch: 27, iters: 698, time: 0.052) G_GAN: 0.602 G_L1: 0.161 G_SSIM: 0.084 H_L1: 0.077 H_SSIM: 0.224 D_real: 0.028 D_fake: 0.008 att_A: 0.473 L_hall: 0.038 L_inter: 0.000 L_intra: 0.000 L_fsp: 0.182 fsp_3_4: 0.060 fsp_4_5: 0.071 fsp_5_6: 0.045 fsp_6_7: 0.006 
(epoch: 27, iters: 798, time: 0.033) G_GAN: 0.834 G_L1: 0.255 G_SSIM: 0.165 H_L1: 0.095 H_SSIM: 0.274 D_real: 0.057 D_fake: 0.024 att_A: 0.452 L_hall: 0.036 L_inter: 0.000 L_intra: 0.000 L_fsp: 0.203 fsp_3_4: 0.082 fsp_4_5: 0.079 fsp_5_6: 0.037 fsp_6_7: 0.005 
(epoch: 27, iters: 898, time: 0.034) G_GAN: 0.422 G_L1: 0.192 G_SSIM: 0.099 H_L1: 0.062 H_SSIM: 0.193 D_real: 0.057 D_fake: 0.013 att_A: 0.366 L_hall: 0.039 L_inter: 0.000 L_intra: 0.000 L_fsp: 0.225 fsp_3_4: 0.089 fsp_4_5: 0.095 fsp_5_6: 0.035 fsp_6_7: 0.006 
(epoch: 27, iters: 998, time: 0.036) G_GAN: 1.261 G_L1: 0.280 G_SSIM: 0.167 H_L1: 0.115 H_SSIM: 0.329 D_real: 0.028 D_fake: 0.049 att_A: 0.682 L_hall: 0.040 L_inter: 0.000 L_intra: 0.000 L_fsp: 0.279 fsp_3_4: 0.109 fsp_4_5: 0.093 fsp_5_6: 0.064 fsp_6_7: 0.012 
(epoch: 27, iters: 1098, time: 0.036) G_GAN: 1.012 G_L1: 0.522 G_SSIM: 0.478 H_L1: 0.118 H_SSIM: 0.577 D_real: 0.009 D_fake: 0.003 att_A: 0.917 L_hall: 0.052 L_inter: 0.000 L_intra: 0.000 L_fsp: 0.365 fsp_3_4: 0.159 fsp_4_5: 0.113 fsp_5_6: 0.080 fsp_6_7: 0.013 
(epoch: 27, iters: 1198, time: 0.069) G_GAN: 0.895 G_L1: 0.162 G_SSIM: 0.105 H_L1: 0.065 H_SSIM: 0.226 D_real: 0.007 D_fake: 0.176 att_A: 0.480 L_hall: 0.043 L_inter: 0.000 L_intra: 0.000 L_fsp: 0.186 fsp_3_4: 0.065 fsp_4_5: 0.077 fsp_5_6: 0.038 fsp_6_7: 0.006 
(epoch: 27, iters: 1298, time: 0.036) G_GAN: 1.058 G_L1: 0.331 G_SSIM: 0.255 H_L1: 0.087 H_SSIM: 0.358 D_real: 0.010 D_fake: 0.006 att_A: 0.818 L_hall: 0.048 L_inter: 0.000 L_intra: 0.000 L_fsp: 0.266 fsp_3_4: 0.092 fsp_4_5: 0.087 fsp_5_6: 0.077 fsp_6_7: 0.011 
(epoch: 27, iters: 1398, time: 0.033) G_GAN: 1.005 G_L1: 0.239 G_SSIM: 0.213 H_L1: 0.057 H_SSIM: 0.317 D_real: 0.016 D_fake: 0.005 att_A: 0.764 L_hall: 0.050 L_inter: 0.000 L_intra: 0.000 L_fsp: 0.325 fsp_3_4: 0.131 fsp_4_5: 0.120 fsp_5_6: 0.065 fsp_6_7: 0.009 
(epoch: 27, iters: 1498, time: 0.034) G_GAN: 1.176 G_L1: 0.310 G_SSIM: 0.333 H_L1: 0.069 H_SSIM: 0.409 D_real: 0.025 D_fake: 0.015 att_A: 0.858 L_hall: 0.054 L_inter: 0.000 L_intra: 0.000 L_fsp: 0.323 fsp_3_4: 0.105 fsp_4_5: 0.135 fsp_5_6: 0.063 fsp_6_7: 0.019 
(epoch: 27, iters: 1598, time: 0.033) G_GAN: 0.959 G_L1: 0.243 G_SSIM: 0.217 H_L1: 0.055 H_SSIM: 0.330 D_real: 0.015 D_fake: 0.004 att_A: 0.646 L_hall: 0.038 L_inter: 0.000 L_intra: 0.000 L_fsp: 0.224 fsp_3_4: 0.084 fsp_4_5: 0.095 fsp_5_6: 0.039 fsp_6_7: 0.006 
(epoch: 27, iters: 1698, time: 0.048) G_GAN: 1.062 G_L1: 0.228 G_SSIM: 0.183 H_L1: 0.073 H_SSIM: 0.323 D_real: 0.008 D_fake: 0.007 att_A: 0.738 L_hall: 0.049 L_inter: 0.000 L_intra: 0.000 L_fsp: 0.367 fsp_3_4: 0.156 fsp_4_5: 0.152 fsp_5_6: 0.053 fsp_6_7: 0.006 
(epoch: 27, iters: 1798, time: 0.035) G_GAN: 1.023 G_L1: 0.266 G_SSIM: 0.259 H_L1: 0.082 H_SSIM: 0.385 D_real: 0.028 D_fake: 0.038 att_A: 0.757 L_hall: 0.050 L_inter: 0.000 L_intra: 0.000 L_fsp: 0.296 fsp_3_4: 0.099 fsp_4_5: 0.124 fsp_5_6: 0.060 fsp_6_7: 0.013 
(epoch: 27, iters: 1898, time: 0.034) G_GAN: 1.094 G_L1: 0.259 G_SSIM: 0.226 H_L1: 0.058 H_SSIM: 0.312 D_real: 0.008 D_fake: 0.009 att_A: 0.592 L_hall: 0.039 L_inter: 0.000 L_intra: 0.000 L_fsp: 0.198 fsp_3_4: 0.066 fsp_4_5: 0.089 fsp_5_6: 0.035 fsp_6_7: 0.008 
(epoch: 27, iters: 1998, time: 0.035) G_GAN: 1.049 G_L1: 0.198 G_SSIM: 0.159 H_L1: 0.077 H_SSIM: 0.310 D_real: 0.013 D_fake: 0.118 att_A: 0.743 L_hall: 0.042 L_inter: 0.000 L_intra: 0.000 L_fsp: 0.317 fsp_3_4: 0.121 fsp_4_5: 0.114 fsp_5_6: 0.074 fsp_6_7: 0.008 
(epoch: 27, iters: 2098, time: 0.033) G_GAN: 0.899 G_L1: 0.240 G_SSIM: 0.235 H_L1: 0.078 H_SSIM: 0.356 D_real: 0.021 D_fake: 0.006 att_A: 0.664 L_hall: 0.050 L_inter: 0.000 L_intra: 0.000 L_fsp: 0.245 fsp_3_4: 0.073 fsp_4_5: 0.089 fsp_5_6: 0.068 fsp_6_7: 0.014 
(epoch: 27, iters: 2198, time: 0.059) G_GAN: 1.007 G_L1: 0.242 G_SSIM: 0.184 H_L1: 0.075 H_SSIM: 0.324 D_real: 0.012 D_fake: 0.004 att_A: 0.815 L_hall: 0.048 L_inter: 0.000 L_intra: 0.000 L_fsp: 0.310 fsp_3_4: 0.100 fsp_4_5: 0.123 fsp_5_6: 0.076 fsp_6_7: 0.011 
(epoch: 27, iters: 2298, time: 0.034) G_GAN: 1.040 G_L1: 0.218 G_SSIM: 0.163 H_L1: 0.071 H_SSIM: 0.248 D_real: 0.082 D_fake: 0.007 att_A: 0.809 L_hall: 0.048 L_inter: 0.000 L_intra: 0.000 L_fsp: 0.300 fsp_3_4: 0.098 fsp_4_5: 0.118 fsp_5_6: 0.069 fsp_6_7: 0.015 
(epoch: 27, iters: 2398, time: 0.034) G_GAN: 1.126 G_L1: 0.186 G_SSIM: 0.188 H_L1: 0.051 H_SSIM: 0.296 D_real: 0.007 D_fake: 0.009 att_A: 0.724 L_hall: 0.047 L_inter: 0.000 L_intra: 0.000 L_fsp: 0.338 fsp_3_4: 0.094 fsp_4_5: 0.133 fsp_5_6: 0.094 fsp_6_7: 0.016 
(epoch: 27, iters: 2498, time: 0.035) G_GAN: 1.006 G_L1: 0.221 G_SSIM: 0.181 H_L1: 0.081 H_SSIM: 0.342 D_real: 0.013 D_fake: 0.055 att_A: 0.756 L_hall: 0.046 L_inter: 0.000 L_intra: 0.000 L_fsp: 0.265 fsp_3_4: 0.095 fsp_4_5: 0.088 fsp_5_6: 0.067 fsp_6_7: 0.015 
(epoch: 27, iters: 2598, time: 0.034) G_GAN: 0.635 G_L1: 0.044 G_SSIM: 0.024 H_L1: 0.056 H_SSIM: 0.058 D_real: 0.027 D_fake: 0.063 att_A: 0.394 L_hall: 0.045 L_inter: 0.000 L_intra: 0.000 L_fsp: 0.264 fsp_3_4: 0.067 fsp_4_5: 0.114 fsp_5_6: 0.070 fsp_6_7: 0.012 
(epoch: 27, iters: 2698, time: 0.049) G_GAN: 0.938 G_L1: 0.202 G_SSIM: 0.189 H_L1: 0.092 H_SSIM: 0.301 D_real: 0.015 D_fake: 0.013 att_A: 0.547 L_hall: 0.042 L_inter: 0.000 L_intra: 0.000 L_fsp: 0.214 fsp_3_4: 0.066 fsp_4_5: 0.101 fsp_5_6: 0.041 fsp_6_7: 0.006 
saving the latest model (epoch 27, total_steps 240000)
(epoch: 27, iters: 2798, time: 0.034) G_GAN: 0.916 G_L1: 0.252 G_SSIM: 0.181 H_L1: 0.072 H_SSIM: 0.264 D_real: 0.011 D_fake: 0.004 att_A: 0.603 L_hall: 0.046 L_inter: 0.000 L_intra: 0.000 L_fsp: 0.321 fsp_3_4: 0.109 fsp_4_5: 0.126 fsp_5_6: 0.069 fsp_6_7: 0.016 
(epoch: 27, iters: 2898, time: 0.033) G_GAN: 0.963 G_L1: 0.231 G_SSIM: 0.177 H_L1: 0.074 H_SSIM: 0.278 D_real: 0.008 D_fake: 0.015 att_A: 0.804 L_hall: 0.048 L_inter: 0.000 L_intra: 0.000 L_fsp: 0.411 fsp_3_4: 0.183 fsp_4_5: 0.151 fsp_5_6: 0.068 fsp_6_7: 0.010 
(epoch: 27, iters: 2998, time: 0.034) G_GAN: 0.930 G_L1: 0.261 G_SSIM: 0.233 H_L1: 0.104 H_SSIM: 0.376 D_real: 0.010 D_fake: 0.006 att_A: 0.946 L_hall: 0.056 L_inter: 0.000 L_intra: 0.000 L_fsp: 0.308 fsp_3_4: 0.127 fsp_4_5: 0.088 fsp_5_6: 0.079 fsp_6_7: 0.014 
(epoch: 27, iters: 3098, time: 0.034) G_GAN: 0.932 G_L1: 0.315 G_SSIM: 0.328 H_L1: 0.098 H_SSIM: 0.512 D_real: 0.008 D_fake: 0.004 att_A: 0.741 L_hall: 0.048 L_inter: 0.000 L_intra: 0.000 L_fsp: 0.242 fsp_3_4: 0.089 fsp_4_5: 0.090 fsp_5_6: 0.054 fsp_6_7: 0.009 
(epoch: 27, iters: 3198, time: 0.060) G_GAN: 1.021 G_L1: 0.238 G_SSIM: 0.164 H_L1: 0.064 H_SSIM: 0.249 D_real: 0.007 D_fake: 0.004 att_A: 0.561 L_hall: 0.037 L_inter: 0.000 L_intra: 0.000 L_fsp: 0.212 fsp_3_4: 0.076 fsp_4_5: 0.081 fsp_5_6: 0.048 fsp_6_7: 0.007 
(epoch: 27, iters: 3298, time: 0.034) G_GAN: 0.885 G_L1: 0.230 G_SSIM: 0.178 H_L1: 0.082 H_SSIM: 0.383 D_real: 0.014 D_fake: 0.031 att_A: 0.566 L_hall: 0.043 L_inter: 0.000 L_intra: 0.000 L_fsp: 0.232 fsp_3_4: 0.079 fsp_4_5: 0.088 fsp_5_6: 0.059 fsp_6_7: 0.006 
(epoch: 27, iters: 3398, time: 0.034) G_GAN: 1.090 G_L1: 0.324 G_SSIM: 0.311 H_L1: 0.077 H_SSIM: 0.454 D_real: 0.032 D_fake: 0.010 att_A: 0.773 L_hall: 0.041 L_inter: 0.000 L_intra: 0.000 L_fsp: 0.192 fsp_3_4: 0.052 fsp_4_5: 0.075 fsp_5_6: 0.059 fsp_6_7: 0.007 
(epoch: 27, iters: 3498, time: 0.034) G_GAN: 1.053 G_L1: 0.181 G_SSIM: 0.134 H_L1: 0.050 H_SSIM: 0.306 D_real: 0.010 D_fake: 0.005 att_A: 0.675 L_hall: 0.045 L_inter: 0.000 L_intra: 0.000 L_fsp: 0.278 fsp_3_4: 0.090 fsp_4_5: 0.127 fsp_5_6: 0.052 fsp_6_7: 0.009 
(epoch: 27, iters: 3598, time: 0.034) G_GAN: 1.031 G_L1: 0.223 G_SSIM: 0.191 H_L1: 0.063 H_SSIM: 0.278 D_real: 0.017 D_fake: 0.004 att_A: 0.446 L_hall: 0.042 L_inter: 0.000 L_intra: 0.000 L_fsp: 0.187 fsp_3_4: 0.082 fsp_4_5: 0.060 fsp_5_6: 0.039 fsp_6_7: 0.005 
(epoch: 27, iters: 3698, time: 0.055) G_GAN: 0.962 G_L1: 0.247 G_SSIM: 0.245 H_L1: 0.096 H_SSIM: 0.348 D_real: 0.016 D_fake: 0.005 att_A: 0.634 L_hall: 0.039 L_inter: 0.000 L_intra: 0.000 L_fsp: 0.196 fsp_3_4: 0.057 fsp_4_5: 0.077 fsp_5_6: 0.056 fsp_6_7: 0.007 
(epoch: 27, iters: 3798, time: 0.034) G_GAN: 1.036 G_L1: 0.229 G_SSIM: 0.183 H_L1: 0.055 H_SSIM: 0.282 D_real: 0.014 D_fake: 0.004 att_A: 0.612 L_hall: 0.038 L_inter: 0.000 L_intra: 0.000 L_fsp: 0.168 fsp_3_4: 0.063 fsp_4_5: 0.064 fsp_5_6: 0.033 fsp_6_7: 0.008 
(epoch: 27, iters: 3898, time: 0.034) G_GAN: 0.962 G_L1: 0.373 G_SSIM: 0.385 H_L1: 0.106 H_SSIM: 0.521 D_real: 0.008 D_fake: 0.004 att_A: 0.878 L_hall: 0.048 L_inter: 0.000 L_intra: 0.000 L_fsp: 0.310 fsp_3_4: 0.097 fsp_4_5: 0.143 fsp_5_6: 0.061 fsp_6_7: 0.010 
(epoch: 27, iters: 3998, time: 0.035) G_GAN: 0.975 G_L1: 0.276 G_SSIM: 0.224 H_L1: 0.091 H_SSIM: 0.370 D_real: 0.008 D_fake: 0.004 att_A: 0.672 L_hall: 0.044 L_inter: 0.000 L_intra: 0.000 L_fsp: 0.239 fsp_3_4: 0.095 fsp_4_5: 0.094 fsp_5_6: 0.042 fsp_6_7: 0.008 
(epoch: 27, iters: 4098, time: 0.033) G_GAN: 0.954 G_L1: 0.216 G_SSIM: 0.172 H_L1: 0.066 H_SSIM: 0.282 D_real: 0.009 D_fake: 0.005 att_A: 0.648 L_hall: 0.040 L_inter: 0.000 L_intra: 0.000 L_fsp: 0.254 fsp_3_4: 0.090 fsp_4_5: 0.106 fsp_5_6: 0.051 fsp_6_7: 0.007 
(epoch: 27, iters: 4198, time: 0.069) G_GAN: 0.869 G_L1: 0.127 G_SSIM: 0.047 H_L1: 0.082 H_SSIM: 0.129 D_real: 0.059 D_fake: 0.019 att_A: 0.480 L_hall: 0.032 L_inter: 0.000 L_intra: 0.000 L_fsp: 0.209 fsp_3_4: 0.044 fsp_4_5: 0.099 fsp_5_6: 0.060 fsp_6_7: 0.006 
(epoch: 27, iters: 4298, time: 0.033) G_GAN: 1.123 G_L1: 0.165 G_SSIM: 0.113 H_L1: 0.051 H_SSIM: 0.204 D_real: 0.109 D_fake: 0.003 att_A: 0.484 L_hall: 0.046 L_inter: 0.000 L_intra: 0.000 L_fsp: 0.202 fsp_3_4: 0.071 fsp_4_5: 0.079 fsp_5_6: 0.044 fsp_6_7: 0.008 
(epoch: 27, iters: 4398, time: 0.034) G_GAN: 0.818 G_L1: 0.200 G_SSIM: 0.144 H_L1: 0.068 H_SSIM: 0.284 D_real: 0.014 D_fake: 0.016 att_A: 0.817 L_hall: 0.046 L_inter: 0.000 L_intra: 0.000 L_fsp: 0.354 fsp_3_4: 0.125 fsp_4_5: 0.131 fsp_5_6: 0.071 fsp_6_7: 0.027 
(epoch: 27, iters: 4498, time: 0.035) G_GAN: 1.039 G_L1: 0.194 G_SSIM: 0.128 H_L1: 0.059 H_SSIM: 0.299 D_real: 0.019 D_fake: 0.009 att_A: 0.547 L_hall: 0.043 L_inter: 0.000 L_intra: 0.000 L_fsp: 0.198 fsp_3_4: 0.074 fsp_4_5: 0.072 fsp_5_6: 0.047 fsp_6_7: 0.006 
(epoch: 27, iters: 4598, time: 0.034) G_GAN: 0.900 G_L1: 0.281 G_SSIM: 0.246 H_L1: 0.092 H_SSIM: 0.368 D_real: 0.016 D_fake: 0.006 att_A: 0.800 L_hall: 0.047 L_inter: 0.000 L_intra: 0.000 L_fsp: 0.289 fsp_3_4: 0.080 fsp_4_5: 0.119 fsp_5_6: 0.083 fsp_6_7: 0.007 
(epoch: 27, iters: 4698, time: 0.062) G_GAN: 0.977 G_L1: 0.246 G_SSIM: 0.211 H_L1: 0.069 H_SSIM: 0.373 D_real: 0.011 D_fake: 0.005 att_A: 0.730 L_hall: 0.047 L_inter: 0.000 L_intra: 0.000 L_fsp: 0.281 fsp_3_4: 0.106 fsp_4_5: 0.103 fsp_5_6: 0.063 fsp_6_7: 0.009 
(epoch: 27, iters: 4798, time: 0.033) G_GAN: 0.439 G_L1: 0.203 G_SSIM: 0.115 H_L1: 0.075 H_SSIM: 0.191 D_real: 0.019 D_fake: 0.130 att_A: 0.409 L_hall: 0.031 L_inter: 0.000 L_intra: 0.000 L_fsp: 0.188 fsp_3_4: 0.074 fsp_4_5: 0.075 fsp_5_6: 0.033 fsp_6_7: 0.007 
(epoch: 27, iters: 4898, time: 0.033) G_GAN: 0.517 G_L1: 0.158 G_SSIM: 0.090 H_L1: 0.048 H_SSIM: 0.212 D_real: 0.020 D_fake: 0.003 att_A: 0.441 L_hall: 0.035 L_inter: 0.000 L_intra: 0.000 L_fsp: 0.182 fsp_3_4: 0.064 fsp_4_5: 0.081 fsp_5_6: 0.034 fsp_6_7: 0.004 
(epoch: 27, iters: 4998, time: 0.034) G_GAN: 0.838 G_L1: 0.232 G_SSIM: 0.172 H_L1: 0.059 H_SSIM: 0.290 D_real: 0.041 D_fake: 0.013 att_A: 0.676 L_hall: 0.044 L_inter: 0.000 L_intra: 0.000 L_fsp: 0.261 fsp_3_4: 0.095 fsp_4_5: 0.099 fsp_5_6: 0.060 fsp_6_7: 0.007 
(epoch: 27, iters: 5098, time: 0.034) G_GAN: 0.876 G_L1: 0.243 G_SSIM: 0.200 H_L1: 0.054 H_SSIM: 0.304 D_real: 0.012 D_fake: 0.370 att_A: 0.627 L_hall: 0.041 L_inter: 0.000 L_intra: 0.000 L_fsp: 0.261 fsp_3_4: 0.094 fsp_4_5: 0.109 fsp_5_6: 0.048 fsp_6_7: 0.011 
(epoch: 27, iters: 5198, time: 0.059) G_GAN: 0.977 G_L1: 0.253 G_SSIM: 0.231 H_L1: 0.068 H_SSIM: 0.340 D_real: 0.012 D_fake: 0.006 att_A: 0.590 L_hall: 0.047 L_inter: 0.000 L_intra: 0.000 L_fsp: 0.292 fsp_3_4: 0.087 fsp_4_5: 0.105 fsp_5_6: 0.080 fsp_6_7: 0.020 
(epoch: 27, iters: 5298, time: 0.034) G_GAN: 0.896 G_L1: 0.192 G_SSIM: 0.149 H_L1: 0.117 H_SSIM: 0.316 D_real: 0.011 D_fake: 0.007 att_A: 0.688 L_hall: 0.043 L_inter: 0.000 L_intra: 0.000 L_fsp: 0.379 fsp_3_4: 0.189 fsp_4_5: 0.133 fsp_5_6: 0.049 fsp_6_7: 0.008 
(epoch: 27, iters: 5398, time: 0.034) G_GAN: 1.016 G_L1: 0.279 G_SSIM: 0.301 H_L1: 0.063 H_SSIM: 0.417 D_real: 0.018 D_fake: 0.003 att_A: 0.872 L_hall: 0.052 L_inter: 0.000 L_intra: 0.000 L_fsp: 0.375 fsp_3_4: 0.134 fsp_4_5: 0.149 fsp_5_6: 0.076 fsp_6_7: 0.016 
(epoch: 27, iters: 5498, time: 0.034) G_GAN: 0.793 G_L1: 0.072 G_SSIM: 0.026 H_L1: 0.049 H_SSIM: 0.063 D_real: 0.239 D_fake: 0.143 att_A: 0.559 L_hall: 0.034 L_inter: 0.000 L_intra: 0.000 L_fsp: 0.247 fsp_3_4: 0.057 fsp_4_5: 0.108 fsp_5_6: 0.071 fsp_6_7: 0.011 
(epoch: 27, iters: 5598, time: 0.034) G_GAN: 0.401 G_L1: 0.032 G_SSIM: 0.014 H_L1: 0.056 H_SSIM: 0.047 D_real: 0.113 D_fake: 0.161 att_A: 0.409 L_hall: 0.047 L_inter: 0.000 L_intra: 0.000 L_fsp: 0.369 fsp_3_4: 0.107 fsp_4_5: 0.163 fsp_5_6: 0.087 fsp_6_7: 0.012 
(epoch: 27, iters: 5698, time: 0.058) G_GAN: 0.957 G_L1: 0.375 G_SSIM: 0.293 H_L1: 0.083 H_SSIM: 0.458 D_real: 0.014 D_fake: 0.008 att_A: 0.697 L_hall: 0.040 L_inter: 0.000 L_intra: 0.000 L_fsp: 0.217 fsp_3_4: 0.074 fsp_4_5: 0.092 fsp_5_6: 0.044 fsp_6_7: 0.008 
(epoch: 27, iters: 5798, time: 0.034) G_GAN: 0.744 G_L1: 0.156 G_SSIM: 0.097 H_L1: 0.073 H_SSIM: 0.277 D_real: 0.016 D_fake: 0.009 att_A: 0.506 L_hall: 0.041 L_inter: 0.000 L_intra: 0.000 L_fsp: 0.190 fsp_3_4: 0.068 fsp_4_5: 0.065 fsp_5_6: 0.049 fsp_6_7: 0.008 
(epoch: 27, iters: 5898, time: 0.034) G_GAN: 0.952 G_L1: 0.235 G_SSIM: 0.204 H_L1: 0.072 H_SSIM: 0.339 D_real: 0.009 D_fake: 0.005 att_A: 0.615 L_hall: 0.045 L_inter: 0.000 L_intra: 0.000 L_fsp: 0.262 fsp_3_4: 0.088 fsp_4_5: 0.102 fsp_5_6: 0.062 fsp_6_7: 0.010 
(epoch: 27, iters: 5998, time: 0.034) G_GAN: 0.981 G_L1: 0.307 G_SSIM: 0.296 H_L1: 0.084 H_SSIM: 0.462 D_real: 0.009 D_fake: 0.003 att_A: 0.895 L_hall: 0.048 L_inter: 0.000 L_intra: 0.000 L_fsp: 0.303 fsp_3_4: 0.100 fsp_4_5: 0.118 fsp_5_6: 0.072 fsp_6_7: 0.014 
(epoch: 27, iters: 6098, time: 0.034) G_GAN: 0.443 G_L1: 0.024 G_SSIM: 0.006 H_L1: 0.065 H_SSIM: 0.044 D_real: 0.102 D_fake: 0.007 att_A: 0.842 L_hall: 0.028 L_inter: 0.000 L_intra: 0.000 L_fsp: 0.209 fsp_3_4: 0.064 fsp_4_5: 0.064 fsp_5_6: 0.066 fsp_6_7: 0.015 
(epoch: 27, iters: 6198, time: 0.056) G_GAN: 0.931 G_L1: 0.197 G_SSIM: 0.171 H_L1: 0.068 H_SSIM: 0.258 D_real: 0.010 D_fake: 0.013 att_A: 0.473 L_hall: 0.036 L_inter: 0.000 L_intra: 0.000 L_fsp: 0.190 fsp_3_4: 0.066 fsp_4_5: 0.089 fsp_5_6: 0.031 fsp_6_7: 0.003 
(epoch: 27, iters: 6298, time: 0.035) G_GAN: 0.964 G_L1: 0.237 G_SSIM: 0.215 H_L1: 0.070 H_SSIM: 0.374 D_real: 0.010 D_fake: 0.005 att_A: 0.764 L_hall: 0.048 L_inter: 0.000 L_intra: 0.000 L_fsp: 0.355 fsp_3_4: 0.116 fsp_4_5: 0.141 fsp_5_6: 0.087 fsp_6_7: 0.011 
(epoch: 27, iters: 6398, time: 0.035) G_GAN: 1.083 G_L1: 0.194 G_SSIM: 0.183 H_L1: 0.080 H_SSIM: 0.294 D_real: 0.009 D_fake: 0.009 att_A: 0.527 L_hall: 0.043 L_inter: 0.000 L_intra: 0.000 L_fsp: 0.219 fsp_3_4: 0.074 fsp_4_5: 0.088 fsp_5_6: 0.046 fsp_6_7: 0.011 
(epoch: 27, iters: 6498, time: 0.033) G_GAN: 0.586 G_L1: 0.157 G_SSIM: 0.069 H_L1: 0.060 H_SSIM: 0.167 D_real: 0.023 D_fake: 0.026 att_A: 0.299 L_hall: 0.041 L_inter: 0.000 L_intra: 0.000 L_fsp: 0.206 fsp_3_4: 0.066 fsp_4_5: 0.099 fsp_5_6: 0.036 fsp_6_7: 0.005 
(epoch: 27, iters: 6598, time: 0.035) G_GAN: 0.957 G_L1: 0.264 G_SSIM: 0.194 H_L1: 0.080 H_SSIM: 0.308 D_real: 0.007 D_fake: 0.004 att_A: 0.688 L_hall: 0.040 L_inter: 0.000 L_intra: 0.000 L_fsp: 0.266 fsp_3_4: 0.098 fsp_4_5: 0.098 fsp_5_6: 0.062 fsp_6_7: 0.009 
(epoch: 27, iters: 6698, time: 0.054) G_GAN: 1.064 G_L1: 0.258 G_SSIM: 0.225 H_L1: 0.049 H_SSIM: 0.327 D_real: 0.009 D_fake: 0.007 att_A: 0.647 L_hall: 0.042 L_inter: 0.000 L_intra: 0.000 L_fsp: 0.242 fsp_3_4: 0.084 fsp_4_5: 0.107 fsp_5_6: 0.044 fsp_6_7: 0.007 
(epoch: 27, iters: 6798, time: 0.034) G_GAN: 0.908 G_L1: 0.184 G_SSIM: 0.145 H_L1: 0.131 H_SSIM: 0.321 D_real: 0.124 D_fake: 0.007 att_A: 0.735 L_hall: 0.045 L_inter: 0.000 L_intra: 0.000 L_fsp: 0.389 fsp_3_4: 0.155 fsp_4_5: 0.136 fsp_5_6: 0.081 fsp_6_7: 0.016 
(epoch: 27, iters: 6898, time: 0.035) G_GAN: 1.034 G_L1: 0.468 G_SSIM: 0.480 H_L1: 0.105 H_SSIM: 0.549 D_real: 0.011 D_fake: 0.008 att_A: 0.964 L_hall: 0.054 L_inter: 0.000 L_intra: 0.000 L_fsp: 0.288 fsp_3_4: 0.085 fsp_4_5: 0.127 fsp_5_6: 0.061 fsp_6_7: 0.015 
(epoch: 27, iters: 6998, time: 0.035) G_GAN: 1.212 G_L1: 0.129 G_SSIM: 0.050 H_L1: 0.090 H_SSIM: 0.187 D_real: 0.067 D_fake: 0.022 att_A: 0.891 L_hall: 0.054 L_inter: 0.000 L_intra: 0.000 L_fsp: 0.365 fsp_3_4: 0.114 fsp_4_5: 0.143 fsp_5_6: 0.088 fsp_6_7: 0.019 
(epoch: 27, iters: 7098, time: 0.034) G_GAN: 0.927 G_L1: 0.227 G_SSIM: 0.180 H_L1: 0.080 H_SSIM: 0.341 D_real: 0.010 D_fake: 0.008 att_A: 0.634 L_hall: 0.046 L_inter: 0.000 L_intra: 0.000 L_fsp: 0.288 fsp_3_4: 0.101 fsp_4_5: 0.118 fsp_5_6: 0.063 fsp_6_7: 0.006 
(epoch: 27, iters: 7198, time: 0.067) G_GAN: 0.697 G_L1: 0.083 G_SSIM: 0.020 H_L1: 0.057 H_SSIM: 0.057 D_real: 0.016 D_fake: 0.049 att_A: 0.693 L_hall: 0.046 L_inter: 0.000 L_intra: 0.000 L_fsp: 0.377 fsp_3_4: 0.096 fsp_4_5: 0.151 fsp_5_6: 0.103 fsp_6_7: 0.026 
(epoch: 27, iters: 7298, time: 0.034) G_GAN: 0.883 G_L1: 0.433 G_SSIM: 0.409 H_L1: 0.090 H_SSIM: 0.631 D_real: 0.016 D_fake: 0.211 att_A: 0.750 L_hall: 0.045 L_inter: 0.000 L_intra: 0.000 L_fsp: 0.287 fsp_3_4: 0.093 fsp_4_5: 0.118 fsp_5_6: 0.063 fsp_6_7: 0.013 
(epoch: 27, iters: 7398, time: 0.033) G_GAN: 0.371 G_L1: 0.203 G_SSIM: 0.093 H_L1: 0.064 H_SSIM: 0.189 D_real: 0.083 D_fake: 0.131 att_A: 0.302 L_hall: 0.040 L_inter: 0.000 L_intra: 0.000 L_fsp: 0.157 fsp_3_4: 0.064 fsp_4_5: 0.053 fsp_5_6: 0.032 fsp_6_7: 0.008 
(epoch: 27, iters: 7498, time: 0.033) G_GAN: 0.887 G_L1: 0.190 G_SSIM: 0.146 H_L1: 0.071 H_SSIM: 0.282 D_real: 0.009 D_fake: 0.008 att_A: 0.741 L_hall: 0.046 L_inter: 0.000 L_intra: 0.000 L_fsp: 0.296 fsp_3_4: 0.100 fsp_4_5: 0.118 fsp_5_6: 0.066 fsp_6_7: 0.012 
(epoch: 27, iters: 7598, time: 0.035) G_GAN: 0.996 G_L1: 0.234 G_SSIM: 0.199 H_L1: 0.068 H_SSIM: 0.321 D_real: 0.011 D_fake: 0.007 att_A: 0.579 L_hall: 0.043 L_inter: 0.000 L_intra: 0.000 L_fsp: 0.264 fsp_3_4: 0.113 fsp_4_5: 0.096 fsp_5_6: 0.049 fsp_6_7: 0.007 
(epoch: 27, iters: 7698, time: 0.052) G_GAN: 1.076 G_L1: 0.342 G_SSIM: 0.348 H_L1: 0.075 H_SSIM: 0.488 D_real: 0.008 D_fake: 0.007 att_A: 0.855 L_hall: 0.049 L_inter: 0.000 L_intra: 0.000 L_fsp: 0.364 fsp_3_4: 0.122 fsp_4_5: 0.139 fsp_5_6: 0.083 fsp_6_7: 0.019 
saving the latest model (epoch 27, total_steps 245000)
(epoch: 27, iters: 7798, time: 0.034) G_GAN: 1.008 G_L1: 0.242 G_SSIM: 0.191 H_L1: 0.084 H_SSIM: 0.328 D_real: 0.007 D_fake: 0.005 att_A: 0.877 L_hall: 0.052 L_inter: 0.000 L_intra: 0.000 L_fsp: 0.400 fsp_3_4: 0.142 fsp_4_5: 0.179 fsp_5_6: 0.070 fsp_6_7: 0.009 
(epoch: 27, iters: 7898, time: 0.035) G_GAN: 1.350 G_L1: 0.158 G_SSIM: 0.100 H_L1: 0.064 H_SSIM: 0.231 D_real: 0.068 D_fake: 0.033 att_A: 0.535 L_hall: 0.046 L_inter: 0.000 L_intra: 0.000 L_fsp: 0.317 fsp_3_4: 0.116 fsp_4_5: 0.125 fsp_5_6: 0.067 fsp_6_7: 0.009 
(epoch: 27, iters: 7998, time: 0.035) G_GAN: 1.081 G_L1: 0.247 G_SSIM: 0.255 H_L1: 0.071 H_SSIM: 0.357 D_real: 0.009 D_fake: 0.029 att_A: 0.596 L_hall: 0.043 L_inter: 0.000 L_intra: 0.000 L_fsp: 0.223 fsp_3_4: 0.084 fsp_4_5: 0.087 fsp_5_6: 0.045 fsp_6_7: 0.006 
(epoch: 27, iters: 8098, time: 0.033) G_GAN: 1.089 G_L1: 0.326 G_SSIM: 0.248 H_L1: 0.076 H_SSIM: 0.368 D_real: 0.024 D_fake: 0.010 att_A: 0.575 L_hall: 0.040 L_inter: 0.000 L_intra: 0.000 L_fsp: 0.166 fsp_3_4: 0.063 fsp_4_5: 0.070 fsp_5_6: 0.030 fsp_6_7: 0.003 
(epoch: 27, iters: 8198, time: 0.051) G_GAN: 1.028 G_L1: 0.288 G_SSIM: 0.211 H_L1: 0.077 H_SSIM: 0.428 D_real: 0.011 D_fake: 0.093 att_A: 0.707 L_hall: 0.038 L_inter: 0.000 L_intra: 0.000 L_fsp: 0.215 fsp_3_4: 0.073 fsp_4_5: 0.075 fsp_5_6: 0.048 fsp_6_7: 0.019 
(epoch: 27, iters: 8298, time: 0.034) G_GAN: 0.298 G_L1: 0.185 G_SSIM: 0.118 H_L1: 0.042 H_SSIM: 0.188 D_real: 0.016 D_fake: 0.227 att_A: 0.353 L_hall: 0.037 L_inter: 0.000 L_intra: 0.000 L_fsp: 0.126 fsp_3_4: 0.053 fsp_4_5: 0.050 fsp_5_6: 0.020 fsp_6_7: 0.003 
(epoch: 27, iters: 8398, time: 0.037) G_GAN: 0.931 G_L1: 0.160 G_SSIM: 0.120 H_L1: 0.044 H_SSIM: 0.230 D_real: 0.011 D_fake: 0.038 att_A: 0.719 L_hall: 0.050 L_inter: 0.000 L_intra: 0.000 L_fsp: 0.350 fsp_3_4: 0.097 fsp_4_5: 0.140 fsp_5_6: 0.097 fsp_6_7: 0.015 
(epoch: 27, iters: 8498, time: 0.034) G_GAN: 0.730 G_L1: 0.241 G_SSIM: 0.124 H_L1: 0.075 H_SSIM: 0.267 D_real: 0.074 D_fake: 0.005 att_A: 0.338 L_hall: 0.037 L_inter: 0.000 L_intra: 0.000 L_fsp: 0.190 fsp_3_4: 0.066 fsp_4_5: 0.088 fsp_5_6: 0.029 fsp_6_7: 0.007 
(epoch: 27, iters: 8598, time: 0.034) G_GAN: 0.414 G_L1: 0.218 G_SSIM: 0.167 H_L1: 0.085 H_SSIM: 0.271 D_real: 0.009 D_fake: 0.007 att_A: 0.606 L_hall: 0.041 L_inter: 0.000 L_intra: 0.000 L_fsp: 0.170 fsp_3_4: 0.065 fsp_4_5: 0.060 fsp_5_6: 0.041 fsp_6_7: 0.004 
(epoch: 27, iters: 8698, time: 0.057) G_GAN: 1.022 G_L1: 0.210 G_SSIM: 0.162 H_L1: 0.094 H_SSIM: 0.299 D_real: 0.044 D_fake: 0.003 att_A: 0.813 L_hall: 0.050 L_inter: 0.000 L_intra: 0.000 L_fsp: 0.380 fsp_3_4: 0.138 fsp_4_5: 0.129 fsp_5_6: 0.096 fsp_6_7: 0.017 
(epoch: 27, iters: 8798, time: 0.034) G_GAN: 0.636 G_L1: 0.049 G_SSIM: 0.032 H_L1: 0.056 H_SSIM: 0.067 D_real: 0.075 D_fake: 0.004 att_A: 0.404 L_hall: 0.045 L_inter: 0.000 L_intra: 0.000 L_fsp: 0.235 fsp_3_4: 0.073 fsp_4_5: 0.088 fsp_5_6: 0.061 fsp_6_7: 0.014 
(epoch: 27, iters: 8898, time: 0.035) G_GAN: 0.942 G_L1: 0.179 G_SSIM: 0.118 H_L1: 0.059 H_SSIM: 0.195 D_real: 0.011 D_fake: 0.006 att_A: 0.575 L_hall: 0.033 L_inter: 0.000 L_intra: 0.000 L_fsp: 0.179 fsp_3_4: 0.072 fsp_4_5: 0.069 fsp_5_6: 0.034 fsp_6_7: 0.005 
(epoch: 27, iters: 8998, time: 0.034) G_GAN: 1.058 G_L1: 0.193 G_SSIM: 0.167 H_L1: 0.046 H_SSIM: 0.285 D_real: 0.009 D_fake: 0.010 att_A: 0.810 L_hall: 0.049 L_inter: 0.000 L_intra: 0.000 L_fsp: 0.321 fsp_3_4: 0.100 fsp_4_5: 0.135 fsp_5_6: 0.071 fsp_6_7: 0.015 
(epoch: 27, iters: 9098, time: 0.035) G_GAN: 1.079 G_L1: 0.238 G_SSIM: 0.199 H_L1: 0.066 H_SSIM: 0.413 D_real: 0.018 D_fake: 0.008 att_A: 0.672 L_hall: 0.044 L_inter: 0.000 L_intra: 0.000 L_fsp: 0.329 fsp_3_4: 0.096 fsp_4_5: 0.150 fsp_5_6: 0.069 fsp_6_7: 0.015 
epoch 27  fsp_3_4:0.091545  fsp_3_4_degen:0.000000  fsp_4_5:0.103381  fsp_4_5_degen:0.000000  fsp_5_6:0.060755  fsp_5_6_degen:0.000000  fsp_6_7:0.011184  fsp_6_7_degen:0.000000
End of epoch 27 / 30 	 Time Taken: 447 sec
learning rate = 0.0000375
(epoch: 28, iters: 71, time: 0.050) G_GAN: 0.363 G_L1: 0.167 G_SSIM: 0.121 H_L1: 0.065 H_SSIM: 0.224 D_real: 0.009 D_fake: 0.170 att_A: 0.403 L_hall: 0.040 L_inter: 0.000 L_intra: 0.000 L_fsp: 0.155 fsp_3_4: 0.057 fsp_4_5: 0.067 fsp_5_6: 0.028 fsp_6_7: 0.003 
(epoch: 28, iters: 171, time: 0.034) G_GAN: 0.924 G_L1: 0.206 G_SSIM: 0.163 H_L1: 0.069 H_SSIM: 0.264 D_real: 0.012 D_fake: 0.004 att_A: 0.722 L_hall: 0.049 L_inter: 0.000 L_intra: 0.000 L_fsp: 0.264 fsp_3_4: 0.092 fsp_4_5: 0.101 fsp_5_6: 0.062 fsp_6_7: 0.008 
(epoch: 28, iters: 271, time: 0.034) G_GAN: 1.064 G_L1: 0.240 G_SSIM: 0.195 H_L1: 0.079 H_SSIM: 0.291 D_real: 0.012 D_fake: 0.005 att_A: 0.463 L_hall: 0.040 L_inter: 0.000 L_intra: 0.000 L_fsp: 0.195 fsp_3_4: 0.066 fsp_4_5: 0.084 fsp_5_6: 0.039 fsp_6_7: 0.006 
(epoch: 28, iters: 371, time: 0.034) G_GAN: 0.835 G_L1: 0.169 G_SSIM: 0.114 H_L1: 0.053 H_SSIM: 0.191 D_real: 0.012 D_fake: 0.021 att_A: 0.453 L_hall: 0.037 L_inter: 0.000 L_intra: 0.000 L_fsp: 0.151 fsp_3_4: 0.056 fsp_4_5: 0.059 fsp_5_6: 0.033 fsp_6_7: 0.003 
(epoch: 28, iters: 471, time: 0.034) G_GAN: 1.005 G_L1: 0.223 G_SSIM: 0.186 H_L1: 0.061 H_SSIM: 0.333 D_real: 0.057 D_fake: 0.003 att_A: 0.798 L_hall: 0.046 L_inter: 0.000 L_intra: 0.000 L_fsp: 0.258 fsp_3_4: 0.097 fsp_4_5: 0.100 fsp_5_6: 0.052 fsp_6_7: 0.008 
(epoch: 28, iters: 571, time: 0.054) G_GAN: 0.980 G_L1: 0.329 G_SSIM: 0.327 H_L1: 0.066 H_SSIM: 0.452 D_real: 0.020 D_fake: 0.004 att_A: 0.684 L_hall: 0.051 L_inter: 0.000 L_intra: 0.000 L_fsp: 0.311 fsp_3_4: 0.120 fsp_4_5: 0.119 fsp_5_6: 0.062 fsp_6_7: 0.010 
(epoch: 28, iters: 671, time: 0.034) G_GAN: 1.256 G_L1: 0.434 G_SSIM: 0.489 H_L1: 0.163 H_SSIM: 0.622 D_real: 0.015 D_fake: 0.018 att_A: 0.882 L_hall: 0.052 L_inter: 0.000 L_intra: 0.000 L_fsp: 0.348 fsp_3_4: 0.102 fsp_4_5: 0.126 fsp_5_6: 0.091 fsp_6_7: 0.029 
(epoch: 28, iters: 771, time: 0.033) G_GAN: 1.030 G_L1: 0.189 G_SSIM: 0.173 H_L1: 0.041 H_SSIM: 0.306 D_real: 0.016 D_fake: 0.006 att_A: 0.732 L_hall: 0.050 L_inter: 0.000 L_intra: 0.000 L_fsp: 0.268 fsp_3_4: 0.116 fsp_4_5: 0.094 fsp_5_6: 0.051 fsp_6_7: 0.008 
(epoch: 28, iters: 871, time: 0.034) G_GAN: 1.192 G_L1: 0.178 G_SSIM: 0.113 H_L1: 0.057 H_SSIM: 0.240 D_real: 0.007 D_fake: 0.005 att_A: 0.660 L_hall: 0.049 L_inter: 0.000 L_intra: 0.000 L_fsp: 0.361 fsp_3_4: 0.116 fsp_4_5: 0.141 fsp_5_6: 0.090 fsp_6_7: 0.015 
(epoch: 28, iters: 971, time: 0.034) G_GAN: 0.936 G_L1: 0.277 G_SSIM: 0.231 H_L1: 0.072 H_SSIM: 0.315 D_real: 0.025 D_fake: 0.003 att_A: 0.540 L_hall: 0.046 L_inter: 0.000 L_intra: 0.000 L_fsp: 0.235 fsp_3_4: 0.080 fsp_4_5: 0.107 fsp_5_6: 0.041 fsp_6_7: 0.007 
(epoch: 28, iters: 1071, time: 0.051) G_GAN: 0.839 G_L1: 0.210 G_SSIM: 0.074 H_L1: 0.135 H_SSIM: 0.269 D_real: 0.066 D_fake: 0.023 att_A: 0.258 L_hall: 0.040 L_inter: 0.000 L_intra: 0.000 L_fsp: 0.134 fsp_3_4: 0.046 fsp_4_5: 0.055 fsp_5_6: 0.030 fsp_6_7: 0.003 
(epoch: 28, iters: 1171, time: 0.034) G_GAN: 0.861 G_L1: 0.087 G_SSIM: 0.042 H_L1: 0.053 H_SSIM: 0.077 D_real: 0.032 D_fake: 0.019 att_A: 0.598 L_hall: 0.046 L_inter: 0.000 L_intra: 0.000 L_fsp: 0.267 fsp_3_4: 0.078 fsp_4_5: 0.097 fsp_5_6: 0.078 fsp_6_7: 0.014 
(epoch: 28, iters: 1271, time: 0.034) G_GAN: 0.308 G_L1: 0.260 G_SSIM: 0.176 H_L1: 0.089 H_SSIM: 0.244 D_real: 0.010 D_fake: 0.215 att_A: 0.579 L_hall: 0.049 L_inter: 0.000 L_intra: 0.000 L_fsp: 0.328 fsp_3_4: 0.132 fsp_4_5: 0.114 fsp_5_6: 0.073 fsp_6_7: 0.009 
(epoch: 28, iters: 1371, time: 0.034) G_GAN: 1.046 G_L1: 0.276 G_SSIM: 0.233 H_L1: 0.079 H_SSIM: 0.412 D_real: 0.007 D_fake: 0.008 att_A: 0.825 L_hall: 0.043 L_inter: 0.000 L_intra: 0.000 L_fsp: 0.249 fsp_3_4: 0.086 fsp_4_5: 0.086 fsp_5_6: 0.062 fsp_6_7: 0.015 
(epoch: 28, iters: 1471, time: 0.034) G_GAN: 0.946 G_L1: 0.225 G_SSIM: 0.181 H_L1: 0.068 H_SSIM: 0.378 D_real: 0.008 D_fake: 0.007 att_A: 0.676 L_hall: 0.044 L_inter: 0.000 L_intra: 0.000 L_fsp: 0.295 fsp_3_4: 0.091 fsp_4_5: 0.110 fsp_5_6: 0.086 fsp_6_7: 0.008 
(epoch: 28, iters: 1571, time: 0.058) G_GAN: 1.246 G_L1: 0.320 G_SSIM: 0.096 H_L1: 0.103 H_SSIM: 0.166 D_real: 0.029 D_fake: 0.007 att_A: 0.723 L_hall: 0.034 L_inter: 0.000 L_intra: 0.000 L_fsp: 0.205 fsp_3_4: 0.074 fsp_4_5: 0.060 fsp_5_6: 0.066 fsp_6_7: 0.006 
(epoch: 28, iters: 1671, time: 0.034) G_GAN: 1.041 G_L1: 0.302 G_SSIM: 0.219 H_L1: 0.102 H_SSIM: 0.327 D_real: 0.007 D_fake: 0.011 att_A: 0.739 L_hall: 0.049 L_inter: 0.000 L_intra: 0.000 L_fsp: 0.339 fsp_3_4: 0.111 fsp_4_5: 0.143 fsp_5_6: 0.076 fsp_6_7: 0.008 
(epoch: 28, iters: 1771, time: 0.033) G_GAN: 1.157 G_L1: 0.136 G_SSIM: 0.067 H_L1: 0.057 H_SSIM: 0.189 D_real: 0.021 D_fake: 0.010 att_A: 0.513 L_hall: 0.045 L_inter: 0.000 L_intra: 0.000 L_fsp: 0.278 fsp_3_4: 0.095 fsp_4_5: 0.120 fsp_5_6: 0.057 fsp_6_7: 0.006 
(epoch: 28, iters: 1871, time: 0.034) G_GAN: 1.003 G_L1: 0.210 G_SSIM: 0.196 H_L1: 0.078 H_SSIM: 0.311 D_real: 0.021 D_fake: 0.003 att_A: 0.867 L_hall: 0.048 L_inter: 0.000 L_intra: 0.000 L_fsp: 0.356 fsp_3_4: 0.121 fsp_4_5: 0.127 fsp_5_6: 0.095 fsp_6_7: 0.013 
(epoch: 28, iters: 1971, time: 0.034) G_GAN: 0.599 G_L1: 0.181 G_SSIM: 0.114 H_L1: 0.041 H_SSIM: 0.200 D_real: 0.139 D_fake: 0.063 att_A: 0.374 L_hall: 0.038 L_inter: 0.000 L_intra: 0.000 L_fsp: 0.158 fsp_3_4: 0.063 fsp_4_5: 0.067 fsp_5_6: 0.027 fsp_6_7: 0.001 
(epoch: 28, iters: 2071, time: 0.051) G_GAN: 0.735 G_L1: 0.171 G_SSIM: 0.115 H_L1: 0.068 H_SSIM: 0.211 D_real: 0.045 D_fake: 0.036 att_A: 0.408 L_hall: 0.042 L_inter: 0.000 L_intra: 0.000 L_fsp: 0.167 fsp_3_4: 0.067 fsp_4_5: 0.066 fsp_5_6: 0.028 fsp_6_7: 0.006 
(epoch: 28, iters: 2171, time: 0.034) G_GAN: 0.773 G_L1: 0.246 G_SSIM: 0.220 H_L1: 0.070 H_SSIM: 0.316 D_real: 0.015 D_fake: 0.032 att_A: 0.549 L_hall: 0.041 L_inter: 0.000 L_intra: 0.000 L_fsp: 0.206 fsp_3_4: 0.066 fsp_4_5: 0.089 fsp_5_6: 0.044 fsp_6_7: 0.007 
(epoch: 28, iters: 2271, time: 0.034) G_GAN: 0.891 G_L1: 0.147 G_SSIM: 0.120 H_L1: 0.045 H_SSIM: 0.232 D_real: 0.036 D_fake: 0.005 att_A: 0.744 L_hall: 0.050 L_inter: 0.000 L_intra: 0.000 L_fsp: 0.338 fsp_3_4: 0.105 fsp_4_5: 0.149 fsp_5_6: 0.067 fsp_6_7: 0.017 
(epoch: 28, iters: 2371, time: 0.035) G_GAN: 0.931 G_L1: 0.273 G_SSIM: 0.196 H_L1: 0.047 H_SSIM: 0.296 D_real: 0.009 D_fake: 0.020 att_A: 0.577 L_hall: 0.041 L_inter: 0.000 L_intra: 0.000 L_fsp: 0.238 fsp_3_4: 0.095 fsp_4_5: 0.102 fsp_5_6: 0.035 fsp_6_7: 0.006 
(epoch: 28, iters: 2471, time: 0.035) G_GAN: 0.909 G_L1: 0.217 G_SSIM: 0.205 H_L1: 0.050 H_SSIM: 0.313 D_real: 0.014 D_fake: 0.010 att_A: 0.563 L_hall: 0.044 L_inter: 0.000 L_intra: 0.000 L_fsp: 0.181 fsp_3_4: 0.069 fsp_4_5: 0.082 fsp_5_6: 0.027 fsp_6_7: 0.003 
(epoch: 28, iters: 2571, time: 0.054) G_GAN: 0.621 G_L1: 0.036 G_SSIM: 0.016 H_L1: 0.051 H_SSIM: 0.049 D_real: 0.095 D_fake: 0.004 att_A: 0.375 L_hall: 0.045 L_inter: 0.000 L_intra: 0.000 L_fsp: 0.288 fsp_3_4: 0.102 fsp_4_5: 0.120 fsp_5_6: 0.057 fsp_6_7: 0.009 
(epoch: 28, iters: 2671, time: 0.034) G_GAN: 0.953 G_L1: 0.206 G_SSIM: 0.199 H_L1: 0.059 H_SSIM: 0.329 D_real: 0.008 D_fake: 0.003 att_A: 0.702 L_hall: 0.037 L_inter: 0.000 L_intra: 0.000 L_fsp: 0.212 fsp_3_4: 0.068 fsp_4_5: 0.096 fsp_5_6: 0.041 fsp_6_7: 0.006 
(epoch: 28, iters: 2771, time: 0.033) G_GAN: 0.704 G_L1: 0.164 G_SSIM: 0.115 H_L1: 0.069 H_SSIM: 0.200 D_real: 0.011 D_fake: 0.006 att_A: 0.448 L_hall: 0.038 L_inter: 0.000 L_intra: 0.000 L_fsp: 0.192 fsp_3_4: 0.069 fsp_4_5: 0.079 fsp_5_6: 0.038 fsp_6_7: 0.005 
(epoch: 28, iters: 2871, time: 0.034) G_GAN: 1.051 G_L1: 0.235 G_SSIM: 0.205 H_L1: 0.056 H_SSIM: 0.352 D_real: 0.010 D_fake: 0.004 att_A: 0.847 L_hall: 0.050 L_inter: 0.000 L_intra: 0.000 L_fsp: 0.346 fsp_3_4: 0.142 fsp_4_5: 0.128 fsp_5_6: 0.068 fsp_6_7: 0.008 
(epoch: 28, iters: 2971, time: 0.034) G_GAN: 1.108 G_L1: 0.246 G_SSIM: 0.224 H_L1: 0.055 H_SSIM: 0.354 D_real: 0.009 D_fake: 0.008 att_A: 0.677 L_hall: 0.043 L_inter: 0.000 L_intra: 0.000 L_fsp: 0.225 fsp_3_4: 0.089 fsp_4_5: 0.088 fsp_5_6: 0.043 fsp_6_7: 0.006 
(epoch: 28, iters: 3071, time: 0.048) G_GAN: 0.947 G_L1: 0.179 G_SSIM: 0.129 H_L1: 0.054 H_SSIM: 0.300 D_real: 0.014 D_fake: 0.009 att_A: 0.687 L_hall: 0.042 L_inter: 0.000 L_intra: 0.000 L_fsp: 0.202 fsp_3_4: 0.058 fsp_4_5: 0.076 fsp_5_6: 0.061 fsp_6_7: 0.006 
(epoch: 28, iters: 3171, time: 0.034) G_GAN: 0.895 G_L1: 0.087 G_SSIM: 0.039 H_L1: 0.046 H_SSIM: 0.075 D_real: 0.022 D_fake: 0.028 att_A: 0.787 L_hall: 0.046 L_inter: 0.000 L_intra: 0.000 L_fsp: 0.264 fsp_3_4: 0.074 fsp_4_5: 0.103 fsp_5_6: 0.071 fsp_6_7: 0.016 
(epoch: 28, iters: 3271, time: 0.034) G_GAN: 0.959 G_L1: 0.253 G_SSIM: 0.263 H_L1: 0.050 H_SSIM: 0.360 D_real: 0.009 D_fake: 0.003 att_A: 0.753 L_hall: 0.047 L_inter: 0.000 L_intra: 0.000 L_fsp: 0.255 fsp_3_4: 0.081 fsp_4_5: 0.110 fsp_5_6: 0.054 fsp_6_7: 0.011 
(epoch: 28, iters: 3371, time: 0.034) G_GAN: 1.052 G_L1: 0.334 G_SSIM: 0.360 H_L1: 0.071 H_SSIM: 0.445 D_real: 0.021 D_fake: 0.005 att_A: 0.846 L_hall: 0.053 L_inter: 0.000 L_intra: 0.000 L_fsp: 0.379 fsp_3_4: 0.121 fsp_4_5: 0.130 fsp_5_6: 0.113 fsp_6_7: 0.015 
(epoch: 28, iters: 3471, time: 0.034) G_GAN: 0.963 G_L1: 0.310 G_SSIM: 0.202 H_L1: 0.067 H_SSIM: 0.290 D_real: 0.023 D_fake: 0.179 att_A: 0.579 L_hall: 0.041 L_inter: 0.000 L_intra: 0.000 L_fsp: 0.251 fsp_3_4: 0.109 fsp_4_5: 0.094 fsp_5_6: 0.039 fsp_6_7: 0.009 
(epoch: 28, iters: 3571, time: 0.059) G_GAN: 0.941 G_L1: 0.208 G_SSIM: 0.187 H_L1: 0.069 H_SSIM: 0.284 D_real: 0.123 D_fake: 0.005 att_A: 0.644 L_hall: 0.043 L_inter: 0.000 L_intra: 0.000 L_fsp: 0.296 fsp_3_4: 0.113 fsp_4_5: 0.099 fsp_5_6: 0.076 fsp_6_7: 0.008 
saving the latest model (epoch 28, total_steps 250000)
(epoch: 28, iters: 3671, time: 0.034) G_GAN: 1.157 G_L1: 0.344 G_SSIM: 0.347 H_L1: 0.100 H_SSIM: 0.488 D_real: 0.029 D_fake: 0.011 att_A: 0.698 L_hall: 0.052 L_inter: 0.000 L_intra: 0.000 L_fsp: 0.362 fsp_3_4: 0.093 fsp_4_5: 0.141 fsp_5_6: 0.115 fsp_6_7: 0.013 
(epoch: 28, iters: 3771, time: 0.033) G_GAN: 1.636 G_L1: 0.017 G_SSIM: 0.001 H_L1: 0.066 H_SSIM: 0.042 D_real: 0.013 D_fake: 0.009 att_A: 0.856 L_hall: 0.040 L_inter: 0.000 L_intra: 0.000 L_fsp: 0.321 fsp_3_4: 0.094 fsp_4_5: 0.107 fsp_5_6: 0.103 fsp_6_7: 0.018 
(epoch: 28, iters: 3871, time: 0.033) G_GAN: 0.938 G_L1: 0.199 G_SSIM: 0.174 H_L1: 0.070 H_SSIM: 0.274 D_real: 0.016 D_fake: 0.009 att_A: 0.540 L_hall: 0.042 L_inter: 0.000 L_intra: 0.000 L_fsp: 0.207 fsp_3_4: 0.066 fsp_4_5: 0.094 fsp_5_6: 0.040 fsp_6_7: 0.006 
(epoch: 28, iters: 3971, time: 0.035) G_GAN: 0.937 G_L1: 0.249 G_SSIM: 0.185 H_L1: 0.066 H_SSIM: 0.302 D_real: 0.016 D_fake: 0.042 att_A: 0.950 L_hall: 0.054 L_inter: 0.000 L_intra: 0.000 L_fsp: 0.384 fsp_3_4: 0.129 fsp_4_5: 0.134 fsp_5_6: 0.112 fsp_6_7: 0.009 
(epoch: 28, iters: 4071, time: 0.066) G_GAN: 0.441 G_L1: 0.206 G_SSIM: 0.143 H_L1: 0.111 H_SSIM: 0.307 D_real: 0.020 D_fake: 0.013 att_A: 0.597 L_hall: 0.045 L_inter: 0.000 L_intra: 0.000 L_fsp: 0.234 fsp_3_4: 0.078 fsp_4_5: 0.096 fsp_5_6: 0.053 fsp_6_7: 0.006 
(epoch: 28, iters: 4171, time: 0.034) G_GAN: 0.629 G_L1: 0.201 G_SSIM: 0.125 H_L1: 0.102 H_SSIM: 0.283 D_real: 0.009 D_fake: 0.004 att_A: 0.545 L_hall: 0.041 L_inter: 0.000 L_intra: 0.000 L_fsp: 0.214 fsp_3_4: 0.073 fsp_4_5: 0.094 fsp_5_6: 0.043 fsp_6_7: 0.004 
(epoch: 28, iters: 4271, time: 0.034) G_GAN: 1.085 G_L1: 0.307 G_SSIM: 0.357 H_L1: 0.072 H_SSIM: 0.483 D_real: 0.009 D_fake: 0.013 att_A: 0.802 L_hall: 0.049 L_inter: 0.000 L_intra: 0.000 L_fsp: 0.237 fsp_3_4: 0.077 fsp_4_5: 0.099 fsp_5_6: 0.047 fsp_6_7: 0.013 
(epoch: 28, iters: 4371, time: 0.034) G_GAN: 0.332 G_L1: 0.203 G_SSIM: 0.153 H_L1: 0.073 H_SSIM: 0.243 D_real: 0.011 D_fake: 0.117 att_A: 0.393 L_hall: 0.041 L_inter: 0.000 L_intra: 0.000 L_fsp: 0.165 fsp_3_4: 0.061 fsp_4_5: 0.078 fsp_5_6: 0.023 fsp_6_7: 0.002 
(epoch: 28, iters: 4471, time: 0.034) G_GAN: 1.051 G_L1: 0.361 G_SSIM: 0.344 H_L1: 0.074 H_SSIM: 0.476 D_real: 0.009 D_fake: 0.013 att_A: 0.900 L_hall: 0.049 L_inter: 0.000 L_intra: 0.000 L_fsp: 0.318 fsp_3_4: 0.131 fsp_4_5: 0.106 fsp_5_6: 0.067 fsp_6_7: 0.015 
(epoch: 28, iters: 4571, time: 0.058) G_GAN: 0.984 G_L1: 0.179 G_SSIM: 0.126 H_L1: 0.067 H_SSIM: 0.253 D_real: 0.011 D_fake: 0.005 att_A: 0.731 L_hall: 0.045 L_inter: 0.000 L_intra: 0.000 L_fsp: 0.316 fsp_3_4: 0.114 fsp_4_5: 0.104 fsp_5_6: 0.089 fsp_6_7: 0.009 
(epoch: 28, iters: 4671, time: 0.035) G_GAN: 1.090 G_L1: 0.227 G_SSIM: 0.197 H_L1: 0.070 H_SSIM: 0.331 D_real: 0.018 D_fake: 0.010 att_A: 0.670 L_hall: 0.036 L_inter: 0.000 L_intra: 0.000 L_fsp: 0.179 fsp_3_4: 0.071 fsp_4_5: 0.069 fsp_5_6: 0.033 fsp_6_7: 0.006 
(epoch: 28, iters: 4771, time: 0.034) G_GAN: 0.619 G_L1: 0.157 G_SSIM: 0.071 H_L1: 0.062 H_SSIM: 0.166 D_real: 0.034 D_fake: 0.062 att_A: 0.309 L_hall: 0.039 L_inter: 0.000 L_intra: 0.000 L_fsp: 0.161 fsp_3_4: 0.068 fsp_4_5: 0.060 fsp_5_6: 0.025 fsp_6_7: 0.009 
(epoch: 28, iters: 4871, time: 0.034) G_GAN: 1.083 G_L1: 0.251 G_SSIM: 0.209 H_L1: 0.068 H_SSIM: 0.293 D_real: 0.008 D_fake: 0.012 att_A: 0.501 L_hall: 0.044 L_inter: 0.000 L_intra: 0.000 L_fsp: 0.206 fsp_3_4: 0.074 fsp_4_5: 0.085 fsp_5_6: 0.043 fsp_6_7: 0.004 
(epoch: 28, iters: 4971, time: 0.034) G_GAN: 0.900 G_L1: 0.299 G_SSIM: 0.319 H_L1: 0.083 H_SSIM: 0.482 D_real: 0.007 D_fake: 0.010 att_A: 0.732 L_hall: 0.046 L_inter: 0.000 L_intra: 0.000 L_fsp: 0.227 fsp_3_4: 0.073 fsp_4_5: 0.094 fsp_5_6: 0.052 fsp_6_7: 0.008 
(epoch: 28, iters: 5071, time: 0.048) G_GAN: 0.707 G_L1: 0.125 G_SSIM: 0.057 H_L1: 0.048 H_SSIM: 0.095 D_real: 0.019 D_fake: 0.005 att_A: 0.713 L_hall: 0.042 L_inter: 0.000 L_intra: 0.000 L_fsp: 0.294 fsp_3_4: 0.081 fsp_4_5: 0.101 fsp_5_6: 0.096 fsp_6_7: 0.016 
(epoch: 28, iters: 5171, time: 0.034) G_GAN: 1.140 G_L1: 0.208 G_SSIM: 0.194 H_L1: 0.072 H_SSIM: 0.317 D_real: 0.017 D_fake: 0.010 att_A: 0.575 L_hall: 0.041 L_inter: 0.000 L_intra: 0.000 L_fsp: 0.173 fsp_3_4: 0.059 fsp_4_5: 0.072 fsp_5_6: 0.038 fsp_6_7: 0.004 
(epoch: 28, iters: 5271, time: 0.033) G_GAN: 0.904 G_L1: 0.181 G_SSIM: 0.115 H_L1: 0.079 H_SSIM: 0.254 D_real: 0.032 D_fake: 0.032 att_A: 0.520 L_hall: 0.045 L_inter: 0.000 L_intra: 0.000 L_fsp: 0.271 fsp_3_4: 0.086 fsp_4_5: 0.116 fsp_5_6: 0.056 fsp_6_7: 0.013 
(epoch: 28, iters: 5371, time: 0.034) G_GAN: 0.714 G_L1: 0.036 G_SSIM: 0.009 H_L1: 0.062 H_SSIM: 0.048 D_real: 0.042 D_fake: 0.039 att_A: 0.842 L_hall: 0.040 L_inter: 0.000 L_intra: 0.000 L_fsp: 0.271 fsp_3_4: 0.092 fsp_4_5: 0.083 fsp_5_6: 0.071 fsp_6_7: 0.025 
(epoch: 28, iters: 5471, time: 0.033) G_GAN: 1.018 G_L1: 0.302 G_SSIM: 0.308 H_L1: 0.059 H_SSIM: 0.421 D_real: 0.008 D_fake: 0.006 att_A: 0.699 L_hall: 0.040 L_inter: 0.000 L_intra: 0.000 L_fsp: 0.171 fsp_3_4: 0.066 fsp_4_5: 0.060 fsp_5_6: 0.039 fsp_6_7: 0.006 
(epoch: 28, iters: 5571, time: 0.047) G_GAN: 0.950 G_L1: 0.058 G_SSIM: 0.020 H_L1: 0.049 H_SSIM: 0.046 D_real: 0.172 D_fake: 0.013 att_A: 0.518 L_hall: 0.047 L_inter: 0.000 L_intra: 0.000 L_fsp: 0.343 fsp_3_4: 0.097 fsp_4_5: 0.146 fsp_5_6: 0.082 fsp_6_7: 0.017 
(epoch: 28, iters: 5671, time: 0.034) G_GAN: 0.901 G_L1: 0.224 G_SSIM: 0.175 H_L1: 0.076 H_SSIM: 0.379 D_real: 0.089 D_fake: 0.006 att_A: 0.744 L_hall: 0.042 L_inter: 0.000 L_intra: 0.000 L_fsp: 0.316 fsp_3_4: 0.115 fsp_4_5: 0.130 fsp_5_6: 0.064 fsp_6_7: 0.007 
(epoch: 28, iters: 5771, time: 0.035) G_GAN: 1.086 G_L1: 0.303 G_SSIM: 0.281 H_L1: 0.065 H_SSIM: 0.399 D_real: 0.008 D_fake: 0.005 att_A: 0.751 L_hall: 0.046 L_inter: 0.000 L_intra: 0.000 L_fsp: 0.295 fsp_3_4: 0.099 fsp_4_5: 0.115 fsp_5_6: 0.076 fsp_6_7: 0.005 
(epoch: 28, iters: 5871, time: 0.034) G_GAN: 0.947 G_L1: 0.361 G_SSIM: 0.342 H_L1: 0.087 H_SSIM: 0.645 D_real: 0.008 D_fake: 0.006 att_A: 0.710 L_hall: 0.045 L_inter: 0.000 L_intra: 0.000 L_fsp: 0.246 fsp_3_4: 0.071 fsp_4_5: 0.088 fsp_5_6: 0.077 fsp_6_7: 0.010 
(epoch: 28, iters: 5971, time: 0.034) G_GAN: 0.563 G_L1: 0.024 G_SSIM: 0.006 H_L1: 0.064 H_SSIM: 0.047 D_real: 0.172 D_fake: 0.079 att_A: 0.842 L_hall: 0.027 L_inter: 0.000 L_intra: 0.000 L_fsp: 0.197 fsp_3_4: 0.066 fsp_4_5: 0.060 fsp_5_6: 0.059 fsp_6_7: 0.011 
(epoch: 28, iters: 6071, time: 0.050) G_GAN: 1.027 G_L1: 0.067 G_SSIM: 0.009 H_L1: 0.086 H_SSIM: 0.032 D_real: 0.068 D_fake: 0.014 att_A: 0.484 L_hall: 0.045 L_inter: 0.000 L_intra: 0.000 L_fsp: 0.443 fsp_3_4: 0.127 fsp_4_5: 0.118 fsp_5_6: 0.149 fsp_6_7: 0.049 
(epoch: 28, iters: 6171, time: 0.034) G_GAN: 0.885 G_L1: 0.302 G_SSIM: 0.247 H_L1: 0.070 H_SSIM: 0.396 D_real: 0.010 D_fake: 0.321 att_A: 0.638 L_hall: 0.039 L_inter: 0.000 L_intra: 0.000 L_fsp: 0.168 fsp_3_4: 0.058 fsp_4_5: 0.068 fsp_5_6: 0.040 fsp_6_7: 0.003 
(epoch: 28, iters: 6271, time: 0.034) G_GAN: 1.094 G_L1: 0.554 G_SSIM: 0.502 H_L1: 0.097 H_SSIM: 0.620 D_real: 0.013 D_fake: 0.028 att_A: 0.913 L_hall: 0.051 L_inter: 0.000 L_intra: 0.000 L_fsp: 0.263 fsp_3_4: 0.092 fsp_4_5: 0.104 fsp_5_6: 0.060 fsp_6_7: 0.007 
(epoch: 28, iters: 6371, time: 0.034) G_GAN: 0.907 G_L1: 0.263 G_SSIM: 0.261 H_L1: 0.064 H_SSIM: 0.420 D_real: 0.011 D_fake: 0.005 att_A: 0.672 L_hall: 0.042 L_inter: 0.000 L_intra: 0.000 L_fsp: 0.253 fsp_3_4: 0.091 fsp_4_5: 0.111 fsp_5_6: 0.044 fsp_6_7: 0.007 
(epoch: 28, iters: 6471, time: 0.034) G_GAN: 1.045 G_L1: 0.397 G_SSIM: 0.405 H_L1: 0.099 H_SSIM: 0.523 D_real: 0.010 D_fake: 0.005 att_A: 0.697 L_hall: 0.048 L_inter: 0.000 L_intra: 0.000 L_fsp: 0.248 fsp_3_4: 0.076 fsp_4_5: 0.092 fsp_5_6: 0.070 fsp_6_7: 0.010 
(epoch: 28, iters: 6571, time: 0.056) G_GAN: 0.982 G_L1: 0.213 G_SSIM: 0.173 H_L1: 0.068 H_SSIM: 0.308 D_real: 0.012 D_fake: 0.004 att_A: 0.629 L_hall: 0.046 L_inter: 0.000 L_intra: 0.000 L_fsp: 0.255 fsp_3_4: 0.077 fsp_4_5: 0.099 fsp_5_6: 0.064 fsp_6_7: 0.015 
(epoch: 28, iters: 6671, time: 0.034) G_GAN: 0.935 G_L1: 0.303 G_SSIM: 0.249 H_L1: 0.084 H_SSIM: 0.345 D_real: 0.007 D_fake: 0.004 att_A: 0.895 L_hall: 0.051 L_inter: 0.000 L_intra: 0.000 L_fsp: 0.355 fsp_3_4: 0.151 fsp_4_5: 0.121 fsp_5_6: 0.072 fsp_6_7: 0.011 
(epoch: 28, iters: 6771, time: 0.036) G_GAN: 1.049 G_L1: 0.188 G_SSIM: 0.161 H_L1: 0.062 H_SSIM: 0.257 D_real: 0.024 D_fake: 0.172 att_A: 0.493 L_hall: 0.041 L_inter: 0.000 L_intra: 0.000 L_fsp: 0.158 fsp_3_4: 0.062 fsp_4_5: 0.068 fsp_5_6: 0.024 fsp_6_7: 0.004 
(epoch: 28, iters: 6871, time: 0.034) G_GAN: 1.048 G_L1: 0.231 G_SSIM: 0.204 H_L1: 0.057 H_SSIM: 0.293 D_real: 0.009 D_fake: 0.004 att_A: 0.739 L_hall: 0.048 L_inter: 0.000 L_intra: 0.000 L_fsp: 0.290 fsp_3_4: 0.107 fsp_4_5: 0.118 fsp_5_6: 0.057 fsp_6_7: 0.008 
(epoch: 28, iters: 6971, time: 0.034) G_GAN: 0.972 G_L1: 0.411 G_SSIM: 0.370 H_L1: 0.112 H_SSIM: 0.435 D_real: 0.008 D_fake: 0.003 att_A: 0.957 L_hall: 0.053 L_inter: 0.000 L_intra: 0.000 L_fsp: 0.278 fsp_3_4: 0.140 fsp_4_5: 0.070 fsp_5_6: 0.062 fsp_6_7: 0.006 
(epoch: 28, iters: 7071, time: 0.051) G_GAN: 1.030 G_L1: 0.289 G_SSIM: 0.284 H_L1: 0.060 H_SSIM: 0.381 D_real: 0.011 D_fake: 0.007 att_A: 0.702 L_hall: 0.039 L_inter: 0.000 L_intra: 0.000 L_fsp: 0.222 fsp_3_4: 0.068 fsp_4_5: 0.096 fsp_5_6: 0.047 fsp_6_7: 0.011 
(epoch: 28, iters: 7171, time: 0.034) G_GAN: 0.991 G_L1: 0.020 G_SSIM: 0.003 H_L1: 0.059 H_SSIM: 0.037 D_real: 0.101 D_fake: 0.018 att_A: 0.779 L_hall: 0.042 L_inter: 0.000 L_intra: 0.000 L_fsp: 0.440 fsp_3_4: 0.118 fsp_4_5: 0.161 fsp_5_6: 0.140 fsp_6_7: 0.021 
(epoch: 28, iters: 7271, time: 0.034) G_GAN: 1.149 G_L1: 0.209 G_SSIM: 0.186 H_L1: 0.054 H_SSIM: 0.288 D_real: 0.007 D_fake: 0.004 att_A: 0.502 L_hall: 0.039 L_inter: 0.000 L_intra: 0.000 L_fsp: 0.209 fsp_3_4: 0.081 fsp_4_5: 0.083 fsp_5_6: 0.038 fsp_6_7: 0.007 
(epoch: 28, iters: 7371, time: 0.034) G_GAN: 0.943 G_L1: 0.227 G_SSIM: 0.226 H_L1: 0.062 H_SSIM: 0.350 D_real: 0.008 D_fake: 0.024 att_A: 0.655 L_hall: 0.050 L_inter: 0.000 L_intra: 0.000 L_fsp: 0.358 fsp_3_4: 0.125 fsp_4_5: 0.139 fsp_5_6: 0.074 fsp_6_7: 0.020 
(epoch: 28, iters: 7471, time: 0.035) G_GAN: 0.892 G_L1: 0.208 G_SSIM: 0.150 H_L1: 0.073 H_SSIM: 0.334 D_real: 0.009 D_fake: 0.007 att_A: 0.630 L_hall: 0.039 L_inter: 0.000 L_intra: 0.000 L_fsp: 0.196 fsp_3_4: 0.066 fsp_4_5: 0.071 fsp_5_6: 0.052 fsp_6_7: 0.007 
(epoch: 28, iters: 7571, time: 0.063) G_GAN: 0.705 G_L1: 0.039 G_SSIM: 0.011 H_L1: 0.067 H_SSIM: 0.090 D_real: 0.030 D_fake: 0.004 att_A: 0.772 L_hall: 0.047 L_inter: 0.000 L_intra: 0.000 L_fsp: 0.256 fsp_3_4: 0.082 fsp_4_5: 0.075 fsp_5_6: 0.088 fsp_6_7: 0.011 
(epoch: 28, iters: 7671, time: 0.033) G_GAN: 0.418 G_L1: 0.221 G_SSIM: 0.121 H_L1: 0.067 H_SSIM: 0.264 D_real: 0.015 D_fake: 0.140 att_A: 0.384 L_hall: 0.039 L_inter: 0.000 L_intra: 0.000 L_fsp: 0.153 fsp_3_4: 0.057 fsp_4_5: 0.063 fsp_5_6: 0.031 fsp_6_7: 0.002 
(epoch: 28, iters: 7771, time: 0.033) G_GAN: 0.484 G_L1: 0.198 G_SSIM: 0.179 H_L1: 0.066 H_SSIM: 0.280 D_real: 0.034 D_fake: 0.106 att_A: 0.516 L_hall: 0.037 L_inter: 0.000 L_intra: 0.000 L_fsp: 0.136 fsp_3_4: 0.048 fsp_4_5: 0.053 fsp_5_6: 0.028 fsp_6_7: 0.007 
(epoch: 28, iters: 7871, time: 0.034) G_GAN: 1.242 G_L1: 0.523 G_SSIM: 0.467 H_L1: 0.127 H_SSIM: 0.541 D_real: 0.012 D_fake: 0.019 att_A: 0.925 L_hall: 0.054 L_inter: 0.000 L_intra: 0.000 L_fsp: 0.284 fsp_3_4: 0.097 fsp_4_5: 0.103 fsp_5_6: 0.069 fsp_6_7: 0.016 
(epoch: 28, iters: 7971, time: 0.034) G_GAN: 0.762 G_L1: 0.123 G_SSIM: 0.059 H_L1: 0.055 H_SSIM: 0.168 D_real: 0.029 D_fake: 0.028 att_A: 0.276 L_hall: 0.036 L_inter: 0.000 L_intra: 0.000 L_fsp: 0.151 fsp_3_4: 0.064 fsp_4_5: 0.065 fsp_5_6: 0.020 fsp_6_7: 0.003 
(epoch: 28, iters: 8071, time: 0.049) G_GAN: 0.964 G_L1: 0.238 G_SSIM: 0.243 H_L1: 0.062 H_SSIM: 0.333 D_real: 0.010 D_fake: 0.012 att_A: 0.593 L_hall: 0.043 L_inter: 0.000 L_intra: 0.000 L_fsp: 0.224 fsp_3_4: 0.085 fsp_4_5: 0.084 fsp_5_6: 0.050 fsp_6_7: 0.005 
(epoch: 28, iters: 8171, time: 0.034) G_GAN: 0.681 G_L1: 0.224 G_SSIM: 0.177 H_L1: 0.075 H_SSIM: 0.278 D_real: 0.010 D_fake: 0.220 att_A: 0.534 L_hall: 0.038 L_inter: 0.000 L_intra: 0.000 L_fsp: 0.151 fsp_3_4: 0.050 fsp_4_5: 0.065 fsp_5_6: 0.032 fsp_6_7: 0.004 
(epoch: 28, iters: 8271, time: 0.034) G_GAN: 0.887 G_L1: 0.271 G_SSIM: 0.236 H_L1: 0.084 H_SSIM: 0.443 D_real: 0.011 D_fake: 0.008 att_A: 0.722 L_hall: 0.043 L_inter: 0.000 L_intra: 0.000 L_fsp: 0.275 fsp_3_4: 0.106 fsp_4_5: 0.094 fsp_5_6: 0.067 fsp_6_7: 0.008 
(epoch: 28, iters: 8371, time: 0.035) G_GAN: 1.017 G_L1: 0.211 G_SSIM: 0.214 H_L1: 0.048 H_SSIM: 0.302 D_real: 0.008 D_fake: 0.004 att_A: 0.693 L_hall: 0.042 L_inter: 0.000 L_intra: 0.000 L_fsp: 0.245 fsp_3_4: 0.068 fsp_4_5: 0.097 fsp_5_6: 0.074 fsp_6_7: 0.007 
(epoch: 28, iters: 8471, time: 0.034) G_GAN: 1.065 G_L1: 0.271 G_SSIM: 0.203 H_L1: 0.072 H_SSIM: 0.336 D_real: 0.012 D_fake: 0.005 att_A: 0.666 L_hall: 0.043 L_inter: 0.000 L_intra: 0.000 L_fsp: 0.313 fsp_3_4: 0.127 fsp_4_5: 0.122 fsp_5_6: 0.056 fsp_6_7: 0.007 
(epoch: 28, iters: 8571, time: 0.052) G_GAN: 0.988 G_L1: 0.260 G_SSIM: 0.263 H_L1: 0.069 H_SSIM: 0.406 D_real: 0.009 D_fake: 0.004 att_A: 0.674 L_hall: 0.044 L_inter: 0.000 L_intra: 0.000 L_fsp: 0.234 fsp_3_4: 0.069 fsp_4_5: 0.111 fsp_5_6: 0.047 fsp_6_7: 0.006 
saving the latest model (epoch 28, total_steps 255000)
(epoch: 28, iters: 8671, time: 0.034) G_GAN: 1.154 G_L1: 0.317 G_SSIM: 0.224 H_L1: 0.076 H_SSIM: 0.348 D_real: 0.016 D_fake: 0.110 att_A: 0.628 L_hall: 0.046 L_inter: 0.000 L_intra: 0.000 L_fsp: 0.302 fsp_3_4: 0.123 fsp_4_5: 0.121 fsp_5_6: 0.053 fsp_6_7: 0.005 
(epoch: 28, iters: 8771, time: 0.034) G_GAN: 1.092 G_L1: 0.331 G_SSIM: 0.264 H_L1: 0.096 H_SSIM: 0.408 D_real: 0.006 D_fake: 0.010 att_A: 0.854 L_hall: 0.052 L_inter: 0.000 L_intra: 0.000 L_fsp: 0.327 fsp_3_4: 0.125 fsp_4_5: 0.090 fsp_5_6: 0.088 fsp_6_7: 0.023 
(epoch: 28, iters: 8871, time: 0.034) G_GAN: 1.070 G_L1: 0.519 G_SSIM: 0.521 H_L1: 0.102 H_SSIM: 0.596 D_real: 0.013 D_fake: 0.007 att_A: 0.864 L_hall: 0.052 L_inter: 0.000 L_intra: 0.000 L_fsp: 0.329 fsp_3_4: 0.101 fsp_4_5: 0.146 fsp_5_6: 0.073 fsp_6_7: 0.009 
(epoch: 28, iters: 8971, time: 0.034) G_GAN: 0.779 G_L1: 0.247 G_SSIM: 0.222 H_L1: 0.077 H_SSIM: 0.333 D_real: 0.012 D_fake: 0.026 att_A: 0.524 L_hall: 0.040 L_inter: 0.000 L_intra: 0.000 L_fsp: 0.147 fsp_3_4: 0.051 fsp_4_5: 0.059 fsp_5_6: 0.034 fsp_6_7: 0.003 
(epoch: 28, iters: 9071, time: 0.054) G_GAN: 0.939 G_L1: 0.223 G_SSIM: 0.214 H_L1: 0.059 H_SSIM: 0.335 D_real: 0.012 D_fake: 0.004 att_A: 0.763 L_hall: 0.044 L_inter: 0.000 L_intra: 0.000 L_fsp: 0.233 fsp_3_4: 0.074 fsp_4_5: 0.100 fsp_5_6: 0.044 fsp_6_7: 0.014 
epoch 28  fsp_3_4:0.090437  fsp_3_4_degen:0.000000  fsp_4_5:0.101548  fsp_4_5_degen:0.000000  fsp_5_6:0.058362  fsp_5_6_degen:0.000000  fsp_6_7:0.010026  fsp_6_7_degen:0.000000
End of epoch 28 / 30 	 Time Taken: 448 sec
learning rate = 0.0000250
(epoch: 29, iters: 44, time: 0.034) G_GAN: 0.944 G_L1: 0.253 G_SSIM: 0.166 H_L1: 0.138 H_SSIM: 0.338 D_real: 0.026 D_fake: 0.010 att_A: 0.715 L_hall: 0.049 L_inter: 0.000 L_intra: 0.000 L_fsp: 0.275 fsp_3_4: 0.120 fsp_4_5: 0.092 fsp_5_6: 0.049 fsp_6_7: 0.014 
(epoch: 29, iters: 144, time: 0.035) G_GAN: 0.911 G_L1: 0.117 G_SSIM: 0.062 H_L1: 0.051 H_SSIM: 0.130 D_real: 0.045 D_fake: 0.026 att_A: 0.628 L_hall: 0.051 L_inter: 0.000 L_intra: 0.000 L_fsp: 0.383 fsp_3_4: 0.124 fsp_4_5: 0.156 fsp_5_6: 0.088 fsp_6_7: 0.014 
(epoch: 29, iters: 244, time: 0.034) G_GAN: 1.104 G_L1: 0.255 G_SSIM: 0.202 H_L1: 0.067 H_SSIM: 0.327 D_real: 0.030 D_fake: 0.007 att_A: 0.705 L_hall: 0.043 L_inter: 0.000 L_intra: 0.000 L_fsp: 0.220 fsp_3_4: 0.079 fsp_4_5: 0.089 fsp_5_6: 0.048 fsp_6_7: 0.004 
(epoch: 29, iters: 344, time: 0.040) G_GAN: 0.469 G_L1: 0.048 G_SSIM: 0.023 H_L1: 0.047 H_SSIM: 0.056 D_real: 0.176 D_fake: 0.116 att_A: 0.436 L_hall: 0.037 L_inter: 0.000 L_intra: 0.000 L_fsp: 0.240 fsp_3_4: 0.065 fsp_4_5: 0.101 fsp_5_6: 0.065 fsp_6_7: 0.009 
(epoch: 29, iters: 444, time: 0.055) G_GAN: 1.083 G_L1: 0.182 G_SSIM: 0.138 H_L1: 0.056 H_SSIM: 0.274 D_real: 0.028 D_fake: 0.008 att_A: 0.539 L_hall: 0.044 L_inter: 0.000 L_intra: 0.000 L_fsp: 0.238 fsp_3_4: 0.069 fsp_4_5: 0.114 fsp_5_6: 0.047 fsp_6_7: 0.007 
(epoch: 29, iters: 544, time: 0.039) G_GAN: 0.788 G_L1: 0.332 G_SSIM: 0.216 H_L1: 0.095 H_SSIM: 0.407 D_real: 0.021 D_fake: 0.026 att_A: 0.576 L_hall: 0.039 L_inter: 0.000 L_intra: 0.000 L_fsp: 0.184 fsp_3_4: 0.077 fsp_4_5: 0.071 fsp_5_6: 0.033 fsp_6_7: 0.003 
(epoch: 29, iters: 644, time: 0.039) G_GAN: 1.023 G_L1: 0.358 G_SSIM: 0.253 H_L1: 0.113 H_SSIM: 0.340 D_real: 0.032 D_fake: 0.008 att_A: 0.697 L_hall: 0.047 L_inter: 0.000 L_intra: 0.000 L_fsp: 0.328 fsp_3_4: 0.107 fsp_4_5: 0.129 fsp_5_6: 0.070 fsp_6_7: 0.022 
(epoch: 29, iters: 744, time: 0.036) G_GAN: 1.122 G_L1: 0.224 G_SSIM: 0.148 H_L1: 0.045 H_SSIM: 0.232 D_real: 0.024 D_fake: 0.012 att_A: 0.596 L_hall: 0.037 L_inter: 0.000 L_intra: 0.000 L_fsp: 0.215 fsp_3_4: 0.083 fsp_4_5: 0.095 fsp_5_6: 0.032 fsp_6_7: 0.005 
(epoch: 29, iters: 844, time: 0.036) G_GAN: 0.975 G_L1: 0.202 G_SSIM: 0.118 H_L1: 0.085 H_SSIM: 0.235 D_real: 0.015 D_fake: 0.012 att_A: 0.476 L_hall: 0.044 L_inter: 0.000 L_intra: 0.000 L_fsp: 0.298 fsp_3_4: 0.098 fsp_4_5: 0.132 fsp_5_6: 0.063 fsp_6_7: 0.006 
(epoch: 29, iters: 944, time: 0.050) G_GAN: 0.930 G_L1: 0.169 G_SSIM: 0.105 H_L1: 0.078 H_SSIM: 0.227 D_real: 0.014 D_fake: 0.006 att_A: 0.422 L_hall: 0.045 L_inter: 0.000 L_intra: 0.000 L_fsp: 0.307 fsp_3_4: 0.101 fsp_4_5: 0.137 fsp_5_6: 0.065 fsp_6_7: 0.004 
(epoch: 29, iters: 1044, time: 0.034) G_GAN: 0.728 G_L1: 0.212 G_SSIM: 0.123 H_L1: 0.090 H_SSIM: 0.236 D_real: 0.023 D_fake: 0.037 att_A: 0.330 L_hall: 0.040 L_inter: 0.000 L_intra: 0.000 L_fsp: 0.148 fsp_3_4: 0.055 fsp_4_5: 0.065 fsp_5_6: 0.024 fsp_6_7: 0.004 
(epoch: 29, iters: 1144, time: 0.034) G_GAN: 1.235 G_L1: 0.254 G_SSIM: 0.181 H_L1: 0.091 H_SSIM: 0.264 D_real: 0.006 D_fake: 0.025 att_A: 0.552 L_hall: 0.045 L_inter: 0.000 L_intra: 0.000 L_fsp: 0.286 fsp_3_4: 0.112 fsp_4_5: 0.117 fsp_5_6: 0.049 fsp_6_7: 0.007 
(epoch: 29, iters: 1244, time: 0.035) G_GAN: 0.933 G_L1: 0.235 G_SSIM: 0.197 H_L1: 0.066 H_SSIM: 0.389 D_real: 0.096 D_fake: 0.008 att_A: 0.703 L_hall: 0.050 L_inter: 0.000 L_intra: 0.000 L_fsp: 0.234 fsp_3_4: 0.073 fsp_4_5: 0.083 fsp_5_6: 0.065 fsp_6_7: 0.012 
(epoch: 29, iters: 1344, time: 0.034) G_GAN: 1.091 G_L1: 0.218 G_SSIM: 0.188 H_L1: 0.047 H_SSIM: 0.277 D_real: 0.008 D_fake: 0.008 att_A: 0.597 L_hall: 0.040 L_inter: 0.000 L_intra: 0.000 L_fsp: 0.242 fsp_3_4: 0.077 fsp_4_5: 0.116 fsp_5_6: 0.042 fsp_6_7: 0.007 
(epoch: 29, iters: 1444, time: 0.055) G_GAN: 1.011 G_L1: 0.196 G_SSIM: 0.123 H_L1: 0.077 H_SSIM: 0.224 D_real: 0.013 D_fake: 0.006 att_A: 0.738 L_hall: 0.049 L_inter: 0.000 L_intra: 0.000 L_fsp: 0.320 fsp_3_4: 0.127 fsp_4_5: 0.118 fsp_5_6: 0.064 fsp_6_7: 0.012 
(epoch: 29, iters: 1544, time: 0.034) G_GAN: 0.977 G_L1: 0.228 G_SSIM: 0.189 H_L1: 0.063 H_SSIM: 0.334 D_real: 0.022 D_fake: 0.050 att_A: 0.777 L_hall: 0.045 L_inter: 0.000 L_intra: 0.000 L_fsp: 0.289 fsp_3_4: 0.123 fsp_4_5: 0.096 fsp_5_6: 0.060 fsp_6_7: 0.010 
(epoch: 29, iters: 1644, time: 0.033) G_GAN: 0.933 G_L1: 0.290 G_SSIM: 0.227 H_L1: 0.094 H_SSIM: 0.477 D_real: 0.008 D_fake: 0.007 att_A: 0.696 L_hall: 0.044 L_inter: 0.000 L_intra: 0.000 L_fsp: 0.316 fsp_3_4: 0.135 fsp_4_5: 0.109 fsp_5_6: 0.064 fsp_6_7: 0.009 
(epoch: 29, iters: 1744, time: 0.034) G_GAN: 0.828 G_L1: 0.201 G_SSIM: 0.171 H_L1: 0.070 H_SSIM: 0.270 D_real: 0.043 D_fake: 0.020 att_A: 0.470 L_hall: 0.034 L_inter: 0.000 L_intra: 0.000 L_fsp: 0.157 fsp_3_4: 0.051 fsp_4_5: 0.080 fsp_5_6: 0.024 fsp_6_7: 0.001 
(epoch: 29, iters: 1844, time: 0.035) G_GAN: 1.202 G_L1: 0.261 G_SSIM: 0.164 H_L1: 0.078 H_SSIM: 0.308 D_real: 0.007 D_fake: 0.011 att_A: 0.488 L_hall: 0.040 L_inter: 0.000 L_intra: 0.000 L_fsp: 0.181 fsp_3_4: 0.072 fsp_4_5: 0.075 fsp_5_6: 0.029 fsp_6_7: 0.004 
(epoch: 29, iters: 1944, time: 0.068) G_GAN: 1.099 G_L1: 0.248 G_SSIM: 0.152 H_L1: 0.103 H_SSIM: 0.301 D_real: 0.012 D_fake: 0.003 att_A: 0.517 L_hall: 0.039 L_inter: 0.000 L_intra: 0.000 L_fsp: 0.183 fsp_3_4: 0.080 fsp_4_5: 0.069 fsp_5_6: 0.030 fsp_6_7: 0.004 
(epoch: 29, iters: 2044, time: 0.034) G_GAN: 0.968 G_L1: 0.259 G_SSIM: 0.284 H_L1: 0.067 H_SSIM: 0.401 D_real: 0.011 D_fake: 0.011 att_A: 0.707 L_hall: 0.045 L_inter: 0.000 L_intra: 0.000 L_fsp: 0.268 fsp_3_4: 0.098 fsp_4_5: 0.112 fsp_5_6: 0.053 fsp_6_7: 0.004 
(epoch: 29, iters: 2144, time: 0.035) G_GAN: 1.050 G_L1: 0.220 G_SSIM: 0.218 H_L1: 0.088 H_SSIM: 0.314 D_real: 0.012 D_fake: 0.011 att_A: 0.923 L_hall: 0.048 L_inter: 0.000 L_intra: 0.000 L_fsp: 0.314 fsp_3_4: 0.104 fsp_4_5: 0.120 fsp_5_6: 0.079 fsp_6_7: 0.011 
(epoch: 29, iters: 2244, time: 0.035) G_GAN: 0.995 G_L1: 0.251 G_SSIM: 0.218 H_L1: 0.072 H_SSIM: 0.335 D_real: 0.006 D_fake: 0.046 att_A: 0.788 L_hall: 0.049 L_inter: 0.000 L_intra: 0.000 L_fsp: 0.280 fsp_3_4: 0.109 fsp_4_5: 0.109 fsp_5_6: 0.055 fsp_6_7: 0.007 
(epoch: 29, iters: 2344, time: 0.034) G_GAN: 0.990 G_L1: 0.268 G_SSIM: 0.295 H_L1: 0.064 H_SSIM: 0.437 D_real: 0.009 D_fake: 0.019 att_A: 0.705 L_hall: 0.046 L_inter: 0.000 L_intra: 0.000 L_fsp: 0.334 fsp_3_4: 0.125 fsp_4_5: 0.117 fsp_5_6: 0.074 fsp_6_7: 0.018 
(epoch: 29, iters: 2444, time: 0.073) G_GAN: 0.971 G_L1: 0.183 G_SSIM: 0.152 H_L1: 0.053 H_SSIM: 0.239 D_real: 0.019 D_fake: 0.003 att_A: 0.439 L_hall: 0.041 L_inter: 0.000 L_intra: 0.000 L_fsp: 0.192 fsp_3_4: 0.084 fsp_4_5: 0.078 fsp_5_6: 0.025 fsp_6_7: 0.004 
(epoch: 29, iters: 2544, time: 0.033) G_GAN: 0.910 G_L1: 0.312 G_SSIM: 0.253 H_L1: 0.079 H_SSIM: 0.422 D_real: 0.012 D_fake: 0.005 att_A: 0.749 L_hall: 0.044 L_inter: 0.000 L_intra: 0.000 L_fsp: 0.270 fsp_3_4: 0.078 fsp_4_5: 0.114 fsp_5_6: 0.067 fsp_6_7: 0.011 
(epoch: 29, iters: 2644, time: 0.034) G_GAN: 1.143 G_L1: 0.267 G_SSIM: 0.199 H_L1: 0.060 H_SSIM: 0.302 D_real: 0.008 D_fake: 0.011 att_A: 0.644 L_hall: 0.042 L_inter: 0.000 L_intra: 0.000 L_fsp: 0.225 fsp_3_4: 0.093 fsp_4_5: 0.086 fsp_5_6: 0.039 fsp_6_7: 0.007 
(epoch: 29, iters: 2744, time: 0.034) G_GAN: 1.204 G_L1: 0.261 G_SSIM: 0.222 H_L1: 0.066 H_SSIM: 0.302 D_real: 0.007 D_fake: 0.015 att_A: 0.447 L_hall: 0.041 L_inter: 0.000 L_intra: 0.000 L_fsp: 0.186 fsp_3_4: 0.062 fsp_4_5: 0.079 fsp_5_6: 0.036 fsp_6_7: 0.010 
(epoch: 29, iters: 2844, time: 0.033) G_GAN: 1.180 G_L1: 0.319 G_SSIM: 0.211 H_L1: 0.067 H_SSIM: 0.315 D_real: 0.010 D_fake: 0.017 att_A: 0.639 L_hall: 0.043 L_inter: 0.000 L_intra: 0.000 L_fsp: 0.263 fsp_3_4: 0.092 fsp_4_5: 0.115 fsp_5_6: 0.048 fsp_6_7: 0.008 
(epoch: 29, iters: 2944, time: 0.064) G_GAN: 0.968 G_L1: 0.125 G_SSIM: 0.100 H_L1: 0.054 H_SSIM: 0.268 D_real: 0.010 D_fake: 0.005 att_A: 0.927 L_hall: 0.052 L_inter: 0.000 L_intra: 0.000 L_fsp: 0.294 fsp_3_4: 0.132 fsp_4_5: 0.083 fsp_5_6: 0.071 fsp_6_7: 0.008 
(epoch: 29, iters: 3044, time: 0.034) G_GAN: 1.028 G_L1: 0.198 G_SSIM: 0.182 H_L1: 0.078 H_SSIM: 0.291 D_real: 0.016 D_fake: 0.111 att_A: 0.515 L_hall: 0.041 L_inter: 0.000 L_intra: 0.000 L_fsp: 0.173 fsp_3_4: 0.068 fsp_4_5: 0.068 fsp_5_6: 0.033 fsp_6_7: 0.005 
(epoch: 29, iters: 3144, time: 0.034) G_GAN: 0.961 G_L1: 0.312 G_SSIM: 0.262 H_L1: 0.079 H_SSIM: 0.344 D_real: 0.038 D_fake: 0.006 att_A: 0.949 L_hall: 0.054 L_inter: 0.000 L_intra: 0.000 L_fsp: 0.325 fsp_3_4: 0.128 fsp_4_5: 0.115 fsp_5_6: 0.069 fsp_6_7: 0.013 
(epoch: 29, iters: 3244, time: 0.036) G_GAN: 1.016 G_L1: 0.438 G_SSIM: 0.451 H_L1: 0.118 H_SSIM: 0.518 D_real: 0.015 D_fake: 0.004 att_A: 0.946 L_hall: 0.054 L_inter: 0.000 L_intra: 0.000 L_fsp: 0.275 fsp_3_4: 0.077 fsp_4_5: 0.120 fsp_5_6: 0.068 fsp_6_7: 0.011 
(epoch: 29, iters: 3344, time: 0.034) G_GAN: 1.019 G_L1: 0.334 G_SSIM: 0.409 H_L1: 0.125 H_SSIM: 0.536 D_real: 0.007 D_fake: 0.003 att_A: 0.924 L_hall: 0.051 L_inter: 0.000 L_intra: 0.000 L_fsp: 0.304 fsp_3_4: 0.101 fsp_4_5: 0.125 fsp_5_6: 0.070 fsp_6_7: 0.009 
(epoch: 29, iters: 3444, time: 0.058) G_GAN: 0.814 G_L1: 0.204 G_SSIM: 0.171 H_L1: 0.070 H_SSIM: 0.272 D_real: 0.095 D_fake: 0.016 att_A: 0.571 L_hall: 0.039 L_inter: 0.000 L_intra: 0.000 L_fsp: 0.170 fsp_3_4: 0.061 fsp_4_5: 0.072 fsp_5_6: 0.032 fsp_6_7: 0.005 
(epoch: 29, iters: 3544, time: 0.034) G_GAN: 1.142 G_L1: 0.210 G_SSIM: 0.196 H_L1: 0.048 H_SSIM: 0.273 D_real: 0.011 D_fake: 0.011 att_A: 0.589 L_hall: 0.040 L_inter: 0.000 L_intra: 0.000 L_fsp: 0.251 fsp_3_4: 0.091 fsp_4_5: 0.106 fsp_5_6: 0.046 fsp_6_7: 0.008 
(epoch: 29, iters: 3644, time: 0.034) G_GAN: 0.896 G_L1: 0.168 G_SSIM: 0.103 H_L1: 0.068 H_SSIM: 0.214 D_real: 0.008 D_fake: 0.012 att_A: 0.554 L_hall: 0.043 L_inter: 0.000 L_intra: 0.000 L_fsp: 0.190 fsp_3_4: 0.072 fsp_4_5: 0.068 fsp_5_6: 0.039 fsp_6_7: 0.011 
(epoch: 29, iters: 3744, time: 0.034) G_GAN: 0.840 G_L1: 0.086 G_SSIM: 0.048 H_L1: 0.050 H_SSIM: 0.122 D_real: 0.014 D_fake: 0.335 att_A: 0.689 L_hall: 0.051 L_inter: 0.000 L_intra: 0.000 L_fsp: 0.302 fsp_3_4: 0.083 fsp_4_5: 0.117 fsp_5_6: 0.081 fsp_6_7: 0.022 
(epoch: 29, iters: 3844, time: 0.033) G_GAN: 1.062 G_L1: 0.408 G_SSIM: 0.379 H_L1: 0.085 H_SSIM: 0.592 D_real: 0.009 D_fake: 0.005 att_A: 0.793 L_hall: 0.044 L_inter: 0.000 L_intra: 0.000 L_fsp: 0.227 fsp_3_4: 0.076 fsp_4_5: 0.106 fsp_5_6: 0.039 fsp_6_7: 0.007 
(epoch: 29, iters: 3944, time: 0.065) G_GAN: 1.004 G_L1: 0.328 G_SSIM: 0.347 H_L1: 0.109 H_SSIM: 0.520 D_real: 0.012 D_fake: 0.005 att_A: 0.734 L_hall: 0.048 L_inter: 0.000 L_intra: 0.000 L_fsp: 0.207 fsp_3_4: 0.070 fsp_4_5: 0.074 fsp_5_6: 0.057 fsp_6_7: 0.007 
(epoch: 29, iters: 4044, time: 0.033) G_GAN: 0.620 G_L1: 0.073 G_SSIM: 0.025 H_L1: 0.044 H_SSIM: 0.064 D_real: 0.054 D_fake: 0.064 att_A: 0.655 L_hall: 0.045 L_inter: 0.000 L_intra: 0.000 L_fsp: 0.273 fsp_3_4: 0.074 fsp_4_5: 0.103 fsp_5_6: 0.077 fsp_6_7: 0.019 
(epoch: 29, iters: 4144, time: 0.033) G_GAN: 0.911 G_L1: 0.205 G_SSIM: 0.156 H_L1: 0.067 H_SSIM: 0.339 D_real: 0.010 D_fake: 0.009 att_A: 0.610 L_hall: 0.045 L_inter: 0.000 L_intra: 0.000 L_fsp: 0.217 fsp_3_4: 0.083 fsp_4_5: 0.083 fsp_5_6: 0.045 fsp_6_7: 0.006 
(epoch: 29, iters: 4244, time: 0.034) G_GAN: 0.649 G_L1: 0.141 G_SSIM: 0.079 H_L1: 0.037 H_SSIM: 0.191 D_real: 0.015 D_fake: 0.054 att_A: 0.548 L_hall: 0.043 L_inter: 0.000 L_intra: 0.000 L_fsp: 0.220 fsp_3_4: 0.082 fsp_4_5: 0.081 fsp_5_6: 0.050 fsp_6_7: 0.007 
(epoch: 29, iters: 4344, time: 0.033) G_GAN: 0.972 G_L1: 0.044 G_SSIM: 0.010 H_L1: 0.052 H_SSIM: 0.057 D_real: 0.241 D_fake: 0.021 att_A: 0.877 L_hall: 0.044 L_inter: 0.000 L_intra: 0.000 L_fsp: 0.254 fsp_3_4: 0.079 fsp_4_5: 0.093 fsp_5_6: 0.070 fsp_6_7: 0.011 
(epoch: 29, iters: 4444, time: 0.054) G_GAN: 0.653 G_L1: 0.058 G_SSIM: 0.018 H_L1: 0.053 H_SSIM: 0.083 D_real: 0.105 D_fake: 0.007 att_A: 0.629 L_hall: 0.038 L_inter: 0.000 L_intra: 0.000 L_fsp: 0.220 fsp_3_4: 0.067 fsp_4_5: 0.086 fsp_5_6: 0.059 fsp_6_7: 0.008 
saving the latest model (epoch 29, total_steps 260000)
(epoch: 29, iters: 4544, time: 0.033) G_GAN: 1.059 G_L1: 0.436 G_SSIM: 0.482 H_L1: 0.076 H_SSIM: 0.681 D_real: 0.012 D_fake: 0.007 att_A: 0.750 L_hall: 0.048 L_inter: 0.000 L_intra: 0.000 L_fsp: 0.284 fsp_3_4: 0.096 fsp_4_5: 0.131 fsp_5_6: 0.050 fsp_6_7: 0.008 
(epoch: 29, iters: 4644, time: 0.034) G_GAN: 1.007 G_L1: 0.288 G_SSIM: 0.306 H_L1: 0.089 H_SSIM: 0.466 D_real: 0.007 D_fake: 0.008 att_A: 0.735 L_hall: 0.047 L_inter: 0.000 L_intra: 0.000 L_fsp: 0.249 fsp_3_4: 0.097 fsp_4_5: 0.090 fsp_5_6: 0.054 fsp_6_7: 0.007 
(epoch: 29, iters: 4744, time: 0.033) G_GAN: 0.459 G_L1: 0.084 G_SSIM: 0.052 H_L1: 0.049 H_SSIM: 0.089 D_real: 0.300 D_fake: 0.004 att_A: 0.625 L_hall: 0.027 L_inter: 0.000 L_intra: 0.000 L_fsp: 0.162 fsp_3_4: 0.051 fsp_4_5: 0.075 fsp_5_6: 0.030 fsp_6_7: 0.006 
(epoch: 29, iters: 4844, time: 0.035) G_GAN: 0.648 G_L1: 0.170 G_SSIM: 0.113 H_L1: 0.086 H_SSIM: 0.212 D_real: 0.119 D_fake: 0.008 att_A: 0.412 L_hall: 0.039 L_inter: 0.000 L_intra: 0.000 L_fsp: 0.136 fsp_3_4: 0.047 fsp_4_5: 0.066 fsp_5_6: 0.019 fsp_6_7: 0.005 
(epoch: 29, iters: 4944, time: 0.049) G_GAN: 1.047 G_L1: 0.233 G_SSIM: 0.167 H_L1: 0.049 H_SSIM: 0.263 D_real: 0.011 D_fake: 0.014 att_A: 0.517 L_hall: 0.037 L_inter: 0.000 L_intra: 0.000 L_fsp: 0.187 fsp_3_4: 0.075 fsp_4_5: 0.081 fsp_5_6: 0.027 fsp_6_7: 0.004 
(epoch: 29, iters: 5044, time: 0.034) G_GAN: 0.378 G_L1: 0.206 G_SSIM: 0.171 H_L1: 0.051 H_SSIM: 0.281 D_real: 0.053 D_fake: 0.071 att_A: 0.552 L_hall: 0.040 L_inter: 0.000 L_intra: 0.000 L_fsp: 0.165 fsp_3_4: 0.055 fsp_4_5: 0.072 fsp_5_6: 0.033 fsp_6_7: 0.004 
(epoch: 29, iters: 5144, time: 0.034) G_GAN: 1.004 G_L1: 0.125 G_SSIM: 0.105 H_L1: 0.055 H_SSIM: 0.273 D_real: 0.010 D_fake: 0.009 att_A: 0.928 L_hall: 0.052 L_inter: 0.000 L_intra: 0.000 L_fsp: 0.346 fsp_3_4: 0.096 fsp_4_5: 0.142 fsp_5_6: 0.090 fsp_6_7: 0.018 
(epoch: 29, iters: 5244, time: 0.034) G_GAN: 1.110 G_L1: 0.229 G_SSIM: 0.210 H_L1: 0.093 H_SSIM: 0.335 D_real: 0.037 D_fake: 0.042 att_A: 0.612 L_hall: 0.046 L_inter: 0.000 L_intra: 0.000 L_fsp: 0.263 fsp_3_4: 0.090 fsp_4_5: 0.097 fsp_5_6: 0.069 fsp_6_7: 0.008 
(epoch: 29, iters: 5344, time: 0.034) G_GAN: 0.788 G_L1: 0.116 G_SSIM: 0.069 H_L1: 0.059 H_SSIM: 0.109 D_real: 0.097 D_fake: 0.027 att_A: 0.592 L_hall: 0.027 L_inter: 0.000 L_intra: 0.000 L_fsp: 0.149 fsp_3_4: 0.041 fsp_4_5: 0.065 fsp_5_6: 0.037 fsp_6_7: 0.006 
(epoch: 29, iters: 5444, time: 0.059) G_GAN: 0.734 G_L1: 0.019 G_SSIM: 0.002 H_L1: 0.069 H_SSIM: 0.040 D_real: 0.073 D_fake: 0.039 att_A: 0.864 L_hall: 0.042 L_inter: 0.000 L_intra: 0.000 L_fsp: 0.356 fsp_3_4: 0.120 fsp_4_5: 0.119 fsp_5_6: 0.093 fsp_6_7: 0.024 
(epoch: 29, iters: 5544, time: 0.034) G_GAN: 1.002 G_L1: 0.230 G_SSIM: 0.199 H_L1: 0.055 H_SSIM: 0.294 D_real: 0.024 D_fake: 0.014 att_A: 0.688 L_hall: 0.043 L_inter: 0.000 L_intra: 0.000 L_fsp: 0.297 fsp_3_4: 0.094 fsp_4_5: 0.123 fsp_5_6: 0.068 fsp_6_7: 0.013 
(epoch: 29, iters: 5644, time: 0.034) G_GAN: 1.004 G_L1: 0.258 G_SSIM: 0.267 H_L1: 0.046 H_SSIM: 0.364 D_real: 0.008 D_fake: 0.003 att_A: 0.729 L_hall: 0.047 L_inter: 0.000 L_intra: 0.000 L_fsp: 0.334 fsp_3_4: 0.113 fsp_4_5: 0.156 fsp_5_6: 0.057 fsp_6_7: 0.007 
(epoch: 29, iters: 5744, time: 0.035) G_GAN: 1.194 G_L1: 0.235 G_SSIM: 0.209 H_L1: 0.076 H_SSIM: 0.315 D_real: 0.015 D_fake: 0.017 att_A: 0.572 L_hall: 0.041 L_inter: 0.000 L_intra: 0.000 L_fsp: 0.228 fsp_3_4: 0.074 fsp_4_5: 0.077 fsp_5_6: 0.068 fsp_6_7: 0.010 
(epoch: 29, iters: 5844, time: 0.034) G_GAN: 0.768 G_L1: 0.192 G_SSIM: 0.143 H_L1: 0.075 H_SSIM: 0.229 D_real: 0.012 D_fake: 0.003 att_A: 0.468 L_hall: 0.035 L_inter: 0.000 L_intra: 0.000 L_fsp: 0.175 fsp_3_4: 0.074 fsp_4_5: 0.059 fsp_5_6: 0.035 fsp_6_7: 0.007 
(epoch: 29, iters: 5944, time: 0.073) G_GAN: 0.723 G_L1: 0.041 G_SSIM: 0.021 H_L1: 0.044 H_SSIM: 0.053 D_real: 0.216 D_fake: 0.041 att_A: 0.408 L_hall: 0.045 L_inter: 0.000 L_intra: 0.000 L_fsp: 0.233 fsp_3_4: 0.067 fsp_4_5: 0.092 fsp_5_6: 0.059 fsp_6_7: 0.015 
(epoch: 29, iters: 6044, time: 0.034) G_GAN: 1.214 G_L1: 0.212 G_SSIM: 0.151 H_L1: 0.095 H_SSIM: 0.322 D_real: 0.017 D_fake: 0.020 att_A: 0.617 L_hall: 0.043 L_inter: 0.000 L_intra: 0.000 L_fsp: 0.228 fsp_3_4: 0.069 fsp_4_5: 0.092 fsp_5_6: 0.060 fsp_6_7: 0.007 
(epoch: 29, iters: 6144, time: 0.034) G_GAN: 0.970 G_L1: 0.246 G_SSIM: 0.217 H_L1: 0.052 H_SSIM: 0.333 D_real: 0.013 D_fake: 0.005 att_A: 0.661 L_hall: 0.038 L_inter: 0.000 L_intra: 0.000 L_fsp: 0.219 fsp_3_4: 0.080 fsp_4_5: 0.095 fsp_5_6: 0.039 fsp_6_7: 0.005 
(epoch: 29, iters: 6244, time: 0.033) G_GAN: 0.966 G_L1: 0.396 G_SSIM: 0.435 H_L1: 0.093 H_SSIM: 0.606 D_real: 0.013 D_fake: 0.006 att_A: 0.863 L_hall: 0.048 L_inter: 0.000 L_intra: 0.000 L_fsp: 0.268 fsp_3_4: 0.085 fsp_4_5: 0.103 fsp_5_6: 0.071 fsp_6_7: 0.008 
(epoch: 29, iters: 6344, time: 0.033) G_GAN: 0.904 G_L1: 0.031 G_SSIM: 0.008 H_L1: 0.050 H_SSIM: 0.025 D_real: 0.185 D_fake: 0.014 att_A: 0.414 L_hall: 0.046 L_inter: 0.000 L_intra: 0.000 L_fsp: 0.317 fsp_3_4: 0.075 fsp_4_5: 0.120 fsp_5_6: 0.099 fsp_6_7: 0.024 
(epoch: 29, iters: 6444, time: 0.077) G_GAN: 0.726 G_L1: 0.242 G_SSIM: 0.158 H_L1: 0.063 H_SSIM: 0.276 D_real: 0.008 D_fake: 0.034 att_A: 0.514 L_hall: 0.035 L_inter: 0.000 L_intra: 0.000 L_fsp: 0.152 fsp_3_4: 0.064 fsp_4_5: 0.060 fsp_5_6: 0.026 fsp_6_7: 0.002 
(epoch: 29, iters: 6544, time: 0.034) G_GAN: 1.179 G_L1: 0.556 G_SSIM: 0.544 H_L1: 0.100 H_SSIM: 0.623 D_real: 0.015 D_fake: 0.013 att_A: 0.952 L_hall: 0.054 L_inter: 0.000 L_intra: 0.000 L_fsp: 0.264 fsp_3_4: 0.077 fsp_4_5: 0.123 fsp_5_6: 0.057 fsp_6_7: 0.006 
(epoch: 29, iters: 6644, time: 0.034) G_GAN: 1.049 G_L1: 0.277 G_SSIM: 0.215 H_L1: 0.063 H_SSIM: 0.424 D_real: 0.007 D_fake: 0.023 att_A: 0.677 L_hall: 0.037 L_inter: 0.000 L_intra: 0.000 L_fsp: 0.180 fsp_3_4: 0.062 fsp_4_5: 0.061 fsp_5_6: 0.049 fsp_6_7: 0.007 
(epoch: 29, iters: 6744, time: 0.034) G_GAN: 1.080 G_L1: 0.166 G_SSIM: 0.117 H_L1: 0.059 H_SSIM: 0.250 D_real: 0.008 D_fake: 0.007 att_A: 0.701 L_hall: 0.045 L_inter: 0.000 L_intra: 0.000 L_fsp: 0.284 fsp_3_4: 0.107 fsp_4_5: 0.120 fsp_5_6: 0.049 fsp_6_7: 0.008 
(epoch: 29, iters: 6844, time: 0.033) G_GAN: 0.464 G_L1: 0.163 G_SSIM: 0.094 H_L1: 0.070 H_SSIM: 0.202 D_real: 0.009 D_fake: 0.115 att_A: 0.692 L_hall: 0.048 L_inter: 0.000 L_intra: 0.000 L_fsp: 0.268 fsp_3_4: 0.093 fsp_4_5: 0.113 fsp_5_6: 0.055 fsp_6_7: 0.006 
(epoch: 29, iters: 6944, time: 0.061) G_GAN: 0.937 G_L1: 0.342 G_SSIM: 0.303 H_L1: 0.080 H_SSIM: 0.571 D_real: 0.007 D_fake: 0.004 att_A: 0.755 L_hall: 0.043 L_inter: 0.000 L_intra: 0.000 L_fsp: 0.221 fsp_3_4: 0.084 fsp_4_5: 0.081 fsp_5_6: 0.050 fsp_6_7: 0.007 
(epoch: 29, iters: 7044, time: 0.034) G_GAN: 0.912 G_L1: 0.285 G_SSIM: 0.240 H_L1: 0.085 H_SSIM: 0.499 D_real: 0.007 D_fake: 0.029 att_A: 0.749 L_hall: 0.041 L_inter: 0.000 L_intra: 0.000 L_fsp: 0.216 fsp_3_4: 0.093 fsp_4_5: 0.064 fsp_5_6: 0.053 fsp_6_7: 0.007 
(epoch: 29, iters: 7144, time: 0.034) G_GAN: 1.007 G_L1: 0.208 G_SSIM: 0.215 H_L1: 0.051 H_SSIM: 0.357 D_real: 0.016 D_fake: 0.003 att_A: 0.738 L_hall: 0.046 L_inter: 0.000 L_intra: 0.000 L_fsp: 0.265 fsp_3_4: 0.096 fsp_4_5: 0.099 fsp_5_6: 0.066 fsp_6_7: 0.004 
(epoch: 29, iters: 7244, time: 0.035) G_GAN: 0.932 G_L1: 0.179 G_SSIM: 0.130 H_L1: 0.077 H_SSIM: 0.220 D_real: 0.021 D_fake: 0.005 att_A: 0.772 L_hall: 0.046 L_inter: 0.000 L_intra: 0.000 L_fsp: 0.322 fsp_3_4: 0.106 fsp_4_5: 0.120 fsp_5_6: 0.079 fsp_6_7: 0.017 
(epoch: 29, iters: 7344, time: 0.033) G_GAN: 0.962 G_L1: 0.308 G_SSIM: 0.331 H_L1: 0.074 H_SSIM: 0.490 D_real: 0.008 D_fake: 0.067 att_A: 0.742 L_hall: 0.046 L_inter: 0.000 L_intra: 0.000 L_fsp: 0.190 fsp_3_4: 0.072 fsp_4_5: 0.061 fsp_5_6: 0.048 fsp_6_7: 0.010 
(epoch: 29, iters: 7444, time: 0.059) G_GAN: 0.931 G_L1: 0.252 G_SSIM: 0.207 H_L1: 0.066 H_SSIM: 0.356 D_real: 0.015 D_fake: 0.005 att_A: 0.815 L_hall: 0.047 L_inter: 0.000 L_intra: 0.000 L_fsp: 0.288 fsp_3_4: 0.099 fsp_4_5: 0.113 fsp_5_6: 0.065 fsp_6_7: 0.011 
(epoch: 29, iters: 7544, time: 0.033) G_GAN: 0.384 G_L1: 0.146 G_SSIM: 0.073 H_L1: 0.057 H_SSIM: 0.175 D_real: 0.067 D_fake: 0.169 att_A: 0.349 L_hall: 0.035 L_inter: 0.000 L_intra: 0.000 L_fsp: 0.220 fsp_3_4: 0.098 fsp_4_5: 0.082 fsp_5_6: 0.035 fsp_6_7: 0.005 
(epoch: 29, iters: 7644, time: 0.034) G_GAN: 0.758 G_L1: 0.403 G_SSIM: 0.282 H_L1: 0.126 H_SSIM: 0.315 D_real: 0.012 D_fake: 0.008 att_A: 0.554 L_hall: 0.047 L_inter: 0.000 L_intra: 0.000 L_fsp: 0.313 fsp_3_4: 0.094 fsp_4_5: 0.132 fsp_5_6: 0.072 fsp_6_7: 0.015 
(epoch: 29, iters: 7744, time: 0.034) G_GAN: 0.383 G_L1: 0.194 G_SSIM: 0.149 H_L1: 0.075 H_SSIM: 0.250 D_real: 0.016 D_fake: 0.164 att_A: 0.518 L_hall: 0.037 L_inter: 0.000 L_intra: 0.000 L_fsp: 0.176 fsp_3_4: 0.065 fsp_4_5: 0.075 fsp_5_6: 0.033 fsp_6_7: 0.004 
(epoch: 29, iters: 7844, time: 0.034) G_GAN: 1.016 G_L1: 0.224 G_SSIM: 0.208 H_L1: 0.063 H_SSIM: 0.322 D_real: 0.008 D_fake: 0.003 att_A: 0.883 L_hall: 0.051 L_inter: 0.000 L_intra: 0.000 L_fsp: 0.344 fsp_3_4: 0.122 fsp_4_5: 0.135 fsp_5_6: 0.073 fsp_6_7: 0.014 
(epoch: 29, iters: 7944, time: 0.051) G_GAN: 0.978 G_L1: 0.382 G_SSIM: 0.341 H_L1: 0.108 H_SSIM: 0.449 D_real: 0.008 D_fake: 0.141 att_A: 0.770 L_hall: 0.048 L_inter: 0.000 L_intra: 0.000 L_fsp: 0.327 fsp_3_4: 0.122 fsp_4_5: 0.127 fsp_5_6: 0.067 fsp_6_7: 0.011 
(epoch: 29, iters: 8044, time: 0.035) G_GAN: 1.054 G_L1: 0.391 G_SSIM: 0.301 H_L1: 0.105 H_SSIM: 0.613 D_real: 0.015 D_fake: 0.005 att_A: 0.752 L_hall: 0.041 L_inter: 0.000 L_intra: 0.000 L_fsp: 0.259 fsp_3_4: 0.077 fsp_4_5: 0.111 fsp_5_6: 0.059 fsp_6_7: 0.012 
(epoch: 29, iters: 8144, time: 0.034) G_GAN: 0.954 G_L1: 0.198 G_SSIM: 0.175 H_L1: 0.046 H_SSIM: 0.276 D_real: 0.010 D_fake: 0.004 att_A: 0.788 L_hall: 0.048 L_inter: 0.000 L_intra: 0.000 L_fsp: 0.288 fsp_3_4: 0.104 fsp_4_5: 0.107 fsp_5_6: 0.058 fsp_6_7: 0.019 
(epoch: 29, iters: 8244, time: 0.034) G_GAN: 1.139 G_L1: 0.249 G_SSIM: 0.208 H_L1: 0.063 H_SSIM: 0.290 D_real: 0.010 D_fake: 0.010 att_A: 0.504 L_hall: 0.043 L_inter: 0.000 L_intra: 0.000 L_fsp: 0.203 fsp_3_4: 0.074 fsp_4_5: 0.084 fsp_5_6: 0.042 fsp_6_7: 0.004 
(epoch: 29, iters: 8344, time: 0.034) G_GAN: 0.998 G_L1: 0.433 G_SSIM: 0.403 H_L1: 0.090 H_SSIM: 0.510 D_real: 0.011 D_fake: 0.024 att_A: 0.761 L_hall: 0.047 L_inter: 0.000 L_intra: 0.000 L_fsp: 0.367 fsp_3_4: 0.135 fsp_4_5: 0.159 fsp_5_6: 0.061 fsp_6_7: 0.013 
(epoch: 29, iters: 8444, time: 0.057) G_GAN: 0.601 G_L1: 0.081 G_SSIM: 0.023 H_L1: 0.044 H_SSIM: 0.053 D_real: 0.040 D_fake: 0.013 att_A: 0.509 L_hall: 0.045 L_inter: 0.000 L_intra: 0.000 L_fsp: 0.283 fsp_3_4: 0.079 fsp_4_5: 0.109 fsp_5_6: 0.078 fsp_6_7: 0.017 
(epoch: 29, iters: 8544, time: 0.034) G_GAN: 1.043 G_L1: 0.460 G_SSIM: 0.455 H_L1: 0.090 H_SSIM: 0.551 D_real: 0.011 D_fake: 0.276 att_A: 0.929 L_hall: 0.048 L_inter: 0.000 L_intra: 0.000 L_fsp: 0.243 fsp_3_4: 0.104 fsp_4_5: 0.076 fsp_5_6: 0.055 fsp_6_7: 0.008 
(epoch: 29, iters: 8644, time: 0.034) G_GAN: 0.961 G_L1: 0.282 G_SSIM: 0.320 H_L1: 0.069 H_SSIM: 0.470 D_real: 0.007 D_fake: 0.005 att_A: 0.817 L_hall: 0.049 L_inter: 0.000 L_intra: 0.000 L_fsp: 0.244 fsp_3_4: 0.084 fsp_4_5: 0.102 fsp_5_6: 0.054 fsp_6_7: 0.005 
(epoch: 29, iters: 8744, time: 0.034) G_GAN: 0.891 G_L1: 0.327 G_SSIM: 0.263 H_L1: 0.089 H_SSIM: 0.386 D_real: 0.012 D_fake: 0.114 att_A: 0.654 L_hall: 0.045 L_inter: 0.000 L_intra: 0.000 L_fsp: 0.290 fsp_3_4: 0.122 fsp_4_5: 0.115 fsp_5_6: 0.046 fsp_6_7: 0.007 
(epoch: 29, iters: 8844, time: 0.034) G_GAN: 0.281 G_L1: 0.163 G_SSIM: 0.095 H_L1: 0.050 H_SSIM: 0.217 D_real: 0.049 D_fake: 0.031 att_A: 0.436 L_hall: 0.042 L_inter: 0.000 L_intra: 0.000 L_fsp: 0.189 fsp_3_4: 0.072 fsp_4_5: 0.073 fsp_5_6: 0.038 fsp_6_7: 0.006 
(epoch: 29, iters: 8944, time: 0.063) G_GAN: 0.499 G_L1: 0.287 G_SSIM: 0.154 H_L1: 0.080 H_SSIM: 0.287 D_real: 0.016 D_fake: 0.230 att_A: 0.487 L_hall: 0.045 L_inter: 0.000 L_intra: 0.000 L_fsp: 0.320 fsp_3_4: 0.147 fsp_4_5: 0.117 fsp_5_6: 0.050 fsp_6_7: 0.006 
(epoch: 29, iters: 9044, time: 0.034) G_GAN: 1.043 G_L1: 0.207 G_SSIM: 0.196 H_L1: 0.080 H_SSIM: 0.306 D_real: 0.013 D_fake: 0.011 att_A: 0.864 L_hall: 0.048 L_inter: 0.000 L_intra: 0.000 L_fsp: 0.352 fsp_3_4: 0.120 fsp_4_5: 0.125 fsp_5_6: 0.098 fsp_6_7: 0.010 
epoch 29  fsp_3_4:0.089457  fsp_3_4_degen:0.000000  fsp_4_5:0.099949  fsp_4_5_degen:0.000000  fsp_5_6:0.056308  fsp_5_6_degen:0.000000  fsp_6_7:0.009049  fsp_6_7_degen:0.000000
End of epoch 29 / 30 	 Time Taken: 439 sec
learning rate = 0.0000125
(epoch: 30, iters: 17, time: 0.034) G_GAN: 1.057 G_L1: 0.430 G_SSIM: 0.407 H_L1: 0.106 H_SSIM: 0.502 D_real: 0.013 D_fake: 0.005 att_A: 0.693 L_hall: 0.051 L_inter: 0.000 L_intra: 0.000 L_fsp: 0.265 fsp_3_4: 0.067 fsp_4_5: 0.123 fsp_5_6: 0.068 fsp_6_7: 0.007 
(epoch: 30, iters: 117, time: 0.034) G_GAN: 0.992 G_L1: 0.227 G_SSIM: 0.225 H_L1: 0.054 H_SSIM: 0.324 D_real: 0.006 D_fake: 0.012 att_A: 0.725 L_hall: 0.044 L_inter: 0.000 L_intra: 0.000 L_fsp: 0.325 fsp_3_4: 0.111 fsp_4_5: 0.147 fsp_5_6: 0.060 fsp_6_7: 0.007 
(epoch: 30, iters: 217, time: 0.034) G_GAN: 1.045 G_L1: 0.265 G_SSIM: 0.295 H_L1: 0.072 H_SSIM: 0.439 D_real: 0.007 D_fake: 0.004 att_A: 0.722 L_hall: 0.045 L_inter: 0.000 L_intra: 0.000 L_fsp: 0.275 fsp_3_4: 0.092 fsp_4_5: 0.115 fsp_5_6: 0.058 fsp_6_7: 0.010 
(epoch: 30, iters: 317, time: 0.051) G_GAN: 1.043 G_L1: 0.309 G_SSIM: 0.243 H_L1: 0.060 H_SSIM: 0.339 D_real: 0.009 D_fake: 0.004 att_A: 0.704 L_hall: 0.047 L_inter: 0.000 L_intra: 0.000 L_fsp: 0.327 fsp_3_4: 0.109 fsp_4_5: 0.113 fsp_5_6: 0.093 fsp_6_7: 0.012 
saving the latest model (epoch 30, total_steps 265000)
(epoch: 30, iters: 417, time: 0.035) G_GAN: 0.977 G_L1: 0.229 G_SSIM: 0.195 H_L1: 0.079 H_SSIM: 0.334 D_real: 0.009 D_fake: 0.004 att_A: 0.718 L_hall: 0.045 L_inter: 0.000 L_intra: 0.000 L_fsp: 0.231 fsp_3_4: 0.086 fsp_4_5: 0.082 fsp_5_6: 0.054 fsp_6_7: 0.009 
(epoch: 30, iters: 517, time: 0.034) G_GAN: 0.397 G_L1: 0.203 G_SSIM: 0.141 H_L1: 0.103 H_SSIM: 0.306 D_real: 0.028 D_fake: 0.154 att_A: 0.598 L_hall: 0.044 L_inter: 0.000 L_intra: 0.000 L_fsp: 0.225 fsp_3_4: 0.077 fsp_4_5: 0.092 fsp_5_6: 0.050 fsp_6_7: 0.006 
(epoch: 30, iters: 617, time: 0.034) G_GAN: 1.057 G_L1: 0.251 G_SSIM: 0.207 H_L1: 0.059 H_SSIM: 0.343 D_real: 0.018 D_fake: 0.005 att_A: 0.589 L_hall: 0.044 L_inter: 0.000 L_intra: 0.000 L_fsp: 0.302 fsp_3_4: 0.109 fsp_4_5: 0.115 fsp_5_6: 0.070 fsp_6_7: 0.008 
(epoch: 30, iters: 717, time: 0.034) G_GAN: 0.649 G_L1: 0.059 G_SSIM: 0.023 H_L1: 0.056 H_SSIM: 0.091 D_real: 0.188 D_fake: 0.005 att_A: 0.682 L_hall: 0.035 L_inter: 0.000 L_intra: 0.000 L_fsp: 0.179 fsp_3_4: 0.060 fsp_4_5: 0.058 fsp_5_6: 0.055 fsp_6_7: 0.005 
(epoch: 30, iters: 817, time: 0.053) G_GAN: 0.949 G_L1: 0.303 G_SSIM: 0.252 H_L1: 0.074 H_SSIM: 0.392 D_real: 0.008 D_fake: 0.053 att_A: 0.607 L_hall: 0.038 L_inter: 0.000 L_intra: 0.000 L_fsp: 0.184 fsp_3_4: 0.070 fsp_4_5: 0.083 fsp_5_6: 0.028 fsp_6_7: 0.002 
(epoch: 30, iters: 917, time: 0.039) G_GAN: 0.994 G_L1: 0.167 G_SSIM: 0.110 H_L1: 0.075 H_SSIM: 0.281 D_real: 0.009 D_fake: 0.010 att_A: 0.496 L_hall: 0.039 L_inter: 0.000 L_intra: 0.000 L_fsp: 0.173 fsp_3_4: 0.064 fsp_4_5: 0.069 fsp_5_6: 0.033 fsp_6_7: 0.007 
(epoch: 30, iters: 1017, time: 0.034) G_GAN: 0.625 G_L1: 0.117 G_SSIM: 0.063 H_L1: 0.090 H_SSIM: 0.101 D_real: 0.134 D_fake: 0.004 att_A: 0.501 L_hall: 0.026 L_inter: 0.000 L_intra: 0.000 L_fsp: 0.179 fsp_3_4: 0.063 fsp_4_5: 0.073 fsp_5_6: 0.038 fsp_6_7: 0.005 
(epoch: 30, iters: 1117, time: 0.034) G_GAN: 0.943 G_L1: 0.279 G_SSIM: 0.286 H_L1: 0.060 H_SSIM: 0.405 D_real: 0.024 D_fake: 0.138 att_A: 0.754 L_hall: 0.047 L_inter: 0.000 L_intra: 0.000 L_fsp: 0.297 fsp_3_4: 0.105 fsp_4_5: 0.129 fsp_5_6: 0.057 fsp_6_7: 0.006 
(epoch: 30, iters: 1217, time: 0.034) G_GAN: 1.015 G_L1: 0.173 G_SSIM: 0.129 H_L1: 0.052 H_SSIM: 0.295 D_real: 0.017 D_fake: 0.007 att_A: 0.702 L_hall: 0.045 L_inter: 0.000 L_intra: 0.000 L_fsp: 0.241 fsp_3_4: 0.085 fsp_4_5: 0.095 fsp_5_6: 0.054 fsp_6_7: 0.006 
(epoch: 30, iters: 1317, time: 0.061) G_GAN: 0.763 G_L1: 0.148 G_SSIM: 0.113 H_L1: 0.048 H_SSIM: 0.215 D_real: 0.118 D_fake: 0.003 att_A: 0.471 L_hall: 0.038 L_inter: 0.000 L_intra: 0.000 L_fsp: 0.170 fsp_3_4: 0.079 fsp_4_5: 0.058 fsp_5_6: 0.030 fsp_6_7: 0.003 
(epoch: 30, iters: 1417, time: 0.034) G_GAN: 0.587 G_L1: 0.200 G_SSIM: 0.072 H_L1: 0.115 H_SSIM: 0.252 D_real: 0.034 D_fake: 0.073 att_A: 0.269 L_hall: 0.039 L_inter: 0.000 L_intra: 0.000 L_fsp: 0.147 fsp_3_4: 0.061 fsp_4_5: 0.060 fsp_5_6: 0.023 fsp_6_7: 0.002 
(epoch: 30, iters: 1517, time: 0.033) G_GAN: 1.004 G_L1: 0.193 G_SSIM: 0.183 H_L1: 0.070 H_SSIM: 0.284 D_real: 0.010 D_fake: 0.010 att_A: 0.508 L_hall: 0.045 L_inter: 0.000 L_intra: 0.000 L_fsp: 0.194 fsp_3_4: 0.069 fsp_4_5: 0.088 fsp_5_6: 0.033 fsp_6_7: 0.004 
(epoch: 30, iters: 1617, time: 0.033) G_GAN: 0.457 G_L1: 0.057 G_SSIM: 0.015 H_L1: 0.051 H_SSIM: 0.046 D_real: 0.185 D_fake: 0.119 att_A: 0.784 L_hall: 0.043 L_inter: 0.000 L_intra: 0.000 L_fsp: 0.290 fsp_3_4: 0.082 fsp_4_5: 0.101 fsp_5_6: 0.087 fsp_6_7: 0.020 
(epoch: 30, iters: 1717, time: 0.035) G_GAN: 0.999 G_L1: 0.252 G_SSIM: 0.254 H_L1: 0.057 H_SSIM: 0.390 D_real: 0.011 D_fake: 0.115 att_A: 0.667 L_hall: 0.045 L_inter: 0.000 L_intra: 0.000 L_fsp: 0.232 fsp_3_4: 0.091 fsp_4_5: 0.097 fsp_5_6: 0.039 fsp_6_7: 0.005 
(epoch: 30, iters: 1817, time: 0.058) G_GAN: 0.644 G_L1: 0.097 G_SSIM: 0.027 H_L1: 0.049 H_SSIM: 0.057 D_real: 0.046 D_fake: 0.056 att_A: 0.628 L_hall: 0.036 L_inter: 0.000 L_intra: 0.000 L_fsp: 0.224 fsp_3_4: 0.063 fsp_4_5: 0.097 fsp_5_6: 0.056 fsp_6_7: 0.007 
(epoch: 30, iters: 1917, time: 0.036) G_GAN: 1.075 G_L1: 0.149 G_SSIM: 0.109 H_L1: 0.052 H_SSIM: 0.218 D_real: 0.008 D_fake: 0.011 att_A: 0.759 L_hall: 0.047 L_inter: 0.000 L_intra: 0.000 L_fsp: 0.279 fsp_3_4: 0.094 fsp_4_5: 0.117 fsp_5_6: 0.060 fsp_6_7: 0.008 
(epoch: 30, iters: 2017, time: 0.034) G_GAN: 0.955 G_L1: 0.193 G_SSIM: 0.147 H_L1: 0.056 H_SSIM: 0.336 D_real: 0.009 D_fake: 0.007 att_A: 0.613 L_hall: 0.045 L_inter: 0.000 L_intra: 0.000 L_fsp: 0.265 fsp_3_4: 0.083 fsp_4_5: 0.110 fsp_5_6: 0.067 fsp_6_7: 0.006 
(epoch: 30, iters: 2117, time: 0.034) G_GAN: 1.008 G_L1: 0.231 G_SSIM: 0.188 H_L1: 0.087 H_SSIM: 0.324 D_real: 0.007 D_fake: 0.008 att_A: 0.876 L_hall: 0.052 L_inter: 0.000 L_intra: 0.000 L_fsp: 0.397 fsp_3_4: 0.139 fsp_4_5: 0.181 fsp_5_6: 0.066 fsp_6_7: 0.010 
(epoch: 30, iters: 2217, time: 0.033) G_GAN: 1.103 G_L1: 0.248 G_SSIM: 0.174 H_L1: 0.057 H_SSIM: 0.285 D_real: 0.026 D_fake: 0.041 att_A: 0.475 L_hall: 0.042 L_inter: 0.000 L_intra: 0.000 L_fsp: 0.171 fsp_3_4: 0.070 fsp_4_5: 0.063 fsp_5_6: 0.034 fsp_6_7: 0.005 
(epoch: 30, iters: 2317, time: 0.055) G_GAN: 0.723 G_L1: 0.167 G_SSIM: 0.092 H_L1: 0.053 H_SSIM: 0.218 D_real: 0.036 D_fake: 0.037 att_A: 0.401 L_hall: 0.036 L_inter: 0.000 L_intra: 0.000 L_fsp: 0.178 fsp_3_4: 0.080 fsp_4_5: 0.070 fsp_5_6: 0.025 fsp_6_7: 0.003 
(epoch: 30, iters: 2417, time: 0.034) G_GAN: 1.071 G_L1: 0.237 G_SSIM: 0.207 H_L1: 0.062 H_SSIM: 0.374 D_real: 0.005 D_fake: 0.004 att_A: 0.784 L_hall: 0.044 L_inter: 0.000 L_intra: 0.000 L_fsp: 0.328 fsp_3_4: 0.097 fsp_4_5: 0.139 fsp_5_6: 0.081 fsp_6_7: 0.012 
(epoch: 30, iters: 2517, time: 0.034) G_GAN: 0.658 G_L1: 0.191 G_SSIM: 0.172 H_L1: 0.040 H_SSIM: 0.244 D_real: 0.012 D_fake: 0.046 att_A: 0.468 L_hall: 0.043 L_inter: 0.000 L_intra: 0.000 L_fsp: 0.177 fsp_3_4: 0.064 fsp_4_5: 0.067 fsp_5_6: 0.042 fsp_6_7: 0.004 
(epoch: 30, iters: 2617, time: 0.034) G_GAN: 1.130 G_L1: 0.190 G_SSIM: 0.161 H_L1: 0.070 H_SSIM: 0.257 D_real: 0.011 D_fake: 0.003 att_A: 0.451 L_hall: 0.041 L_inter: 0.000 L_intra: 0.000 L_fsp: 0.148 fsp_3_4: 0.047 fsp_4_5: 0.068 fsp_5_6: 0.030 fsp_6_7: 0.004 
(epoch: 30, iters: 2717, time: 0.035) G_GAN: 0.971 G_L1: 0.229 G_SSIM: 0.161 H_L1: 0.063 H_SSIM: 0.247 D_real: 0.015 D_fake: 0.073 att_A: 0.561 L_hall: 0.036 L_inter: 0.000 L_intra: 0.000 L_fsp: 0.193 fsp_3_4: 0.071 fsp_4_5: 0.077 fsp_5_6: 0.040 fsp_6_7: 0.006 
(epoch: 30, iters: 2817, time: 0.056) G_GAN: 1.128 G_L1: 0.227 G_SSIM: 0.187 H_L1: 0.058 H_SSIM: 0.347 D_real: 0.010 D_fake: 0.014 att_A: 0.719 L_hall: 0.040 L_inter: 0.000 L_intra: 0.000 L_fsp: 0.301 fsp_3_4: 0.107 fsp_4_5: 0.129 fsp_5_6: 0.060 fsp_6_7: 0.005 
(epoch: 30, iters: 2917, time: 0.035) G_GAN: 0.975 G_L1: 0.265 G_SSIM: 0.230 H_L1: 0.063 H_SSIM: 0.354 D_real: 0.010 D_fake: 0.005 att_A: 0.651 L_hall: 0.035 L_inter: 0.000 L_intra: 0.000 L_fsp: 0.173 fsp_3_4: 0.067 fsp_4_5: 0.072 fsp_5_6: 0.030 fsp_6_7: 0.003 
(epoch: 30, iters: 3017, time: 0.035) G_GAN: 1.006 G_L1: 0.227 G_SSIM: 0.193 H_L1: 0.088 H_SSIM: 0.346 D_real: 0.007 D_fake: 0.004 att_A: 0.745 L_hall: 0.042 L_inter: 0.000 L_intra: 0.000 L_fsp: 0.213 fsp_3_4: 0.071 fsp_4_5: 0.093 fsp_5_6: 0.044 fsp_6_7: 0.005 
(epoch: 30, iters: 3117, time: 0.034) G_GAN: 0.572 G_L1: 0.143 G_SSIM: 0.075 H_L1: 0.041 H_SSIM: 0.181 D_real: 0.019 D_fake: 0.072 att_A: 0.589 L_hall: 0.046 L_inter: 0.000 L_intra: 0.000 L_fsp: 0.292 fsp_3_4: 0.125 fsp_4_5: 0.118 fsp_5_6: 0.042 fsp_6_7: 0.008 
(epoch: 30, iters: 3217, time: 0.034) G_GAN: 1.128 G_L1: 0.565 G_SSIM: 0.492 H_L1: 0.099 H_SSIM: 0.644 D_real: 0.016 D_fake: 0.011 att_A: 0.830 L_hall: 0.049 L_inter: 0.000 L_intra: 0.000 L_fsp: 0.232 fsp_3_4: 0.071 fsp_4_5: 0.104 fsp_5_6: 0.049 fsp_6_7: 0.007 
(epoch: 30, iters: 3317, time: 0.080) G_GAN: 0.992 G_L1: 0.047 G_SSIM: 0.007 H_L1: 0.068 H_SSIM: 0.028 D_real: 0.277 D_fake: 0.006 att_A: 0.481 L_hall: 0.047 L_inter: 0.000 L_intra: 0.000 L_fsp: 0.543 fsp_3_4: 0.100 fsp_4_5: 0.173 fsp_5_6: 0.184 fsp_6_7: 0.085 
(epoch: 30, iters: 3417, time: 0.034) G_GAN: 0.932 G_L1: 0.016 G_SSIM: 0.001 H_L1: 0.067 H_SSIM: 0.037 D_real: 0.016 D_fake: 0.009 att_A: 0.836 L_hall: 0.037 L_inter: 0.000 L_intra: 0.000 L_fsp: 0.299 fsp_3_4: 0.113 fsp_4_5: 0.114 fsp_5_6: 0.062 fsp_6_7: 0.009 
(epoch: 30, iters: 3517, time: 0.033) G_GAN: 1.076 G_L1: 0.192 G_SSIM: 0.155 H_L1: 0.054 H_SSIM: 0.279 D_real: 0.015 D_fake: 0.005 att_A: 0.685 L_hall: 0.045 L_inter: 0.000 L_intra: 0.000 L_fsp: 0.291 fsp_3_4: 0.112 fsp_4_5: 0.107 fsp_5_6: 0.063 fsp_6_7: 0.008 
(epoch: 30, iters: 3617, time: 0.034) G_GAN: 0.935 G_L1: 0.296 G_SSIM: 0.273 H_L1: 0.058 H_SSIM: 0.392 D_real: 0.009 D_fake: 0.006 att_A: 0.669 L_hall: 0.042 L_inter: 0.000 L_intra: 0.000 L_fsp: 0.230 fsp_3_4: 0.088 fsp_4_5: 0.102 fsp_5_6: 0.037 fsp_6_7: 0.003 
(epoch: 30, iters: 3717, time: 0.036) G_GAN: 0.563 G_L1: 0.180 G_SSIM: 0.118 H_L1: 0.057 H_SSIM: 0.237 D_real: 0.032 D_fake: 0.005 att_A: 0.519 L_hall: 0.046 L_inter: 0.000 L_intra: 0.000 L_fsp: 0.234 fsp_3_4: 0.079 fsp_4_5: 0.098 fsp_5_6: 0.050 fsp_6_7: 0.007 
(epoch: 30, iters: 3817, time: 0.056) G_GAN: 0.502 G_L1: 0.072 G_SSIM: 0.046 H_L1: 0.050 H_SSIM: 0.084 D_real: 0.257 D_fake: 0.010 att_A: 0.732 L_hall: 0.025 L_inter: 0.000 L_intra: 0.000 L_fsp: 0.159 fsp_3_4: 0.057 fsp_4_5: 0.064 fsp_5_6: 0.031 fsp_6_7: 0.006 
(epoch: 30, iters: 3917, time: 0.034) G_GAN: 0.484 G_L1: 0.149 G_SSIM: 0.112 H_L1: 0.049 H_SSIM: 0.205 D_real: 0.011 D_fake: 0.075 att_A: 0.520 L_hall: 0.042 L_inter: 0.000 L_intra: 0.000 L_fsp: 0.205 fsp_3_4: 0.093 fsp_4_5: 0.065 fsp_5_6: 0.043 fsp_6_7: 0.005 
(epoch: 30, iters: 4017, time: 0.034) G_GAN: 0.983 G_L1: 0.213 G_SSIM: 0.185 H_L1: 0.062 H_SSIM: 0.324 D_real: 0.027 D_fake: 0.003 att_A: 0.683 L_hall: 0.046 L_inter: 0.000 L_intra: 0.000 L_fsp: 0.263 fsp_3_4: 0.088 fsp_4_5: 0.109 fsp_5_6: 0.055 fsp_6_7: 0.010 
(epoch: 30, iters: 4117, time: 0.034) G_GAN: 1.078 G_L1: 0.221 G_SSIM: 0.208 H_L1: 0.062 H_SSIM: 0.322 D_real: 0.016 D_fake: 0.005 att_A: 0.882 L_hall: 0.051 L_inter: 0.000 L_intra: 0.000 L_fsp: 0.333 fsp_3_4: 0.122 fsp_4_5: 0.133 fsp_5_6: 0.068 fsp_6_7: 0.010 
(epoch: 30, iters: 4217, time: 0.033) G_GAN: 1.108 G_L1: 0.042 G_SSIM: 0.008 H_L1: 0.047 H_SSIM: 0.025 D_real: 0.173 D_fake: 0.025 att_A: 0.484 L_hall: 0.045 L_inter: 0.000 L_intra: 0.000 L_fsp: 0.305 fsp_3_4: 0.060 fsp_4_5: 0.131 fsp_5_6: 0.105 fsp_6_7: 0.010 
(epoch: 30, iters: 4317, time: 0.054) G_GAN: 1.056 G_L1: 0.335 G_SSIM: 0.259 H_L1: 0.070 H_SSIM: 0.383 D_real: 0.008 D_fake: 0.005 att_A: 0.715 L_hall: 0.040 L_inter: 0.000 L_intra: 0.000 L_fsp: 0.188 fsp_3_4: 0.068 fsp_4_5: 0.065 fsp_5_6: 0.049 fsp_6_7: 0.007 
(epoch: 30, iters: 4417, time: 0.034) G_GAN: 1.003 G_L1: 0.286 G_SSIM: 0.248 H_L1: 0.080 H_SSIM: 0.524 D_real: 0.014 D_fake: 0.008 att_A: 0.774 L_hall: 0.040 L_inter: 0.000 L_intra: 0.000 L_fsp: 0.201 fsp_3_4: 0.066 fsp_4_5: 0.080 fsp_5_6: 0.049 fsp_6_7: 0.007 
(epoch: 30, iters: 4517, time: 0.034) G_GAN: 0.508 G_L1: 0.160 G_SSIM: 0.116 H_L1: 0.069 H_SSIM: 0.229 D_real: 0.103 D_fake: 0.003 att_A: 0.411 L_hall: 0.042 L_inter: 0.000 L_intra: 0.000 L_fsp: 0.180 fsp_3_4: 0.067 fsp_4_5: 0.083 fsp_5_6: 0.027 fsp_6_7: 0.003 
(epoch: 30, iters: 4617, time: 0.034) G_GAN: 0.726 G_L1: 0.071 G_SSIM: 0.034 H_L1: 0.047 H_SSIM: 0.084 D_real: 0.053 D_fake: 0.005 att_A: 0.479 L_hall: 0.039 L_inter: 0.000 L_intra: 0.000 L_fsp: 0.248 fsp_3_4: 0.054 fsp_4_5: 0.111 fsp_5_6: 0.070 fsp_6_7: 0.014 
(epoch: 30, iters: 4717, time: 0.034) G_GAN: 1.007 G_L1: 0.253 G_SSIM: 0.252 H_L1: 0.064 H_SSIM: 0.406 D_real: 0.009 D_fake: 0.012 att_A: 0.630 L_hall: 0.044 L_inter: 0.000 L_intra: 0.000 L_fsp: 0.223 fsp_3_4: 0.097 fsp_4_5: 0.084 fsp_5_6: 0.036 fsp_6_7: 0.006 
(epoch: 30, iters: 4817, time: 0.051) G_GAN: 0.933 G_L1: 0.018 G_SSIM: 0.003 H_L1: 0.063 H_SSIM: 0.034 D_real: 0.084 D_fake: 0.019 att_A: 0.782 L_hall: 0.042 L_inter: 0.000 L_intra: 0.000 L_fsp: 0.421 fsp_3_4: 0.119 fsp_4_5: 0.160 fsp_5_6: 0.125 fsp_6_7: 0.017 
(epoch: 30, iters: 4917, time: 0.035) G_GAN: 0.980 G_L1: 0.259 G_SSIM: 0.222 H_L1: 0.082 H_SSIM: 0.351 D_real: 0.008 D_fake: 0.004 att_A: 0.914 L_hall: 0.051 L_inter: 0.000 L_intra: 0.000 L_fsp: 0.369 fsp_3_4: 0.121 fsp_4_5: 0.149 fsp_5_6: 0.078 fsp_6_7: 0.021 
(epoch: 30, iters: 5017, time: 0.034) G_GAN: 1.003 G_L1: 0.270 G_SSIM: 0.224 H_L1: 0.068 H_SSIM: 0.338 D_real: 0.006 D_fake: 0.088 att_A: 0.762 L_hall: 0.047 L_inter: 0.000 L_intra: 0.000 L_fsp: 0.357 fsp_3_4: 0.114 fsp_4_5: 0.162 fsp_5_6: 0.072 fsp_6_7: 0.009 
(epoch: 30, iters: 5117, time: 0.034) G_GAN: 0.989 G_L1: 0.300 G_SSIM: 0.253 H_L1: 0.079 H_SSIM: 0.515 D_real: 0.013 D_fake: 0.006 att_A: 0.755 L_hall: 0.043 L_inter: 0.000 L_intra: 0.000 L_fsp: 0.260 fsp_3_4: 0.091 fsp_4_5: 0.102 fsp_5_6: 0.058 fsp_6_7: 0.010 
(epoch: 30, iters: 5217, time: 0.033) G_GAN: 0.885 G_L1: 0.146 G_SSIM: 0.126 H_L1: 0.043 H_SSIM: 0.237 D_real: 0.012 D_fake: 0.005 att_A: 0.742 L_hall: 0.051 L_inter: 0.000 L_intra: 0.000 L_fsp: 0.353 fsp_3_4: 0.138 fsp_4_5: 0.147 fsp_5_6: 0.060 fsp_6_7: 0.008 
(epoch: 30, iters: 5317, time: 0.061) G_GAN: 1.381 G_L1: 0.385 G_SSIM: 0.399 H_L1: 0.102 H_SSIM: 0.502 D_real: 0.013 D_fake: 0.004 att_A: 0.639 L_hall: 0.052 L_inter: 0.000 L_intra: 0.000 L_fsp: 0.241 fsp_3_4: 0.082 fsp_4_5: 0.095 fsp_5_6: 0.060 fsp_6_7: 0.004 
saving the latest model (epoch 30, total_steps 270000)
(epoch: 30, iters: 5417, time: 0.034) G_GAN: 1.038 G_L1: 0.330 G_SSIM: 0.277 H_L1: 0.084 H_SSIM: 0.514 D_real: 0.010 D_fake: 0.028 att_A: 0.793 L_hall: 0.039 L_inter: 0.000 L_intra: 0.000 L_fsp: 0.257 fsp_3_4: 0.075 fsp_4_5: 0.120 fsp_5_6: 0.055 fsp_6_7: 0.007 
(epoch: 30, iters: 5517, time: 0.034) G_GAN: 0.769 G_L1: 0.169 G_SSIM: 0.106 H_L1: 0.072 H_SSIM: 0.256 D_real: 0.015 D_fake: 0.028 att_A: 0.458 L_hall: 0.040 L_inter: 0.000 L_intra: 0.000 L_fsp: 0.195 fsp_3_4: 0.075 fsp_4_5: 0.076 fsp_5_6: 0.039 fsp_6_7: 0.005 
(epoch: 30, iters: 5617, time: 0.034) G_GAN: 0.659 G_L1: 0.131 G_SSIM: 0.066 H_L1: 0.044 H_SSIM: 0.169 D_real: 0.039 D_fake: 0.050 att_A: 0.372 L_hall: 0.039 L_inter: 0.000 L_intra: 0.000 L_fsp: 0.169 fsp_3_4: 0.067 fsp_4_5: 0.069 fsp_5_6: 0.030 fsp_6_7: 0.003 
(epoch: 30, iters: 5717, time: 0.034) G_GAN: 0.511 G_L1: 0.051 G_SSIM: 0.017 H_L1: 0.044 H_SSIM: 0.068 D_real: 0.072 D_fake: 0.123 att_A: 0.761 L_hall: 0.046 L_inter: 0.000 L_intra: 0.000 L_fsp: 0.187 fsp_3_4: 0.045 fsp_4_5: 0.066 fsp_5_6: 0.062 fsp_6_7: 0.013 
(epoch: 30, iters: 5817, time: 0.055) G_GAN: 0.801 G_L1: 0.237 G_SSIM: 0.191 H_L1: 0.066 H_SSIM: 0.293 D_real: 0.008 D_fake: 0.005 att_A: 0.524 L_hall: 0.038 L_inter: 0.000 L_intra: 0.000 L_fsp: 0.212 fsp_3_4: 0.089 fsp_4_5: 0.089 fsp_5_6: 0.033 fsp_6_7: 0.002 
(epoch: 30, iters: 5917, time: 0.034) G_GAN: 1.022 G_L1: 0.288 G_SSIM: 0.324 H_L1: 0.077 H_SSIM: 0.467 D_real: 0.007 D_fake: 0.009 att_A: 0.809 L_hall: 0.046 L_inter: 0.000 L_intra: 0.000 L_fsp: 0.273 fsp_3_4: 0.086 fsp_4_5: 0.105 fsp_5_6: 0.072 fsp_6_7: 0.010 
(epoch: 30, iters: 6017, time: 0.034) G_GAN: 0.340 G_L1: 0.201 G_SSIM: 0.125 H_L1: 0.050 H_SSIM: 0.199 D_real: 0.035 D_fake: 0.009 att_A: 0.337 L_hall: 0.038 L_inter: 0.000 L_intra: 0.000 L_fsp: 0.133 fsp_3_4: 0.057 fsp_4_5: 0.046 fsp_5_6: 0.026 fsp_6_7: 0.003 
(epoch: 30, iters: 6117, time: 0.034) G_GAN: 0.997 G_L1: 0.265 G_SSIM: 0.195 H_L1: 0.073 H_SSIM: 0.383 D_real: 0.008 D_fake: 0.006 att_A: 0.730 L_hall: 0.036 L_inter: 0.000 L_intra: 0.000 L_fsp: 0.206 fsp_3_4: 0.074 fsp_4_5: 0.076 fsp_5_6: 0.049 fsp_6_7: 0.007 
(epoch: 30, iters: 6217, time: 0.034) G_GAN: 0.657 G_L1: 0.070 G_SSIM: 0.025 H_L1: 0.040 H_SSIM: 0.057 D_real: 0.095 D_fake: 0.048 att_A: 0.592 L_hall: 0.036 L_inter: 0.000 L_intra: 0.000 L_fsp: 0.249 fsp_3_4: 0.069 fsp_4_5: 0.101 fsp_5_6: 0.068 fsp_6_7: 0.011 
(epoch: 30, iters: 6317, time: 0.068) G_GAN: 0.861 G_L1: 0.075 G_SSIM: 0.038 H_L1: 0.037 H_SSIM: 0.070 D_real: 0.016 D_fake: 0.022 att_A: 0.627 L_hall: 0.044 L_inter: 0.000 L_intra: 0.000 L_fsp: 0.242 fsp_3_4: 0.060 fsp_4_5: 0.091 fsp_5_6: 0.077 fsp_6_7: 0.014 
(epoch: 30, iters: 6417, time: 0.034) G_GAN: 0.942 G_L1: 0.312 G_SSIM: 0.273 H_L1: 0.081 H_SSIM: 0.588 D_real: 0.007 D_fake: 0.006 att_A: 0.770 L_hall: 0.040 L_inter: 0.000 L_intra: 0.000 L_fsp: 0.182 fsp_3_4: 0.059 fsp_4_5: 0.080 fsp_5_6: 0.038 fsp_6_7: 0.005 
(epoch: 30, iters: 6517, time: 0.033) G_GAN: 0.416 G_L1: 0.142 G_SSIM: 0.066 H_L1: 0.061 H_SSIM: 0.158 D_real: 0.055 D_fake: 0.003 att_A: 0.384 L_hall: 0.037 L_inter: 0.000 L_intra: 0.000 L_fsp: 0.215 fsp_3_4: 0.068 fsp_4_5: 0.095 fsp_5_6: 0.047 fsp_6_7: 0.005 
(epoch: 30, iters: 6617, time: 0.034) G_GAN: 0.938 G_L1: 0.239 G_SSIM: 0.182 H_L1: 0.045 H_SSIM: 0.275 D_real: 0.023 D_fake: 0.009 att_A: 0.651 L_hall: 0.045 L_inter: 0.000 L_intra: 0.000 L_fsp: 0.235 fsp_3_4: 0.083 fsp_4_5: 0.104 fsp_5_6: 0.040 fsp_6_7: 0.007 
(epoch: 30, iters: 6717, time: 0.034) G_GAN: 0.955 G_L1: 0.246 G_SSIM: 0.307 H_L1: 0.062 H_SSIM: 0.444 D_real: 0.009 D_fake: 0.004 att_A: 0.792 L_hall: 0.048 L_inter: 0.000 L_intra: 0.000 L_fsp: 0.208 fsp_3_4: 0.072 fsp_4_5: 0.078 fsp_5_6: 0.053 fsp_6_7: 0.005 
(epoch: 30, iters: 6817, time: 0.061) G_GAN: 1.047 G_L1: 0.243 G_SSIM: 0.199 H_L1: 0.077 H_SSIM: 0.299 D_real: 0.005 D_fake: 0.004 att_A: 0.749 L_hall: 0.045 L_inter: 0.000 L_intra: 0.000 L_fsp: 0.266 fsp_3_4: 0.096 fsp_4_5: 0.116 fsp_5_6: 0.044 fsp_6_7: 0.010 
(epoch: 30, iters: 6917, time: 0.034) G_GAN: 1.028 G_L1: 0.192 G_SSIM: 0.126 H_L1: 0.047 H_SSIM: 0.243 D_real: 0.019 D_fake: 0.006 att_A: 0.656 L_hall: 0.043 L_inter: 0.000 L_intra: 0.000 L_fsp: 0.258 fsp_3_4: 0.091 fsp_4_5: 0.106 fsp_5_6: 0.054 fsp_6_7: 0.008 
(epoch: 30, iters: 7017, time: 0.033) G_GAN: 0.953 G_L1: 0.216 G_SSIM: 0.223 H_L1: 0.047 H_SSIM: 0.351 D_real: 0.010 D_fake: 0.007 att_A: 0.887 L_hall: 0.051 L_inter: 0.000 L_intra: 0.000 L_fsp: 0.265 fsp_3_4: 0.074 fsp_4_5: 0.112 fsp_5_6: 0.065 fsp_6_7: 0.014 
(epoch: 30, iters: 7117, time: 0.034) G_GAN: 0.844 G_L1: 0.233 G_SSIM: 0.197 H_L1: 0.062 H_SSIM: 0.387 D_real: 0.011 D_fake: 0.012 att_A: 0.702 L_hall: 0.050 L_inter: 0.000 L_intra: 0.000 L_fsp: 0.232 fsp_3_4: 0.074 fsp_4_5: 0.082 fsp_5_6: 0.064 fsp_6_7: 0.012 
(epoch: 30, iters: 7217, time: 0.034) G_GAN: 0.982 G_L1: 0.259 G_SSIM: 0.264 H_L1: 0.071 H_SSIM: 0.351 D_real: 0.005 D_fake: 0.004 att_A: 0.937 L_hall: 0.054 L_inter: 0.000 L_intra: 0.000 L_fsp: 0.372 fsp_3_4: 0.146 fsp_4_5: 0.157 fsp_5_6: 0.060 fsp_6_7: 0.010 
(epoch: 30, iters: 7317, time: 0.056) G_GAN: 0.946 G_L1: 0.322 G_SSIM: 0.261 H_L1: 0.087 H_SSIM: 0.359 D_real: 0.017 D_fake: 0.004 att_A: 0.932 L_hall: 0.052 L_inter: 0.000 L_intra: 0.000 L_fsp: 0.319 fsp_3_4: 0.114 fsp_4_5: 0.119 fsp_5_6: 0.075 fsp_6_7: 0.012 
(epoch: 30, iters: 7417, time: 0.034) G_GAN: 0.607 G_L1: 0.187 G_SSIM: 0.096 H_L1: 0.071 H_SSIM: 0.194 D_real: 0.018 D_fake: 0.013 att_A: 0.321 L_hall: 0.042 L_inter: 0.000 L_intra: 0.000 L_fsp: 0.207 fsp_3_4: 0.086 fsp_4_5: 0.092 fsp_5_6: 0.025 fsp_6_7: 0.003 
(epoch: 30, iters: 7517, time: 0.035) G_GAN: 1.048 G_L1: 0.257 G_SSIM: 0.320 H_L1: 0.071 H_SSIM: 0.436 D_real: 0.011 D_fake: 0.007 att_A: 0.837 L_hall: 0.050 L_inter: 0.000 L_intra: 0.000 L_fsp: 0.334 fsp_3_4: 0.100 fsp_4_5: 0.139 fsp_5_6: 0.083 fsp_6_7: 0.011 
(epoch: 30, iters: 7617, time: 0.035) G_GAN: 0.902 G_L1: 0.177 G_SSIM: 0.121 H_L1: 0.062 H_SSIM: 0.321 D_real: 0.020 D_fake: 0.009 att_A: 0.567 L_hall: 0.044 L_inter: 0.000 L_intra: 0.000 L_fsp: 0.167 fsp_3_4: 0.058 fsp_4_5: 0.062 fsp_5_6: 0.042 fsp_6_7: 0.005 
(epoch: 30, iters: 7717, time: 0.035) G_GAN: 0.653 G_L1: 0.168 G_SSIM: 0.114 H_L1: 0.047 H_SSIM: 0.190 D_real: 0.010 D_fake: 0.048 att_A: 0.436 L_hall: 0.038 L_inter: 0.000 L_intra: 0.000 L_fsp: 0.148 fsp_3_4: 0.063 fsp_4_5: 0.057 fsp_5_6: 0.027 fsp_6_7: 0.002 
(epoch: 30, iters: 7817, time: 0.062) G_GAN: 0.832 G_L1: 0.110 G_SSIM: 0.040 H_L1: 0.094 H_SSIM: 0.145 D_real: 0.147 D_fake: 0.024 att_A: 0.701 L_hall: 0.036 L_inter: 0.000 L_intra: 0.000 L_fsp: 0.172 fsp_3_4: 0.058 fsp_4_5: 0.060 fsp_5_6: 0.045 fsp_6_7: 0.010 
(epoch: 30, iters: 7917, time: 0.034) G_GAN: 1.081 G_L1: 0.187 G_SSIM: 0.132 H_L1: 0.078 H_SSIM: 0.254 D_real: 0.008 D_fake: 0.008 att_A: 0.702 L_hall: 0.039 L_inter: 0.000 L_intra: 0.000 L_fsp: 0.221 fsp_3_4: 0.069 fsp_4_5: 0.096 fsp_5_6: 0.049 fsp_6_7: 0.006 
(epoch: 30, iters: 8017, time: 0.034) G_GAN: 0.859 G_L1: 0.151 G_SSIM: 0.111 H_L1: 0.053 H_SSIM: 0.233 D_real: 0.027 D_fake: 0.016 att_A: 0.701 L_hall: 0.044 L_inter: 0.000 L_intra: 0.000 L_fsp: 0.208 fsp_3_4: 0.067 fsp_4_5: 0.055 fsp_5_6: 0.074 fsp_6_7: 0.012 
(epoch: 30, iters: 8117, time: 0.033) G_GAN: 1.046 G_L1: 0.301 G_SSIM: 0.279 H_L1: 0.062 H_SSIM: 0.402 D_real: 0.008 D_fake: 0.006 att_A: 0.675 L_hall: 0.040 L_inter: 0.000 L_intra: 0.000 L_fsp: 0.155 fsp_3_4: 0.065 fsp_4_5: 0.060 fsp_5_6: 0.026 fsp_6_7: 0.003 
(epoch: 30, iters: 8217, time: 0.034) G_GAN: 1.080 G_L1: 0.286 G_SSIM: 0.275 H_L1: 0.070 H_SSIM: 0.438 D_real: 0.015 D_fake: 0.006 att_A: 0.795 L_hall: 0.045 L_inter: 0.000 L_intra: 0.000 L_fsp: 0.295 fsp_3_4: 0.109 fsp_4_5: 0.118 fsp_5_6: 0.056 fsp_6_7: 0.013 
(epoch: 30, iters: 8317, time: 0.049) G_GAN: 0.454 G_L1: 0.177 G_SSIM: 0.104 H_L1: 0.049 H_SSIM: 0.205 D_real: 0.017 D_fake: 0.012 att_A: 0.436 L_hall: 0.042 L_inter: 0.000 L_intra: 0.000 L_fsp: 0.179 fsp_3_4: 0.077 fsp_4_5: 0.059 fsp_5_6: 0.036 fsp_6_7: 0.008 
(epoch: 30, iters: 8417, time: 0.033) G_GAN: 0.892 G_L1: 0.125 G_SSIM: 0.057 H_L1: 0.035 H_SSIM: 0.159 D_real: 0.028 D_fake: 0.020 att_A: 0.322 L_hall: 0.037 L_inter: 0.000 L_intra: 0.000 L_fsp: 0.183 fsp_3_4: 0.074 fsp_4_5: 0.082 fsp_5_6: 0.024 fsp_6_7: 0.003 
(epoch: 30, iters: 8517, time: 0.034) G_GAN: 0.472 G_L1: 0.037 G_SSIM: 0.018 H_L1: 0.040 H_SSIM: 0.052 D_real: 0.144 D_fake: 0.130 att_A: 0.467 L_hall: 0.047 L_inter: 0.000 L_intra: 0.000 L_fsp: 0.263 fsp_3_4: 0.063 fsp_4_5: 0.094 fsp_5_6: 0.090 fsp_6_7: 0.016 
(epoch: 30, iters: 8617, time: 0.034) G_GAN: 0.830 G_L1: 0.243 G_SSIM: 0.153 H_L1: 0.113 H_SSIM: 0.248 D_real: 0.022 D_fake: 0.004 att_A: 0.486 L_hall: 0.036 L_inter: 0.000 L_intra: 0.000 L_fsp: 0.196 fsp_3_4: 0.057 fsp_4_5: 0.095 fsp_5_6: 0.038 fsp_6_7: 0.006 
(epoch: 30, iters: 8717, time: 0.034) G_GAN: 1.062 G_L1: 0.209 G_SSIM: 0.194 H_L1: 0.067 H_SSIM: 0.345 D_real: 0.011 D_fake: 0.017 att_A: 0.823 L_hall: 0.044 L_inter: 0.000 L_intra: 0.000 L_fsp: 0.295 fsp_3_4: 0.095 fsp_4_5: 0.124 fsp_5_6: 0.065 fsp_6_7: 0.011 
(epoch: 30, iters: 8817, time: 0.048) G_GAN: 1.053 G_L1: 0.263 G_SSIM: 0.279 H_L1: 0.069 H_SSIM: 0.436 D_real: 0.006 D_fake: 0.007 att_A: 0.781 L_hall: 0.047 L_inter: 0.000 L_intra: 0.000 L_fsp: 0.290 fsp_3_4: 0.116 fsp_4_5: 0.111 fsp_5_6: 0.054 fsp_6_7: 0.009 
(epoch: 30, iters: 8917, time: 0.034) G_GAN: 0.825 G_L1: 0.152 G_SSIM: 0.095 H_L1: 0.065 H_SSIM: 0.250 D_real: 0.047 D_fake: 0.019 att_A: 0.448 L_hall: 0.041 L_inter: 0.000 L_intra: 0.000 L_fsp: 0.192 fsp_3_4: 0.057 fsp_4_5: 0.090 fsp_5_6: 0.042 fsp_6_7: 0.003 
(epoch: 30, iters: 9017, time: 0.034) G_GAN: 1.023 G_L1: 0.327 G_SSIM: 0.287 H_L1: 0.078 H_SSIM: 0.440 D_real: 0.020 D_fake: 0.008 att_A: 0.658 L_hall: 0.041 L_inter: 0.000 L_intra: 0.000 L_fsp: 0.185 fsp_3_4: 0.065 fsp_4_5: 0.084 fsp_5_6: 0.032 fsp_6_7: 0.003 
(epoch: 30, iters: 9117, time: 0.033) G_GAN: 1.120 G_L1: 0.238 G_SSIM: 0.166 H_L1: 0.075 H_SSIM: 0.355 D_real: 0.007 D_fake: 0.004 att_A: 0.681 L_hall: 0.038 L_inter: 0.000 L_intra: 0.000 L_fsp: 0.287 fsp_3_4: 0.130 fsp_4_5: 0.106 fsp_5_6: 0.045 fsp_6_7: 0.005 
saving the model at the end of epoch 30, iters 273810
epoch 30  fsp_3_4:0.088665  fsp_3_4_degen:0.000000  fsp_4_5:0.098653  fsp_4_5_degen:0.000000  fsp_5_6:0.054672  fsp_5_6_degen:0.000000  fsp_6_7:0.008312  fsp_6_7_degen:0.000000
End of epoch 30 / 30 	 Time Taken: 428 sec
learning rate = 0.0000000
